{
"type": "FeatureCollection",
"name": "chiapas_agebs_olvidados",
"crs": { "type": "name", "properties": { "name": "urn:ogc:def:crs:OGC:1.3:CRS84" } },
"features": [
{ "type": "Feature", "properties": { "Name": "0702200010048", "FolderPath": "GRS_AGEB_2020.kmz/GRS/07_Chiapas/07_GRS", "SymbolID": 4, "AltMode": 0, "Base": 0.0, "Clamped": -1, "Extruded": 0, "Snippet": null, "Shape_Leng": 0.019754299582199999, "Shape_Area": 1.35184528987e-05, "mpio": "07022", "CVE_Ent": "07", "entidad": "Chiapas", "CVE_Mpio": "07022", "Mpio_1": "Chalchihuitán", "CVE_Loc": "070220001", "Localidad": "Chalchihuitán", "CVE_AGEB": "0048", "CVE_Gral": "0702200010048", "Ptob_Tot": 637.0, "Viv_PartCa": 146.0, "Analfa": 11.466667, "P6_14_NA_E": 10.738255, "P15_24_NA_": 73.880597, "P15M_EBasI": 50.933333, "SinDereHab": 21.327014, "Viv_Hacina": 8.965517, "SinAgua": 2.068966, "SinExcu": 0.689655, "SinDre": 2.758621, "SinEle": 2.758621, "ConPTierra": 13.793103, "SinLavad": 95.862069, "SinRefri": 69.655172, "SinTelFijo": 99.310345, "SinCelular": 20.689655, "SinCompu": 90.277778, "SinInterne": 92.413793, "GRS20": "Muy alto" }, "geometry": { "type": "Polygon", "coordinates": [ [ [ -92.620360018999918, 16.966157600000088, 0.0 ], [ -92.619898829999897, 16.966122490000089, 0.0 ], [ -92.619706598999926, 16.966151170000046, 0.0 ], [ -92.619424938999941, 16.966107001000069, 0.0 ], [ -92.619438579999951, 16.965768691000051, 0.0 ], [ -92.619360848999918, 16.96547860000004, 0.0 ], [ -92.618667399999936, 16.965576171000066, 0.0 ], [ -92.618194689999939, 16.965643721000049, 0.0 ], [ -92.617821348999939, 16.965697089000059, 0.0 ], [ -92.617644169999949, 16.965182981000055, 0.0 ], [ -92.61764073899991, 16.964984689000062, 0.0 ], [ -92.617640198999936, 16.964953619000084, 0.0 ], [ -92.617643858999941, 16.964914629000077, 0.0 ], [ -92.617523, 16.964022279000062, 0.0 ], [ -92.617456219999951, 16.963362800000084, 0.0 ], [ -92.617013399999905, 16.963111019000053, 0.0 ], [ -92.616980018999925, 16.963092029000052, 0.0 ], [ -92.616383778999932, 16.962761880000073, 0.0 ], [ -92.61611408999994, 16.96244899900006, 0.0 ], [ -92.615397878999943, 16.96124412100005, 0.0 ], [ -92.615333458999942, 16.961198380000042, 0.0 ], [ -92.615187199999923, 16.960878260000072, 0.0 ], [ -92.615286829999945, 16.96066520100004, 0.0 ], [ -92.615868249999949, 16.960416850000058, 0.0 ], [ -92.616473018999898, 16.960121349000076, 0.0 ], [ -92.616872689999923, 16.959988380000084, 0.0 ], [ -92.617099859999939, 16.960156571000084, 0.0 ], [ -92.617631518999929, 16.960988740000062, 0.0 ], [ -92.617958538999915, 16.961547250000081, 0.0 ], [ -92.618244509999897, 16.962166920000072, 0.0 ], [ -92.618465488999902, 16.962706150000088, 0.0 ], [ -92.619137648999924, 16.962777059000075, 0.0 ], [ -92.619220079999934, 16.962610490000088, 0.0 ], [ -92.619227648999924, 16.962410029000068, 0.0 ], [ -92.619368879999911, 16.962158419000048, 0.0 ], [ -92.619516278999924, 16.962211460000049, 0.0 ], [ -92.619758119999915, 16.962460860000078, 0.0 ], [ -92.619732399999918, 16.96295462900008, 0.0 ], [ -92.619800319999911, 16.963280491000091, 0.0 ], [ -92.619941799999935, 16.964035460000048, 0.0 ], [ -92.620049319999907, 16.964500119000036, 0.0 ], [ -92.620175198999902, 16.965410539000061, 0.0 ], [ -92.620271428999899, 16.965600631000086, 0.0 ], [ -92.62028719999995, 16.965699829000073, 0.0 ], [ -92.620360018999918, 16.966157600000088, 0.0 ] ] ] } },
{ "type": "Feature", "properties": { "Name": "0702200010033", "FolderPath": "GRS_AGEB_2020.kmz/GRS/07_Chiapas/07_GRS", "SymbolID": 4, "AltMode": 0, "Base": 0.0, "Clamped": -1, "Extruded": 0, "Snippet": null, "Shape_Leng": 0.0150921341034, "Shape_Area": 1.0014062022900001e-05, "mpio": "07022", "CVE_Ent": "07", "entidad": "Chiapas", "CVE_Mpio": "07022", "Mpio_1": "Chalchihuitán", "CVE_Loc": "070220001", "Localidad": "Chalchihuitán", "CVE_AGEB": "0033", "CVE_Gral": "0702200010033", "Ptob_Tot": 305.0, "Viv_PartCa": 68.0, "Analfa": 19.411765, "P6_14_NA_E": 15.068493, "P15_24_NA_": 73.584906, "P15M_EBasI": 61.764706, "SinDereHab": 13.815789, "Viv_Hacina": 20.588235, "SinAgua": 1.470588, "SinExcu": 5.882353, "SinDre": 17.647059, "SinEle": 8.823529, "ConPTierra": 35.294118, "SinLavad": 100.0, "SinRefri": 77.941176, "SinTelFijo": 98.529412, "SinCelular": 33.823529, "SinCompu": 94.117647, "SinInterne": 94.117647, "GRS20": "Muy alto" }, "geometry": { "type": "Polygon", "coordinates": [ [ [ -92.617199567999933, 16.967732230000081, 0.0 ], [ -92.617075148999902, 16.967688119000059, 0.0 ], [ -92.616918615999907, 16.96708489100007, 0.0 ], [ -92.616577478999943, 16.965770310000039, 0.0 ], [ -92.61651116999991, 16.964878030000079, 0.0 ], [ -92.616857248999906, 16.964909479000085, 0.0 ], [ -92.61693873999991, 16.965002741000092, 0.0 ], [ -92.617052948999913, 16.96506282100006, 0.0 ], [ -92.617316978999895, 16.965011891000074, 0.0 ], [ -92.617640198999936, 16.964953619000084, 0.0 ], [ -92.61764073899991, 16.964984689000062, 0.0 ], [ -92.617644169999949, 16.965182981000055, 0.0 ], [ -92.617821348999939, 16.965697089000059, 0.0 ], [ -92.618194689999939, 16.965643721000049, 0.0 ], [ -92.618667399999936, 16.965576171000066, 0.0 ], [ -92.619360848999918, 16.96547860000004, 0.0 ], [ -92.619438579999951, 16.965768691000051, 0.0 ], [ -92.619424938999941, 16.966107001000069, 0.0 ], [ -92.619706598999926, 16.966151170000046, 0.0 ], [ -92.619898829999897, 16.966122490000089, 0.0 ], [ -92.620360018999918, 16.966157600000088, 0.0 ], [ -92.620504848999929, 16.966169680000064, 0.0 ], [ -92.620694819999926, 16.966322349000052, 0.0 ], [ -92.621073408999905, 16.966444337000041, 0.0 ], [ -92.621577998999896, 16.966647950000038, 0.0 ], [ -92.621298481999929, 16.96793499000006, 0.0 ], [ -92.620594828999913, 16.96775252000009, 0.0 ], [ -92.620272259999922, 16.96775350900009, 0.0 ], [ -92.620155079999904, 16.967880150000042, 0.0 ], [ -92.619886027999939, 16.96814953900008, 0.0 ], [ -92.619117368999923, 16.967970370000046, 0.0 ], [ -92.618506718999924, 16.967958279000072, 0.0 ], [ -92.617967708999913, 16.96786506300009, 0.0 ], [ -92.617199567999933, 16.967732230000081, 0.0 ] ] ] } },
{ "type": "Feature", "properties": { "Name": "0702200010052", "FolderPath": "GRS_AGEB_2020.kmz/GRS/07_Chiapas/07_GRS", "SymbolID": 4, "AltMode": 0, "Base": 0.0, "Clamped": -1, "Extruded": 0, "Snippet": null, "Shape_Leng": 0.053756948682199997, "Shape_Area": 4.30680349617e-05, "mpio": "07022", "CVE_Ent": "07", "entidad": "Chiapas", "CVE_Mpio": "07022", "Mpio_1": "Chalchihuitán", "CVE_Loc": "070220001", "Localidad": "Chalchihuitán", "CVE_AGEB": "0052", "CVE_Gral": "0702200010052", "Ptob_Tot": 1034.0, "Viv_PartCa": 220.0, "Analfa": 22.280702, "P6_14_NA_E": 14.946619, "P15_24_NA_": 80.952381, "P15M_EBasI": 68.245614, "SinDereHab": 14.508277, "Viv_Hacina": 20.454545, "SinAgua": 14.090909, "SinExcu": 3.181818, "SinDre": 32.727273, "SinEle": 10.454545, "ConPTierra": 29.545455, "SinLavad": 96.363636, "SinRefri": 80.909091, "SinTelFijo": 97.272727, "SinCelular": 30.454545, "SinCompu": 95.0, "SinInterne": 90.909091, "GRS20": "Muy alto" }, "geometry": { "type": "Polygon", "coordinates": [ [ [ -92.621988034999902, 16.96676109200007, 0.0 ], [ -92.621928246999914, 16.966730219000056, 0.0 ], [ -92.621844317999944, 16.966701911000087, 0.0 ], [ -92.621680312999899, 16.96666210300009, 0.0 ], [ -92.621678672999906, 16.966661877000092, 0.0 ], [ -92.621577998999896, 16.966647950000038, 0.0 ], [ -92.621073408999905, 16.966444337000041, 0.0 ], [ -92.620694819999926, 16.966322349000052, 0.0 ], [ -92.620504848999929, 16.966169680000064, 0.0 ], [ -92.620360018999918, 16.966157600000088, 0.0 ], [ -92.62028719999995, 16.965699829000073, 0.0 ], [ -92.620271428999899, 16.965600631000086, 0.0 ], [ -92.620175198999902, 16.965410539000061, 0.0 ], [ -92.620049319999907, 16.964500119000036, 0.0 ], [ -92.619941799999935, 16.964035460000048, 0.0 ], [ -92.619800319999911, 16.963280491000091, 0.0 ], [ -92.619732399999918, 16.96295462900008, 0.0 ], [ -92.619758119999915, 16.962460860000078, 0.0 ], [ -92.619516278999924, 16.962211460000049, 0.0 ], [ -92.619368879999911, 16.962158419000048, 0.0 ], [ -92.619227648999924, 16.962410029000068, 0.0 ], [ -92.619220079999934, 16.962610490000088, 0.0 ], [ -92.619137648999924, 16.962777059000075, 0.0 ], [ -92.618465488999902, 16.962706150000088, 0.0 ], [ -92.618244509999897, 16.962166920000072, 0.0 ], [ -92.617958538999915, 16.961547250000081, 0.0 ], [ -92.617631518999929, 16.960988740000062, 0.0 ], [ -92.617099859999939, 16.960156571000084, 0.0 ], [ -92.616872689999923, 16.959988380000084, 0.0 ], [ -92.616473018999898, 16.960121349000076, 0.0 ], [ -92.615868249999949, 16.960416850000058, 0.0 ], [ -92.615286829999945, 16.96066520100004, 0.0 ], [ -92.615187199999923, 16.960878260000072, 0.0 ], [ -92.615333458999942, 16.961198380000042, 0.0 ], [ -92.615397878999943, 16.96124412100005, 0.0 ], [ -92.61611408999994, 16.96244899900006, 0.0 ], [ -92.616383778999932, 16.962761880000073, 0.0 ], [ -92.616980018999925, 16.963092029000052, 0.0 ], [ -92.617013399999905, 16.963111019000053, 0.0 ], [ -92.617456219999951, 16.963362800000084, 0.0 ], [ -92.617523, 16.964022279000062, 0.0 ], [ -92.617643858999941, 16.964914629000077, 0.0 ], [ -92.617640198999936, 16.964953619000084, 0.0 ], [ -92.617316978999895, 16.965011891000074, 0.0 ], [ -92.617052948999913, 16.96506282100006, 0.0 ], [ -92.61693873999991, 16.965002741000092, 0.0 ], [ -92.616857248999906, 16.964909479000085, 0.0 ], [ -92.61651116999991, 16.964878030000079, 0.0 ], [ -92.61645236499993, 16.964760108000064, 0.0 ], [ -92.615441909999902, 16.962733769000067, 0.0 ], [ -92.614947487999927, 16.962950650000039, 0.0 ], [ -92.614200948999951, 16.961741999000083, 0.0 ], [ -92.614028568999913, 16.961594740000066, 0.0 ], [ -92.613704288999941, 16.96169105000007, 0.0 ], [ -92.613461977999918, 16.961568879000083, 0.0 ], [ -92.613233831999935, 16.961188070000048, 0.0 ], [ -92.613221401999908, 16.961167320000072, 0.0 ], [ -92.612191228999905, 16.959447780000062, 0.0 ], [ -92.612010937999912, 16.959153799000092, 0.0 ], [ -92.611979, 16.958868, 0.0 ], [ -92.612007548999941, 16.95862105000009, 0.0 ], [ -92.612136678999946, 16.958362020000038, 0.0 ], [ -92.612424018999945, 16.958226890000049, 0.0 ], [ -92.612698708999915, 16.958143629000062, 0.0 ], [ -92.614373168999919, 16.957734349000077, 0.0 ], [ -92.614406179999946, 16.957845779000081, 0.0 ], [ -92.616287447999923, 16.957603969000047, 0.0 ], [ -92.616605078999896, 16.957563139000058, 0.0 ], [ -92.616682368999932, 16.957631660000061, 0.0 ], [ -92.617002117999903, 16.957618320000051, 0.0 ], [ -92.618225085999939, 16.958096151000063, 0.0 ], [ -92.618801639999901, 16.95817631400007, 0.0 ], [ -92.619099515999949, 16.958225931000072, 0.0 ], [ -92.619332838999924, 16.958261187000062, 0.0 ], [ -92.619761996999898, 16.958326036000074, 0.0 ], [ -92.619866202999901, 16.957740188000059, 0.0 ], [ -92.619838126999923, 16.957446971000081, 0.0 ], [ -92.619987783999932, 16.957385741000053, 0.0 ], [ -92.62004249499995, 16.957383348000064, 0.0 ], [ -92.620086476999916, 16.957401479000055, 0.0 ], [ -92.620141738999905, 16.957436530000052, 0.0 ], [ -92.620184932999905, 16.95755624800006, 0.0 ], [ -92.620274003999896, 16.957782851000047, 0.0 ], [ -92.620428002999915, 16.958033379000085, 0.0 ], [ -92.620454370999937, 16.958116246000088, 0.0 ], [ -92.620448099999919, 16.958243493000055, 0.0 ], [ -92.620421955999916, 16.958359829000074, 0.0 ], [ -92.620328784999913, 16.958568581000065, 0.0 ], [ -92.620321291999915, 16.958643675000076, 0.0 ], [ -92.620336601999895, 16.958773931000053, 0.0 ], [ -92.620439478999913, 16.958998281000049, 0.0 ], [ -92.620522449999896, 16.959146349000036, 0.0 ], [ -92.620557798999926, 16.959260505000088, 0.0 ], [ -92.620612107999932, 16.959435890000066, 0.0 ], [ -92.620539402999896, 16.960448904000089, 0.0 ], [ -92.6205089689999, 16.960872950000066, 0.0 ], [ -92.62003404099994, 16.961351906000061, 0.0 ], [ -92.620034087999898, 16.961351893000085, 0.0 ], [ -92.620160807999923, 16.96131717600008, 0.0 ], [ -92.620265589999917, 16.961320038000054, 0.0 ], [ -92.620356872999935, 16.961349691000066, 0.0 ], [ -92.620481639999923, 16.961432503000083, 0.0 ], [ -92.620600347999925, 16.961509827000043, 0.0 ], [ -92.620818300999929, 16.961628200000064, 0.0 ], [ -92.62096349299992, 16.961662145000048, 0.0 ], [ -92.621131138999942, 16.961691465000058, 0.0 ], [ -92.621534819999908, 16.961689998000054, 0.0 ], [ -92.621843288999912, 16.961694760000057, 0.0 ], [ -92.622122074999936, 16.961653826000088, 0.0 ], [ -92.622285523999949, 16.961646243000075, 0.0 ], [ -92.622360293999918, 16.961669561000065, 0.0 ], [ -92.622426688999951, 16.961708503000068, 0.0 ], [ -92.622476324999923, 16.961754312000039, 0.0 ], [ -92.622704446999933, 16.96217852500007, 0.0 ], [ -92.622892466999929, 16.962726781000072, 0.0 ], [ -92.622865507999904, 16.962809617000062, 0.0 ], [ -92.622642484999915, 16.962906531000044, 0.0 ], [ -92.622226343999898, 16.963129154000057, 0.0 ], [ -92.62182589799994, 16.963410210000063, 0.0 ], [ -92.621609182999919, 16.96358992800009, 0.0 ], [ -92.621408559999907, 16.96376964500007, 0.0 ], [ -92.621350640999935, 16.963837894000051, 0.0 ], [ -92.621296199999904, 16.963945135000074, 0.0 ], [ -92.621268978999922, 16.964006453000081, 0.0 ], [ -92.62125939099991, 16.964049938000073, 0.0 ], [ -92.621258621999914, 16.964087075000066, 0.0 ], [ -92.621265896999944, 16.964144735000048, 0.0 ], [ -92.621297070999901, 16.96420222900008, 0.0 ], [ -92.621331544999919, 16.964270728000088, 0.0 ], [ -92.621343322999905, 16.964294130000042, 0.0 ], [ -92.621349996999925, 16.964357351000046, 0.0 ], [ -92.621331159999897, 16.964404266000088, 0.0 ], [ -92.62124418399992, 16.964506249000067, 0.0 ], [ -92.621134409999911, 16.964651848000074, 0.0 ], [ -92.621113344999912, 16.964714714000081, 0.0 ], [ -92.621119494999903, 16.964789136000036, 0.0 ], [ -92.62115459499995, 16.964858450000065, 0.0 ], [ -92.621232838999902, 16.964932941000086, 0.0 ], [ -92.621351777999905, 16.964994698000055, 0.0 ], [ -92.621482367999931, 16.965038681000067, 0.0 ], [ -92.621519281999895, 16.965046113000085, 0.0 ], [ -92.621689902999947, 16.965080467000064, 0.0 ], [ -92.621792830999937, 16.965100447000054, 0.0 ], [ -92.621796607999897, 16.96511373900006, 0.0 ], [ -92.621881174999942, 16.965411240000037, 0.0 ], [ -92.621915378999915, 16.965586090000045, 0.0 ], [ -92.621915875999946, 16.965588627000045, 0.0 ], [ -92.621907579999913, 16.965598034000038, 0.0 ], [ -92.6218406939999, 16.965673892000041, 0.0 ], [ -92.621803101999944, 16.965724221000073, 0.0 ], [ -92.621770875999914, 16.965782245000071, 0.0 ], [ -92.621757300999946, 16.965845024000089, 0.0 ], [ -92.621783799999946, 16.965926967000087, 0.0 ], [ -92.621863616999917, 16.966008758000044, 0.0 ], [ -92.621945468999911, 16.966056893000086, 0.0 ], [ -92.622031389999904, 16.966106987000046, 0.0 ], [ -92.622101304999944, 16.966143037000052, 0.0 ], [ -92.622149938999939, 16.966190765000078, 0.0 ], [ -92.622167558999934, 16.966213916000072, 0.0 ], [ -92.622179812999946, 16.966240915000071, 0.0 ], [ -92.622196277999933, 16.966284653000059, 0.0 ], [ -92.622207748999926, 16.96633877700009, 0.0 ], [ -92.622225327999899, 16.966398282000057, 0.0 ], [ -92.622241705999897, 16.966435197000067, 0.0 ], [ -92.622271778999902, 16.966473109000049, 0.0 ], [ -92.622318517999929, 16.966495061000046, 0.0 ], [ -92.622393218999946, 16.966515872000059, 0.0 ], [ -92.622480931999917, 16.966534404000072, 0.0 ], [ -92.622543701999916, 16.966563776000044, 0.0 ], [ -92.622580730999914, 16.966594298000075, 0.0 ], [ -92.62261723599994, 16.96662968600009, 0.0 ], [ -92.622633623999945, 16.966661228000078, 0.0 ], [ -92.622644648999938, 16.966677375000074, 0.0 ], [ -92.622666212999945, 16.966720792000046, 0.0 ], [ -92.622680913999943, 16.966836296000054, 0.0 ], [ -92.622671470999933, 16.966986434000091, 0.0 ], [ -92.62266421299995, 16.967031345000066, 0.0 ], [ -92.622658375999947, 16.967067463000092, 0.0 ], [ -92.622643780999908, 16.967101563000085, 0.0 ], [ -92.622596132999945, 16.967189224000037, 0.0 ], [ -92.62256055499995, 16.967251869000052, 0.0 ], [ -92.62246657299994, 16.967407498000057, 0.0 ], [ -92.622464626999943, 16.967410722000068, 0.0 ], [ -92.622354003999931, 16.96758483900004, 0.0 ], [ -92.622304566999901, 16.967684689000066, 0.0 ], [ -92.622285727999895, 16.967759103000049, 0.0 ], [ -92.622285738999949, 16.96775972800009, 0.0 ], [ -92.622285811999916, 16.967764914000043, 0.0 ], [ -92.622286354999915, 16.967802473000063, 0.0 ], [ -92.622286706999944, 16.967826777000084, 0.0 ], [ -92.622309137999935, 16.967891881000071, 0.0 ], [ -92.622395699999913, 16.968084761000057, 0.0 ], [ -92.621941460999949, 16.967790727000079, 0.0 ], [ -92.621923257999924, 16.967731404000062, 0.0 ], [ -92.62191770499993, 16.967674326000065, 0.0 ], [ -92.622020088999932, 16.967374518000042, 0.0 ], [ -92.622023272999911, 16.967365197000049, 0.0 ], [ -92.62209254499993, 16.967102952000062, 0.0 ], [ -92.622090299999911, 16.966948742000056, 0.0 ], [ -92.622067047999906, 16.966867147000073, 0.0 ], [ -92.622046480999927, 16.966813771000091, 0.0 ], [ -92.621988034999902, 16.96676109200007, 0.0 ] ] ] } },
{ "type": "Feature", "properties": { "Name": "0702300010098", "FolderPath": "GRS_AGEB_2020.kmz/GRS/07_Chiapas/07_GRS", "SymbolID": 4, "AltMode": 0, "Base": 0.0, "Clamped": -1, "Extruded": 0, "Snippet": null, "Shape_Leng": 0.017687525663400001, "Shape_Area": 1.6589925505100001e-05, "mpio": "07023", "CVE_Ent": "07", "entidad": "Chiapas", "CVE_Mpio": "07023", "Mpio_1": "Chamula", "CVE_Loc": "070230001", "Localidad": "Chamula", "CVE_AGEB": "0098", "CVE_Gral": "0702300010098", "Ptob_Tot": 183.0, "Viv_PartCa": 51.0, "Analfa": 29.70297, "P6_14_NA_E": 16.071429, "P15_24_NA_": 91.304348, "P15M_EBasI": 82.178218, "SinDereHab": 21.857923, "Viv_Hacina": 9.803922, "SinAgua": 7.843137, "SinExcu": 3.921569, "SinDre": 15.686275, "SinEle": 0.0, "ConPTierra": 11.764706, "SinLavad": 96.078431, "SinRefri": 88.235294, "SinTelFijo": 100.0, "SinCelular": 17.647059, "SinCompu": 98.039216, "SinInterne": 98.039216, "GRS20": "Muy alto" }, "geometry": { "type": "Polygon", "coordinates": [ [ [ -92.689048908999951, 16.783452, 0.0 ], [ -92.689234799999895, 16.783021399000063, 0.0 ], [ -92.689307948999897, 16.782512599000086, 0.0 ], [ -92.689278305999949, 16.782446083000082, 0.0 ], [ -92.68927214799993, 16.782432261000054, 0.0 ], [ -92.689272156999948, 16.782432063000044, 0.0 ], [ -92.68927571699993, 16.782357310000066, 0.0 ], [ -92.689336284999911, 16.782020155000055, 0.0 ], [ -92.68947561199991, 16.781040652000058, 0.0 ], [ -92.689721205999945, 16.780362839000077, 0.0 ], [ -92.689934783999945, 16.77958852800009, 0.0 ], [ -92.690010396999924, 16.778886885000077, 0.0 ], [ -92.69011106399995, 16.77799460600005, 0.0 ], [ -92.690525659999935, 16.777472396000064, 0.0 ], [ -92.690570239999943, 16.777502526000092, 0.0 ], [ -92.691537619999906, 16.778156326000044, 0.0 ], [ -92.692243226999949, 16.778806510000038, 0.0 ], [ -92.69253735399991, 16.779100208000045, 0.0 ], [ -92.693217658999913, 16.779777060000072, 0.0 ], [ -92.69343970999995, 16.780070151000075, 0.0 ], [ -92.693552778999901, 16.780302751000079, 0.0 ], [ -92.693619318999936, 16.780362770000067, 0.0 ], [ -92.693556908999938, 16.780462291000049, 0.0 ], [ -92.693389399999944, 16.780740381000044, 0.0 ], [ -92.693003798999939, 16.781106291000071, 0.0 ], [ -92.692509579999921, 16.781859079000071, 0.0 ], [ -92.692026249999913, 16.782681800000091, 0.0 ], [ -92.6918960779999, 16.782977379000044, 0.0 ], [ -92.691849685999898, 16.783121032000054, 0.0 ], [ -92.691613650999898, 16.78313130500004, 0.0 ], [ -92.69113621799994, 16.783187800000064, 0.0 ], [ -92.69093773599991, 16.78321347900004, 0.0 ], [ -92.690749088999951, 16.783255379000082, 0.0 ], [ -92.689953089999904, 16.78376047900008, 0.0 ], [ -92.689640569999938, 16.783870630000081, 0.0 ], [ -92.689403458999948, 16.783970541000087, 0.0 ], [ -92.689220448999947, 16.784224580000057, 0.0 ], [ -92.689145368999903, 16.784166420000076, 0.0 ], [ -92.689009248999923, 16.784018709000065, 0.0 ], [ -92.688955138999916, 16.78387022000004, 0.0 ], [ -92.688961579999898, 16.783730629000047, 0.0 ], [ -92.689048908999951, 16.783452, 0.0 ] ] ] } },
{ "type": "Feature", "properties": { "Name": "0702300010083", "FolderPath": "GRS_AGEB_2020.kmz/GRS/07_Chiapas/07_GRS", "SymbolID": 4, "AltMode": 0, "Base": 0.0, "Clamped": -1, "Extruded": 0, "Snippet": null, "Shape_Leng": 0.014079048381100001, "Shape_Area": 6.18782544545e-06, "mpio": "07023", "CVE_Ent": "07", "entidad": "Chiapas", "CVE_Mpio": "07023", "Mpio_1": "Chamula", "CVE_Loc": "070230001", "Localidad": "Chamula", "CVE_AGEB": "0083", "CVE_Gral": "0702300010083", "Ptob_Tot": 102.0, "Viv_PartCa": 25.0, "Analfa": 36.923077, "P6_14_NA_E": 7.692308, "P15_24_NA_": 88.235294, "P15M_EBasI": 84.615385, "SinDereHab": 29.70297, "Viv_Hacina": 12.0, "SinAgua": 20.0, "SinExcu": 4.0, "SinDre": 4.0, "SinEle": 8.0, "ConPTierra": 12.0, "SinLavad": 100.0, "SinRefri": 84.0, "SinTelFijo": 96.0, "SinCelular": 32.0, "SinCompu": 100.0, "SinInterne": 100.0, "GRS20": "Muy alto" }, "geometry": { "type": "Polygon", "coordinates": [ [ [ -92.687061849999907, 16.785422251000057, 0.0 ], [ -92.687006278999945, 16.785249479000072, 0.0 ], [ -92.686925688999906, 16.784996230000047, 0.0 ], [ -92.687247578999916, 16.784960020000085, 0.0 ], [ -92.687540769999941, 16.784892060000061, 0.0 ], [ -92.688055648999921, 16.784403710000049, 0.0 ], [ -92.688259338999899, 16.784208749000072, 0.0 ], [ -92.688463909999939, 16.784000369000069, 0.0 ], [ -92.688697679999905, 16.783731341000077, 0.0 ], [ -92.688974701999939, 16.78351101800007, 0.0 ], [ -92.689032888999918, 16.783464740000056, 0.0 ], [ -92.689048908999951, 16.783452, 0.0 ], [ -92.688961579999898, 16.783730629000047, 0.0 ], [ -92.688955138999916, 16.78387022000004, 0.0 ], [ -92.689009248999923, 16.784018709000065, 0.0 ], [ -92.689145368999903, 16.784166420000076, 0.0 ], [ -92.689220448999947, 16.784224580000057, 0.0 ], [ -92.689403458999948, 16.783970541000087, 0.0 ], [ -92.689640569999938, 16.783870630000081, 0.0 ], [ -92.689953089999904, 16.78376047900008, 0.0 ], [ -92.690749088999951, 16.783255379000082, 0.0 ], [ -92.69093773599991, 16.78321347900004, 0.0 ], [ -92.69113621799994, 16.783187800000064, 0.0 ], [ -92.691613650999898, 16.78313130500004, 0.0 ], [ -92.691849685999898, 16.783121032000054, 0.0 ], [ -92.691719708999926, 16.783547709000061, 0.0 ], [ -92.691665798999907, 16.783646399000077, 0.0 ], [ -92.691639979999934, 16.783722180000041, 0.0 ], [ -92.69143596899994, 16.783867460000067, 0.0 ], [ -92.691243799999938, 16.784023490000038, 0.0 ], [ -92.690974048999919, 16.78422456900006, 0.0 ], [ -92.690805858999909, 16.78435974000007, 0.0 ], [ -92.690465139999901, 16.784703400000069, 0.0 ], [ -92.690261939999914, 16.784817141000076, 0.0 ], [ -92.689904748999936, 16.784864199000083, 0.0 ], [ -92.689641818999917, 16.784885520000046, 0.0 ], [ -92.689445579999926, 16.78487288000008, 0.0 ], [ -92.689447779999909, 16.784905484000092, 0.0 ], [ -92.689449979999949, 16.784938089000036, 0.0 ], [ -92.689313308999942, 16.78503002900004, 0.0 ], [ -92.689211629999932, 16.785139539000056, 0.0 ], [ -92.688857429999928, 16.785687799000073, 0.0 ], [ -92.68870593999992, 16.785904600000038, 0.0 ], [ -92.68807647999995, 16.786550711000075, 0.0 ], [ -92.688013349999949, 16.786615490000088, 0.0 ], [ -92.687973709999937, 16.786568619000036, 0.0 ], [ -92.687796089999949, 16.786362460000078, 0.0 ], [ -92.687715969999942, 16.786307230000091, 0.0 ], [ -92.687517659999912, 16.786199950000082, 0.0 ], [ -92.687305919999915, 16.785923290000085, 0.0 ], [ -92.6871595799999, 16.78563666000008, 0.0 ], [ -92.687061849999907, 16.785422251000057, 0.0 ] ] ] } },
{ "type": "Feature", "properties": { "Name": "070230001005A", "FolderPath": "GRS_AGEB_2020.kmz/GRS/07_Chiapas/07_GRS", "SymbolID": 4, "AltMode": 0, "Base": 0.0, "Clamped": -1, "Extruded": 0, "Snippet": null, "Shape_Leng": 0.062688209784699994, "Shape_Area": 8.3427869915699994e-05, "mpio": "07023", "CVE_Ent": "07", "entidad": "Chiapas", "CVE_Mpio": "07023", "Mpio_1": "Chamula", "CVE_Loc": "070230001", "Localidad": "Chamula", "CVE_AGEB": "005A", "CVE_Gral": "070230001005A", "Ptob_Tot": 1688.0, "Viv_PartCa": 421.0, "Analfa": 27.8962, "P6_14_NA_E": 17.065868, "P15_24_NA_": 85.240964, "P15M_EBasI": 78.962002, "SinDereHab": 27.60479, "Viv_Hacina": 14.964371, "SinAgua": 1.900238, "SinExcu": 2.612827, "SinDre": 13.776722, "SinEle": 0.475059, "ConPTierra": 7.36342, "SinLavad": 89.311164, "SinRefri": 84.56057, "SinTelFijo": 96.912114, "SinCelular": 33.729216, "SinCompu": 97.149644, "SinInterne": 93.349169, "GRS20": "Muy alto" }, "geometry": { "type": "Polygon", "coordinates": [ [ [ -92.688799199999949, 16.789480781000066, 0.0 ], [ -92.688439018999929, 16.789066919000049, 0.0 ], [ -92.688201018999905, 16.788793430000055, 0.0 ], [ -92.688122618999898, 16.788742661000072, 0.0 ], [ -92.687830149999911, 16.788413179000088, 0.0 ], [ -92.687588279999943, 16.788161249000041, 0.0 ], [ -92.687518909999937, 16.788062541000045, 0.0 ], [ -92.68738107899992, 16.78789203000008, 0.0 ], [ -92.687175688999901, 16.787633970000059, 0.0 ], [ -92.687013799999932, 16.787463341000091, 0.0 ], [ -92.686880679999945, 16.787340120000067, 0.0 ], [ -92.686737889999904, 16.787229050000064, 0.0 ], [ -92.686548709999897, 16.787085279000053, 0.0 ], [ -92.686209618999897, 16.786852649000082, 0.0 ], [ -92.685981618999904, 16.786687649000044, 0.0 ], [ -92.685922379999909, 16.786640680000062, 0.0 ], [ -92.685830418999899, 16.786785679000047, 0.0 ], [ -92.685840148999944, 16.786953721000089, 0.0 ], [ -92.685851489999948, 16.78708368000008, 0.0 ], [ -92.68582824899994, 16.787215110000091, 0.0 ], [ -92.685820029999945, 16.787297740000042, 0.0 ], [ -92.68584411899991, 16.787358030000064, 0.0 ], [ -92.685925659999896, 16.787449251000055, 0.0 ], [ -92.685967619999929, 16.787636920000068, 0.0 ], [ -92.685987819999923, 16.787812510000037, 0.0 ], [ -92.685872819999929, 16.787983940000061, 0.0 ], [ -92.685723078999899, 16.788109979000069, 0.0 ], [ -92.685591148999947, 16.788270090000083, 0.0 ], [ -92.685500108999918, 16.788503751000064, 0.0 ], [ -92.685405889999913, 16.788553860000036, 0.0 ], [ -92.685325138999929, 16.788606679000054, 0.0 ], [ -92.685246249999921, 16.78867345000009, 0.0 ], [ -92.6851915499999, 16.788735521000092, 0.0 ], [ -92.685150998999916, 16.788791920000051, 0.0 ], [ -92.685125278999919, 16.78886404900004, 0.0 ], [ -92.685107338999899, 16.788939819000063, 0.0 ], [ -92.685011179999947, 16.788975250000078, 0.0 ], [ -92.684942019999937, 16.78902977000007, 0.0 ], [ -92.684930918999896, 16.789116540000066, 0.0 ], [ -92.684914059999926, 16.789170451000075, 0.0 ], [ -92.684873538999909, 16.789227480000079, 0.0 ], [ -92.684836859999905, 16.789328720000071, 0.0 ], [ -92.684833019999928, 16.789422879000085, 0.0 ], [ -92.684829799999932, 16.789523259000077, 0.0 ], [ -92.684757948999902, 16.789492430000053, 0.0 ], [ -92.684674549999897, 16.789439050000055, 0.0 ], [ -92.684546568999906, 16.789381650000053, 0.0 ], [ -92.684447248999902, 16.789353689000052, 0.0 ], [ -92.684236348999946, 16.789319079000052, 0.0 ], [ -92.68426822899994, 16.789198949000081, 0.0 ], [ -92.684359879999931, 16.788958770000079, 0.0 ], [ -92.684677338999904, 16.788353259000075, 0.0 ], [ -92.684745598999939, 16.788227230000075, 0.0 ], [ -92.684811079999918, 16.788123800000051, 0.0 ], [ -92.684925569999905, 16.787515599000074, 0.0 ], [ -92.684992449999925, 16.787030541000092, 0.0 ], [ -92.685053749999895, 16.786948480000092, 0.0 ], [ -92.685164339999915, 16.786883350000039, 0.0 ], [ -92.6852543789999, 16.786846230000037, 0.0 ], [ -92.685380889999919, 16.78677428900005, 0.0 ], [ -92.685469379999915, 16.786676689000046, 0.0 ], [ -92.685514048999948, 16.786606889000041, 0.0 ], [ -92.68554810899991, 16.786508489000084, 0.0 ], [ -92.68556271999995, 16.786392550000073, 0.0 ], [ -92.685562549999929, 16.786225110000089, 0.0 ], [ -92.685619029999941, 16.785970219000092, 0.0 ], [ -92.685691318999943, 16.785723680000046, 0.0 ], [ -92.685791479999921, 16.785564510000086, 0.0 ], [ -92.685908139999924, 16.785452510000084, 0.0 ], [ -92.686017139999933, 16.785409260000051, 0.0 ], [ -92.686130688999924, 16.785534029000075, 0.0 ], [ -92.686240379999902, 16.78565142900004, 0.0 ], [ -92.686320938999927, 16.785712849000049, 0.0 ], [ -92.686340619999896, 16.785727829000052, 0.0 ], [ -92.686509679999915, 16.785625380000056, 0.0 ], [ -92.686723889999939, 16.785536230000048, 0.0 ], [ -92.686949618999904, 16.785493981000059, 0.0 ], [ -92.687061849999907, 16.785422251000057, 0.0 ], [ -92.6871595799999, 16.78563666000008, 0.0 ], [ -92.687305919999915, 16.785923290000085, 0.0 ], [ -92.687517659999912, 16.786199950000082, 0.0 ], [ -92.687715969999942, 16.786307230000091, 0.0 ], [ -92.687796089999949, 16.786362460000078, 0.0 ], [ -92.687973709999937, 16.786568619000036, 0.0 ], [ -92.688013349999949, 16.786615490000088, 0.0 ], [ -92.68807647999995, 16.786550711000075, 0.0 ], [ -92.68870593999992, 16.785904600000038, 0.0 ], [ -92.688857429999928, 16.785687799000073, 0.0 ], [ -92.689211629999932, 16.785139539000056, 0.0 ], [ -92.689313308999942, 16.78503002900004, 0.0 ], [ -92.689449979999949, 16.784938089000036, 0.0 ], [ -92.689447779999909, 16.784905484000092, 0.0 ], [ -92.689445579999926, 16.78487288000008, 0.0 ], [ -92.689641818999917, 16.784885520000046, 0.0 ], [ -92.689904748999936, 16.784864199000083, 0.0 ], [ -92.690261939999914, 16.784817141000076, 0.0 ], [ -92.690465139999901, 16.784703400000069, 0.0 ], [ -92.690805858999909, 16.78435974000007, 0.0 ], [ -92.690974048999919, 16.78422456900006, 0.0 ], [ -92.691243799999938, 16.784023490000038, 0.0 ], [ -92.69143596899994, 16.783867460000067, 0.0 ], [ -92.691639979999934, 16.783722180000041, 0.0 ], [ -92.691665798999907, 16.783646399000077, 0.0 ], [ -92.691719708999926, 16.783547709000061, 0.0 ], [ -92.691849685999898, 16.783121032000054, 0.0 ], [ -92.6918960779999, 16.782977379000044, 0.0 ], [ -92.692026249999913, 16.782681800000091, 0.0 ], [ -92.692509579999921, 16.781859079000071, 0.0 ], [ -92.693003798999939, 16.781106291000071, 0.0 ], [ -92.693389399999944, 16.780740381000044, 0.0 ], [ -92.693556908999938, 16.780462291000049, 0.0 ], [ -92.693619318999936, 16.780362770000067, 0.0 ], [ -92.693552778999901, 16.780302751000079, 0.0 ], [ -92.69343970999995, 16.780070151000075, 0.0 ], [ -92.693217658999913, 16.779777060000072, 0.0 ], [ -92.693207288999929, 16.779079720000084, 0.0 ], [ -92.693149648999906, 16.778183509000087, 0.0 ], [ -92.693939598999918, 16.777542480000079, 0.0 ], [ -92.694412979999925, 16.777148461000081, 0.0 ], [ -92.695422518999919, 16.776540191000038, 0.0 ], [ -92.696091463999949, 16.77609233000004, 0.0 ], [ -92.696455735999905, 16.77584844800009, 0.0 ], [ -92.69685729899993, 16.775579592000042, 0.0 ], [ -92.696859229999916, 16.775578298000084, 0.0 ], [ -92.69686781899992, 16.77611605900006, 0.0 ], [ -92.696867042999941, 16.776238342000056, 0.0 ], [ -92.696863918999895, 16.776730375000056, 0.0 ], [ -92.696935546999896, 16.777293229000065, 0.0 ], [ -92.696937538999919, 16.777308880000078, 0.0 ], [ -92.696505179999917, 16.777806020000071, 0.0 ], [ -92.696005309999919, 16.778567151000061, 0.0 ], [ -92.695852628999944, 16.778914461000056, 0.0 ], [ -92.69582522099995, 16.779114046000075, 0.0 ], [ -92.69582499899991, 16.779115660000059, 0.0 ], [ -92.696446519999938, 16.779274868000073, 0.0 ], [ -92.696446799999933, 16.77927494000005, 0.0 ], [ -92.69698107499994, 16.779934773000036, 0.0 ], [ -92.69731228899991, 16.780343821000088, 0.0 ], [ -92.697994648999895, 16.781682120000085, 0.0 ], [ -92.697085283999911, 16.782011072000046, 0.0 ], [ -92.697084629999949, 16.78201130900004, 0.0 ], [ -92.697460368999941, 16.782287489000055, 0.0 ], [ -92.698545229999922, 16.783411799000078, 0.0 ], [ -92.69910442999992, 16.783954459000086, 0.0 ], [ -92.699106429999915, 16.783956400000079, 0.0 ], [ -92.699055579999936, 16.784820231000083, 0.0 ], [ -92.698549018999927, 16.785352689000092, 0.0 ], [ -92.698497293999935, 16.786269301000061, 0.0 ], [ -92.698449620999895, 16.78711409400006, 0.0 ], [ -92.698400058999937, 16.787992369000051, 0.0 ], [ -92.697493228999917, 16.787798140000064, 0.0 ], [ -92.696909169999913, 16.787630422000063, 0.0 ], [ -92.696908778999898, 16.787630309000065, 0.0 ], [ -92.697018465999918, 16.787736086000052, 0.0 ], [ -92.697019849999947, 16.787737420000042, 0.0 ], [ -92.697257448999949, 16.788070571000048, 0.0 ], [ -92.69744137899994, 16.78828782000005, 0.0 ], [ -92.697690369999918, 16.788641139000049, 0.0 ], [ -92.697523659999945, 16.788726770000039, 0.0 ], [ -92.697382348999895, 16.788678380000079, 0.0 ], [ -92.697292688999937, 16.788632690000043, 0.0 ], [ -92.697132889999921, 16.788575250000065, 0.0 ], [ -92.696993549999945, 16.788529520000054, 0.0 ], [ -92.696850138999935, 16.788471579000088, 0.0 ], [ -92.696637478999946, 16.788408080000067, 0.0 ], [ -92.696487828999921, 16.788340060000053, 0.0 ], [ -92.69626465999994, 16.788247479000063, 0.0 ], [ -92.696164108999938, 16.78820126100004, 0.0 ], [ -92.696075819999919, 16.788145821000057, 0.0 ], [ -92.695949019999944, 16.788008140000045, 0.0 ], [ -92.695881909999912, 16.787907850000067, 0.0 ], [ -92.695810969999911, 16.787794910000059, 0.0 ], [ -92.695604368999909, 16.787654370000041, 0.0 ], [ -92.695297578999941, 16.787606881000045, 0.0 ], [ -92.69505216999994, 16.787561250000067, 0.0 ], [ -92.694597459999898, 16.787486140000055, 0.0 ], [ -92.694318338999949, 16.787437371000067, 0.0 ], [ -92.694200598999942, 16.787369821000084, 0.0 ], [ -92.69400756999994, 16.787278980000053, 0.0 ], [ -92.693775678999941, 16.787187550000056, 0.0 ], [ -92.693457659999922, 16.787081461000071, 0.0 ], [ -92.693076768999902, 16.786950521000051, 0.0 ], [ -92.692945048999945, 16.786978289000047, 0.0 ], [ -92.692785659999913, 16.787114459000065, 0.0 ], [ -92.692327768999917, 16.787545820000048, 0.0 ], [ -92.692964379999921, 16.788391420000039, 0.0 ], [ -92.691690579999943, 16.789446110000085, 0.0 ], [ -92.691543679999938, 16.789264380000077, 0.0 ], [ -92.691529018999915, 16.789337230000058, 0.0 ], [ -92.691483618999939, 16.789429859000052, 0.0 ], [ -92.691471218999936, 16.789547569000092, 0.0 ], [ -92.691477108999948, 16.789605339000047, 0.0 ], [ -92.691430449999928, 16.789631999000051, 0.0 ], [ -92.691281219999951, 16.789732320000041, 0.0 ], [ -92.691196998999942, 16.789817511000081, 0.0 ], [ -92.691082708999943, 16.789953290000085, 0.0 ], [ -92.690963138999905, 16.790141880000078, 0.0 ], [ -92.690820948999942, 16.790317020000089, 0.0 ], [ -92.690602598999931, 16.790583599000058, 0.0 ], [ -92.690253779999921, 16.790992521000078, 0.0 ], [ -92.690037518999929, 16.790869340000086, 0.0 ], [ -92.689933949999897, 16.790806220000036, 0.0 ], [ -92.689777998999944, 16.790673481000056, 0.0 ], [ -92.689437719999944, 16.790243119000081, 0.0 ], [ -92.68920427899991, 16.789977149000038, 0.0 ], [ -92.688960649999899, 16.78968492000007, 0.0 ], [ -92.688799199999949, 16.789480781000066, 0.0 ] ] ] } },
{ "type": "Feature", "properties": { "Name": "0702300010045", "FolderPath": "GRS_AGEB_2020.kmz/GRS/07_Chiapas/07_GRS", "SymbolID": 4, "AltMode": 0, "Base": 0.0, "Clamped": -1, "Extruded": 0, "Snippet": null, "Shape_Leng": 0.076791332577899996, "Shape_Area": 0.00011118860142, "mpio": "07023", "CVE_Ent": "07", "entidad": "Chiapas", "CVE_Mpio": "07023", "Mpio_1": "Chamula", "CVE_Loc": "070230001", "Localidad": "Chamula", "CVE_AGEB": "0045", "CVE_Gral": "0702300010045", "Ptob_Tot": 2754.0, "Viv_PartCa": 671.0, "Analfa": 36.15917, "P6_14_NA_E": 21.009772, "P15_24_NA_": 85.819521, "P15M_EBasI": 83.621684, "SinDereHab": 20.408908, "Viv_Hacina": 16.244411, "SinAgua": 2.086438, "SinExcu": 3.278689, "SinDre": 7.451565, "SinEle": 0.745156, "ConPTierra": 11.177347, "SinLavad": 94.038748, "SinRefri": 90.461997, "SinTelFijo": 98.658718, "SinCelular": 36.512668, "SinCompu": 98.062593, "SinInterne": 97.317437, "GRS20": "Muy alto" }, "geometry": { "type": "Polygon", "coordinates": [ [ [ -92.680919818999939, 16.792805380000061, 0.0 ], [ -92.680894689999946, 16.792615369000089, 0.0 ], [ -92.680828739999924, 16.792467310000063, 0.0 ], [ -92.680826879999927, 16.792465413000059, 0.0 ], [ -92.680733509999925, 16.792370219000077, 0.0 ], [ -92.680733127999929, 16.792369676000078, 0.0 ], [ -92.680652019999911, 16.792254200000059, 0.0 ], [ -92.68065043699994, 16.792252594000047, 0.0 ], [ -92.680397709999909, 16.791996220000044, 0.0 ], [ -92.680397490999951, 16.791995832000055, 0.0 ], [ -92.679980658999909, 16.791260569000087, 0.0 ], [ -92.679503308999927, 16.790722150000079, 0.0 ], [ -92.679715509999937, 16.790525679000041, 0.0 ], [ -92.679779228999905, 16.790067419000081, 0.0 ], [ -92.679443938999896, 16.78954463000008, 0.0 ], [ -92.67941333899995, 16.789121769000076, 0.0 ], [ -92.679449179999949, 16.788755479000088, 0.0 ], [ -92.679449938999937, 16.788361449000092, 0.0 ], [ -92.679237349999937, 16.787999180000043, 0.0 ], [ -92.678981303999933, 16.787706278000087, 0.0 ], [ -92.678980169999932, 16.787704979000068, 0.0 ], [ -92.679078890999904, 16.787590428000044, 0.0 ], [ -92.679249138999921, 16.787392880000084, 0.0 ], [ -92.6793159099999, 16.786927461000062, 0.0 ], [ -92.679285598999911, 16.786319430000049, 0.0 ], [ -92.679132488999926, 16.78549311900008, 0.0 ], [ -92.679203749999942, 16.785252660000083, 0.0 ], [ -92.67936385999991, 16.785224170000049, 0.0 ], [ -92.679699549999896, 16.785331821000057, 0.0 ], [ -92.679855029999942, 16.785003950000089, 0.0 ], [ -92.680192538999904, 16.784895980000044, 0.0 ], [ -92.680494109999927, 16.785054650000063, 0.0 ], [ -92.680744578999906, 16.784866711000063, 0.0 ], [ -92.681366028999946, 16.78463951100008, 0.0 ], [ -92.682117089999906, 16.784221180000088, 0.0 ], [ -92.681754579999904, 16.783644480000078, 0.0 ], [ -92.681732379999914, 16.782101370000078, 0.0 ], [ -92.681956708999905, 16.781630581000059, 0.0 ], [ -92.682165738999913, 16.781319140000051, 0.0 ], [ -92.682671398999901, 16.781007619000036, 0.0 ], [ -92.682893778999926, 16.78098034900006, 0.0 ], [ -92.68287287499993, 16.780921681000052, 0.0 ], [ -92.682868150999923, 16.780908424000074, 0.0 ], [ -92.682701888999929, 16.78044182900004, 0.0 ], [ -92.682749978999937, 16.77986492000008, 0.0 ], [ -92.683017769999935, 16.779805, 0.0 ], [ -92.683217479999939, 16.779648510000072, 0.0 ], [ -92.683698708999941, 16.779484449000051, 0.0 ], [ -92.684108248999905, 16.779455770000084, 0.0 ], [ -92.684801196999899, 16.779572718000054, 0.0 ], [ -92.685411590999934, 16.779675731000054, 0.0 ], [ -92.685414488999925, 16.779676220000056, 0.0 ], [ -92.685220019999917, 16.780036339000048, 0.0 ], [ -92.685068057999899, 16.780319511000073, 0.0 ], [ -92.685122243999899, 16.780379040000071, 0.0 ], [ -92.685124229999929, 16.780381219000049, 0.0 ], [ -92.685205488999941, 16.780449659000055, 0.0 ], [ -92.685420258999898, 16.780476909000072, 0.0 ], [ -92.686034756999902, 16.780768235000039, 0.0 ], [ -92.686036118999937, 16.780768881000085, 0.0 ], [ -92.686078858999906, 16.780874050000079, 0.0 ], [ -92.686160946999905, 16.780981373000088, 0.0 ], [ -92.686162519999925, 16.780983430000049, 0.0 ], [ -92.686290689999907, 16.781021600000088, 0.0 ], [ -92.686372888999927, 16.780984720000049, 0.0 ], [ -92.686412938999922, 16.78075565100005, 0.0 ], [ -92.686693372999912, 16.780738606000057, 0.0 ], [ -92.686694799999941, 16.780738520000057, 0.0 ], [ -92.686964459999899, 16.781832970000039, 0.0 ], [ -92.686934088999919, 16.782422460000078, 0.0 ], [ -92.687094748999925, 16.78276493900006, 0.0 ], [ -92.687135619999935, 16.783304660000056, 0.0 ], [ -92.686774488999902, 16.783903519000091, 0.0 ], [ -92.686729198999899, 16.784046260000082, 0.0 ], [ -92.686687519999907, 16.784393880000039, 0.0 ], [ -92.686661139999899, 16.784402770000042, 0.0 ], [ -92.686677739999936, 16.784472220000055, 0.0 ], [ -92.686710029999915, 16.784542480000084, 0.0 ], [ -92.686754828999938, 16.784632950000059, 0.0 ], [ -92.686802818999922, 16.784699, 0.0 ], [ -92.686834768999915, 16.784758020000083, 0.0 ], [ -92.686860919999901, 16.784811369000067, 0.0 ], [ -92.686881248999896, 16.784856289000061, 0.0 ], [ -92.686924952999902, 16.784993911000072, 0.0 ], [ -92.686925688999906, 16.784996230000047, 0.0 ], [ -92.687006278999945, 16.785249479000072, 0.0 ], [ -92.687061849999907, 16.785422251000057, 0.0 ], [ -92.686949618999904, 16.785493981000059, 0.0 ], [ -92.686723889999939, 16.785536230000048, 0.0 ], [ -92.686509679999915, 16.785625380000056, 0.0 ], [ -92.686340619999896, 16.785727829000052, 0.0 ], [ -92.686320938999927, 16.785712849000049, 0.0 ], [ -92.686240379999902, 16.78565142900004, 0.0 ], [ -92.686130688999924, 16.785534029000075, 0.0 ], [ -92.686017139999933, 16.785409260000051, 0.0 ], [ -92.685908139999924, 16.785452510000084, 0.0 ], [ -92.685791479999921, 16.785564510000086, 0.0 ], [ -92.685691318999943, 16.785723680000046, 0.0 ], [ -92.685619029999941, 16.785970219000092, 0.0 ], [ -92.685562549999929, 16.786225110000089, 0.0 ], [ -92.68556271999995, 16.786392550000073, 0.0 ], [ -92.68554810899991, 16.786508489000084, 0.0 ], [ -92.685514048999948, 16.786606889000041, 0.0 ], [ -92.685469379999915, 16.786676689000046, 0.0 ], [ -92.685380889999919, 16.78677428900005, 0.0 ], [ -92.6852543789999, 16.786846230000037, 0.0 ], [ -92.685164339999915, 16.786883350000039, 0.0 ], [ -92.685053749999895, 16.786948480000092, 0.0 ], [ -92.684992449999925, 16.787030541000092, 0.0 ], [ -92.684925569999905, 16.787515599000074, 0.0 ], [ -92.684811079999918, 16.788123800000051, 0.0 ], [ -92.684745598999939, 16.788227230000075, 0.0 ], [ -92.684677338999904, 16.788353259000075, 0.0 ], [ -92.684359879999931, 16.788958770000079, 0.0 ], [ -92.68426822899994, 16.789198949000081, 0.0 ], [ -92.684236348999946, 16.789319079000052, 0.0 ], [ -92.684447248999902, 16.789353689000052, 0.0 ], [ -92.684546568999906, 16.789381650000053, 0.0 ], [ -92.684674549999897, 16.789439050000055, 0.0 ], [ -92.684757948999902, 16.789492430000053, 0.0 ], [ -92.684829799999932, 16.789523259000077, 0.0 ], [ -92.684833019999928, 16.789422879000085, 0.0 ], [ -92.684836859999905, 16.789328720000071, 0.0 ], [ -92.684873538999909, 16.789227480000079, 0.0 ], [ -92.684914059999926, 16.789170451000075, 0.0 ], [ -92.684930918999896, 16.789116540000066, 0.0 ], [ -92.684942019999937, 16.78902977000007, 0.0 ], [ -92.685011179999947, 16.788975250000078, 0.0 ], [ -92.685107338999899, 16.788939819000063, 0.0 ], [ -92.685125278999919, 16.78886404900004, 0.0 ], [ -92.685150998999916, 16.788791920000051, 0.0 ], [ -92.6851915499999, 16.788735521000092, 0.0 ], [ -92.685246249999921, 16.78867345000009, 0.0 ], [ -92.685325138999929, 16.788606679000054, 0.0 ], [ -92.685405889999913, 16.788553860000036, 0.0 ], [ -92.685500108999918, 16.788503751000064, 0.0 ], [ -92.685591148999947, 16.788270090000083, 0.0 ], [ -92.685723078999899, 16.788109979000069, 0.0 ], [ -92.685872819999929, 16.787983940000061, 0.0 ], [ -92.685987819999923, 16.787812510000037, 0.0 ], [ -92.685967619999929, 16.787636920000068, 0.0 ], [ -92.685925659999896, 16.787449251000055, 0.0 ], [ -92.68584411899991, 16.787358030000064, 0.0 ], [ -92.685820029999945, 16.787297740000042, 0.0 ], [ -92.68582824899994, 16.787215110000091, 0.0 ], [ -92.685851489999948, 16.78708368000008, 0.0 ], [ -92.685840148999944, 16.786953721000089, 0.0 ], [ -92.685830418999899, 16.786785679000047, 0.0 ], [ -92.685922379999909, 16.786640680000062, 0.0 ], [ -92.685981618999904, 16.786687649000044, 0.0 ], [ -92.686209618999897, 16.786852649000082, 0.0 ], [ -92.686548709999897, 16.787085279000053, 0.0 ], [ -92.686737889999904, 16.787229050000064, 0.0 ], [ -92.686880679999945, 16.787340120000067, 0.0 ], [ -92.687013799999932, 16.787463341000091, 0.0 ], [ -92.687175688999901, 16.787633970000059, 0.0 ], [ -92.68738107899992, 16.78789203000008, 0.0 ], [ -92.687518909999937, 16.788062541000045, 0.0 ], [ -92.687588279999943, 16.788161249000041, 0.0 ], [ -92.687830149999911, 16.788413179000088, 0.0 ], [ -92.688122618999898, 16.788742661000072, 0.0 ], [ -92.688201018999905, 16.788793430000055, 0.0 ], [ -92.688439018999929, 16.789066919000049, 0.0 ], [ -92.688799199999949, 16.789480781000066, 0.0 ], [ -92.688960649999899, 16.78968492000007, 0.0 ], [ -92.68920427899991, 16.789977149000038, 0.0 ], [ -92.689437719999944, 16.790243119000081, 0.0 ], [ -92.689777998999944, 16.790673481000056, 0.0 ], [ -92.689933949999897, 16.790806220000036, 0.0 ], [ -92.690037518999929, 16.790869340000086, 0.0 ], [ -92.690253779999921, 16.790992521000078, 0.0 ], [ -92.690602598999931, 16.790583599000058, 0.0 ], [ -92.690820948999942, 16.790317020000089, 0.0 ], [ -92.690963138999905, 16.790141880000078, 0.0 ], [ -92.691082708999943, 16.789953290000085, 0.0 ], [ -92.691196998999942, 16.789817511000081, 0.0 ], [ -92.691281219999951, 16.789732320000041, 0.0 ], [ -92.691430449999928, 16.789631999000051, 0.0 ], [ -92.691477108999948, 16.789605339000047, 0.0 ], [ -92.691471218999936, 16.789547569000092, 0.0 ], [ -92.691483618999939, 16.789429859000052, 0.0 ], [ -92.691529018999915, 16.789337230000058, 0.0 ], [ -92.691543679999938, 16.789264380000077, 0.0 ], [ -92.691690579999943, 16.789446110000085, 0.0 ], [ -92.692964379999921, 16.788391420000039, 0.0 ], [ -92.692327768999917, 16.787545820000048, 0.0 ], [ -92.692785659999913, 16.787114459000065, 0.0 ], [ -92.692945048999945, 16.786978289000047, 0.0 ], [ -92.693076768999902, 16.786950521000051, 0.0 ], [ -92.693457659999922, 16.787081461000071, 0.0 ], [ -92.693775678999941, 16.787187550000056, 0.0 ], [ -92.69400756999994, 16.787278980000053, 0.0 ], [ -92.694200598999942, 16.787369821000084, 0.0 ], [ -92.694318338999949, 16.787437371000067, 0.0 ], [ -92.694597459999898, 16.787486140000055, 0.0 ], [ -92.69505216999994, 16.787561250000067, 0.0 ], [ -92.695297578999941, 16.787606881000045, 0.0 ], [ -92.695604368999909, 16.787654370000041, 0.0 ], [ -92.695810969999911, 16.787794910000059, 0.0 ], [ -92.695881909999912, 16.787907850000067, 0.0 ], [ -92.695949019999944, 16.788008140000045, 0.0 ], [ -92.696075819999919, 16.788145821000057, 0.0 ], [ -92.696164108999938, 16.78820126100004, 0.0 ], [ -92.69626465999994, 16.788247479000063, 0.0 ], [ -92.696487828999921, 16.788340060000053, 0.0 ], [ -92.696637478999946, 16.788408080000067, 0.0 ], [ -92.696457938999913, 16.788598709000041, 0.0 ], [ -92.696247489999905, 16.789001551000069, 0.0 ], [ -92.696110379999936, 16.78937183000005, 0.0 ], [ -92.695775258999902, 16.789656230000048, 0.0 ], [ -92.695499419999919, 16.789687510000078, 0.0 ], [ -92.694972578999909, 16.789660820000051, 0.0 ], [ -92.694654549999939, 16.789905290000036, 0.0 ], [ -92.694498508999914, 16.79009534000005, 0.0 ], [ -92.694378379999932, 16.790270970000051, 0.0 ], [ -92.694127659999936, 16.790416879000077, 0.0 ], [ -92.694009169999902, 16.790568981000092, 0.0 ], [ -92.693856269999912, 16.790886936000049, 0.0 ], [ -92.693773709999903, 16.791058620000058, 0.0 ], [ -92.693629679999901, 16.791179449000083, 0.0 ], [ -92.693401509999944, 16.791267689000051, 0.0 ], [ -92.693597659999909, 16.791690351000057, 0.0 ], [ -92.693441908999944, 16.791885630000081, 0.0 ], [ -92.692931489999921, 16.79200792000006, 0.0 ], [ -92.692624918999911, 16.792151581000041, 0.0 ], [ -92.6923749689999, 16.792156980000073, 0.0 ], [ -92.692100618999916, 16.792133401000058, 0.0 ], [ -92.691776519999905, 16.792176089000066, 0.0 ], [ -92.69115993999992, 16.792070420000073, 0.0 ], [ -92.691130228999896, 16.792040031000056, 0.0 ], [ -92.691034139999942, 16.79194196900005, 0.0 ], [ -92.690858818999914, 16.791845250000051, 0.0 ], [ -92.690857189999917, 16.791843267000047, 0.0 ], [ -92.69068982999994, 16.791639740000051, 0.0 ], [ -92.690689601999907, 16.791639700000076, 0.0 ], [ -92.690256199999908, 16.791563090000068, 0.0 ], [ -92.69001464899992, 16.791421549000063, 0.0 ], [ -92.68957262899994, 16.791814851000083, 0.0 ], [ -92.689466419999917, 16.792009980000046, 0.0 ], [ -92.689377598999897, 16.792446770000083, 0.0 ], [ -92.689584029999935, 16.79278465100009, 0.0 ], [ -92.689224488999912, 16.792842320000091, 0.0 ], [ -92.6890666299999, 16.792849220000051, 0.0 ], [ -92.688836509999931, 16.792926690000058, 0.0 ], [ -92.688650028999916, 16.793013461000044, 0.0 ], [ -92.68848364999991, 16.793055539000079, 0.0 ], [ -92.688335348999942, 16.793085619000067, 0.0 ], [ -92.688240109999924, 16.793116460000078, 0.0 ], [ -92.688114258999917, 16.793140780000044, 0.0 ], [ -92.688030219999916, 16.793150550000064, 0.0 ], [ -92.687832719999903, 16.793156980000049, 0.0 ], [ -92.687715398999899, 16.793220320000046, 0.0 ], [ -92.687762308999936, 16.793343170000071, 0.0 ], [ -92.687525749999907, 16.793519951000064, 0.0 ], [ -92.687515978999897, 16.793672711000056, 0.0 ], [ -92.687159449999911, 16.793906820000075, 0.0 ], [ -92.686989918999927, 16.793994230000067, 0.0 ], [ -92.686998739999922, 16.794285801000058, 0.0 ], [ -92.686403998999936, 16.794156289000057, 0.0 ], [ -92.686322598999936, 16.794095420000076, 0.0 ], [ -92.685479478999923, 16.794, 0.0 ], [ -92.685479, 16.793997992000072, 0.0 ], [ -92.685407279999936, 16.793697550000047, 0.0 ], [ -92.685405767999896, 16.793697359000078, 0.0 ], [ -92.685005288999946, 16.793646599000056, 0.0 ], [ -92.685004299999946, 16.793644548000088, 0.0 ], [ -92.684947649999913, 16.793527139000048, 0.0 ], [ -92.684946554999897, 16.793526808000081, 0.0 ], [ -92.684538428999929, 16.793403050000052, 0.0 ], [ -92.684317149999913, 16.793270630000052, 0.0 ], [ -92.684316527999897, 16.793269267000085, 0.0 ], [ -92.68414337899992, 16.792889519000084, 0.0 ], [ -92.684142419999944, 16.792889593000041, 0.0 ], [ -92.683701199999916, 16.792922909000083, 0.0 ], [ -92.683257819999938, 16.793078519000062, 0.0 ], [ -92.682972446999941, 16.793206792000092, 0.0 ], [ -92.682601719999923, 16.793373430000088, 0.0 ], [ -92.682296659999906, 16.793526520000057, 0.0 ], [ -92.682080848999931, 16.793578430000082, 0.0 ], [ -92.681824619999929, 16.793693021000081, 0.0 ], [ -92.681515718999947, 16.793874290000076, 0.0 ], [ -92.681375688999935, 16.793982711000069, 0.0 ], [ -92.681136478999917, 16.794243751000067, 0.0 ], [ -92.681062169999905, 16.794361379000065, 0.0 ], [ -92.68098154899991, 16.794437461000086, 0.0 ], [ -92.680979959999945, 16.794434907000038, 0.0 ], [ -92.680751778999934, 16.794067940000048, 0.0 ], [ -92.680592019999949, 16.793262380000044, 0.0 ], [ -92.680629649999901, 16.793097680000074, 0.0 ], [ -92.68072259999991, 16.793008460000067, 0.0 ], [ -92.680843169999946, 16.792945060000079, 0.0 ], [ -92.680919818999939, 16.792805380000061, 0.0 ] ] ] } },
{ "type": "Feature", "properties": { "Name": "0702600010066", "FolderPath": "GRS_AGEB_2020.kmz/GRS/07_Chiapas/07_GRS", "SymbolID": 4, "AltMode": 0, "Base": 0.0, "Clamped": -1, "Extruded": 0, "Snippet": null, "Shape_Leng": 0.051082926308200001, "Shape_Area": 5.4374415118600002e-05, "mpio": "07026", "CVE_Ent": "07", "entidad": "Chiapas", "CVE_Mpio": "07026", "Mpio_1": "Chenalhó", "CVE_Loc": "070260001", "Localidad": "Chenalhó", "CVE_AGEB": "0066", "CVE_Gral": "0702600010066", "Ptob_Tot": 1330.0, "Viv_PartCa": 270.0, "Analfa": 17.558299, "P6_14_NA_E": 15.80756, "P15_24_NA_": 69.432314, "P15M_EBasI": 51.577503, "SinDereHab": 17.002417, "Viv_Hacina": 8.888889, "SinAgua": 1.481481, "SinExcu": 2.962963, "SinDre": 3.703704, "SinEle": 2.222222, "ConPTierra": 13.703704, "SinLavad": 89.259259, "SinRefri": 72.222222, "SinTelFijo": 98.518519, "SinCelular": 20.37037, "SinCompu": 95.185185, "SinInterne": 98.888889, "GRS20": "Muy alto" }, "geometry": { "type": "Polygon", "coordinates": [ [ [ -92.625409089999948, 16.88565882000006, 0.0 ], [ -92.625586049999924, 16.885797739000054, 0.0 ], [ -92.625734219999913, 16.885869280000065, 0.0 ], [ -92.625837307999916, 16.886012829000038, 0.0 ], [ -92.625888949999933, 16.886084739000069, 0.0 ], [ -92.626100139999949, 16.886199450000049, 0.0 ], [ -92.626140449999923, 16.886336400000062, 0.0 ], [ -92.626140709999902, 16.88645099900009, 0.0 ], [ -92.626157429999921, 16.886467289000052, 0.0 ], [ -92.626206379999928, 16.886505749000037, 0.0 ], [ -92.626327799999899, 16.886512880000055, 0.0 ], [ -92.626436319999925, 16.886502749000044, 0.0 ], [ -92.626511659999949, 16.886553380000066, 0.0 ], [ -92.626553709999939, 16.886642230000064, 0.0 ], [ -92.626555339999925, 16.886726459000045, 0.0 ], [ -92.626573679999922, 16.886781629000041, 0.0 ], [ -92.626618, 16.88681986000006, 0.0 ], [ -92.62675559999991, 16.886872450000055, 0.0 ], [ -92.62690688999993, 16.886937919000047, 0.0 ], [ -92.62705270999993, 16.886970339000072, 0.0 ], [ -92.627216629999907, 16.887026199000047, 0.0 ], [ -92.627261139999916, 16.887054859000045, 0.0 ], [ -92.627250179999919, 16.887073310000062, 0.0 ], [ -92.627231799999947, 16.887114, 0.0 ], [ -92.626706479999939, 16.888027150000084, 0.0 ], [ -92.626573909999934, 16.888269110000067, 0.0 ], [ -92.626404939999929, 16.888587230000041, 0.0 ], [ -92.626222089999942, 16.888947740000049, 0.0 ], [ -92.626156769999909, 16.889092059000063, 0.0 ], [ -92.626073619999943, 16.88935752000009, 0.0 ], [ -92.626067059999912, 16.889492050000058, 0.0 ], [ -92.626130219999936, 16.889670969000065, 0.0 ], [ -92.626260459999912, 16.889924720000067, 0.0 ], [ -92.626264679999906, 16.889965369000038, 0.0 ], [ -92.626268799999934, 16.890004919000091, 0.0 ], [ -92.626231249999933, 16.89011761900008, 0.0 ], [ -92.626077319999922, 16.890348510000081, 0.0 ], [ -92.62591373999993, 16.890601909000054, 0.0 ], [ -92.625805619999937, 16.890786690000084, 0.0 ], [ -92.625704519999942, 16.890989649000062, 0.0 ], [ -92.625600309999925, 16.89121717900008, 0.0 ], [ -92.625528489999908, 16.891463169000076, 0.0 ], [ -92.625485779999906, 16.891745739000044, 0.0 ], [ -92.625468509999905, 16.891923849000079, 0.0 ], [ -92.62541277999992, 16.892472369000075, 0.0 ], [ -92.625371309999935, 16.892837519000068, 0.0 ], [ -92.625351339999895, 16.892988659000082, 0.0 ], [ -92.625308049999944, 16.893197400000076, 0.0 ], [ -92.625245679999921, 16.893401850000089, 0.0 ], [ -92.625125949999926, 16.893546689000061, 0.0 ], [ -92.624842219999948, 16.893774510000071, 0.0 ], [ -92.6245639199999, 16.894019720000074, 0.0 ], [ -92.624432289999902, 16.894158450000077, 0.0 ], [ -92.624366319999922, 16.89426701900004, 0.0 ], [ -92.624319659999912, 16.894391479000092, 0.0 ], [ -92.624201489999905, 16.894631540000091, 0.0 ], [ -92.624116939999908, 16.894863909000037, 0.0 ], [ -92.6240303699999, 16.895170229000087, 0.0 ], [ -92.623970109999902, 16.895474910000075, 0.0 ], [ -92.623957719999908, 16.895686510000075, 0.0 ], [ -92.623990739999897, 16.89587971900005, 0.0 ], [ -92.624006399999928, 16.895992399000079, 0.0 ], [ -92.624026629999946, 16.896448570000075, 0.0 ], [ -92.624024489999897, 16.896689579000054, 0.0 ], [ -92.6243367699999, 16.896703769000055, 0.0 ], [ -92.624454289999903, 16.896648109000068, 0.0 ], [ -92.624576319999903, 16.89656922000006, 0.0 ], [ -92.624611659999914, 16.896500080000067, 0.0 ], [ -92.624711139999931, 16.896448110000051, 0.0 ], [ -92.624841279999941, 16.896436479000045, 0.0 ], [ -92.624907629999939, 16.896468979000076, 0.0 ], [ -92.624613549999935, 16.89755739900005, 0.0 ], [ -92.624744349999901, 16.897588420000091, 0.0 ], [ -92.624972879999916, 16.897642599000051, 0.0 ], [ -92.625094979999915, 16.897668399000054, 0.0 ], [ -92.625234219999925, 16.897697569000059, 0.0 ], [ -92.6252909399999, 16.897456909000084, 0.0 ], [ -92.625373309999929, 16.897242580000068, 0.0 ], [ -92.625491149999903, 16.897051249000071, 0.0 ], [ -92.625653479999926, 16.896868149000056, 0.0 ], [ -92.625899919999938, 16.896652599000049, 0.0 ], [ -92.626189659999909, 16.89641368000008, 0.0 ], [ -92.626770539999939, 16.895985370000062, 0.0 ], [ -92.626836219999916, 16.896014820000062, 0.0 ], [ -92.626918289999935, 16.89602165000008, 0.0 ], [ -92.626932319999923, 16.89611848900006, 0.0 ], [ -92.626941979999913, 16.89625477900006, 0.0 ], [ -92.627053879999949, 16.896303199000045, 0.0 ], [ -92.62719385999992, 16.896343459000036, 0.0 ], [ -92.627374689999897, 16.896364780000056, 0.0 ], [ -92.627696919999948, 16.89568304900007, 0.0 ], [ -92.62867985999992, 16.895737540000084, 0.0 ], [ -92.628738739999903, 16.895957279000072, 0.0 ], [ -92.628958879999914, 16.896238820000065, 0.0 ], [ -92.6289955499999, 16.896294340000054, 0.0 ], [ -92.629039509999927, 16.896345580000059, 0.0 ], [ -92.62905356999994, 16.896392770000091, 0.0 ], [ -92.629279479999923, 16.896407459000045, 0.0 ], [ -92.62944025999991, 16.896385579000082, 0.0 ], [ -92.629599819999896, 16.896329950000052, 0.0 ], [ -92.629784819999941, 16.896329549000086, 0.0 ], [ -92.630055889999937, 16.896273200000053, 0.0 ], [ -92.630026079999936, 16.897162740000056, 0.0 ], [ -92.629856029999928, 16.898958020000066, 0.0 ], [ -92.629390319999914, 16.899531310000043, 0.0 ], [ -92.62867671999993, 16.900390219000087, 0.0 ], [ -92.628583549999917, 16.900422199000047, 0.0 ], [ -92.62828057999991, 16.900455110000053, 0.0 ], [ -92.628192649999903, 16.900469919000045, 0.0 ], [ -92.628103679999924, 16.900534399000037, 0.0 ], [ -92.62806164999995, 16.900599579000072, 0.0 ], [ -92.628018709999935, 16.900678259000074, 0.0 ], [ -92.627975936999917, 16.900808485000084, 0.0 ], [ -92.627975859999935, 16.900808719000054, 0.0 ], [ -92.628007224999919, 16.900979163000045, 0.0 ], [ -92.62800730999993, 16.900979629000062, 0.0 ], [ -92.627964544999941, 16.900983146000044, 0.0 ], [ -92.626618694999934, 16.901034906000064, 0.0 ], [ -92.626591689999941, 16.901034520000053, 0.0 ], [ -92.626563491999946, 16.901034604000074, 0.0 ], [ -92.625917939999908, 16.901048489000061, 0.0 ], [ -92.625889629999904, 16.901048051000089, 0.0 ], [ -92.625607105999904, 16.901010086000042, 0.0 ], [ -92.625076837999927, 16.900875305000056, 0.0 ], [ -92.625047569999936, 16.900892290000058, 0.0 ], [ -92.624869, 16.90098166000007, 0.0 ], [ -92.623265459999914, 16.901147619000085, 0.0 ], [ -92.621471819999897, 16.901216829000077, 0.0 ], [ -92.621868677999942, 16.898915959000078, 0.0 ], [ -92.622234439999943, 16.898359067000058, 0.0 ], [ -92.622242629999903, 16.898341659000039, 0.0 ], [ -92.62225013199992, 16.898318414000073, 0.0 ], [ -92.622562083999924, 16.897442273000081, 0.0 ], [ -92.622697824999932, 16.89572055900004, 0.0 ], [ -92.622854291999943, 16.894351954000058, 0.0 ], [ -92.623015079999902, 16.892997879000063, 0.0 ], [ -92.623020419999932, 16.892976779000037, 0.0 ], [ -92.62302885999992, 16.892954219000046, 0.0 ], [ -92.623404767999943, 16.890891201000045, 0.0 ], [ -92.624182649999909, 16.889154169000051, 0.0 ], [ -92.625061906999917, 16.887015563000091, 0.0 ], [ -92.625206741999932, 16.886465078000072, 0.0 ], [ -92.6252160599999, 16.886428200000069, 0.0 ], [ -92.625226179999913, 16.886386851000054, 0.0 ], [ -92.625409089999948, 16.88565882000006, 0.0 ] ] ] } },
{ "type": "Feature", "properties": { "Name": "0702600010032", "FolderPath": "GRS_AGEB_2020.kmz/GRS/07_Chiapas/07_GRS", "SymbolID": 4, "AltMode": 0, "Base": 0.0, "Clamped": -1, "Extruded": 0, "Snippet": null, "Shape_Leng": 0.0275721840717, "Shape_Area": 2.0512026026e-05, "mpio": "07026", "CVE_Ent": "07", "entidad": "Chiapas", "CVE_Mpio": "07026", "Mpio_1": "Chenalhó", "CVE_Loc": "070260001", "Localidad": "Chenalhó", "CVE_AGEB": "0032", "CVE_Gral": "0702600010032", "Ptob_Tot": 1383.0, "Viv_PartCa": 296.0, "Analfa": 16.430903, "P6_14_NA_E": 16.428571, "P15_24_NA_": 65.836299, "P15M_EBasI": 51.422319, "SinDereHab": 29.166667, "Viv_Hacina": 10.472973, "SinAgua": 0.0, "SinExcu": 0.0, "SinDre": 1.013514, "SinEle": 0.0, "ConPTierra": 13.513514, "SinLavad": 79.72973, "SinRefri": 53.716216, "SinTelFijo": 96.271186, "SinCelular": 18.918919, "SinCompu": 88.851351, "SinInterne": 97.635135, "GRS20": "Muy alto" }, "geometry": { "type": "Polygon", "coordinates": [ [ [ -92.624907629999939, 16.896468979000076, 0.0 ], [ -92.624841279999941, 16.896436479000045, 0.0 ], [ -92.624711139999931, 16.896448110000051, 0.0 ], [ -92.624611659999914, 16.896500080000067, 0.0 ], [ -92.624576319999903, 16.89656922000006, 0.0 ], [ -92.624454289999903, 16.896648109000068, 0.0 ], [ -92.6243367699999, 16.896703769000055, 0.0 ], [ -92.624024489999897, 16.896689579000054, 0.0 ], [ -92.624026629999946, 16.896448570000075, 0.0 ], [ -92.624006399999928, 16.895992399000079, 0.0 ], [ -92.623990739999897, 16.89587971900005, 0.0 ], [ -92.623957719999908, 16.895686510000075, 0.0 ], [ -92.623970109999902, 16.895474910000075, 0.0 ], [ -92.6240303699999, 16.895170229000087, 0.0 ], [ -92.624116939999908, 16.894863909000037, 0.0 ], [ -92.624201489999905, 16.894631540000091, 0.0 ], [ -92.624319659999912, 16.894391479000092, 0.0 ], [ -92.624366319999922, 16.89426701900004, 0.0 ], [ -92.624432289999902, 16.894158450000077, 0.0 ], [ -92.6245639199999, 16.894019720000074, 0.0 ], [ -92.624842219999948, 16.893774510000071, 0.0 ], [ -92.625125949999926, 16.893546689000061, 0.0 ], [ -92.625245679999921, 16.893401850000089, 0.0 ], [ -92.625308049999944, 16.893197400000076, 0.0 ], [ -92.625351339999895, 16.892988659000082, 0.0 ], [ -92.625371309999935, 16.892837519000068, 0.0 ], [ -92.62541277999992, 16.892472369000075, 0.0 ], [ -92.625468509999905, 16.891923849000079, 0.0 ], [ -92.625485779999906, 16.891745739000044, 0.0 ], [ -92.625528489999908, 16.891463169000076, 0.0 ], [ -92.625600309999925, 16.89121717900008, 0.0 ], [ -92.625704519999942, 16.890989649000062, 0.0 ], [ -92.625805619999937, 16.890786690000084, 0.0 ], [ -92.62591373999993, 16.890601909000054, 0.0 ], [ -92.626077319999922, 16.890348510000081, 0.0 ], [ -92.626231249999933, 16.89011761900008, 0.0 ], [ -92.626268799999934, 16.890004919000091, 0.0 ], [ -92.626264679999906, 16.889965369000038, 0.0 ], [ -92.626260459999912, 16.889924720000067, 0.0 ], [ -92.626130219999936, 16.889670969000065, 0.0 ], [ -92.626067059999912, 16.889492050000058, 0.0 ], [ -92.626073619999943, 16.88935752000009, 0.0 ], [ -92.626156769999909, 16.889092059000063, 0.0 ], [ -92.626222089999942, 16.888947740000049, 0.0 ], [ -92.626404939999929, 16.888587230000041, 0.0 ], [ -92.626573909999934, 16.888269110000067, 0.0 ], [ -92.626706479999939, 16.888027150000084, 0.0 ], [ -92.627231799999947, 16.887114, 0.0 ], [ -92.627250179999919, 16.887073310000062, 0.0 ], [ -92.627261139999916, 16.887054859000045, 0.0 ], [ -92.627427689999934, 16.887234539000076, 0.0 ], [ -92.6274437699999, 16.887284119000071, 0.0 ], [ -92.62739868999995, 16.88739417000005, 0.0 ], [ -92.62740687999991, 16.887546109000084, 0.0 ], [ -92.62737164999993, 16.887656029000084, 0.0 ], [ -92.627340579999895, 16.887720970000089, 0.0 ], [ -92.627125139999919, 16.887861719000057, 0.0 ], [ -92.627098169999897, 16.887920460000089, 0.0 ], [ -92.627116179999916, 16.887993340000037, 0.0 ], [ -92.627218339999899, 16.888028399000063, 0.0 ], [ -92.627191860999915, 16.888055395000038, 0.0 ], [ -92.627040719999911, 16.888210969000056, 0.0 ], [ -92.626867539999921, 16.888386050000065, 0.0 ], [ -92.626572939999903, 16.888812750000056, 0.0 ], [ -92.626419919999933, 16.889104340000074, 0.0 ], [ -92.626362539999946, 16.889274969000041, 0.0 ], [ -92.626350569999943, 16.889450920000058, 0.0 ], [ -92.626422569999932, 16.889619290000041, 0.0 ], [ -92.626557399999911, 16.889813050000043, 0.0 ], [ -92.626725279999903, 16.889952429000061, 0.0 ], [ -92.626825509999946, 16.890077720000079, 0.0 ], [ -92.626906, 16.890199479000046, 0.0 ], [ -92.626960599999904, 16.890294720000043, 0.0 ], [ -92.627057049999905, 16.890447710000046, 0.0 ], [ -92.627198939999914, 16.890662310000039, 0.0 ], [ -92.627299169999901, 16.890815509000049, 0.0 ], [ -92.627482479999912, 16.891008859000067, 0.0 ], [ -92.627809649999904, 16.891387859000076, 0.0 ], [ -92.628046249999898, 16.891758770000081, 0.0 ], [ -92.628175229999897, 16.891976340000042, 0.0 ], [ -92.628267509999944, 16.892206029000079, 0.0 ], [ -92.628353599999912, 16.892328280000072, 0.0 ], [ -92.628427679999902, 16.892466169000045, 0.0 ], [ -92.628451399999904, 16.892634679000082, 0.0 ], [ -92.6284753999999, 16.892912569000089, 0.0 ], [ -92.628406419999919, 16.893294710000077, 0.0 ], [ -92.628333769999927, 16.893455370000083, 0.0 ], [ -92.628270749999899, 16.89358425000006, 0.0 ], [ -92.628138279999916, 16.893705659000091, 0.0 ], [ -92.628064779999931, 16.893873079000059, 0.0 ], [ -92.628064019999897, 16.894098740000061, 0.0 ], [ -92.62803047999995, 16.894430949000082, 0.0 ], [ -92.627960449999932, 16.894616109000083, 0.0 ], [ -92.628139679999947, 16.89466149000009, 0.0 ], [ -92.627845429999923, 16.895389220000084, 0.0 ], [ -92.627696919999948, 16.89568304900007, 0.0 ], [ -92.627374689999897, 16.896364780000056, 0.0 ], [ -92.62719385999992, 16.896343459000036, 0.0 ], [ -92.627053879999949, 16.896303199000045, 0.0 ], [ -92.626941979999913, 16.89625477900006, 0.0 ], [ -92.626932319999923, 16.89611848900006, 0.0 ], [ -92.626918289999935, 16.89602165000008, 0.0 ], [ -92.626836219999916, 16.896014820000062, 0.0 ], [ -92.626770539999939, 16.895985370000062, 0.0 ], [ -92.626189659999909, 16.89641368000008, 0.0 ], [ -92.625899919999938, 16.896652599000049, 0.0 ], [ -92.625653479999926, 16.896868149000056, 0.0 ], [ -92.625491149999903, 16.897051249000071, 0.0 ], [ -92.625373309999929, 16.897242580000068, 0.0 ], [ -92.6252909399999, 16.897456909000084, 0.0 ], [ -92.625234219999925, 16.897697569000059, 0.0 ], [ -92.625094979999915, 16.897668399000054, 0.0 ], [ -92.624972879999916, 16.897642599000051, 0.0 ], [ -92.624744349999901, 16.897588420000091, 0.0 ], [ -92.624613549999935, 16.89755739900005, 0.0 ], [ -92.624907629999939, 16.896468979000076, 0.0 ] ] ] } },
{ "type": "Feature", "properties": { "Name": "0702600010051", "FolderPath": "GRS_AGEB_2020.kmz/GRS/07_Chiapas/07_GRS", "SymbolID": 4, "AltMode": 0, "Base": 0.0, "Clamped": -1, "Extruded": 0, "Snippet": null, "Shape_Leng": 0.039719145000199997, "Shape_Area": 6.6519379934699998e-05, "mpio": "07026", "CVE_Ent": "07", "entidad": "Chiapas", "CVE_Mpio": "07026", "Mpio_1": "Chenalhó", "CVE_Loc": "070260001", "Localidad": "Chenalhó", "CVE_AGEB": "0051", "CVE_Gral": "0702600010051", "Ptob_Tot": 1656.0, "Viv_PartCa": 345.0, "Analfa": 21.406412, "P6_14_NA_E": 18.295739, "P15_24_NA_": 80.064309, "P15M_EBasI": 62.254395, "SinDereHab": 10.827251, "Viv_Hacina": 13.623188, "SinAgua": 0.57971, "SinExcu": 1.449275, "SinDre": 1.449275, "SinEle": 0.869565, "ConPTierra": 19.130435, "SinLavad": 88.405797, "SinRefri": 75.942029, "SinTelFijo": 98.84058, "SinCelular": 37.971014, "SinCompu": 96.231884, "SinInterne": 97.681159, "GRS20": "Muy alto" }, "geometry": { "type": "Polygon", "coordinates": [ [ [ -92.627696919999948, 16.89568304900007, 0.0 ], [ -92.627845429999923, 16.895389220000084, 0.0 ], [ -92.628139679999947, 16.89466149000009, 0.0 ], [ -92.627960449999932, 16.894616109000083, 0.0 ], [ -92.62803047999995, 16.894430949000082, 0.0 ], [ -92.628064019999897, 16.894098740000061, 0.0 ], [ -92.628064779999931, 16.893873079000059, 0.0 ], [ -92.628138279999916, 16.893705659000091, 0.0 ], [ -92.628270749999899, 16.89358425000006, 0.0 ], [ -92.628333769999927, 16.893455370000083, 0.0 ], [ -92.628406419999919, 16.893294710000077, 0.0 ], [ -92.6284753999999, 16.892912569000089, 0.0 ], [ -92.628451399999904, 16.892634679000082, 0.0 ], [ -92.628427679999902, 16.892466169000045, 0.0 ], [ -92.628353599999912, 16.892328280000072, 0.0 ], [ -92.628267509999944, 16.892206029000079, 0.0 ], [ -92.628175229999897, 16.891976340000042, 0.0 ], [ -92.628046249999898, 16.891758770000081, 0.0 ], [ -92.627809649999904, 16.891387859000076, 0.0 ], [ -92.627482479999912, 16.891008859000067, 0.0 ], [ -92.627299169999901, 16.890815509000049, 0.0 ], [ -92.627198939999914, 16.890662310000039, 0.0 ], [ -92.627057049999905, 16.890447710000046, 0.0 ], [ -92.626960599999904, 16.890294720000043, 0.0 ], [ -92.626906, 16.890199479000046, 0.0 ], [ -92.626825509999946, 16.890077720000079, 0.0 ], [ -92.626725279999903, 16.889952429000061, 0.0 ], [ -92.626557399999911, 16.889813050000043, 0.0 ], [ -92.626422569999932, 16.889619290000041, 0.0 ], [ -92.626350569999943, 16.889450920000058, 0.0 ], [ -92.626362539999946, 16.889274969000041, 0.0 ], [ -92.626419919999933, 16.889104340000074, 0.0 ], [ -92.626572939999903, 16.888812750000056, 0.0 ], [ -92.626867539999921, 16.888386050000065, 0.0 ], [ -92.627040719999911, 16.888210969000056, 0.0 ], [ -92.627191860999915, 16.888055395000038, 0.0 ], [ -92.627218339999899, 16.888028399000063, 0.0 ], [ -92.627116179999916, 16.887993340000037, 0.0 ], [ -92.627098169999897, 16.887920460000089, 0.0 ], [ -92.627125139999919, 16.887861719000057, 0.0 ], [ -92.627340579999895, 16.887720970000089, 0.0 ], [ -92.62737164999993, 16.887656029000084, 0.0 ], [ -92.62740687999991, 16.887546109000084, 0.0 ], [ -92.62739868999995, 16.88739417000005, 0.0 ], [ -92.6274437699999, 16.887284119000071, 0.0 ], [ -92.627427689999934, 16.887234539000076, 0.0 ], [ -92.627261139999916, 16.887054859000045, 0.0 ], [ -92.627216629999907, 16.887026199000047, 0.0 ], [ -92.62705270999993, 16.886970339000072, 0.0 ], [ -92.62690688999993, 16.886937919000047, 0.0 ], [ -92.62675559999991, 16.886872450000055, 0.0 ], [ -92.626618, 16.88681986000006, 0.0 ], [ -92.626573679999922, 16.886781629000041, 0.0 ], [ -92.626555339999925, 16.886726459000045, 0.0 ], [ -92.626553709999939, 16.886642230000064, 0.0 ], [ -92.626511659999949, 16.886553380000066, 0.0 ], [ -92.626436319999925, 16.886502749000044, 0.0 ], [ -92.626327799999899, 16.886512880000055, 0.0 ], [ -92.626206379999928, 16.886505749000037, 0.0 ], [ -92.626157429999921, 16.886467289000052, 0.0 ], [ -92.626140709999902, 16.88645099900009, 0.0 ], [ -92.626140449999923, 16.886336400000062, 0.0 ], [ -92.626100139999949, 16.886199450000049, 0.0 ], [ -92.625888949999933, 16.886084739000069, 0.0 ], [ -92.625837307999916, 16.886012829000038, 0.0 ], [ -92.625734219999913, 16.885869280000065, 0.0 ], [ -92.625586049999924, 16.885797739000054, 0.0 ], [ -92.625409089999948, 16.88565882000006, 0.0 ], [ -92.62581801999994, 16.884114579000084, 0.0 ], [ -92.626413691999915, 16.881891846000087, 0.0 ], [ -92.629654829999936, 16.882740420000061, 0.0 ], [ -92.630575085999908, 16.882980842000052, 0.0 ], [ -92.630608629999927, 16.882990540000037, 0.0 ], [ -92.632348399999898, 16.883334580000053, 0.0 ], [ -92.632261459999938, 16.886019020000049, 0.0 ], [ -92.632235993999927, 16.886845878000088, 0.0 ], [ -92.632235992999938, 16.886845907000065, 0.0 ], [ -92.63223138099994, 16.886995693000074, 0.0 ], [ -92.632231365999928, 16.886996135000061, 0.0 ], [ -92.632204179999917, 16.887878830000091, 0.0 ], [ -92.632148489999906, 16.889479979000043, 0.0 ], [ -92.632140939999942, 16.889712319000068, 0.0 ], [ -92.632093109999914, 16.889868460000059, 0.0 ], [ -92.631746309999926, 16.890828950000071, 0.0 ], [ -92.631753859999947, 16.892011229000047, 0.0 ], [ -92.631732689999922, 16.892277600000057, 0.0 ], [ -92.631569649999904, 16.894342749000089, 0.0 ], [ -92.63152477999995, 16.895018520000065, 0.0 ], [ -92.631566049999947, 16.895839199000079, 0.0 ], [ -92.631075719999899, 16.895927150000091, 0.0 ], [ -92.630714199999943, 16.896070089000091, 0.0 ], [ -92.630372769999951, 16.896167909000042, 0.0 ], [ -92.630055889999937, 16.896273200000053, 0.0 ], [ -92.629784819999941, 16.896329549000086, 0.0 ], [ -92.629599819999896, 16.896329950000052, 0.0 ], [ -92.62944025999991, 16.896385579000082, 0.0 ], [ -92.629279479999923, 16.896407459000045, 0.0 ], [ -92.62905356999994, 16.896392770000091, 0.0 ], [ -92.629039509999927, 16.896345580000059, 0.0 ], [ -92.6289955499999, 16.896294340000054, 0.0 ], [ -92.628958879999914, 16.896238820000065, 0.0 ], [ -92.628738739999903, 16.895957279000072, 0.0 ], [ -92.62867985999992, 16.895737540000084, 0.0 ], [ -92.627696919999948, 16.89568304900007, 0.0 ] ] ] } },
{ "type": "Feature", "properties": { "Name": "0703100090348", "FolderPath": "GRS_AGEB_2020.kmz/GRS/07_Chiapas/07_GRS", "SymbolID": 4, "AltMode": 0, "Base": 0.0, "Clamped": -1, "Extruded": 0, "Snippet": null, "Shape_Leng": 0.077207866827499999, "Shape_Area": 0.00015111958700099999, "mpio": "07031", "CVE_Ent": "07", "entidad": "Chiapas", "CVE_Mpio": "07031", "Mpio_1": "Chilón", "CVE_Loc": "070310009", "Localidad": "Bachajón", "CVE_AGEB": "0348", "CVE_Gral": "0703100090348", "Ptob_Tot": 3741.0, "Viv_PartCa": 791.0, "Analfa": 15.50152, "P6_14_NA_E": 5.54951, "P15_24_NA_": 60.352423, "P15M_EBasI": 38.77551, "SinDereHab": 25.557047, "Viv_Hacina": 12.262958, "SinAgua": 0.632111, "SinExcu": 1.390645, "SinDre": 1.390645, "SinEle": 0.884956, "ConPTierra": 7.458913, "SinLavad": 84.450063, "SinRefri": 45.132743, "SinTelFijo": 97.850822, "SinCelular": 25.790139, "SinCompu": 87.863464, "SinInterne": 93.670886, "GRS20": "Muy alto" }, "geometry": { "type": "Polygon", "coordinates": [ [ [ -92.195710395999924, 17.046998613000085, 0.0 ], [ -92.195348489999901, 17.046241309000038, 0.0 ], [ -92.195079169999929, 17.045605309000052, 0.0 ], [ -92.194957769999917, 17.045212259000039, 0.0 ], [ -92.194870549999905, 17.044935579000082, 0.0 ], [ -92.194875649999915, 17.044655860000091, 0.0 ], [ -92.194733629999917, 17.044095950000042, 0.0 ], [ -92.194608, 17.04357452000005, 0.0 ], [ -92.194565599999919, 17.043074460000071, 0.0 ], [ -92.194554429999926, 17.043018549000067, 0.0 ], [ -92.194479019999903, 17.04274152000005, 0.0 ], [ -92.194366829999922, 17.04245650900009, 0.0 ], [ -92.194265229999928, 17.042265690000079, 0.0 ], [ -92.194105149999928, 17.042025369000044, 0.0 ], [ -92.1936993999999, 17.041494170000078, 0.0 ], [ -92.192874579999909, 17.042215119000048, 0.0 ], [ -92.191161656999896, 17.040732821000063, 0.0 ], [ -92.190412109999897, 17.04010910900007, 0.0 ], [ -92.19040876999992, 17.040106119000086, 0.0 ], [ -92.189263569999923, 17.039187340000069, 0.0 ], [ -92.188475229999938, 17.038381279000077, 0.0 ], [ -92.187756369999931, 17.037728489000074, 0.0 ], [ -92.18711273699995, 17.037144314000045, 0.0 ], [ -92.186372219999896, 17.036462890000053, 0.0 ], [ -92.187137979999932, 17.035633229000041, 0.0 ], [ -92.186990019999939, 17.035645109000086, 0.0 ], [ -92.186305309999909, 17.035051619000058, 0.0 ], [ -92.185720689999926, 17.034540999000058, 0.0 ], [ -92.185186339999916, 17.034384619000036, 0.0 ], [ -92.184673195999949, 17.034659273000045, 0.0 ], [ -92.184239429999934, 17.034621259000062, 0.0 ], [ -92.183556949999911, 17.034504220000088, 0.0 ], [ -92.18302824999995, 17.034337630000039, 0.0 ], [ -92.182807649999916, 17.034291660000065, 0.0 ], [ -92.18267248099994, 17.034257091000086, 0.0 ], [ -92.182480908999935, 17.03425562700005, 0.0 ], [ -92.182124309999949, 17.034215489000076, 0.0 ], [ -92.181385769999906, 17.034246089000078, 0.0 ], [ -92.180383649999897, 17.034617860000083, 0.0 ], [ -92.179688059999933, 17.034866819000058, 0.0 ], [ -92.179500219999909, 17.034929679000072, 0.0 ], [ -92.179290489999914, 17.034989710000048, 0.0 ], [ -92.179105229999948, 17.035108340000079, 0.0 ], [ -92.179001109999945, 17.035149580000052, 0.0 ], [ -92.178816139999924, 17.035201579000045, 0.0 ], [ -92.178617449999933, 17.035267050000073, 0.0 ], [ -92.178361629999927, 17.035357490000081, 0.0 ], [ -92.178071719999934, 17.035487179000086, 0.0 ], [ -92.177707919999932, 17.035645020000061, 0.0 ], [ -92.177319459999921, 17.03580788000005, 0.0 ], [ -92.177138999999897, 17.035877619000075, 0.0 ], [ -92.176883149999924, 17.035904109000057, 0.0 ], [ -92.176752365999903, 17.035851984000089, 0.0 ], [ -92.176656046999938, 17.035729454000091, 0.0 ], [ -92.176634926999895, 17.03563614400008, 0.0 ], [ -92.176648336999904, 17.035522344000071, 0.0 ], [ -92.176926495999908, 17.035051684000052, 0.0 ], [ -92.177082526999925, 17.033810763000076, 0.0 ], [ -92.177262015999929, 17.033528334000039, 0.0 ], [ -92.177572415999919, 17.033337654000036, 0.0 ], [ -92.177642246999937, 17.033167824000088, 0.0 ], [ -92.177577095999936, 17.032896504000064, 0.0 ], [ -92.177464305999933, 17.032706714000085, 0.0 ], [ -92.177252645999943, 17.032611743000075, 0.0 ], [ -92.177472026999908, 17.032159514000057, 0.0 ], [ -92.177658355999938, 17.031527304000065, 0.0 ], [ -92.177983505999919, 17.031240134000086, 0.0 ], [ -92.178441855999949, 17.03089050400007, 0.0 ], [ -92.179736785999921, 17.029434113000036, 0.0 ], [ -92.180084795999903, 17.02921785400008, 0.0 ], [ -92.180372655999918, 17.028957744000081, 0.0 ], [ -92.180621895999934, 17.028844394000089, 0.0 ], [ -92.181041826999945, 17.02871461400008, 0.0 ], [ -92.181470325999896, 17.028515244000062, 0.0 ], [ -92.181863045999933, 17.028148484000042, 0.0 ], [ -92.182231655999942, 17.027563684000086, 0.0 ], [ -92.182962965999934, 17.027158274000044, 0.0 ], [ -92.183953825999936, 17.027014044000055, 0.0 ], [ -92.184244495999906, 17.026800304000062, 0.0 ], [ -92.184440045999906, 17.026498384000092, 0.0 ], [ -92.184553094999899, 17.026475386000072, 0.0 ], [ -92.184582853999927, 17.02646933300008, 0.0 ], [ -92.184585354999911, 17.026468824000062, 0.0 ], [ -92.184580659999938, 17.026595872000087, 0.0 ], [ -92.184563158999936, 17.02706949700007, 0.0 ], [ -92.184563155999911, 17.027069564000044, 0.0 ], [ -92.186142055999937, 17.027131814000086, 0.0 ], [ -92.187954335999905, 17.027178914000046, 0.0 ], [ -92.188023985999905, 17.027172592000056, 0.0 ], [ -92.188108801999931, 17.027164894000066, 0.0 ], [ -92.188110564999931, 17.027164735000042, 0.0 ], [ -92.188110472999938, 17.027165653000054, 0.0 ], [ -92.188107027999934, 17.027200077000089, 0.0 ], [ -92.187934386999927, 17.028925274000073, 0.0 ], [ -92.18822896699993, 17.029333183000062, 0.0 ], [ -92.18903922599992, 17.029518673000041, 0.0 ], [ -92.189347275999921, 17.029645254000059, 0.0 ], [ -92.189305645999923, 17.029729844000087, 0.0 ], [ -92.189243595999926, 17.029824044000065, 0.0 ], [ -92.189217356999904, 17.029866224000045, 0.0 ], [ -92.189185856999927, 17.029939364000086, 0.0 ], [ -92.189155846999938, 17.030017163000082, 0.0 ], [ -92.189131355999905, 17.030052534000049, 0.0 ], [ -92.189520735999906, 17.03003868400009, 0.0 ], [ -92.190669596999896, 17.029862714000046, 0.0 ], [ -92.191602585999931, 17.030086084000061, 0.0 ], [ -92.191750197999909, 17.030226298000059, 0.0 ], [ -92.191752984999937, 17.030228946000079, 0.0 ], [ -92.191758876999927, 17.030234543000063, 0.0 ], [ -92.191902402999915, 17.030370880000078, 0.0 ], [ -92.192045924999945, 17.030507214000068, 0.0 ], [ -92.192225925999935, 17.030678195000064, 0.0 ], [ -92.192408524999905, 17.030851645000041, 0.0 ], [ -92.192637415999911, 17.031069073000083, 0.0 ], [ -92.192715154999917, 17.03109717500007, 0.0 ], [ -92.192717044999938, 17.031097859000056, 0.0 ], [ -92.192738980999934, 17.031105790000083, 0.0 ], [ -92.192778104999945, 17.031119937000085, 0.0 ], [ -92.19331395599994, 17.031313683000064, 0.0 ], [ -92.194629725999903, 17.031790713000078, 0.0 ], [ -92.194974654999896, 17.031910831000062, 0.0 ], [ -92.194977675999951, 17.031911884000067, 0.0 ], [ -92.195001655999931, 17.031923014000085, 0.0 ], [ -92.195032425999898, 17.031936163000069, 0.0 ], [ -92.195136695999906, 17.031972623000058, 0.0 ], [ -92.195342765999897, 17.032055734000039, 0.0 ], [ -92.195939279999948, 17.032283779000068, 0.0 ], [ -92.195941645999937, 17.032284683000057, 0.0 ], [ -92.196252736999895, 17.032440503000089, 0.0 ], [ -92.19646085699992, 17.032532054000058, 0.0 ], [ -92.195807165999895, 17.034066624000047, 0.0 ], [ -92.195805248999932, 17.034067224000069, 0.0 ], [ -92.194734106999931, 17.034402703000069, 0.0 ], [ -92.19479756599992, 17.034512714000073, 0.0 ], [ -92.1948804459999, 17.034720793000076, 0.0 ], [ -92.194976425999926, 17.03495862300008, 0.0 ], [ -92.195147295999902, 17.035209504000079, 0.0 ], [ -92.195357795999939, 17.035454254000058, 0.0 ], [ -92.195447386999945, 17.036349883000071, 0.0 ], [ -92.195925966999937, 17.037828533000038, 0.0 ], [ -92.195923452999921, 17.03782825400009, 0.0 ], [ -92.19511809699992, 17.037738784000055, 0.0 ], [ -92.194620025999939, 17.037643333000062, 0.0 ], [ -92.194620113999918, 17.037643660000072, 0.0 ], [ -92.194678366999938, 17.037860593000062, 0.0 ], [ -92.194689155999924, 17.03831342400008, 0.0 ], [ -92.194664645999922, 17.038682714000061, 0.0 ], [ -92.194576226999914, 17.039017534000038, 0.0 ], [ -92.194531536999932, 17.039400163000039, 0.0 ], [ -92.194578526999919, 17.039660674000061, 0.0 ], [ -92.194702536999898, 17.039998013000059, 0.0 ], [ -92.194768215999943, 17.040300384000091, 0.0 ], [ -92.19482344599993, 17.040726043000063, 0.0 ], [ -92.194873025999925, 17.041173903000072, 0.0 ], [ -92.194933325999898, 17.041621884000051, 0.0 ], [ -92.19493396699994, 17.041995474000089, 0.0 ], [ -92.194951016999937, 17.042340134000085, 0.0 ], [ -92.195045626999899, 17.042749103000062, 0.0 ], [ -92.195143706999943, 17.043024443000036, 0.0 ], [ -92.195261936999941, 17.043257164000067, 0.0 ], [ -92.195450261999895, 17.043597650000038, 0.0 ], [ -92.195451796999919, 17.04360042400009, 0.0 ], [ -92.195435896999925, 17.043890453000074, 0.0 ], [ -92.195465215999945, 17.044156534000081, 0.0 ], [ -92.19558569599991, 17.044466853000074, 0.0 ], [ -92.195761726999933, 17.044752823000067, 0.0 ], [ -92.195853556999907, 17.044976244000054, 0.0 ], [ -92.195974596999918, 17.045335273000092, 0.0 ], [ -92.196301475999917, 17.045801674000074, 0.0 ], [ -92.19631993999991, 17.046003123000048, 0.0 ], [ -92.196319956999901, 17.046003304000067, 0.0 ], [ -92.196510446999923, 17.046499813000082, 0.0 ], [ -92.196456416999922, 17.047331813000085, 0.0 ], [ -92.19645414799993, 17.047333485000081, 0.0 ], [ -92.196019786999898, 17.047653504000039, 0.0 ], [ -92.196019089999936, 17.047652029000062, 0.0 ], [ -92.195710395999924, 17.046998613000085, 0.0 ] ] ] } },
{ "type": "Feature", "properties": { "Name": "0703100090352", "FolderPath": "GRS_AGEB_2020.kmz/GRS/07_Chiapas/07_GRS", "SymbolID": 4, "AltMode": 0, "Base": 0.0, "Clamped": -1, "Extruded": 0, "Snippet": null, "Shape_Leng": 0.058120072015099999, "Shape_Area": 9.98080652804e-05, "mpio": "07031", "CVE_Ent": "07", "entidad": "Chiapas", "CVE_Mpio": "07031", "Mpio_1": "Chilón", "CVE_Loc": "070310009", "Localidad": "Bachajón", "CVE_AGEB": "0352", "CVE_Gral": "0703100090352", "Ptob_Tot": 2816.0, "Viv_PartCa": 599.0, "Analfa": 16.474164, "P6_14_NA_E": 8.371385, "P15_24_NA_": 57.738095, "P15M_EBasI": 41.762918, "SinDereHab": 24.990812, "Viv_Hacina": 11.519199, "SinAgua": 1.001669, "SinExcu": 1.836394, "SinDre": 3.171953, "SinEle": 2.337229, "ConPTierra": 9.015025, "SinLavad": 87.979967, "SinRefri": 50.250417, "SinTelFijo": 98.497496, "SinCelular": 30.050083, "SinCompu": 89.966555, "SinInterne": 95.150502, "GRS20": "Muy alto" }, "geometry": { "type": "Polygon", "coordinates": [ [ [ -92.191450319999944, 17.043941719000088, 0.0 ], [ -92.191259919999936, 17.043761909000068, 0.0 ], [ -92.191116019999924, 17.043962570000076, 0.0 ], [ -92.190598749999936, 17.044568800000036, 0.0 ], [ -92.190828349999947, 17.044759319000036, 0.0 ], [ -92.190796709999915, 17.044928799000047, 0.0 ], [ -92.190712619999942, 17.045227620000048, 0.0 ], [ -92.190615519999938, 17.045660490000046, 0.0 ], [ -92.190430755999898, 17.046403243000043, 0.0 ], [ -92.190141045999951, 17.046341583000071, 0.0 ], [ -92.189918126999942, 17.046255303000066, 0.0 ], [ -92.189785135999898, 17.046152914000061, 0.0 ], [ -92.189510306999921, 17.045846784000048, 0.0 ], [ -92.189021255999933, 17.046583344000055, 0.0 ], [ -92.188800955999909, 17.046590414000036, 0.0 ], [ -92.186900986999945, 17.045571944000073, 0.0 ], [ -92.186027906999925, 17.044701484000086, 0.0 ], [ -92.184696395999936, 17.043506813000079, 0.0 ], [ -92.18348947599992, 17.041764843000067, 0.0 ], [ -92.182161991999919, 17.040081487000066, 0.0 ], [ -92.181834626999944, 17.039666364000084, 0.0 ], [ -92.181958985999927, 17.038063874000045, 0.0 ], [ -92.18176907599991, 17.037771383000063, 0.0 ], [ -92.179158585999915, 17.039143224000043, 0.0 ], [ -92.176784816999941, 17.036127414000077, 0.0 ], [ -92.176752365999903, 17.035851984000089, 0.0 ], [ -92.176883149999924, 17.035904109000057, 0.0 ], [ -92.177138999999897, 17.035877619000075, 0.0 ], [ -92.177319459999921, 17.03580788000005, 0.0 ], [ -92.177707919999932, 17.035645020000061, 0.0 ], [ -92.178071719999934, 17.035487179000086, 0.0 ], [ -92.178361629999927, 17.035357490000081, 0.0 ], [ -92.178617449999933, 17.035267050000073, 0.0 ], [ -92.178816139999924, 17.035201579000045, 0.0 ], [ -92.179001109999945, 17.035149580000052, 0.0 ], [ -92.179105229999948, 17.035108340000079, 0.0 ], [ -92.179290489999914, 17.034989710000048, 0.0 ], [ -92.179500219999909, 17.034929679000072, 0.0 ], [ -92.179688059999933, 17.034866819000058, 0.0 ], [ -92.180383649999897, 17.034617860000083, 0.0 ], [ -92.181385769999906, 17.034246089000078, 0.0 ], [ -92.182124309999949, 17.034215489000076, 0.0 ], [ -92.182480908999935, 17.03425562700005, 0.0 ], [ -92.18267248099994, 17.034257091000086, 0.0 ], [ -92.182807649999916, 17.034291660000065, 0.0 ], [ -92.18302824999995, 17.034337630000039, 0.0 ], [ -92.183556949999911, 17.034504220000088, 0.0 ], [ -92.184239429999934, 17.034621259000062, 0.0 ], [ -92.184673195999949, 17.034659273000045, 0.0 ], [ -92.185186339999916, 17.034384619000036, 0.0 ], [ -92.185720689999926, 17.034540999000058, 0.0 ], [ -92.186305309999909, 17.035051619000058, 0.0 ], [ -92.186990019999939, 17.035645109000086, 0.0 ], [ -92.187137979999932, 17.035633229000041, 0.0 ], [ -92.186372219999896, 17.036462890000053, 0.0 ], [ -92.18711273699995, 17.037144314000045, 0.0 ], [ -92.187756369999931, 17.037728489000074, 0.0 ], [ -92.188475229999938, 17.038381279000077, 0.0 ], [ -92.189263569999923, 17.039187340000069, 0.0 ], [ -92.19040876999992, 17.040106119000086, 0.0 ], [ -92.190412109999897, 17.04010910900007, 0.0 ], [ -92.191161656999896, 17.040732821000063, 0.0 ], [ -92.192874579999909, 17.042215119000048, 0.0 ], [ -92.1936993999999, 17.041494170000078, 0.0 ], [ -92.194105149999928, 17.042025369000044, 0.0 ], [ -92.194265229999928, 17.042265690000079, 0.0 ], [ -92.194366829999922, 17.04245650900009, 0.0 ], [ -92.194479019999903, 17.04274152000005, 0.0 ], [ -92.194554429999926, 17.043018549000067, 0.0 ], [ -92.194565599999919, 17.043074460000071, 0.0 ], [ -92.194608, 17.04357452000005, 0.0 ], [ -92.194733629999917, 17.044095950000042, 0.0 ], [ -92.194875649999915, 17.044655860000091, 0.0 ], [ -92.194870549999905, 17.044935579000082, 0.0 ], [ -92.194957769999917, 17.045212259000039, 0.0 ], [ -92.195079169999929, 17.045605309000052, 0.0 ], [ -92.195348489999901, 17.046241309000038, 0.0 ], [ -92.195710395999924, 17.046998613000085, 0.0 ], [ -92.195283125999936, 17.047122853000076, 0.0 ], [ -92.195191569999906, 17.047053910000045, 0.0 ], [ -92.195087349999937, 17.046982879000041, 0.0 ], [ -92.194956909999917, 17.046928319000074, 0.0 ], [ -92.194816599999911, 17.046802170000092, 0.0 ], [ -92.194660079999949, 17.046660599000063, 0.0 ], [ -92.194559349999906, 17.046564679000085, 0.0 ], [ -92.194358199999897, 17.046374720000074, 0.0 ], [ -92.194168249999905, 17.04617027900008, 0.0 ], [ -92.193867969999928, 17.045881490000056, 0.0 ], [ -92.193162259999951, 17.045158649000086, 0.0 ], [ -92.192827229999921, 17.045050569000068, 0.0 ], [ -92.192661219999934, 17.045018369000047, 0.0 ], [ -92.191979419999939, 17.044398889000092, 0.0 ], [ -92.19162697999991, 17.04406719900004, 0.0 ], [ -92.191450319999944, 17.043941719000088, 0.0 ] ] ] } },
{ "type": "Feature", "properties": { "Name": "0703100010367", "FolderPath": "GRS_AGEB_2020.kmz/GRS/07_Chiapas/07_GRS", "SymbolID": 3, "AltMode": 0, "Base": 0.0, "Clamped": -1, "Extruded": 0, "Snippet": null, "Shape_Leng": 0.027519098858999998, "Shape_Area": 2.99396538313e-05, "mpio": "07031", "CVE_Ent": "07", "entidad": "Chiapas", "CVE_Mpio": "07031", "Mpio_1": "Chilón", "CVE_Loc": "070310001", "Localidad": "Chilón", "CVE_AGEB": "0367", "CVE_Gral": "0703100010367", "Ptob_Tot": 1903.0, "Viv_PartCa": 502.0, "Analfa": 16.027607, "P6_14_NA_E": 14.467005, "P15_24_NA_": 51.234568, "P15M_EBasI": 41.794479, "SinDereHab": 36.678928, "Viv_Hacina": 6.772908, "SinAgua": 0.0, "SinExcu": 0.59761, "SinDre": 0.398406, "SinEle": 0.996016, "ConPTierra": 2.589641, "SinLavad": 65.737052, "SinRefri": 33.466135, "SinTelFijo": 94.223108, "SinCelular": 16.566866, "SinCompu": 89.243028, "SinInterne": 89.840637, "GRS20": "Alto" }, "geometry": { "type": "Polygon", "coordinates": [ [ [ -92.277001877999908, 17.109959982000078, 0.0 ], [ -92.277105356999925, 17.10925773200006, 0.0 ], [ -92.277058847999911, 17.109074742000075, 0.0 ], [ -92.276565846999915, 17.108331743000065, 0.0 ], [ -92.276518386999896, 17.108259413000042, 0.0 ], [ -92.276484136999898, 17.108224022000059, 0.0 ], [ -92.276020826999911, 17.107774762000076, 0.0 ], [ -92.275807326999939, 17.107569762000082, 0.0 ], [ -92.275343706999934, 17.107123903000058, 0.0 ], [ -92.27504009699993, 17.107894223000073, 0.0 ], [ -92.274960336999925, 17.107865533000052, 0.0 ], [ -92.274845455999923, 17.107845882000049, 0.0 ], [ -92.274823966999918, 17.107869312000048, 0.0 ], [ -92.274683057999937, 17.107925443000056, 0.0 ], [ -92.274442526999906, 17.107679872000062, 0.0 ], [ -92.274222996999924, 17.107523343000082, 0.0 ], [ -92.274045057999899, 17.107420882000042, 0.0 ], [ -92.273757735999936, 17.107251193000081, 0.0 ], [ -92.273683447999929, 17.107208333000074, 0.0 ], [ -92.273669706999897, 17.107178283000053, 0.0 ], [ -92.273496257999909, 17.107057533000045, 0.0 ], [ -92.273406937999937, 17.106995042000051, 0.0 ], [ -92.273264166999923, 17.106887422000057, 0.0 ], [ -92.273172556999896, 17.106831082000042, 0.0 ], [ -92.27308565699991, 17.106799933000048, 0.0 ], [ -92.272695757999941, 17.106638992000057, 0.0 ], [ -92.272799327999905, 17.106423942000049, 0.0 ], [ -92.273021757999913, 17.106036442000061, 0.0 ], [ -92.273429197999917, 17.105339382000068, 0.0 ], [ -92.273812277999923, 17.104687962000071, 0.0 ], [ -92.274040477999904, 17.104311143000075, 0.0 ], [ -92.274462557999925, 17.103663272000063, 0.0 ], [ -92.274547827999925, 17.10351759200006, 0.0 ], [ -92.275001046999932, 17.102767822000089, 0.0 ], [ -92.275184427999932, 17.10246419200007, 0.0 ], [ -92.275279627999907, 17.102304342000082, 0.0 ], [ -92.275504217999924, 17.101904182000055, 0.0 ], [ -92.275604736999924, 17.101740882000058, 0.0 ], [ -92.275854137999943, 17.101303252000037, 0.0 ], [ -92.275963937999904, 17.101119592000089, 0.0 ], [ -92.275968526999918, 17.10107858300006, 0.0 ], [ -92.276022477999902, 17.101061042000083, 0.0 ], [ -92.276204737999933, 17.101067282000088, 0.0 ], [ -92.276495507999925, 17.101077332000045, 0.0 ], [ -92.276861107999935, 17.101069282000083, 0.0 ], [ -92.277122457999951, 17.101075082000079, 0.0 ], [ -92.277338426999904, 17.101075642000069, 0.0 ], [ -92.277723997999942, 17.101236012000072, 0.0 ], [ -92.278249617999904, 17.101355272000092, 0.0 ], [ -92.278496356999938, 17.101401142000043, 0.0 ], [ -92.278541767999911, 17.101634072000081, 0.0 ], [ -92.278473736999899, 17.102091112000039, 0.0 ], [ -92.278393017999917, 17.102740582000081, 0.0 ], [ -92.278321767999898, 17.103332612000088, 0.0 ], [ -92.278286427999944, 17.103672843000084, 0.0 ], [ -92.278217107999922, 17.104245742000046, 0.0 ], [ -92.278169827999932, 17.104683502000057, 0.0 ], [ -92.2781175369999, 17.105151912000053, 0.0 ], [ -92.278034057999946, 17.105893342000059, 0.0 ], [ -92.27802887699994, 17.106085582000048, 0.0 ], [ -92.278020197999922, 17.106239882000068, 0.0 ], [ -92.27795590799991, 17.107059932000084, 0.0 ], [ -92.277946477999933, 17.107170332000067, 0.0 ], [ -92.277870417999907, 17.107930562000092, 0.0 ], [ -92.277833786999906, 17.108260392000091, 0.0 ], [ -92.277669227999922, 17.108391083000072, 0.0 ], [ -92.277666617999898, 17.108444162000069, 0.0 ], [ -92.277800556999921, 17.108447282000043, 0.0 ], [ -92.278017846999944, 17.108476422000081, 0.0 ], [ -92.278162187999897, 17.108511792000058, 0.0 ], [ -92.278319597999939, 17.108636392000051, 0.0 ], [ -92.27840350799994, 17.108843382000089, 0.0 ], [ -92.278539827999907, 17.109342112000036, 0.0 ], [ -92.278574167999921, 17.109542542000042, 0.0 ], [ -92.278536187999919, 17.109817852000049, 0.0 ], [ -92.278336137999929, 17.110322273000065, 0.0 ], [ -92.278286457999911, 17.110607762000086, 0.0 ], [ -92.277976337999917, 17.110499012000048, 0.0 ], [ -92.277107107999939, 17.110022762000085, 0.0 ], [ -92.277001877999908, 17.109959982000078, 0.0 ] ] ] } },
{ "type": "Feature", "properties": { "Name": "0703100010371", "FolderPath": "GRS_AGEB_2020.kmz/GRS/07_Chiapas/07_GRS", "SymbolID": 3, "AltMode": 0, "Base": 0.0, "Clamped": -1, "Extruded": 0, "Snippet": null, "Shape_Leng": 0.033894644489899997, "Shape_Area": 3.0031178235e-05, "mpio": "07031", "CVE_Ent": "07", "entidad": "Chiapas", "CVE_Mpio": "07031", "Mpio_1": "Chilón", "CVE_Loc": "070310001", "Localidad": "Chilón", "CVE_AGEB": "0371", "CVE_Gral": "0703100010371", "Ptob_Tot": 1597.0, "Viv_PartCa": 430.0, "Analfa": 14.75265, "P6_14_NA_E": 8.038585, "P15_24_NA_": 52.059925, "P15M_EBasI": 36.749117, "SinDereHab": 31.969792, "Viv_Hacina": 4.651163, "SinAgua": 0.0, "SinExcu": 0.0, "SinDre": 0.232558, "SinEle": 0.232558, "ConPTierra": 7.209302, "SinLavad": 66.744186, "SinRefri": 28.837209, "SinTelFijo": 90.930233, "SinCelular": 12.325581, "SinCompu": 88.372093, "SinInterne": 93.023256, "GRS20": "Alto" }, "geometry": { "type": "Polygon", "coordinates": [ [ [ -92.267577506999942, 17.105415483000058, 0.0 ], [ -92.267899477999947, 17.104813313000079, 0.0 ], [ -92.267819755999938, 17.104767393000088, 0.0 ], [ -92.267598327999906, 17.104609393000089, 0.0 ], [ -92.267382217999909, 17.104498813000077, 0.0 ], [ -92.266936415999908, 17.10424951300007, 0.0 ], [ -92.267389157999901, 17.103361733000042, 0.0 ], [ -92.267482126999937, 17.103179473000068, 0.0 ], [ -92.267715955999904, 17.103311932000054, 0.0 ], [ -92.267761556999915, 17.103325103000088, 0.0 ], [ -92.268573756999899, 17.103805453000064, 0.0 ], [ -92.269037045999937, 17.104080672000066, 0.0 ], [ -92.269540276999919, 17.104374282000038, 0.0 ], [ -92.270000337999932, 17.104638163000061, 0.0 ], [ -92.270081967999943, 17.104105532000062, 0.0 ], [ -92.270184796999899, 17.10352908200008, 0.0 ], [ -92.270379077999905, 17.102473452000083, 0.0 ], [ -92.271028367999918, 17.102777103000051, 0.0 ], [ -92.271398706999946, 17.102960043000053, 0.0 ], [ -92.271922956999902, 17.103192713000055, 0.0 ], [ -92.272105397999951, 17.102677932000063, 0.0 ], [ -92.272356476999903, 17.102448332000051, 0.0 ], [ -92.272640096999908, 17.102127272000075, 0.0 ], [ -92.272878277999951, 17.101857653000081, 0.0 ], [ -92.273019526999917, 17.101670562000038, 0.0 ], [ -92.272782555999925, 17.101671043000067, 0.0 ], [ -92.272170536999909, 17.101682684000082, 0.0 ], [ -92.271868026999925, 17.10170927300004, 0.0 ], [ -92.271590396999898, 17.101818993000052, 0.0 ], [ -92.271435216999919, 17.101918763000072, 0.0 ], [ -92.271291245999919, 17.101918253000065, 0.0 ], [ -92.271223106999912, 17.101848792000055, 0.0 ], [ -92.271223617999908, 17.101717313000051, 0.0 ], [ -92.271248956999898, 17.101679382000043, 0.0 ], [ -92.271696475999931, 17.101400412000089, 0.0 ], [ -92.271811246999903, 17.101271813000039, 0.0 ], [ -92.271887217999904, 17.100887712000088, 0.0 ], [ -92.27194292799993, 17.100453022000067, 0.0 ], [ -92.272047718999943, 17.099684558000092, 0.0 ], [ -92.272047796999914, 17.099683982000045, 0.0 ], [ -92.272111537999933, 17.099703612000042, 0.0 ], [ -92.273511218999943, 17.10013465500009, 0.0 ], [ -92.275578914999926, 17.100771388000055, 0.0 ], [ -92.275580877999914, 17.100771992000091, 0.0 ], [ -92.275669596999933, 17.100939342000061, 0.0 ], [ -92.275830327999927, 17.10108596300006, 0.0 ], [ -92.275963937999904, 17.101119592000089, 0.0 ], [ -92.275854137999943, 17.101303252000037, 0.0 ], [ -92.275604736999924, 17.101740882000058, 0.0 ], [ -92.275504217999924, 17.101904182000055, 0.0 ], [ -92.275279627999907, 17.102304342000082, 0.0 ], [ -92.275184427999932, 17.10246419200007, 0.0 ], [ -92.275001046999932, 17.102767822000089, 0.0 ], [ -92.274547827999925, 17.10351759200006, 0.0 ], [ -92.274462557999925, 17.103663272000063, 0.0 ], [ -92.274040477999904, 17.104311143000075, 0.0 ], [ -92.273812277999923, 17.104687962000071, 0.0 ], [ -92.273429197999917, 17.105339382000068, 0.0 ], [ -92.273021757999913, 17.106036442000061, 0.0 ], [ -92.272799327999905, 17.106423942000049, 0.0 ], [ -92.272695757999941, 17.106638992000057, 0.0 ], [ -92.272621196999921, 17.106822942000065, 0.0 ], [ -92.272515936999923, 17.107045303000064, 0.0 ], [ -92.272487596999895, 17.107102642000086, 0.0 ], [ -92.272444617999895, 17.107154743000081, 0.0 ], [ -92.272386826999934, 17.107202983000036, 0.0 ], [ -92.2722438159999, 17.107224383000073, 0.0 ], [ -92.272107767999898, 17.10722390300009, 0.0 ], [ -92.2718991079999, 17.107212683000057, 0.0 ], [ -92.271359825999923, 17.107281392000061, 0.0 ], [ -92.27080316699994, 17.107324643000084, 0.0 ], [ -92.27055639699995, 17.107320113000071, 0.0 ], [ -92.270579787999907, 17.107278072000042, 0.0 ], [ -92.270802567999908, 17.106669742000065, 0.0 ], [ -92.269453706999911, 17.106310913000073, 0.0 ], [ -92.268750457999943, 17.106129183000064, 0.0 ], [ -92.26818804699991, 17.10597331300005, 0.0 ], [ -92.267927966999935, 17.105917533000081, 0.0 ], [ -92.267808246999948, 17.105911624000044, 0.0 ], [ -92.267384016999927, 17.10581101300005, 0.0 ], [ -92.267577506999942, 17.105415483000058, 0.0 ] ] ] } },
{ "type": "Feature", "properties": { "Name": "0703100010441", "FolderPath": "GRS_AGEB_2020.kmz/GRS/07_Chiapas/07_GRS", "SymbolID": 4, "AltMode": 0, "Base": 0.0, "Clamped": -1, "Extruded": 0, "Snippet": null, "Shape_Leng": 0.0068589817623400003, "Shape_Area": 1.6580891476499999e-06, "mpio": "07031", "CVE_Ent": "07", "entidad": "Chiapas", "CVE_Mpio": "07031", "Mpio_1": "Chilón", "CVE_Loc": "070310001", "Localidad": "Chilón", "CVE_AGEB": "0441", "CVE_Gral": "0703100010441", "Ptob_Tot": 96.0, "Viv_PartCa": 22.0, "Analfa": 40.0, "P6_14_NA_E": 31.578947, "P15_24_NA_": 100.0, "P15M_EBasI": 75.0, "SinDereHab": 31.25, "Viv_Hacina": 13.636364, "SinAgua": 0.0, "SinExcu": 0.0, "SinDre": 9.090909, "SinEle": 0.0, "ConPTierra": 36.363636, "SinLavad": 100.0, "SinRefri": 100.0, "SinTelFijo": 100.0, "SinCelular": 36.363636, "SinCompu": 100.0, "SinInterne": 100.0, "GRS20": "Muy alto" }, "geometry": { "type": "Polygon", "coordinates": [ [ [ -92.277723997999942, 17.101236012000072, 0.0 ], [ -92.277338426999904, 17.101075642000069, 0.0 ], [ -92.277122457999951, 17.101075082000079, 0.0 ], [ -92.276861107999935, 17.101069282000083, 0.0 ], [ -92.276495507999925, 17.101077332000045, 0.0 ], [ -92.276204737999933, 17.101067282000088, 0.0 ], [ -92.276022477999902, 17.101061042000083, 0.0 ], [ -92.275968526999918, 17.10107858300006, 0.0 ], [ -92.275963937999904, 17.101119592000089, 0.0 ], [ -92.275830327999927, 17.10108596300006, 0.0 ], [ -92.275669596999933, 17.100939342000061, 0.0 ], [ -92.275580877999914, 17.100771992000091, 0.0 ], [ -92.275679307999951, 17.100687642000082, 0.0 ], [ -92.275868247999938, 17.100554702000068, 0.0 ], [ -92.275966641999901, 17.100498418000086, 0.0 ], [ -92.275970126999937, 17.100496422000049, 0.0 ], [ -92.27603240499991, 17.100486208000063, 0.0 ], [ -92.276359997999919, 17.10043247200008, 0.0 ], [ -92.276715354999908, 17.100447158000065, 0.0 ], [ -92.276717417999919, 17.100447243000076, 0.0 ], [ -92.277463557999909, 17.100586742000075, 0.0 ], [ -92.278533166999921, 17.100790872000061, 0.0 ], [ -92.278484477999939, 17.101335282000036, 0.0 ], [ -92.278496356999938, 17.101401142000043, 0.0 ], [ -92.278249617999904, 17.101355272000092, 0.0 ], [ -92.277723997999942, 17.101236012000072, 0.0 ] ] ] } },
{ "type": "Feature", "properties": { "Name": "0703100010386", "FolderPath": "GRS_AGEB_2020.kmz/GRS/07_Chiapas/07_GRS", "SymbolID": 4, "AltMode": 0, "Base": 0.0, "Clamped": -1, "Extruded": 0, "Snippet": null, "Shape_Leng": 0.015633023013299999, "Shape_Area": 1.41232240993e-05, "mpio": "07031", "CVE_Ent": "07", "entidad": "Chiapas", "CVE_Mpio": "07031", "Mpio_1": "Chilón", "CVE_Loc": "070310001", "Localidad": "Chilón", "CVE_AGEB": "0386", "CVE_Gral": "0703100010386", "Ptob_Tot": 910.0, "Viv_PartCa": 198.0, "Analfa": 34.274953, "P6_14_NA_E": 16.113744, "P15_24_NA_": 43.678161, "P15M_EBasI": 67.231638, "SinDereHab": 46.153846, "Viv_Hacina": 20.20202, "SinAgua": 0.505051, "SinExcu": 2.020202, "SinDre": 2.020202, "SinEle": 3.030303, "ConPTierra": 15.151515, "SinLavad": 87.373737, "SinRefri": 62.626263, "SinTelFijo": 98.989899, "SinCelular": 33.838384, "SinCompu": 97.979798, "SinInterne": 100.0, "GRS20": "Muy alto" }, "geometry": { "type": "Polygon", "coordinates": [ [ [ -92.278034057999946, 17.105893342000059, 0.0 ], [ -92.2781175369999, 17.105151912000053, 0.0 ], [ -92.278169827999932, 17.104683502000057, 0.0 ], [ -92.278217107999922, 17.104245742000046, 0.0 ], [ -92.278286427999944, 17.103672843000084, 0.0 ], [ -92.278321767999898, 17.103332612000088, 0.0 ], [ -92.278393017999917, 17.102740582000081, 0.0 ], [ -92.278473736999899, 17.102091112000039, 0.0 ], [ -92.278541767999911, 17.101634072000081, 0.0 ], [ -92.278496356999938, 17.101401142000043, 0.0 ], [ -92.278484477999939, 17.101335282000036, 0.0 ], [ -92.278574756999944, 17.101355622000085, 0.0 ], [ -92.278917388999901, 17.101469794000081, 0.0 ], [ -92.278919674999941, 17.101470556000038, 0.0 ], [ -92.281315127999903, 17.102268742000092, 0.0 ], [ -92.281878907999896, 17.102840592000064, 0.0 ], [ -92.281675897999946, 17.10317714200005, 0.0 ], [ -92.281713077999939, 17.10354981200004, 0.0 ], [ -92.28169555799991, 17.103867682000043, 0.0 ], [ -92.28174707799991, 17.104123562000041, 0.0 ], [ -92.281794757999933, 17.10446696200006, 0.0 ], [ -92.281973097999924, 17.105089312000075, 0.0 ], [ -92.281672847999914, 17.10541541200007, 0.0 ], [ -92.281351367999946, 17.105764562000047, 0.0 ], [ -92.280950497999925, 17.106057242000077, 0.0 ], [ -92.280692857999895, 17.106245342000079, 0.0 ], [ -92.280109877999905, 17.106431822000047, 0.0 ], [ -92.279940677999946, 17.106409512000084, 0.0 ], [ -92.279909937999946, 17.106331332000082, 0.0 ], [ -92.279868027999896, 17.106224852000082, 0.0 ], [ -92.279728167999906, 17.105915242000037, 0.0 ], [ -92.279672457999936, 17.105839042000071, 0.0 ], [ -92.279537327999947, 17.105654273000084, 0.0 ], [ -92.279324937999945, 17.105649182000036, 0.0 ], [ -92.279041626999913, 17.105642382000042, 0.0 ], [ -92.278923727999938, 17.105666452000037, 0.0 ], [ -92.278271187999906, 17.10586167200006, 0.0 ], [ -92.278034057999946, 17.105893342000059, 0.0 ] ] ] } },
{ "type": "Feature", "properties": { "Name": "0703100010390", "FolderPath": "GRS_AGEB_2020.kmz/GRS/07_Chiapas/07_GRS", "SymbolID": 4, "AltMode": 0, "Base": 0.0, "Clamped": -1, "Extruded": 0, "Snippet": null, "Shape_Leng": 0.0080987927232800006, "Shape_Area": 2.4430142572599998e-06, "mpio": "07031", "CVE_Ent": "07", "entidad": "Chiapas", "CVE_Mpio": "07031", "Mpio_1": "Chilón", "CVE_Loc": "070310001", "Localidad": "Chilón", "CVE_AGEB": "0390", "CVE_Gral": "0703100010390", "Ptob_Tot": 199.0, "Viv_PartCa": 46.0, "Analfa": 22.95082, "P6_14_NA_E": 51.219512, "P15_24_NA_": 83.673469, "P15M_EBasI": 72.131148, "SinDereHab": 37.18593, "Viv_Hacina": 19.565217, "SinAgua": 0.0, "SinExcu": 0.0, "SinDre": 4.347826, "SinEle": 2.173913, "ConPTierra": 26.086957, "SinLavad": 95.652174, "SinRefri": 67.391304, "SinTelFijo": 100.0, "SinCelular": 26.086957, "SinCompu": 97.826087, "SinInterne": 100.0, "GRS20": "Muy alto" }, "geometry": { "type": "Polygon", "coordinates": [ [ [ -92.265776335999931, 17.110075503000076, 0.0 ], [ -92.265726426999947, 17.109524743000065, 0.0 ], [ -92.265696937999905, 17.109233713000037, 0.0 ], [ -92.265569507999942, 17.108504882000091, 0.0 ], [ -92.265614846999938, 17.108157442000049, 0.0 ], [ -92.265760357999909, 17.108155163000049, 0.0 ], [ -92.265977387999897, 17.108155943000042, 0.0 ], [ -92.266237646999912, 17.108203733000039, 0.0 ], [ -92.266704556999912, 17.108243762000086, 0.0 ], [ -92.266810727999939, 17.108235702000059, 0.0 ], [ -92.266864196999904, 17.108231653000075, 0.0 ], [ -92.266643227999907, 17.108359344000064, 0.0 ], [ -92.266780256999937, 17.108670853000092, 0.0 ], [ -92.266827736999915, 17.108903413000064, 0.0 ], [ -92.266614295999943, 17.109590043000082, 0.0 ], [ -92.266345496999918, 17.110464303000072, 0.0 ], [ -92.266222016999905, 17.110860473000059, 0.0 ], [ -92.266153076999899, 17.111069422000071, 0.0 ], [ -92.266116257999897, 17.111131282000088, 0.0 ], [ -92.266113748999942, 17.111199579000072, 0.0 ], [ -92.266112197999917, 17.111241813000049, 0.0 ], [ -92.265711307999936, 17.111246163000089, 0.0 ], [ -92.265780170999903, 17.111163286000078, 0.0 ], [ -92.265809586999922, 17.111127882000062, 0.0 ], [ -92.265845597999942, 17.111059382000064, 0.0 ], [ -92.265859277999937, 17.110805583000058, 0.0 ], [ -92.265849297999921, 17.110549882000043, 0.0 ], [ -92.26577945799994, 17.110168982000062, 0.0 ], [ -92.265776335999931, 17.110075503000076, 0.0 ] ] ] } },
{ "type": "Feature", "properties": { "Name": "0703100010403", "FolderPath": "GRS_AGEB_2020.kmz/GRS/07_Chiapas/07_GRS", "SymbolID": 4, "AltMode": 0, "Base": 0.0, "Clamped": -1, "Extruded": 0, "Snippet": null, "Shape_Leng": 0.0129881025941, "Shape_Area": 7.7699769716399992e-06, "mpio": "07031", "CVE_Ent": "07", "entidad": "Chiapas", "CVE_Mpio": "07031", "Mpio_1": "Chilón", "CVE_Loc": "070310001", "Localidad": "Chilón", "CVE_AGEB": "0403", "CVE_Gral": "0703100010403", "Ptob_Tot": 393.0, "Viv_PartCa": 80.0, "Analfa": 35.348837, "P6_14_NA_E": 33.333333, "P15_24_NA_": 82.666667, "P15M_EBasI": 72.55814, "SinDereHab": 33.842239, "Viv_Hacina": 30.0, "SinAgua": 0.0, "SinExcu": 7.5, "SinDre": 8.75, "SinEle": 2.5, "ConPTierra": 25.0, "SinLavad": 88.75, "SinRefri": 66.25, "SinTelFijo": 100.0, "SinCelular": 42.5, "SinCompu": 96.25, "SinInterne": 98.75, "GRS20": "Muy alto" }, "geometry": { "type": "Polygon", "coordinates": [ [ [ -92.273072097999943, 17.113051283000061, 0.0 ], [ -92.273445127999935, 17.112120273000073, 0.0 ], [ -92.273839097999939, 17.111213913000086, 0.0 ], [ -92.274023596999939, 17.110142532000054, 0.0 ], [ -92.274149476999924, 17.109196252000061, 0.0 ], [ -92.275103307999927, 17.109455273000037, 0.0 ], [ -92.275648856999908, 17.109579583000084, 0.0 ], [ -92.275768297999946, 17.10965161300004, 0.0 ], [ -92.275862877999941, 17.109693852000078, 0.0 ], [ -92.275971985999945, 17.109718342000065, 0.0 ], [ -92.276076876999923, 17.10972593300005, 0.0 ], [ -92.276165396999943, 17.109731882000062, 0.0 ], [ -92.276218706999941, 17.109739242000046, 0.0 ], [ -92.27629089699991, 17.109776382000064, 0.0 ], [ -92.276348696999946, 17.109818042000086, 0.0 ], [ -92.276469356999939, 17.109912072000043, 0.0 ], [ -92.276556937999942, 17.109962652000036, 0.0 ], [ -92.276679796999929, 17.110013982000055, 0.0 ], [ -92.276771047999944, 17.110051482000074, 0.0 ], [ -92.276712736999912, 17.110065302000066, 0.0 ], [ -92.276677337999899, 17.110045792000051, 0.0 ], [ -92.276639627999941, 17.110157872000059, 0.0 ], [ -92.276424307999946, 17.110682512000039, 0.0 ], [ -92.276336497999921, 17.110953312000049, 0.0 ], [ -92.276297427999907, 17.111050872000078, 0.0 ], [ -92.276159957999937, 17.111260512000058, 0.0 ], [ -92.275952767999911, 17.111532582000052, 0.0 ], [ -92.275649787999896, 17.111816142000066, 0.0 ], [ -92.275515187999929, 17.111992512000086, 0.0 ], [ -92.275472847999936, 17.112053912000079, 0.0 ], [ -92.27547278499992, 17.112054224000076, 0.0 ], [ -92.275446126999896, 17.11218621200004, 0.0 ], [ -92.275426417999938, 17.112736423000058, 0.0 ], [ -92.274834447999922, 17.11257558300008, 0.0 ], [ -92.274706306999917, 17.112543143000039, 0.0 ], [ -92.27435739799995, 17.112428193000085, 0.0 ], [ -92.274161017999916, 17.112879083000053, 0.0 ], [ -92.273963727999899, 17.113304853000045, 0.0 ], [ -92.273234926999919, 17.113091422000082, 0.0 ], [ -92.273072097999943, 17.113051283000061, 0.0 ] ] ] } },
{ "type": "Feature", "properties": { "Name": "0703100090422", "FolderPath": "GRS_AGEB_2020.kmz/GRS/07_Chiapas/07_GRS", "SymbolID": 4, "AltMode": 0, "Base": 0.0, "Clamped": -1, "Extruded": 0, "Snippet": null, "Shape_Leng": 0.013677745617299999, "Shape_Area": 9.1256063065499998e-06, "mpio": "07031", "CVE_Ent": "07", "entidad": "Chiapas", "CVE_Mpio": "07031", "Mpio_1": "Chilón", "CVE_Loc": "070310009", "Localidad": "Bachajón", "CVE_AGEB": "0422", "CVE_Gral": "0703100090422", "Ptob_Tot": 120.0, "Viv_PartCa": 27.0, "Analfa": 40.540541, "P6_14_NA_E": 7.142857, "P15_24_NA_": 85.714286, "P15M_EBasI": 66.216216, "SinDereHab": 41.666667, "Viv_Hacina": 33.333333, "SinAgua": 0.0, "SinExcu": 3.703704, "SinDre": 7.407407, "SinEle": 7.407407, "ConPTierra": 11.111111, "SinLavad": 100.0, "SinRefri": 81.481481, "SinTelFijo": 100.0, "SinCelular": 44.444444, "SinCompu": 100.0, "SinInterne": 100.0, "GRS20": "Muy alto" }, "geometry": { "type": "Polygon", "coordinates": [ [ [ -92.195283125999936, 17.047122853000076, 0.0 ], [ -92.194284215999915, 17.047832504000041, 0.0 ], [ -92.190430755999898, 17.046403243000043, 0.0 ], [ -92.190615519999938, 17.045660490000046, 0.0 ], [ -92.190712619999942, 17.045227620000048, 0.0 ], [ -92.190796709999915, 17.044928799000047, 0.0 ], [ -92.190828349999947, 17.044759319000036, 0.0 ], [ -92.190598749999936, 17.044568800000036, 0.0 ], [ -92.191116019999924, 17.043962570000076, 0.0 ], [ -92.191259919999936, 17.043761909000068, 0.0 ], [ -92.191450319999944, 17.043941719000088, 0.0 ], [ -92.19162697999991, 17.04406719900004, 0.0 ], [ -92.191979419999939, 17.044398889000092, 0.0 ], [ -92.192661219999934, 17.045018369000047, 0.0 ], [ -92.192827229999921, 17.045050569000068, 0.0 ], [ -92.193162259999951, 17.045158649000086, 0.0 ], [ -92.193867969999928, 17.045881490000056, 0.0 ], [ -92.194168249999905, 17.04617027900008, 0.0 ], [ -92.194358199999897, 17.046374720000074, 0.0 ], [ -92.194559349999906, 17.046564679000085, 0.0 ], [ -92.194660079999949, 17.046660599000063, 0.0 ], [ -92.194816599999911, 17.046802170000092, 0.0 ], [ -92.194956909999917, 17.046928319000074, 0.0 ], [ -92.195087349999937, 17.046982879000041, 0.0 ], [ -92.195191569999906, 17.047053910000045, 0.0 ], [ -92.195283125999936, 17.047122853000076, 0.0 ] ] ] } },
{ "type": "Feature", "properties": { "Name": "0703100010210", "FolderPath": "GRS_AGEB_2020.kmz/GRS/07_Chiapas/07_GRS", "SymbolID": 4, "AltMode": 0, "Base": 0.0, "Clamped": -1, "Extruded": 0, "Snippet": null, "Shape_Leng": 0.0268436200439, "Shape_Area": 2.0472661133799999e-05, "mpio": "07031", "CVE_Ent": "07", "entidad": "Chiapas", "CVE_Mpio": "07031", "Mpio_1": "Chilón", "CVE_Loc": "070310001", "Localidad": "Chilón", "CVE_AGEB": "0210", "CVE_Gral": "0703100010210", "Ptob_Tot": 609.0, "Viv_PartCa": 142.0, "Analfa": 27.225131, "P6_14_NA_E": 23.2, "P15_24_NA_": 70.731707, "P15M_EBasI": 56.806283, "SinDereHab": 33.990148, "Viv_Hacina": 14.788732, "SinAgua": 0.0, "SinExcu": 0.704225, "SinDre": 1.408451, "SinEle": 0.704225, "ConPTierra": 9.15493, "SinLavad": 83.802817, "SinRefri": 54.929577, "SinTelFijo": 98.591549, "SinCelular": 23.239437, "SinCompu": 85.915493, "SinInterne": 90.84507, "GRS20": "Muy alto" }, "geometry": { "type": "Polygon", "coordinates": [ [ [ -92.275472847999936, 17.112053912000079, 0.0 ], [ -92.275515187999929, 17.111992512000086, 0.0 ], [ -92.275649787999896, 17.111816142000066, 0.0 ], [ -92.275952767999911, 17.111532582000052, 0.0 ], [ -92.276159957999937, 17.111260512000058, 0.0 ], [ -92.276297427999907, 17.111050872000078, 0.0 ], [ -92.276336497999921, 17.110953312000049, 0.0 ], [ -92.276424307999946, 17.110682512000039, 0.0 ], [ -92.276639627999941, 17.110157872000059, 0.0 ], [ -92.276677337999899, 17.110045792000051, 0.0 ], [ -92.276712736999912, 17.110065302000066, 0.0 ], [ -92.276771047999944, 17.110051482000074, 0.0 ], [ -92.276894506999895, 17.110024483000075, 0.0 ], [ -92.276941337999915, 17.110001312000065, 0.0 ], [ -92.277001877999908, 17.109959982000078, 0.0 ], [ -92.277107107999939, 17.110022762000085, 0.0 ], [ -92.277976337999917, 17.110499012000048, 0.0 ], [ -92.278286457999911, 17.110607762000086, 0.0 ], [ -92.278336137999929, 17.110322273000065, 0.0 ], [ -92.278536187999919, 17.109817852000049, 0.0 ], [ -92.278574167999921, 17.109542542000042, 0.0 ], [ -92.278539827999907, 17.109342112000036, 0.0 ], [ -92.27840350799994, 17.108843382000089, 0.0 ], [ -92.278319597999939, 17.108636392000051, 0.0 ], [ -92.278162187999897, 17.108511792000058, 0.0 ], [ -92.278017846999944, 17.108476422000081, 0.0 ], [ -92.277800556999921, 17.108447282000043, 0.0 ], [ -92.277666617999898, 17.108444162000069, 0.0 ], [ -92.277669227999922, 17.108391083000072, 0.0 ], [ -92.277833786999906, 17.108260392000091, 0.0 ], [ -92.277870417999907, 17.107930562000092, 0.0 ], [ -92.277946477999933, 17.107170332000067, 0.0 ], [ -92.27795590799991, 17.107059932000084, 0.0 ], [ -92.278020197999922, 17.106239882000068, 0.0 ], [ -92.27802887699994, 17.106085582000048, 0.0 ], [ -92.278034057999946, 17.105893342000059, 0.0 ], [ -92.278271187999906, 17.10586167200006, 0.0 ], [ -92.278923727999938, 17.105666452000037, 0.0 ], [ -92.279041626999913, 17.105642382000042, 0.0 ], [ -92.279324937999945, 17.105649182000036, 0.0 ], [ -92.279537327999947, 17.105654273000084, 0.0 ], [ -92.279672457999936, 17.105839042000071, 0.0 ], [ -92.279728167999906, 17.105915242000037, 0.0 ], [ -92.279868027999896, 17.106224852000082, 0.0 ], [ -92.279909937999946, 17.106331332000082, 0.0 ], [ -92.279940677999946, 17.106409512000084, 0.0 ], [ -92.280109877999905, 17.106431822000047, 0.0 ], [ -92.280692857999895, 17.106245342000079, 0.0 ], [ -92.280950497999925, 17.106057242000077, 0.0 ], [ -92.281351367999946, 17.105764562000047, 0.0 ], [ -92.281672847999914, 17.10541541200007, 0.0 ], [ -92.281973097999924, 17.105089312000075, 0.0 ], [ -92.281803986999932, 17.107998332000079, 0.0 ], [ -92.281681927999898, 17.107982192000065, 0.0 ], [ -92.281511306999903, 17.108049962000052, 0.0 ], [ -92.281238016999907, 17.10821694200007, 0.0 ], [ -92.281120617999932, 17.10830128200007, 0.0 ], [ -92.280988227999899, 17.108480584000063, 0.0 ], [ -92.28081435699994, 17.108716082000058, 0.0 ], [ -92.280358277999937, 17.109061082000039, 0.0 ], [ -92.280198627999937, 17.109170182000071, 0.0 ], [ -92.280050507999931, 17.109197652000091, 0.0 ], [ -92.279938627999911, 17.109196532000055, 0.0 ], [ -92.279577567999922, 17.111806562000083, 0.0 ], [ -92.279577396999912, 17.111806716000046, 0.0 ], [ -92.278616057999898, 17.112670882000089, 0.0 ], [ -92.278613874999905, 17.112670454000067, 0.0 ], [ -92.27547298099995, 17.112053938000088, 0.0 ], [ -92.275472847999936, 17.112053912000079, 0.0 ] ] ] } },
{ "type": "Feature", "properties": { "Name": "0703100010418", "FolderPath": "GRS_AGEB_2020.kmz/GRS/07_Chiapas/07_GRS", "SymbolID": 4, "AltMode": 0, "Base": 0.0, "Clamped": -1, "Extruded": 0, "Snippet": null, "Shape_Leng": 0.0208847942805, "Shape_Area": 1.29037061733e-05, "mpio": "07031", "CVE_Ent": "07", "entidad": "Chiapas", "CVE_Mpio": "07031", "Mpio_1": "Chilón", "CVE_Loc": "070310001", "Localidad": "Chilón", "CVE_AGEB": "0418", "CVE_Gral": "0703100010418", "Ptob_Tot": 209.0, "Viv_PartCa": 51.0, "Analfa": 23.728814, "P6_14_NA_E": 21.428571, "P15_24_NA_": 78.26087, "P15M_EBasI": 60.169492, "SinDereHab": 28.229665, "Viv_Hacina": 11.764706, "SinAgua": 0.0, "SinExcu": 0.0, "SinDre": 0.0, "SinEle": 1.960784, "ConPTierra": 11.764706, "SinLavad": 70.588235, "SinRefri": 56.862745, "SinTelFijo": 100.0, "SinCelular": 27.45098, "SinCompu": 98.039216, "SinInterne": 96.078431, "GRS20": "Muy alto" }, "geometry": { "type": "Polygon", "coordinates": [ [ [ -92.266864196999904, 17.108231653000075, 0.0 ], [ -92.267040366999936, 17.108150042000091, 0.0 ], [ -92.267148136999936, 17.108135623000067, 0.0 ], [ -92.267333536999899, 17.108126223000056, 0.0 ], [ -92.267726156999913, 17.108157903000063, 0.0 ], [ -92.268142326999907, 17.10821238200009, 0.0 ], [ -92.268397696999898, 17.108245812000064, 0.0 ], [ -92.268739756999935, 17.108268582000051, 0.0 ], [ -92.268910356999925, 17.108305623000092, 0.0 ], [ -92.269162956999935, 17.108328242000084, 0.0 ], [ -92.269382845999928, 17.108358743000053, 0.0 ], [ -92.269432926999912, 17.108343993000062, 0.0 ], [ -92.26952667799992, 17.108195053000088, 0.0 ], [ -92.269599335999942, 17.108147253000084, 0.0 ], [ -92.269680227999913, 17.108114962000059, 0.0 ], [ -92.269966497999917, 17.108118563000062, 0.0 ], [ -92.270145826999908, 17.108124534000069, 0.0 ], [ -92.270233676999908, 17.108134482000082, 0.0 ], [ -92.270364525999923, 17.108215912000048, 0.0 ], [ -92.270564756999931, 17.108383443000037, 0.0 ], [ -92.270622996999919, 17.108451133000074, 0.0 ], [ -92.2706776469999, 17.108565513000087, 0.0 ], [ -92.270679507999944, 17.108714393000071, 0.0 ], [ -92.270681166999907, 17.108876053000074, 0.0 ], [ -92.270751627999914, 17.108992253000054, 0.0 ], [ -92.270883557999923, 17.109111843000051, 0.0 ], [ -92.270950456999913, 17.109178783000061, 0.0 ], [ -92.270974276999937, 17.109057672000063, 0.0 ], [ -92.271013357999948, 17.108799943000065, 0.0 ], [ -92.271079766999947, 17.108398502000057, 0.0 ], [ -92.271121276999907, 17.10825867200009, 0.0 ], [ -92.271154957999897, 17.108184423000068, 0.0 ], [ -92.27132565699992, 17.108000943000036, 0.0 ], [ -92.272368695999944, 17.107642622000071, 0.0 ], [ -92.27255910699995, 17.107588012000065, 0.0 ], [ -92.272691696999914, 17.107591963000061, 0.0 ], [ -92.27286347799992, 17.10765714300004, 0.0 ], [ -92.273133646999895, 17.10778378200007, 0.0 ], [ -92.273294047999912, 17.107887743000049, 0.0 ], [ -92.273323056999914, 17.107939563000059, 0.0 ], [ -92.273353655999927, 17.108011222000073, 0.0 ], [ -92.273439506999921, 17.10827822300007, 0.0 ], [ -92.273451877999946, 17.108370763000039, 0.0 ], [ -92.273372907999942, 17.108588653000083, 0.0 ], [ -92.273354476999941, 17.108658393000042, 0.0 ], [ -92.27321504799994, 17.10893774300007, 0.0 ], [ -92.27293749599994, 17.109924053000043, 0.0 ], [ -92.272885856999949, 17.110117182000067, 0.0 ], [ -92.270838333999905, 17.109641312000065, 0.0 ], [ -92.270208776999937, 17.109553026000071, 0.0 ], [ -92.266116257999897, 17.111131282000088, 0.0 ], [ -92.266153076999899, 17.111069422000071, 0.0 ], [ -92.266222016999905, 17.110860473000059, 0.0 ], [ -92.266345496999918, 17.110464303000072, 0.0 ], [ -92.266614295999943, 17.109590043000082, 0.0 ], [ -92.266827736999915, 17.108903413000064, 0.0 ], [ -92.266780256999937, 17.108670853000092, 0.0 ], [ -92.266643227999907, 17.108359344000064, 0.0 ], [ -92.266864196999904, 17.108231653000075, 0.0 ] ] ] } },
{ "type": "Feature", "properties": { "Name": "0703100010225", "FolderPath": "GRS_AGEB_2020.kmz/GRS/07_Chiapas/07_GRS", "SymbolID": 4, "AltMode": 0, "Base": 0.0, "Clamped": -1, "Extruded": 0, "Snippet": null, "Shape_Leng": 0.071769432330800007, "Shape_Area": 5.8167217014400001e-05, "mpio": "07031", "CVE_Ent": "07", "entidad": "Chiapas", "CVE_Mpio": "07031", "Mpio_1": "Chilón", "CVE_Loc": "070310001", "Localidad": "Chilón", "CVE_AGEB": "0225", "CVE_Gral": "0703100010225", "Ptob_Tot": 2860.0, "Viv_PartCa": 619.0, "Analfa": 27.446439, "P6_14_NA_E": 21.013413, "P15_24_NA_": 72.014925, "P15M_EBasI": 60.104227, "SinDereHab": 38.271605, "Viv_Hacina": 20.097245, "SinAgua": 0.648298, "SinExcu": 2.917342, "SinDre": 2.917342, "SinEle": 2.431118, "ConPTierra": 11.345219, "SinLavad": 83.954619, "SinRefri": 58.34684, "SinTelFijo": 97.568882, "SinCelular": 30.470016, "SinCompu": 93.517018, "SinInterne": 96.596434, "GRS20": "Muy alto" }, "geometry": { "type": "Polygon", "coordinates": [ [ [ -92.264899027999945, 17.108690163000063, 0.0 ], [ -92.264549196999951, 17.107601903000045, 0.0 ], [ -92.264187386999936, 17.106068162000042, 0.0 ], [ -92.263985027999922, 17.105241484000089, 0.0 ], [ -92.264066056999923, 17.10524113200006, 0.0 ], [ -92.264282660999925, 17.10452372900005, 0.0 ], [ -92.263802218999899, 17.104294486000072, 0.0 ], [ -92.263965506999909, 17.10382682900007, 0.0 ], [ -92.264327008999942, 17.102766286000076, 0.0 ], [ -92.263961631999905, 17.102556857000081, 0.0 ], [ -92.263631959999941, 17.102360580000038, 0.0 ], [ -92.262935737999896, 17.101962083000046, 0.0 ], [ -92.26261496199993, 17.101690103000067, 0.0 ], [ -92.262732215999904, 17.101118843000052, 0.0 ], [ -92.262789852999902, 17.100838052000086, 0.0 ], [ -92.262860046999947, 17.100496073000045, 0.0 ], [ -92.26299882099994, 17.099820074000036, 0.0 ], [ -92.263302195999927, 17.099980653000046, 0.0 ], [ -92.26370741799991, 17.100212653000085, 0.0 ], [ -92.264118960999895, 17.100428847000046, 0.0 ], [ -92.264522016999933, 17.100611714000081, 0.0 ], [ -92.264829315999918, 17.100762713000051, 0.0 ], [ -92.265060646999927, 17.100913443000081, 0.0 ], [ -92.265145525999912, 17.101110213000084, 0.0 ], [ -92.265164916999936, 17.101264013000048, 0.0 ], [ -92.265212426999938, 17.101383312000053, 0.0 ], [ -92.265344056999936, 17.101468343000079, 0.0 ], [ -92.265768136999895, 17.101412223000068, 0.0 ], [ -92.265997455999923, 17.101320453000085, 0.0 ], [ -92.266136556999925, 17.101264813000057, 0.0 ], [ -92.266374276999898, 17.10109856300005, 0.0 ], [ -92.266324446999931, 17.100910022000051, 0.0 ], [ -92.266235956999935, 17.100614763000067, 0.0 ], [ -92.266110246999915, 17.100416764000045, 0.0 ], [ -92.265984506999928, 17.100224453000067, 0.0 ], [ -92.266699956999901, 17.099887460000048, 0.0 ], [ -92.266989355999897, 17.099772252000037, 0.0 ], [ -92.26722273799993, 17.099530252000079, 0.0 ], [ -92.267584127999896, 17.099361283000064, 0.0 ], [ -92.268096877999938, 17.09945014300007, 0.0 ], [ -92.268099186999905, 17.099450543000046, 0.0 ], [ -92.268725045999929, 17.099637362000067, 0.0 ], [ -92.269057455999928, 17.099752103000071, 0.0 ], [ -92.269287767999913, 17.099837942000079, 0.0 ], [ -92.269479847999946, 17.09999653300008, 0.0 ], [ -92.269714357999931, 17.100147703000061, 0.0 ], [ -92.269744787999912, 17.100540342000045, 0.0 ], [ -92.269633277999901, 17.100901782000051, 0.0 ], [ -92.269486827999913, 17.101116302000037, 0.0 ], [ -92.269382596999947, 17.101433383000085, 0.0 ], [ -92.269374476999928, 17.101614362000078, 0.0 ], [ -92.26943127699991, 17.101787142000092, 0.0 ], [ -92.269609566999918, 17.101842685000065, 0.0 ], [ -92.269610615999909, 17.101843013000064, 0.0 ], [ -92.269824706999941, 17.101818312000091, 0.0 ], [ -92.270032046999916, 17.101620532000084, 0.0 ], [ -92.270153996999909, 17.101435392000042, 0.0 ], [ -92.270446996999908, 17.101147283000046, 0.0 ], [ -92.270883656999899, 17.100872652000078, 0.0 ], [ -92.271198057999925, 17.100852192000048, 0.0 ], [ -92.271887217999904, 17.100887712000088, 0.0 ], [ -92.271811246999903, 17.101271813000039, 0.0 ], [ -92.271696475999931, 17.101400412000089, 0.0 ], [ -92.271248956999898, 17.101679382000043, 0.0 ], [ -92.271223617999908, 17.101717313000051, 0.0 ], [ -92.271223106999912, 17.101848792000055, 0.0 ], [ -92.271291245999919, 17.101918253000065, 0.0 ], [ -92.271435216999919, 17.101918763000072, 0.0 ], [ -92.271590396999898, 17.101818993000052, 0.0 ], [ -92.271868026999925, 17.10170927300004, 0.0 ], [ -92.272170536999909, 17.101682684000082, 0.0 ], [ -92.272782555999925, 17.101671043000067, 0.0 ], [ -92.273019526999917, 17.101670562000038, 0.0 ], [ -92.272878277999951, 17.101857653000081, 0.0 ], [ -92.272640096999908, 17.102127272000075, 0.0 ], [ -92.272356476999903, 17.102448332000051, 0.0 ], [ -92.272105397999951, 17.102677932000063, 0.0 ], [ -92.271922956999902, 17.103192713000055, 0.0 ], [ -92.271398706999946, 17.102960043000053, 0.0 ], [ -92.271028367999918, 17.102777103000051, 0.0 ], [ -92.270379077999905, 17.102473452000083, 0.0 ], [ -92.270184796999899, 17.10352908200008, 0.0 ], [ -92.270081967999943, 17.104105532000062, 0.0 ], [ -92.270000337999932, 17.104638163000061, 0.0 ], [ -92.269540276999919, 17.104374282000038, 0.0 ], [ -92.269037045999937, 17.104080672000066, 0.0 ], [ -92.268573756999899, 17.103805453000064, 0.0 ], [ -92.267761556999915, 17.103325103000088, 0.0 ], [ -92.267715955999904, 17.103311932000054, 0.0 ], [ -92.267482126999937, 17.103179473000068, 0.0 ], [ -92.267389157999901, 17.103361733000042, 0.0 ], [ -92.266936415999908, 17.10424951300007, 0.0 ], [ -92.267382217999909, 17.104498813000077, 0.0 ], [ -92.267598327999906, 17.104609393000089, 0.0 ], [ -92.267819755999938, 17.104767393000088, 0.0 ], [ -92.267899477999947, 17.104813313000079, 0.0 ], [ -92.267577506999942, 17.105415483000058, 0.0 ], [ -92.267384016999927, 17.10581101300005, 0.0 ], [ -92.267808246999948, 17.105911624000044, 0.0 ], [ -92.267927966999935, 17.105917533000081, 0.0 ], [ -92.26818804699991, 17.10597331300005, 0.0 ], [ -92.268750457999943, 17.106129183000064, 0.0 ], [ -92.269453706999911, 17.106310913000073, 0.0 ], [ -92.270802567999908, 17.106669742000065, 0.0 ], [ -92.270579787999907, 17.107278072000042, 0.0 ], [ -92.27055639699995, 17.107320113000071, 0.0 ], [ -92.27080316699994, 17.107324643000084, 0.0 ], [ -92.271359825999923, 17.107281392000061, 0.0 ], [ -92.2718991079999, 17.107212683000057, 0.0 ], [ -92.272107767999898, 17.10722390300009, 0.0 ], [ -92.2722438159999, 17.107224383000073, 0.0 ], [ -92.272386826999934, 17.107202983000036, 0.0 ], [ -92.272444617999895, 17.107154743000081, 0.0 ], [ -92.272487596999895, 17.107102642000086, 0.0 ], [ -92.272515936999923, 17.107045303000064, 0.0 ], [ -92.272621196999921, 17.106822942000065, 0.0 ], [ -92.272695757999941, 17.106638992000057, 0.0 ], [ -92.27308565699991, 17.106799933000048, 0.0 ], [ -92.273172556999896, 17.106831082000042, 0.0 ], [ -92.273264166999923, 17.106887422000057, 0.0 ], [ -92.273406937999937, 17.106995042000051, 0.0 ], [ -92.273496257999909, 17.107057533000045, 0.0 ], [ -92.273669706999897, 17.107178283000053, 0.0 ], [ -92.273683447999929, 17.107208333000074, 0.0 ], [ -92.273757735999936, 17.107251193000081, 0.0 ], [ -92.274045057999899, 17.107420882000042, 0.0 ], [ -92.274222996999924, 17.107523343000082, 0.0 ], [ -92.274442526999906, 17.107679872000062, 0.0 ], [ -92.274683057999937, 17.107925443000056, 0.0 ], [ -92.274823966999918, 17.107869312000048, 0.0 ], [ -92.274845455999923, 17.107845882000049, 0.0 ], [ -92.274960336999925, 17.107865533000052, 0.0 ], [ -92.27504009699993, 17.107894223000073, 0.0 ], [ -92.275343706999934, 17.107123903000058, 0.0 ], [ -92.275807326999939, 17.107569762000082, 0.0 ], [ -92.276020826999911, 17.107774762000076, 0.0 ], [ -92.276484136999898, 17.108224022000059, 0.0 ], [ -92.276518386999896, 17.108259413000042, 0.0 ], [ -92.276565846999915, 17.108331743000065, 0.0 ], [ -92.277058847999911, 17.109074742000075, 0.0 ], [ -92.277105356999925, 17.10925773200006, 0.0 ], [ -92.277001877999908, 17.109959982000078, 0.0 ], [ -92.276941337999915, 17.110001312000065, 0.0 ], [ -92.276894506999895, 17.110024483000075, 0.0 ], [ -92.276771047999944, 17.110051482000074, 0.0 ], [ -92.276679796999929, 17.110013982000055, 0.0 ], [ -92.276556937999942, 17.109962652000036, 0.0 ], [ -92.276469356999939, 17.109912072000043, 0.0 ], [ -92.276348696999946, 17.109818042000086, 0.0 ], [ -92.27629089699991, 17.109776382000064, 0.0 ], [ -92.276218706999941, 17.109739242000046, 0.0 ], [ -92.276165396999943, 17.109731882000062, 0.0 ], [ -92.276076876999923, 17.10972593300005, 0.0 ], [ -92.275971985999945, 17.109718342000065, 0.0 ], [ -92.275862877999941, 17.109693852000078, 0.0 ], [ -92.275768297999946, 17.10965161300004, 0.0 ], [ -92.275648856999908, 17.109579583000084, 0.0 ], [ -92.275103307999927, 17.109455273000037, 0.0 ], [ -92.274149476999924, 17.109196252000061, 0.0 ], [ -92.27321504799994, 17.10893774300007, 0.0 ], [ -92.273354476999941, 17.108658393000042, 0.0 ], [ -92.273372907999942, 17.108588653000083, 0.0 ], [ -92.273451877999946, 17.108370763000039, 0.0 ], [ -92.273439506999921, 17.10827822300007, 0.0 ], [ -92.273353655999927, 17.108011222000073, 0.0 ], [ -92.273323056999914, 17.107939563000059, 0.0 ], [ -92.273294047999912, 17.107887743000049, 0.0 ], [ -92.273133646999895, 17.10778378200007, 0.0 ], [ -92.27286347799992, 17.10765714300004, 0.0 ], [ -92.272691696999914, 17.107591963000061, 0.0 ], [ -92.27255910699995, 17.107588012000065, 0.0 ], [ -92.272368695999944, 17.107642622000071, 0.0 ], [ -92.27132565699992, 17.108000943000036, 0.0 ], [ -92.271154957999897, 17.108184423000068, 0.0 ], [ -92.271121276999907, 17.10825867200009, 0.0 ], [ -92.271079766999947, 17.108398502000057, 0.0 ], [ -92.271013357999948, 17.108799943000065, 0.0 ], [ -92.270974276999937, 17.109057672000063, 0.0 ], [ -92.270950456999913, 17.109178783000061, 0.0 ], [ -92.270883557999923, 17.109111843000051, 0.0 ], [ -92.270751627999914, 17.108992253000054, 0.0 ], [ -92.270681166999907, 17.108876053000074, 0.0 ], [ -92.270679507999944, 17.108714393000071, 0.0 ], [ -92.2706776469999, 17.108565513000087, 0.0 ], [ -92.270622996999919, 17.108451133000074, 0.0 ], [ -92.270564756999931, 17.108383443000037, 0.0 ], [ -92.270364525999923, 17.108215912000048, 0.0 ], [ -92.270233676999908, 17.108134482000082, 0.0 ], [ -92.270145826999908, 17.108124534000069, 0.0 ], [ -92.269966497999917, 17.108118563000062, 0.0 ], [ -92.269680227999913, 17.108114962000059, 0.0 ], [ -92.269599335999942, 17.108147253000084, 0.0 ], [ -92.26952667799992, 17.108195053000088, 0.0 ], [ -92.269432926999912, 17.108343993000062, 0.0 ], [ -92.269382845999928, 17.108358743000053, 0.0 ], [ -92.269162956999935, 17.108328242000084, 0.0 ], [ -92.268910356999925, 17.108305623000092, 0.0 ], [ -92.268739756999935, 17.108268582000051, 0.0 ], [ -92.268397696999898, 17.108245812000064, 0.0 ], [ -92.268142326999907, 17.10821238200009, 0.0 ], [ -92.267726156999913, 17.108157903000063, 0.0 ], [ -92.267333536999899, 17.108126223000056, 0.0 ], [ -92.267148136999936, 17.108135623000067, 0.0 ], [ -92.267040366999936, 17.108150042000091, 0.0 ], [ -92.266864196999904, 17.108231653000075, 0.0 ], [ -92.266810727999939, 17.108235702000059, 0.0 ], [ -92.266704556999912, 17.108243762000086, 0.0 ], [ -92.266237646999912, 17.108203733000039, 0.0 ], [ -92.265977387999897, 17.108155943000042, 0.0 ], [ -92.265760357999909, 17.108155163000049, 0.0 ], [ -92.265614846999938, 17.108157442000049, 0.0 ], [ -92.265569507999942, 17.108504882000091, 0.0 ], [ -92.265696937999905, 17.109233713000037, 0.0 ], [ -92.265726426999947, 17.109524743000065, 0.0 ], [ -92.265776335999931, 17.110075503000076, 0.0 ], [ -92.265435446999902, 17.110043383000061, 0.0 ], [ -92.264899027999945, 17.108690163000063, 0.0 ] ] ] } },
{ "type": "Feature", "properties": { "Name": "0703100010437", "FolderPath": "GRS_AGEB_2020.kmz/GRS/07_Chiapas/07_GRS", "SymbolID": 4, "AltMode": 0, "Base": 0.0, "Clamped": -1, "Extruded": 0, "Snippet": null, "Shape_Leng": 0.021751451446900001, "Shape_Area": 9.2635680528300002e-06, "mpio": "07031", "CVE_Ent": "07", "entidad": "Chiapas", "CVE_Mpio": "07031", "Mpio_1": "Chilón", "CVE_Loc": "070310001", "Localidad": "Chilón", "CVE_AGEB": "0437", "CVE_Gral": "0703100010437", "Ptob_Tot": 206.0, "Viv_PartCa": 35.0, "Analfa": 52.475248, "P6_14_NA_E": 50.0, "P15_24_NA_": 94.594595, "P15M_EBasI": 90.09901, "SinDereHab": 36.893204, "Viv_Hacina": 42.857143, "SinAgua": 2.857143, "SinExcu": 2.857143, "SinDre": 14.285714, "SinEle": 2.857143, "ConPTierra": 22.857143, "SinLavad": 100.0, "SinRefri": 80.0, "SinTelFijo": 100.0, "SinCelular": 65.714286, "SinCompu": 100.0, "SinInterne": 94.285714, "GRS20": "Muy alto" }, "geometry": { "type": "Polygon", "coordinates": [ [ [ -92.271717397999907, 17.113450312000055, 0.0 ], [ -92.272227757999929, 17.111794963000079, 0.0 ], [ -92.272421785999938, 17.111847543000067, 0.0 ], [ -92.27267547799994, 17.110904252000068, 0.0 ], [ -92.272666330999925, 17.110901967000075, 0.0 ], [ -92.270637526999906, 17.110395103000087, 0.0 ], [ -92.270838333999905, 17.109641312000065, 0.0 ], [ -92.272885856999949, 17.110117182000067, 0.0 ], [ -92.27293749599994, 17.109924053000043, 0.0 ], [ -92.27321504799994, 17.10893774300007, 0.0 ], [ -92.274149476999924, 17.109196252000061, 0.0 ], [ -92.274023596999939, 17.110142532000054, 0.0 ], [ -92.273839097999939, 17.111213913000086, 0.0 ], [ -92.273445127999935, 17.112120273000073, 0.0 ], [ -92.273072097999943, 17.113051283000061, 0.0 ], [ -92.273234926999919, 17.113091422000082, 0.0 ], [ -92.273963727999899, 17.113304853000045, 0.0 ], [ -92.274161017999916, 17.112879083000053, 0.0 ], [ -92.27435739799995, 17.112428193000085, 0.0 ], [ -92.274706306999917, 17.112543143000039, 0.0 ], [ -92.274834447999922, 17.11257558300008, 0.0 ], [ -92.275426417999938, 17.112736423000058, 0.0 ], [ -92.27514719699991, 17.113862732000086, 0.0 ], [ -92.27514470999995, 17.113862607000044, 0.0 ], [ -92.27374184699994, 17.113791933000073, 0.0 ], [ -92.272856927999896, 17.11374339300005, 0.0 ], [ -92.271717397999907, 17.113450312000055, 0.0 ] ] ] } },
{ "type": "Feature", "properties": { "Name": "0703800010052", "FolderPath": "GRS_AGEB_2020.kmz/GRS/07_Chiapas/07_GRS", "SymbolID": 3, "AltMode": 0, "Base": 0.0, "Clamped": -1, "Extruded": 0, "Snippet": null, "Shape_Leng": 0.027011259659499999, "Shape_Area": 2.21443102886e-05, "mpio": "07038", "CVE_Ent": "07", "entidad": "Chiapas", "CVE_Mpio": "07038", "Mpio_1": "Huixtán", "CVE_Loc": "070380001", "Localidad": "Huixtán", "CVE_AGEB": "0052", "CVE_Gral": "0703800010052", "Ptob_Tot": 579.0, "Viv_PartCa": 142.0, "Analfa": 12.857143, "P6_14_NA_E": 3.092784, "P15_24_NA_": 51.376147, "P15M_EBasI": 44.047619, "SinDereHab": 17.1875, "Viv_Hacina": 3.521127, "SinAgua": 0.0, "SinExcu": 0.0, "SinDre": 0.704225, "SinEle": 0.0, "ConPTierra": 5.633803, "SinLavad": 69.014085, "SinRefri": 47.887324, "SinTelFijo": 90.84507, "SinCelular": 22.535211, "SinCompu": 88.732394, "SinInterne": 89.43662, "GRS20": "Alto" }, "geometry": { "type": "Polygon", "coordinates": [ [ [ -92.452237598999943, 16.713139890000036, 0.0 ], [ -92.452174249999928, 16.712890780000066, 0.0 ], [ -92.451672849999909, 16.712455341000066, 0.0 ], [ -92.451492228999939, 16.712775690000058, 0.0 ], [ -92.451408778999905, 16.712817621000056, 0.0 ], [ -92.451194148999946, 16.71278334100009, 0.0 ], [ -92.450571909999951, 16.712935250000044, 0.0 ], [ -92.450282429999902, 16.712940710000055, 0.0 ], [ -92.450386818999903, 16.712475750000067, 0.0 ], [ -92.450483248999944, 16.712203750000072, 0.0 ], [ -92.45073919999993, 16.711490120000065, 0.0 ], [ -92.450327599999923, 16.711437250000074, 0.0 ], [ -92.449757918999921, 16.711389719000067, 0.0 ], [ -92.44939422899995, 16.711310860000083, 0.0 ], [ -92.449412968999923, 16.710990119000087, 0.0 ], [ -92.448622019999902, 16.710876691000067, 0.0 ], [ -92.448883028999944, 16.710369710000066, 0.0 ], [ -92.449086279999904, 16.709955799000056, 0.0 ], [ -92.449297829999921, 16.710107780000044, 0.0 ], [ -92.4495871499999, 16.710125540000092, 0.0 ], [ -92.449843259999909, 16.710208550000061, 0.0 ], [ -92.450052649999918, 16.710194289000071, 0.0 ], [ -92.450292909999916, 16.710323819000052, 0.0 ], [ -92.450524909999899, 16.710367949000045, 0.0 ], [ -92.450700709999921, 16.710476630000073, 0.0 ], [ -92.450743769999917, 16.710536510000054, 0.0 ], [ -92.450812149999933, 16.710585060000085, 0.0 ], [ -92.451084519999938, 16.710523570000078, 0.0 ], [ -92.451583909999897, 16.710338340000078, 0.0 ], [ -92.451667319999899, 16.710352260000036, 0.0 ], [ -92.451735179999901, 16.710363029000064, 0.0 ], [ -92.451990679999938, 16.710428550000074, 0.0 ], [ -92.452070629999923, 16.710048279000091, 0.0 ], [ -92.452517089999901, 16.710089339000092, 0.0 ], [ -92.452526709999916, 16.709997940000051, 0.0 ], [ -92.45302162999991, 16.710075749000055, 0.0 ], [ -92.453590319999932, 16.710165170000039, 0.0 ], [ -92.454176539999935, 16.710255350000068, 0.0 ], [ -92.45465951999995, 16.710307019000084, 0.0 ], [ -92.455136829999901, 16.710357849000047, 0.0 ], [ -92.455664399999932, 16.710414600000092, 0.0 ], [ -92.45620748999994, 16.710472750000065, 0.0 ], [ -92.45614282899993, 16.71093888900009, 0.0 ], [ -92.456029678999926, 16.71148505900004, 0.0 ], [ -92.455922109999904, 16.712242150000066, 0.0 ], [ -92.456405399999937, 16.712327061000053, 0.0 ], [ -92.456156969999938, 16.71335023000006, 0.0 ], [ -92.45600517999992, 16.713702970000043, 0.0 ], [ -92.455954349999899, 16.713815910000051, 0.0 ], [ -92.456039288999932, 16.714149949000046, 0.0 ], [ -92.456320909999931, 16.714416430000085, 0.0 ], [ -92.456475259999934, 16.714684090000048, 0.0 ], [ -92.456474138999909, 16.715087481000069, 0.0 ], [ -92.456399089999934, 16.715251630000068, 0.0 ], [ -92.45625267999992, 16.71537722000005, 0.0 ], [ -92.456034028999909, 16.715371680000089, 0.0 ], [ -92.4557959199999, 16.71528248900006, 0.0 ], [ -92.45566496899994, 16.715182780000077, 0.0 ], [ -92.4553251399999, 16.715105281000092, 0.0 ], [ -92.455013979999933, 16.715124200000048, 0.0 ], [ -92.454406348999896, 16.715338281000072, 0.0 ], [ -92.454437219999932, 16.714584940000066, 0.0 ], [ -92.453967969999951, 16.714611820000073, 0.0 ], [ -92.453867659999901, 16.714353740000092, 0.0 ], [ -92.454004308999913, 16.713674320000052, 0.0 ], [ -92.453459848999898, 16.71352268000004, 0.0 ], [ -92.452932648999933, 16.713319581000064, 0.0 ], [ -92.452883339999914, 16.713275750000037, 0.0 ], [ -92.452449969999918, 16.713106680000067, 0.0 ], [ -92.452237598999943, 16.713139890000036, 0.0 ] ] ] } },
{ "type": "Feature", "properties": { "Name": "0703800010067", "FolderPath": "GRS_AGEB_2020.kmz/GRS/07_Chiapas/07_GRS", "SymbolID": 4, "AltMode": 0, "Base": 0.0, "Clamped": -1, "Extruded": 0, "Snippet": null, "Shape_Leng": 0.024143403613, "Shape_Area": 1.9776594685399999e-05, "mpio": "07038", "CVE_Ent": "07", "entidad": "Chiapas", "CVE_Mpio": "07038", "Mpio_1": "Huixtán", "CVE_Loc": "070380001", "Localidad": "Huixtán", "CVE_AGEB": "0067", "CVE_Gral": "0703800010067", "Ptob_Tot": 574.0, "Viv_PartCa": 151.0, "Analfa": 22.836538, "P6_14_NA_E": 2.857143, "P15_24_NA_": 54.736842, "P15M_EBasI": 49.519231, "SinDereHab": 17.944251, "Viv_Hacina": 0.662252, "SinAgua": 0.662252, "SinExcu": 0.0, "SinDre": 0.0, "SinEle": 0.0, "ConPTierra": 11.92053, "SinLavad": 80.13245, "SinRefri": 62.913907, "SinTelFijo": 98.675497, "SinCelular": 30.463576, "SinCompu": 94.701987, "SinInterne": 98.013245, "GRS20": "Muy alto" }, "geometry": { "type": "Polygon", "coordinates": [ [ [ -92.449086279999904, 16.709955799000056, 0.0 ], [ -92.449280538999915, 16.709388781000087, 0.0 ], [ -92.449317338999947, 16.709100450000051, 0.0 ], [ -92.449439319999897, 16.709037980000062, 0.0 ], [ -92.449542489999942, 16.708913479000046, 0.0 ], [ -92.449639508999951, 16.708580020000056, 0.0 ], [ -92.449727218999897, 16.708284570000046, 0.0 ], [ -92.450063708999949, 16.707610349000049, 0.0 ], [ -92.450557619999927, 16.707716970000092, 0.0 ], [ -92.451046819999931, 16.707553380000036, 0.0 ], [ -92.451013679999903, 16.707727920000082, 0.0 ], [ -92.451085979999903, 16.708142289000079, 0.0 ], [ -92.451035948999902, 16.708305399000039, 0.0 ], [ -92.451003458999935, 16.708436859000074, 0.0 ], [ -92.45110676999991, 16.708784429000048, 0.0 ], [ -92.451282849999927, 16.708264110000073, 0.0 ], [ -92.451526749999914, 16.707956569000089, 0.0 ], [ -92.451924229999918, 16.707712019000041, 0.0 ], [ -92.452036708999913, 16.707700369000065, 0.0 ], [ -92.452154368999913, 16.707688279000081, 0.0 ], [ -92.452390219999927, 16.707692850000058, 0.0 ], [ -92.452706618999912, 16.707763250000085, 0.0 ], [ -92.453527539999925, 16.708154970000066, 0.0 ], [ -92.453502379999918, 16.708050720000074, 0.0 ], [ -92.453501579999909, 16.707790260000081, 0.0 ], [ -92.453448218999938, 16.70753471900008, 0.0 ], [ -92.453413909999938, 16.707484380000039, 0.0 ], [ -92.453362198999912, 16.707422450000081, 0.0 ], [ -92.45334351899993, 16.70735878000005, 0.0 ], [ -92.453369968999937, 16.707279979000077, 0.0 ], [ -92.453433979999943, 16.707198249000044, 0.0 ], [ -92.453674178999904, 16.706988451000086, 0.0 ], [ -92.453678029999935, 16.706785290000084, 0.0 ], [ -92.454244459999927, 16.706708550000087, 0.0 ], [ -92.454697769999939, 16.706773369000075, 0.0 ], [ -92.454818258999921, 16.706852230000038, 0.0 ], [ -92.454977218999943, 16.706828449000056, 0.0 ], [ -92.455300479999948, 16.706638031000068, 0.0 ], [ -92.455577849999941, 16.706635280000057, 0.0 ], [ -92.455895288999898, 16.706802320000065, 0.0 ], [ -92.456455088999917, 16.706981399000085, 0.0 ], [ -92.456340648999912, 16.707244820000085, 0.0 ], [ -92.456209199999932, 16.707909060000077, 0.0 ], [ -92.45615321899993, 16.708346060000054, 0.0 ], [ -92.45648714899994, 16.70835721900005, 0.0 ], [ -92.456470169999932, 16.708507720000057, 0.0 ], [ -92.456416848999936, 16.70897965100005, 0.0 ], [ -92.456359969999937, 16.709754630000077, 0.0 ], [ -92.456298228999913, 16.709804739000049, 0.0 ], [ -92.45620748999994, 16.710472750000065, 0.0 ], [ -92.455664399999932, 16.710414600000092, 0.0 ], [ -92.455136829999901, 16.710357849000047, 0.0 ], [ -92.45465951999995, 16.710307019000084, 0.0 ], [ -92.454176539999935, 16.710255350000068, 0.0 ], [ -92.453590319999932, 16.710165170000039, 0.0 ], [ -92.45302162999991, 16.710075749000055, 0.0 ], [ -92.452526709999916, 16.709997940000051, 0.0 ], [ -92.452517089999901, 16.710089339000092, 0.0 ], [ -92.452070629999923, 16.710048279000091, 0.0 ], [ -92.451990679999938, 16.710428550000074, 0.0 ], [ -92.451735179999901, 16.710363029000064, 0.0 ], [ -92.451667319999899, 16.710352260000036, 0.0 ], [ -92.451583909999897, 16.710338340000078, 0.0 ], [ -92.451084519999938, 16.710523570000078, 0.0 ], [ -92.450812149999933, 16.710585060000085, 0.0 ], [ -92.450743769999917, 16.710536510000054, 0.0 ], [ -92.450700709999921, 16.710476630000073, 0.0 ], [ -92.450524909999899, 16.710367949000045, 0.0 ], [ -92.450292909999916, 16.710323819000052, 0.0 ], [ -92.450052649999918, 16.710194289000071, 0.0 ], [ -92.449843259999909, 16.710208550000061, 0.0 ], [ -92.4495871499999, 16.710125540000092, 0.0 ], [ -92.449297829999921, 16.710107780000044, 0.0 ], [ -92.449086279999904, 16.709955799000056, 0.0 ] ] ] } },
{ "type": "Feature", "properties": { "Name": "0703800010071", "FolderPath": "GRS_AGEB_2020.kmz/GRS/07_Chiapas/07_GRS", "SymbolID": 4, "AltMode": 0, "Base": 0.0, "Clamped": -1, "Extruded": 0, "Snippet": null, "Shape_Leng": 0.055698848167999998, "Shape_Area": 6.7720500224500001e-05, "mpio": "07038", "CVE_Ent": "07", "entidad": "Chiapas", "CVE_Mpio": "07038", "Mpio_1": "Huixtán", "CVE_Loc": "070380001", "Localidad": "Huixtán", "CVE_AGEB": "0071", "CVE_Gral": "0703800010071", "Ptob_Tot": 346.0, "Viv_PartCa": 82.0, "Analfa": 20.746888, "P6_14_NA_E": 3.174603, "P15_24_NA_": 62.857143, "P15M_EBasI": 51.86722, "SinDereHab": 18.49711, "Viv_Hacina": 3.658537, "SinAgua": 7.317073, "SinExcu": 0.0, "SinDre": 3.658537, "SinEle": 2.439024, "ConPTierra": 25.609756, "SinLavad": 87.804878, "SinRefri": 79.268293, "SinTelFijo": 96.341463, "SinCelular": 19.512195, "SinCompu": 91.463415, "SinInterne": 93.902439, "GRS20": "Muy alto" }, "geometry": { "type": "Polygon", "coordinates": [ [ [ -92.452653205999923, 16.71731619600007, 0.0 ], [ -92.450705648999929, 16.717004710000083, 0.0 ], [ -92.450354682999944, 16.716804004000039, 0.0 ], [ -92.450351178999938, 16.716802001000076, 0.0 ], [ -92.450891379999916, 16.716802510000036, 0.0 ], [ -92.4514504899999, 16.716666230000044, 0.0 ], [ -92.451899799999921, 16.716438551000067, 0.0 ], [ -92.451984178999908, 16.716367681000065, 0.0 ], [ -92.452068339999926, 16.716305170000055, 0.0 ], [ -92.452603378999925, 16.715936231000057, 0.0 ], [ -92.452792348999935, 16.715895370000055, 0.0 ], [ -92.453316599999937, 16.715782061000084, 0.0 ], [ -92.453526748999934, 16.715658250000047, 0.0 ], [ -92.453612548999899, 16.715520109000067, 0.0 ], [ -92.453677918999915, 16.715304420000052, 0.0 ], [ -92.453696849999915, 16.715140580000082, 0.0 ], [ -92.453569859999902, 16.714792339000041, 0.0 ], [ -92.453401088999897, 16.714564881000058, 0.0 ], [ -92.45317753899991, 16.714358019000088, 0.0 ], [ -92.452561658999912, 16.713792449000039, 0.0 ], [ -92.452384449999897, 16.713609259000066, 0.0 ], [ -92.452237598999943, 16.713139890000036, 0.0 ], [ -92.452449969999918, 16.713106680000067, 0.0 ], [ -92.452883339999914, 16.713275750000037, 0.0 ], [ -92.452932648999933, 16.713319581000064, 0.0 ], [ -92.453459848999898, 16.71352268000004, 0.0 ], [ -92.454004308999913, 16.713674320000052, 0.0 ], [ -92.453867659999901, 16.714353740000092, 0.0 ], [ -92.453967969999951, 16.714611820000073, 0.0 ], [ -92.454437219999932, 16.714584940000066, 0.0 ], [ -92.454406348999896, 16.715338281000072, 0.0 ], [ -92.455013979999933, 16.715124200000048, 0.0 ], [ -92.4553251399999, 16.715105281000092, 0.0 ], [ -92.45566496899994, 16.715182780000077, 0.0 ], [ -92.4557959199999, 16.71528248900006, 0.0 ], [ -92.456034028999909, 16.715371680000089, 0.0 ], [ -92.45625267999992, 16.71537722000005, 0.0 ], [ -92.456399089999934, 16.715251630000068, 0.0 ], [ -92.456474138999909, 16.715087481000069, 0.0 ], [ -92.456475259999934, 16.714684090000048, 0.0 ], [ -92.456320909999931, 16.714416430000085, 0.0 ], [ -92.456039288999932, 16.714149949000046, 0.0 ], [ -92.455954349999899, 16.713815910000051, 0.0 ], [ -92.45600517999992, 16.713702970000043, 0.0 ], [ -92.456156969999938, 16.71335023000006, 0.0 ], [ -92.456405399999937, 16.712327061000053, 0.0 ], [ -92.455922109999904, 16.712242150000066, 0.0 ], [ -92.456029678999926, 16.71148505900004, 0.0 ], [ -92.45614282899993, 16.71093888900009, 0.0 ], [ -92.45620748999994, 16.710472750000065, 0.0 ], [ -92.456298228999913, 16.709804739000049, 0.0 ], [ -92.456359969999937, 16.709754630000077, 0.0 ], [ -92.456416848999936, 16.70897965100005, 0.0 ], [ -92.456470169999932, 16.708507720000057, 0.0 ], [ -92.45648714899994, 16.70835721900005, 0.0 ], [ -92.45615321899993, 16.708346060000054, 0.0 ], [ -92.456209199999932, 16.707909060000077, 0.0 ], [ -92.456340648999912, 16.707244820000085, 0.0 ], [ -92.456455088999917, 16.706981399000085, 0.0 ], [ -92.456639169999903, 16.706588949000036, 0.0 ], [ -92.456795378999914, 16.706382780000069, 0.0 ], [ -92.456857748999937, 16.706111970000052, 0.0 ], [ -92.456382308999935, 16.706207981000091, 0.0 ], [ -92.456211, 16.706182310000088, 0.0 ], [ -92.455985778999946, 16.706064970000057, 0.0 ], [ -92.455659695999941, 16.705497495000088, 0.0 ], [ -92.455385019999937, 16.705220279000059, 0.0 ], [ -92.454867749999949, 16.704721480000046, 0.0 ], [ -92.455614109999942, 16.705121060000067, 0.0 ], [ -92.455936599999916, 16.705345350000073, 0.0 ], [ -92.45644590899991, 16.705430480000075, 0.0 ], [ -92.457435828999905, 16.705913480000049, 0.0 ], [ -92.457733249999933, 16.705958980000048, 0.0 ], [ -92.458552829999917, 16.706178149000039, 0.0 ], [ -92.459274965999896, 16.706273793000037, 0.0 ], [ -92.460853301999919, 16.706482821000066, 0.0 ], [ -92.461695943999928, 16.706594410000037, 0.0 ], [ -92.461912708999932, 16.707400060000055, 0.0 ], [ -92.46208897899993, 16.708193029000086, 0.0 ], [ -92.46207658599991, 16.708787925000081, 0.0 ], [ -92.462048319999951, 16.710144720000073, 0.0 ], [ -92.462341429999924, 16.710452451000037, 0.0 ], [ -92.462394419999896, 16.710698550000075, 0.0 ], [ -92.462334458999919, 16.711211281000089, 0.0 ], [ -92.462012079999909, 16.71167981900004, 0.0 ], [ -92.461767198999951, 16.712150680000036, 0.0 ], [ -92.461612679999917, 16.712563621000072, 0.0 ], [ -92.461496579999903, 16.713360049000073, 0.0 ], [ -92.461453599999913, 16.713989150000089, 0.0 ], [ -92.46163447899994, 16.714662001000079, 0.0 ], [ -92.461644938999939, 16.714800800000091, 0.0 ], [ -92.461721909999937, 16.71489863000005, 0.0 ], [ -92.461994938999908, 16.715800581000053, 0.0 ], [ -92.462015032999943, 16.716095859000063, 0.0 ], [ -92.462066448999906, 16.716851430000077, 0.0 ], [ -92.461514094999927, 16.716655563000074, 0.0 ], [ -92.461216762999925, 16.716550126000072, 0.0 ], [ -92.460714279999934, 16.716371940000045, 0.0 ], [ -92.458619259999921, 16.716204030000085, 0.0 ], [ -92.456901018999929, 16.716716630000064, 0.0 ], [ -92.456831708999914, 16.716724860000056, 0.0 ], [ -92.454660749999903, 16.716949369000076, 0.0 ], [ -92.453025709999906, 16.717375770000046, 0.0 ], [ -92.452653205999923, 16.71731619600007, 0.0 ] ] ] } },
{ "type": "Feature", "properties": { "Name": "0703800010086", "FolderPath": "GRS_AGEB_2020.kmz/GRS/07_Chiapas/07_GRS", "SymbolID": 4, "AltMode": 0, "Base": 0.0, "Clamped": -1, "Extruded": 0, "Snippet": null, "Shape_Leng": 0.054906056791200003, "Shape_Area": 7.5917114619199994e-05, "mpio": "07038", "CVE_Ent": "07", "entidad": "Chiapas", "CVE_Mpio": "07038", "Mpio_1": "Huixtán", "CVE_Loc": "070380001", "Localidad": "Huixtán", "CVE_AGEB": "0086", "CVE_Gral": "0703800010086", "Ptob_Tot": 402.0, "Viv_PartCa": 96.0, "Analfa": 23.426573, "P6_14_NA_E": 1.492537, "P15_24_NA_": 60.869565, "P15M_EBasI": 51.398601, "SinDereHab": 20.149254, "Viv_Hacina": 2.083333, "SinAgua": 0.0, "SinExcu": 0.0, "SinDre": 1.041667, "SinEle": 2.083333, "ConPTierra": 5.208333, "SinLavad": 86.458333, "SinRefri": 78.125, "SinTelFijo": 97.916667, "SinCelular": 36.458333, "SinCompu": 94.791667, "SinInterne": 100.0, "GRS20": "Muy alto" }, "geometry": { "type": "Polygon", "coordinates": [ [ [ -92.454867749999949, 16.704721480000046, 0.0 ], [ -92.455385019999937, 16.705220279000059, 0.0 ], [ -92.455659695999941, 16.705497495000088, 0.0 ], [ -92.455985778999946, 16.706064970000057, 0.0 ], [ -92.456211, 16.706182310000088, 0.0 ], [ -92.456382308999935, 16.706207981000091, 0.0 ], [ -92.456857748999937, 16.706111970000052, 0.0 ], [ -92.456795378999914, 16.706382780000069, 0.0 ], [ -92.456639169999903, 16.706588949000036, 0.0 ], [ -92.456455088999917, 16.706981399000085, 0.0 ], [ -92.455895288999898, 16.706802320000065, 0.0 ], [ -92.455577849999941, 16.706635280000057, 0.0 ], [ -92.455300479999948, 16.706638031000068, 0.0 ], [ -92.454977218999943, 16.706828449000056, 0.0 ], [ -92.454818258999921, 16.706852230000038, 0.0 ], [ -92.454697769999939, 16.706773369000075, 0.0 ], [ -92.454244459999927, 16.706708550000087, 0.0 ], [ -92.453678029999935, 16.706785290000084, 0.0 ], [ -92.453674178999904, 16.706988451000086, 0.0 ], [ -92.453433979999943, 16.707198249000044, 0.0 ], [ -92.453369968999937, 16.707279979000077, 0.0 ], [ -92.45334351899993, 16.70735878000005, 0.0 ], [ -92.453362198999912, 16.707422450000081, 0.0 ], [ -92.453413909999938, 16.707484380000039, 0.0 ], [ -92.453448218999938, 16.70753471900008, 0.0 ], [ -92.453501579999909, 16.707790260000081, 0.0 ], [ -92.453502379999918, 16.708050720000074, 0.0 ], [ -92.453527539999925, 16.708154970000066, 0.0 ], [ -92.452706618999912, 16.707763250000085, 0.0 ], [ -92.452390219999927, 16.707692850000058, 0.0 ], [ -92.452154368999913, 16.707688279000081, 0.0 ], [ -92.452036708999913, 16.707700369000065, 0.0 ], [ -92.451924229999918, 16.707712019000041, 0.0 ], [ -92.451526749999914, 16.707956569000089, 0.0 ], [ -92.451282849999927, 16.708264110000073, 0.0 ], [ -92.45110676999991, 16.708784429000048, 0.0 ], [ -92.451003458999935, 16.708436859000074, 0.0 ], [ -92.451035948999902, 16.708305399000039, 0.0 ], [ -92.451085979999903, 16.708142289000079, 0.0 ], [ -92.451013679999903, 16.707727920000082, 0.0 ], [ -92.451046819999931, 16.707553380000036, 0.0 ], [ -92.450557619999927, 16.707716970000092, 0.0 ], [ -92.450063708999949, 16.707610349000049, 0.0 ], [ -92.449727218999897, 16.708284570000046, 0.0 ], [ -92.449639508999951, 16.708580020000056, 0.0 ], [ -92.449542489999942, 16.708913479000046, 0.0 ], [ -92.449439319999897, 16.709037980000062, 0.0 ], [ -92.449317338999947, 16.709100450000051, 0.0 ], [ -92.449280538999915, 16.709388781000087, 0.0 ], [ -92.449086279999904, 16.709955799000056, 0.0 ], [ -92.448883028999944, 16.710369710000066, 0.0 ], [ -92.448622019999902, 16.710876691000067, 0.0 ], [ -92.449412968999923, 16.710990119000087, 0.0 ], [ -92.44939422899995, 16.711310860000083, 0.0 ], [ -92.449757918999921, 16.711389719000067, 0.0 ], [ -92.450327599999923, 16.711437250000074, 0.0 ], [ -92.45073919999993, 16.711490120000065, 0.0 ], [ -92.450483248999944, 16.712203750000072, 0.0 ], [ -92.450386818999903, 16.712475750000067, 0.0 ], [ -92.450282429999902, 16.712940710000055, 0.0 ], [ -92.450571909999951, 16.712935250000044, 0.0 ], [ -92.451194148999946, 16.71278334100009, 0.0 ], [ -92.451408778999905, 16.712817621000056, 0.0 ], [ -92.451492228999939, 16.712775690000058, 0.0 ], [ -92.451672849999909, 16.712455341000066, 0.0 ], [ -92.452174249999928, 16.712890780000066, 0.0 ], [ -92.452237598999943, 16.713139890000036, 0.0 ], [ -92.452384449999897, 16.713609259000066, 0.0 ], [ -92.452561658999912, 16.713792449000039, 0.0 ], [ -92.45317753899991, 16.714358019000088, 0.0 ], [ -92.453401088999897, 16.714564881000058, 0.0 ], [ -92.453569859999902, 16.714792339000041, 0.0 ], [ -92.453696849999915, 16.715140580000082, 0.0 ], [ -92.453677918999915, 16.715304420000052, 0.0 ], [ -92.453612548999899, 16.715520109000067, 0.0 ], [ -92.453526748999934, 16.715658250000047, 0.0 ], [ -92.453316599999937, 16.715782061000084, 0.0 ], [ -92.452792348999935, 16.715895370000055, 0.0 ], [ -92.452603378999925, 16.715936231000057, 0.0 ], [ -92.452068339999926, 16.716305170000055, 0.0 ], [ -92.451984178999908, 16.716367681000065, 0.0 ], [ -92.451899799999921, 16.716438551000067, 0.0 ], [ -92.4514504899999, 16.716666230000044, 0.0 ], [ -92.450891379999916, 16.716802510000036, 0.0 ], [ -92.450351178999938, 16.716802001000076, 0.0 ], [ -92.449666371999911, 16.716322241000057, 0.0 ], [ -92.446764338999913, 16.714289079000082, 0.0 ], [ -92.446512278999933, 16.712437310000041, 0.0 ], [ -92.444024399999932, 16.709448709000071, 0.0 ], [ -92.44339096899995, 16.708102431000043, 0.0 ], [ -92.444182819999924, 16.706291509000039, 0.0 ], [ -92.445769811999924, 16.705730851000055, 0.0 ], [ -92.449560779999899, 16.704391480000083, 0.0 ], [ -92.453446198999927, 16.704511849000085, 0.0 ], [ -92.453559319999897, 16.704515689000061, 0.0 ], [ -92.453960658999904, 16.704642571000079, 0.0 ], [ -92.454211108999914, 16.704570920000037, 0.0 ], [ -92.45443341999993, 16.704604820000043, 0.0 ], [ -92.454637048999928, 16.704612910000037, 0.0 ], [ -92.454867749999949, 16.704721480000046, 0.0 ] ] ] } },
{ "type": "Feature", "properties": { "Name": "0704900010037", "FolderPath": "GRS_AGEB_2020.kmz/GRS/07_Chiapas/07_GRS", "SymbolID": 4, "AltMode": 0, "Base": 0.0, "Clamped": -1, "Extruded": 0, "Snippet": null, "Shape_Leng": 0.044121922959199998, "Shape_Area": 8.9287344013400002e-05, "mpio": "07049", "CVE_Ent": "07", "entidad": "Chiapas", "CVE_Mpio": "07049", "Mpio_1": "Larráinzar", "CVE_Loc": "070490001", "Localidad": "Larráinzar", "CVE_AGEB": "0037", "CVE_Gral": "0704900010037", "Ptob_Tot": 3954.0, "Viv_PartCa": 839.0, "Analfa": 15.056571, "P6_14_NA_E": 12.034079, "P15_24_NA_": 68.117978, "P15M_EBasI": 50.130662, "SinDereHab": 30.190134, "Viv_Hacina": 18.355185, "SinAgua": 1.549464, "SinExcu": 0.357569, "SinDre": 0.953516, "SinEle": 0.476758, "ConPTierra": 2.741359, "SinLavad": 82.121573, "SinRefri": 73.150358, "SinTelFijo": 98.331347, "SinCelular": 16.567342, "SinCompu": 87.72348, "SinInterne": 89.868892, "GRS20": "Muy alto" }, "geometry": { "type": "Polygon", "coordinates": [ [ [ -92.711718748999942, 16.886237710000046, 0.0 ], [ -92.711165, 16.884129481000059, 0.0 ], [ -92.710629978999918, 16.884208890000082, 0.0 ], [ -92.709720878999917, 16.881767250000053, 0.0 ], [ -92.710122679999927, 16.881390829000054, 0.0 ], [ -92.710604778999937, 16.880939220000073, 0.0 ], [ -92.710906309999928, 16.879729229000077, 0.0 ], [ -92.71104921999995, 16.879353661000039, 0.0 ], [ -92.711276199999929, 16.879265419000092, 0.0 ], [ -92.711388289999945, 16.87905973900007, 0.0 ], [ -92.711460149999937, 16.878843660000086, 0.0 ], [ -92.711453139999946, 16.878583279000054, 0.0 ], [ -92.711439019999943, 16.878306680000037, 0.0 ], [ -92.711407538999936, 16.878044769000041, 0.0 ], [ -92.711379979999947, 16.877846110000064, 0.0 ], [ -92.71146996899995, 16.87772569100008, 0.0 ], [ -92.711666149999928, 16.877686741000048, 0.0 ], [ -92.711905018999914, 16.87780666000009, 0.0 ], [ -92.71208559899992, 16.87793951000009, 0.0 ], [ -92.712262289999899, 16.878044460000069, 0.0 ], [ -92.71241533999995, 16.87799897900004, 0.0 ], [ -92.712575058999903, 16.877851250000049, 0.0 ], [ -92.712733289999903, 16.877809459000048, 0.0 ], [ -92.712976519999927, 16.877764820000039, 0.0 ], [ -92.713233848999948, 16.877636769000048, 0.0 ], [ -92.713481288999901, 16.877648461000092, 0.0 ], [ -92.713543699999946, 16.877613329000042, 0.0 ], [ -92.713612658999921, 16.877574510000045, 0.0 ], [ -92.713727078999909, 16.877522740000074, 0.0 ], [ -92.71392230899994, 16.877634340000043, 0.0 ], [ -92.713990184999943, 16.877672480000058, 0.0 ], [ -92.714062348999903, 16.877713030000052, 0.0 ], [ -92.714164969999899, 16.877723119000052, 0.0 ], [ -92.7143968499999, 16.877792681000074, 0.0 ], [ -92.714611259999913, 16.87783432000009, 0.0 ], [ -92.714842768999915, 16.877840289000062, 0.0 ], [ -92.71513264999993, 16.877895110000054, 0.0 ], [ -92.715391678999936, 16.877928231000055, 0.0 ], [ -92.715582859999927, 16.878053181000041, 0.0 ], [ -92.715690519999896, 16.878198350000048, 0.0 ], [ -92.715765058999921, 16.878355570000053, 0.0 ], [ -92.715783349999924, 16.878650570000048, 0.0 ], [ -92.715792719999911, 16.878860230000043, 0.0 ], [ -92.715812229999926, 16.879030231000058, 0.0 ], [ -92.715833348999922, 16.879180031000089, 0.0 ], [ -92.715835708999919, 16.879309339000088, 0.0 ], [ -92.716273548999936, 16.879754020000064, 0.0 ], [ -92.716633969999918, 16.880217750000043, 0.0 ], [ -92.717188518999933, 16.880859980000082, 0.0 ], [ -92.717553449999912, 16.881347090000077, 0.0 ], [ -92.718509488999928, 16.883243510000057, 0.0 ], [ -92.718814378999923, 16.883549321000089, 0.0 ], [ -92.719061828999941, 16.883775460000038, 0.0 ], [ -92.719318488999932, 16.884019520000038, 0.0 ], [ -92.719519678999916, 16.884285489000092, 0.0 ], [ -92.719607509999946, 16.884423819000062, 0.0 ], [ -92.719837768999923, 16.884451151000064, 0.0 ], [ -92.719952199999909, 16.884440580000046, 0.0 ], [ -92.720227479999949, 16.884546049000051, 0.0 ], [ -92.720419828999923, 16.884685080000054, 0.0 ], [ -92.720562229999928, 16.884803349000038, 0.0 ], [ -92.720621218999895, 16.88496229000009, 0.0 ], [ -92.720708109999919, 16.885197080000069, 0.0 ], [ -92.720763449999936, 16.88535580100006, 0.0 ], [ -92.720788138999922, 16.885554950000085, 0.0 ], [ -92.720795368999916, 16.885722911000073, 0.0 ], [ -92.720765938999932, 16.885868911000046, 0.0 ], [ -92.720705859999896, 16.885984661000066, 0.0 ], [ -92.720641889999911, 16.886109630000078, 0.0 ], [ -92.720499288999918, 16.88628631000006, 0.0 ], [ -92.720410509999908, 16.886428881000086, 0.0 ], [ -92.720241579999936, 16.88655988000005, 0.0 ], [ -92.720121878999919, 16.886687650000056, 0.0 ], [ -92.720008799999903, 16.886765511000078, 0.0 ], [ -92.71989377999995, 16.886869140000044, 0.0 ], [ -92.71965390999992, 16.886986259000082, 0.0 ], [ -92.719435949999934, 16.887019830000042, 0.0 ], [ -92.719348, 16.887053280000089, 0.0 ], [ -92.719455487999937, 16.887123866000081, 0.0 ], [ -92.719405415999915, 16.887260865000087, 0.0 ], [ -92.719398256999909, 16.887449194000055, 0.0 ], [ -92.719176522999931, 16.887673455000083, 0.0 ], [ -92.718750940999939, 16.887584599000036, 0.0 ], [ -92.718033768999931, 16.888146430000063, 0.0 ], [ -92.717688146999933, 16.888325166000072, 0.0 ], [ -92.717486798999914, 16.888429289000044, 0.0 ], [ -92.717136199999914, 16.888511380000068, 0.0 ], [ -92.717174998999951, 16.888704350000069, 0.0 ], [ -92.717270309999947, 16.888989151000089, 0.0 ], [ -92.717293198999926, 16.889206880000074, 0.0 ], [ -92.717405778999932, 16.889561460000039, 0.0 ], [ -92.717457259999946, 16.889750680000077, 0.0 ], [ -92.717561658999898, 16.889945830000045, 0.0 ], [ -92.716588019999904, 16.891628969000067, 0.0 ], [ -92.715519618999906, 16.892980220000084, 0.0 ], [ -92.715443148999896, 16.893076550000046, 0.0 ], [ -92.714650318999929, 16.893172349000054, 0.0 ], [ -92.714861418999931, 16.891370573000074, 0.0 ], [ -92.71490734899993, 16.890978550000057, 0.0 ], [ -92.714916848999906, 16.890942080000059, 0.0 ], [ -92.714981198999908, 16.890914249000048, 0.0 ], [ -92.71442148999995, 16.89008903000007, 0.0 ], [ -92.714346249999949, 16.890113200000087, 0.0 ], [ -92.713554375999934, 16.889776181000059, 0.0 ], [ -92.712464948999923, 16.889312519000043, 0.0 ], [ -92.711718748999942, 16.886237710000046, 0.0 ] ] ] } },
{ "type": "Feature", "properties": { "Name": "0705600010027", "FolderPath": "GRS_AGEB_2020.kmz/GRS/07_Chiapas/07_GRS", "SymbolID": 4, "AltMode": 0, "Base": 0.0, "Clamped": -1, "Extruded": 0, "Snippet": null, "Shape_Leng": 0.031885173649899998, "Shape_Area": 2.9979333342900001e-05, "mpio": "07056", "CVE_Ent": "07", "entidad": "Chiapas", "CVE_Mpio": "07056", "Mpio_1": "Mitontic", "CVE_Loc": "070560001", "Localidad": "Mitontic", "CVE_AGEB": "0027", "CVE_Gral": "0705600010027", "Ptob_Tot": 1275.0, "Viv_PartCa": 248.0, "Analfa": 20.174165, "P6_14_NA_E": 12.727273, "P15_24_NA_": 81.339713, "P15M_EBasI": 61.248186, "SinDereHab": 5.756014, "Viv_Hacina": 14.516129, "SinAgua": 0.0, "SinExcu": 0.0, "SinDre": 7.66129, "SinEle": 0.806452, "ConPTierra": 16.935484, "SinLavad": 97.983871, "SinRefri": 82.66129, "SinTelFijo": 94.758065, "SinCelular": 79.032258, "SinCompu": 97.580645, "SinInterne": 99.596774, "GRS20": "Muy alto" }, "geometry": { "type": "Polygon", "coordinates": [ [ [ -92.628057836999915, 16.866402599000082, 0.0 ], [ -92.627817289999939, 16.866530280000063, 0.0 ], [ -92.627792980999914, 16.866344662000074, 0.0 ], [ -92.627784059999897, 16.866276550000066, 0.0 ], [ -92.627712149999923, 16.865953600000068, 0.0 ], [ -92.627700107999942, 16.865807058000087, 0.0 ], [ -92.627696597999943, 16.86576434300008, 0.0 ], [ -92.627696539999931, 16.865763650000076, 0.0 ], [ -92.627719139999897, 16.865279830000077, 0.0 ], [ -92.627732360999914, 16.865186452000046, 0.0 ], [ -92.627774458999909, 16.864889120000043, 0.0 ], [ -92.627757969999948, 16.864673749000076, 0.0 ], [ -92.627720689999933, 16.864524691000042, 0.0 ], [ -92.627642449999939, 16.864383029000066, 0.0 ], [ -92.627573059999918, 16.864226450000046, 0.0 ], [ -92.627522649999946, 16.864071570000078, 0.0 ], [ -92.627486, 16.86390126100008, 0.0 ], [ -92.627255229999946, 16.863139681000064, 0.0 ], [ -92.627120851999905, 16.862738640000089, 0.0 ], [ -92.627071748999924, 16.86259208000007, 0.0 ], [ -92.627015659999927, 16.862371619000044, 0.0 ], [ -92.62702564999995, 16.862127919000045, 0.0 ], [ -92.6270920259999, 16.861958970000046, 0.0 ], [ -92.627118310999947, 16.861892063000084, 0.0 ], [ -92.627138179999918, 16.861841491000064, 0.0 ], [ -92.627160598999922, 16.861570569000037, 0.0 ], [ -92.627132858999914, 16.861279429000092, 0.0 ], [ -92.627098079999939, 16.861162921000073, 0.0 ], [ -92.62701914999991, 16.860933579000061, 0.0 ], [ -92.626982849999933, 16.860768980000046, 0.0 ], [ -92.626989308999896, 16.860592711000038, 0.0 ], [ -92.62707533899993, 16.860310819000063, 0.0 ], [ -92.627154422999922, 16.860186943000087, 0.0 ], [ -92.627310779999902, 16.859942029000081, 0.0 ], [ -92.627288458999942, 16.858997140000042, 0.0 ], [ -92.627225678999935, 16.858429133000072, 0.0 ], [ -92.627348248999908, 16.858669380000038, 0.0 ], [ -92.627517939999905, 16.85900163000008, 0.0 ], [ -92.627687949999938, 16.85935986000004, 0.0 ], [ -92.627713618999906, 16.858888599000068, 0.0 ], [ -92.627684228999897, 16.858757779000086, 0.0 ], [ -92.62769408999992, 16.858518890000084, 0.0 ], [ -92.627730828999916, 16.858447510000076, 0.0 ], [ -92.627680508999902, 16.858213620000072, 0.0 ], [ -92.627614878999907, 16.858074230000057, 0.0 ], [ -92.627567548999934, 16.857994169000051, 0.0 ], [ -92.627509937999946, 16.857903280000073, 0.0 ], [ -92.627454739999905, 16.857723859000089, 0.0 ], [ -92.627419949999933, 16.857623309000076, 0.0 ], [ -92.627394119999906, 16.857525880000082, 0.0 ], [ -92.627429088999918, 16.85731349100007, 0.0 ], [ -92.627744285999938, 16.857004630000063, 0.0 ], [ -92.627792912999951, 16.857030448000046, 0.0 ], [ -92.628585191999946, 16.857451049000076, 0.0 ], [ -92.62911824899993, 16.857734032000053, 0.0 ], [ -92.629378526999915, 16.858049633000064, 0.0 ], [ -92.629621178999912, 16.858343860000048, 0.0 ], [ -92.629544948999921, 16.858634580000057, 0.0 ], [ -92.629558629999906, 16.858962939000037, 0.0 ], [ -92.629791279999949, 16.859053179000057, 0.0 ], [ -92.629912308999906, 16.85929383000007, 0.0 ], [ -92.629890579999937, 16.859727221000071, 0.0 ], [ -92.629906938999909, 16.859971460000054, 0.0 ], [ -92.630104487999915, 16.860190001000092, 0.0 ], [ -92.630174259999933, 16.860751830000083, 0.0 ], [ -92.630126569999902, 16.860997620000092, 0.0 ], [ -92.630151489999946, 16.861067, 0.0 ], [ -92.630901089999895, 16.863009580000039, 0.0 ], [ -92.63045601999994, 16.865335080000079, 0.0 ], [ -92.63053564899991, 16.865434119000042, 0.0 ], [ -92.630774602999907, 16.865645886000038, 0.0 ], [ -92.630967067999904, 16.865942969000059, 0.0 ], [ -92.631357364999928, 16.866650074000063, 0.0 ], [ -92.631622971999946, 16.867689522000092, 0.0 ], [ -92.631419139999934, 16.867907993000074, 0.0 ], [ -92.631363911999927, 16.867935875000057, 0.0 ], [ -92.631291743999896, 16.867972308000049, 0.0 ], [ -92.631195859999934, 16.867998051000086, 0.0 ], [ -92.631111706999945, 16.868089209000061, 0.0 ], [ -92.630995870999925, 16.868088585000066, 0.0 ], [ -92.630958068999917, 16.867984317000037, 0.0 ], [ -92.631020974999899, 16.867638284000066, 0.0 ], [ -92.630974644999924, 16.867552538000041, 0.0 ], [ -92.630924656999923, 16.867505816000062, 0.0 ], [ -92.630883570999913, 16.867492722000065, 0.0 ], [ -92.6308107239999, 16.867499008000038, 0.0 ], [ -92.630677176999939, 16.867557050000073, 0.0 ], [ -92.630665670999917, 16.868098935000091, 0.0 ], [ -92.630630210999925, 16.86818093100004, 0.0 ], [ -92.630630024999903, 16.868181363000076, 0.0 ], [ -92.630505865999908, 16.868222719000073, 0.0 ], [ -92.630269497999905, 16.868229333000045, 0.0 ], [ -92.629940090999924, 16.868296810000061, 0.0 ], [ -92.629942354999912, 16.868397285000071, 0.0 ], [ -92.629713948999949, 16.868442574000085, 0.0 ], [ -92.629592829999922, 16.86830754500005, 0.0 ], [ -92.629483319999906, 16.868118109000079, 0.0 ], [ -92.629352354999924, 16.867928670000083, 0.0 ], [ -92.629157473999896, 16.867696103000071, 0.0 ], [ -92.629096706999917, 16.867597008000075, 0.0 ], [ -92.629052116999901, 16.867472715000076, 0.0 ], [ -92.629082971999935, 16.867329760000075, 0.0 ], [ -92.629015932999948, 16.866997650000087, 0.0 ], [ -92.62894622999994, 16.866705616000047, 0.0 ], [ -92.628893325999911, 16.866344623000089, 0.0 ], [ -92.628887256999917, 16.86630320800009, 0.0 ], [ -92.628655531999925, 16.866109372000039, 0.0 ], [ -92.628463389999922, 16.865919201000054, 0.0 ], [ -92.628445599999907, 16.866153252000061, 0.0 ], [ -92.628344955999921, 16.866183836000062, 0.0 ], [ -92.628251930999909, 16.866142104000062, 0.0 ], [ -92.628056981999919, 16.866187647000061, 0.0 ], [ -92.628057836999915, 16.866402599000082, 0.0 ] ] ] } },
{ "type": "Feature", "properties": { "Name": "0706600010095", "FolderPath": "GRS_AGEB_2020.kmz/GRS/07_Chiapas/07_GRS", "SymbolID": 4, "AltMode": 0, "Base": 0.0, "Clamped": -1, "Extruded": 0, "Snippet": null, "Shape_Leng": 0.0036606430213699998, "Shape_Area": 6.1797914445800003e-07, "mpio": "07066", "CVE_Ent": "07", "entidad": "Chiapas", "CVE_Mpio": "07066", "Mpio_1": "Pantelhó", "CVE_Loc": "070660001", "Localidad": "Pantelhó", "CVE_AGEB": "0095", "CVE_Gral": "0706600010095", "Ptob_Tot": 25.0, "Viv_PartCa": 5.0, "Analfa": 18.75, "P6_14_NA_E": 42.857143, "P15_24_NA_": 87.5, "P15M_EBasI": 68.75, "SinDereHab": 44.0, "Viv_Hacina": 40.0, "SinAgua": 0.0, "SinExcu": 0.0, "SinDre": 0.0, "SinEle": 0.0, "ConPTierra": 0.0, "SinLavad": 100.0, "SinRefri": 80.0, "SinTelFijo": 100.0, "SinCelular": 60.0, "SinCompu": 100.0, "SinInterne": 100.0, "GRS20": "Muy alto" }, "geometry": { "type": "Polygon", "coordinates": [ [ [ -92.468689688999916, 17.002376599000058, 0.0 ], [ -92.46863464899991, 17.002527539000084, 0.0 ], [ -92.468570707999902, 17.002756629000089, 0.0 ], [ -92.468536678999897, 17.002820829000086, 0.0 ], [ -92.468328967999923, 17.002785370000083, 0.0 ], [ -92.468200397999908, 17.002774260000081, 0.0 ], [ -92.467819227999939, 17.002821939000057, 0.0 ], [ -92.467326078999918, 17.002961750000054, 0.0 ], [ -92.467244752999932, 17.002603154000042, 0.0 ], [ -92.467243517999918, 17.002597709000042, 0.0 ], [ -92.467563548999919, 17.002515594000045, 0.0 ], [ -92.467710767999904, 17.002477819000092, 0.0 ], [ -92.468143057999896, 17.00218957900006, 0.0 ], [ -92.468689688999916, 17.002376599000058, 0.0 ] ] ] } },
{ "type": "Feature", "properties": { "Name": "0706600010061", "FolderPath": "GRS_AGEB_2020.kmz/GRS/07_Chiapas/07_GRS", "SymbolID": 4, "AltMode": 0, "Base": 0.0, "Clamped": -1, "Extruded": 0, "Snippet": null, "Shape_Leng": 0.050955865608500003, "Shape_Area": 3.8511317933200001e-05, "mpio": "07066", "CVE_Ent": "07", "entidad": "Chiapas", "CVE_Mpio": "07066", "Mpio_1": "Pantelhó", "CVE_Loc": "070660001", "Localidad": "Pantelhó", "CVE_AGEB": "0061", "CVE_Gral": "0706600010061", "Ptob_Tot": 2425.0, "Viv_PartCa": 440.0, "Analfa": 46.702047, "P6_14_NA_E": 36.348409, "P15_24_NA_": 90.060852, "P15M_EBasI": 77.558757, "SinDereHab": 19.532265, "Viv_Hacina": 29.318182, "SinAgua": 10.454545, "SinExcu": 2.045455, "SinDre": 9.545455, "SinEle": 1.590909, "ConPTierra": 16.136364, "SinLavad": 95.909091, "SinRefri": 80.681818, "SinTelFijo": 99.772727, "SinCelular": 54.318182, "SinCompu": 99.545455, "SinInterne": 99.545455, "GRS20": "Muy alto" }, "geometry": { "type": "Polygon", "coordinates": [ [ [ -92.472985029999904, 17.008296379000058, 0.0 ], [ -92.473041079999916, 17.008274750000055, 0.0 ], [ -92.473203719999901, 17.008218799000076, 0.0 ], [ -92.473263379999935, 17.008180909000089, 0.0 ], [ -92.4732946499999, 17.007936620000066, 0.0 ], [ -92.473331739999935, 17.007494030000089, 0.0 ], [ -92.47467077999994, 17.007556349000083, 0.0 ], [ -92.474716139999941, 17.00718143000006, 0.0 ], [ -92.474859819999949, 17.007185089000075, 0.0 ], [ -92.475483229999895, 17.007129339000073, 0.0 ], [ -92.476360519999901, 17.007050829000036, 0.0 ], [ -92.476488049999944, 17.007006540000077, 0.0 ], [ -92.476596919999906, 17.006926480000061, 0.0 ], [ -92.476706519999937, 17.006877429000042, 0.0 ], [ -92.476789629999928, 17.006865819000041, 0.0 ], [ -92.477037799999948, 17.006880709000086, 0.0 ], [ -92.47691059999994, 17.006726539000056, 0.0 ], [ -92.476668419999896, 17.006483180000089, 0.0 ], [ -92.476728479999906, 17.00637289000008, 0.0 ], [ -92.475755139999933, 17.005878920000043, 0.0 ], [ -92.475627309999936, 17.005824460000042, 0.0 ], [ -92.475424229999931, 17.005708950000042, 0.0 ], [ -92.475074459999917, 17.005507819000059, 0.0 ], [ -92.474167979999947, 17.005046460000074, 0.0 ], [ -92.474145479999947, 17.004938539000079, 0.0 ], [ -92.474119579999922, 17.004871680000065, 0.0 ], [ -92.474140779999914, 17.00484791000008, 0.0 ], [ -92.474215709999896, 17.004766249000056, 0.0 ], [ -92.474312939999948, 17.004649940000036, 0.0 ], [ -92.474536419999936, 17.004354019000061, 0.0 ], [ -92.47471953999991, 17.004104139000049, 0.0 ], [ -92.474855309999896, 17.003925549000087, 0.0 ], [ -92.474495519999948, 17.003899599000079, 0.0 ], [ -92.473964199999898, 17.003849939000077, 0.0 ], [ -92.473834149999902, 17.003970289000051, 0.0 ], [ -92.473599539999896, 17.004066229000045, 0.0 ], [ -92.473490489999904, 17.004150429000049, 0.0 ], [ -92.473448109999936, 17.004226860000074, 0.0 ], [ -92.472844829999929, 17.004041550000068, 0.0 ], [ -92.472862379999924, 17.003992340000082, 0.0 ], [ -92.47287616999995, 17.003504320000047, 0.0 ], [ -92.472780449999902, 17.003192549000062, 0.0 ], [ -92.472768169999938, 17.003085339000052, 0.0 ], [ -92.47277873999991, 17.002692320000051, 0.0 ], [ -92.472800309999911, 17.002632739000092, 0.0 ], [ -92.472588689999895, 17.002452450000078, 0.0 ], [ -92.472493449999945, 17.002392059000044, 0.0 ], [ -92.472267849999923, 17.00224711900006, 0.0 ], [ -92.472500969999942, 17.001863879000041, 0.0 ], [ -92.472109119999914, 17.001662310000086, 0.0 ], [ -92.471670709999898, 17.001631509000049, 0.0 ], [ -92.47138936999994, 17.001704450000091, 0.0 ], [ -92.471337779999942, 17.001702679000061, 0.0 ], [ -92.471277169999951, 17.001679120000063, 0.0 ], [ -92.471203859999946, 17.00162983000007, 0.0 ], [ -92.47114844999993, 17.001616279000075, 0.0 ], [ -92.471041709999895, 17.001698779000037, 0.0 ], [ -92.470910309999908, 17.001781339000047, 0.0 ], [ -92.470864, 17.00179717900005, 0.0 ], [ -92.470707659999903, 17.001818459000049, 0.0 ], [ -92.4705866299999, 17.001845199000059, 0.0 ], [ -92.470564249999939, 17.002108050000061, 0.0 ], [ -92.470532449999951, 17.00218545000007, 0.0 ], [ -92.470344749999924, 17.002487980000069, 0.0 ], [ -92.470287949999943, 17.002670740000042, 0.0 ], [ -92.470265089999941, 17.002725550000036, 0.0 ], [ -92.470233259999929, 17.002791579000075, 0.0 ], [ -92.470213079999951, 17.002849280000078, 0.0 ], [ -92.470143139999948, 17.003302830000052, 0.0 ], [ -92.470125349999932, 17.003341599000066, 0.0 ], [ -92.469991709999931, 17.003254340000069, 0.0 ], [ -92.46968851999992, 17.003128480000044, 0.0 ], [ -92.469441599999925, 17.003036140000063, 0.0 ], [ -92.469238059999896, 17.002939720000086, 0.0 ], [ -92.468882629999939, 17.002880429000072, 0.0 ], [ -92.468536678999897, 17.002820829000086, 0.0 ], [ -92.468570707999902, 17.002756629000089, 0.0 ], [ -92.46863464899991, 17.002527539000084, 0.0 ], [ -92.468689688999916, 17.002376599000058, 0.0 ], [ -92.468693689999895, 17.002346800000055, 0.0 ], [ -92.468642689999911, 17.002023179000048, 0.0 ], [ -92.468755689999909, 17.001637369000036, 0.0 ], [ -92.468799259999912, 17.00159326000005, 0.0 ], [ -92.468860689999929, 17.001554120000037, 0.0 ], [ -92.469017319999921, 17.001286819000086, 0.0 ], [ -92.469156829999918, 17.000744289000068, 0.0 ], [ -92.469123769999896, 17.000685259000079, 0.0 ], [ -92.469047479999915, 17.000605969000048, 0.0 ], [ -92.468958289999932, 17.000514850000059, 0.0 ], [ -92.468973629999937, 17.000471139000069, 0.0 ], [ -92.469303719999914, 17.00030675000005, 0.0 ], [ -92.469470179999917, 17.00017943000006, 0.0 ], [ -92.469575649999911, 17.000014090000036, 0.0 ], [ -92.469666629999949, 16.999813019000044, 0.0 ], [ -92.469701779999923, 16.999874509000051, 0.0 ], [ -92.469783819999918, 17.000104349000082, 0.0 ], [ -92.4706943999999, 17.000109429000076, 0.0 ], [ -92.471076749999895, 17.000011230000041, 0.0 ], [ -92.471407489999933, 16.999936620000085, 0.0 ], [ -92.471688349999908, 16.99973630900007, 0.0 ], [ -92.471981519999929, 16.99949661900007, 0.0 ], [ -92.472038489999932, 16.998940319000042, 0.0 ], [ -92.472047889999942, 16.998427709000055, 0.0 ], [ -92.472729799999911, 16.998420089000092, 0.0 ], [ -92.473369289999937, 16.998449619000041, 0.0 ], [ -92.473733, 17.00010142900004, 0.0 ], [ -92.473831803999929, 17.000259047000043, 0.0 ], [ -92.474467438999909, 17.001273043000083, 0.0 ], [ -92.474785649999944, 17.001780660000065, 0.0 ], [ -92.474847859999898, 17.00186331000009, 0.0 ], [ -92.475387999999896, 17.002286689000073, 0.0 ], [ -92.475956229999895, 17.002880080000068, 0.0 ], [ -92.478826489999904, 17.005880709000053, 0.0 ], [ -92.478850889999933, 17.005930979000084, 0.0 ], [ -92.47918921999991, 17.006031029000042, 0.0 ], [ -92.479749249999941, 17.006111649000047, 0.0 ], [ -92.480089059999898, 17.006169859000067, 0.0 ], [ -92.480414049999922, 17.00629291000007, 0.0 ], [ -92.480678259999934, 17.006326630000046, 0.0 ], [ -92.480707249999909, 17.006364119000068, 0.0 ], [ -92.48020970999994, 17.008151149000071, 0.0 ], [ -92.480181399999935, 17.008163140000079, 0.0 ], [ -92.480060599999945, 17.008022060000087, 0.0 ], [ -92.479965079999943, 17.007871340000065, 0.0 ], [ -92.479690369999901, 17.007452060000048, 0.0 ], [ -92.47925381999994, 17.007602539000061, 0.0 ], [ -92.479180139999926, 17.007677619000049, 0.0 ], [ -92.479157289999932, 17.007820719000051, 0.0 ], [ -92.479131059999929, 17.007989740000085, 0.0 ], [ -92.479105829999924, 17.008049320000055, 0.0 ], [ -92.479020029999901, 17.008150460000081, 0.0 ], [ -92.478968919999943, 17.008166460000041, 0.0 ], [ -92.478870489999906, 17.008186910000063, 0.0 ], [ -92.477410551999924, 17.007929897000054, 0.0 ], [ -92.47630930999992, 17.007736019000049, 0.0 ], [ -92.476245829999925, 17.008669680000082, 0.0 ], [ -92.473038549999899, 17.008324519000041, 0.0 ], [ -92.472985029999904, 17.008296379000058, 0.0 ] ] ] } },
{ "type": "Feature", "properties": { "Name": "0706600010076", "FolderPath": "GRS_AGEB_2020.kmz/GRS/07_Chiapas/07_GRS", "SymbolID": 4, "AltMode": 0, "Base": 0.0, "Clamped": -1, "Extruded": 0, "Snippet": null, "Shape_Leng": 0.042116839821900003, "Shape_Area": 4.4219890316200001e-05, "mpio": "07066", "CVE_Ent": "07", "entidad": "Chiapas", "CVE_Mpio": "07066", "Mpio_1": "Pantelhó", "CVE_Loc": "070660001", "Localidad": "Pantelhó", "CVE_AGEB": "0076", "CVE_Gral": "0706600010076", "Ptob_Tot": 3006.0, "Viv_PartCa": 694.0, "Analfa": 27.295661, "P6_14_NA_E": 21.5311, "P15_24_NA_": 79.0, "P15M_EBasI": 60.645812, "SinDereHab": 18.752085, "Viv_Hacina": 17.171717, "SinAgua": 0.288184, "SinExcu": 0.144092, "SinDre": 2.881844, "SinEle": 1.731602, "ConPTierra": 8.501441, "SinLavad": 82.828283, "SinRefri": 53.602305, "SinTelFijo": 97.550432, "SinCelular": 37.752161, "SinCompu": 96.685879, "SinInterne": 98.412698, "GRS20": "Muy alto" }, "geometry": { "type": "Polygon", "coordinates": [ [ [ -92.463274879999915, 17.010060920000058, 0.0 ], [ -92.463358049999897, 17.00993802000005, 0.0 ], [ -92.463625969999896, 17.00962105900004, 0.0 ], [ -92.463780089999943, 17.009422519000054, 0.0 ], [ -92.463828349999915, 17.009097569000062, 0.0 ], [ -92.464078, 17.009134509000091, 0.0 ], [ -92.464284599999928, 17.009250569000073, 0.0 ], [ -92.464397909999946, 17.009321460000081, 0.0 ], [ -92.464651859999947, 17.009483680000073, 0.0 ], [ -92.464955649999922, 17.009117140000058, 0.0 ], [ -92.464978859999917, 17.009082679000073, 0.0 ], [ -92.465551969999922, 17.008420849000061, 0.0 ], [ -92.465885119999939, 17.008039140000051, 0.0 ], [ -92.46609597999992, 17.007874310000091, 0.0 ], [ -92.466553569999917, 17.007548629000041, 0.0 ], [ -92.466812569999945, 17.00737667900006, 0.0 ], [ -92.466990349999946, 17.007291120000048, 0.0 ], [ -92.467083939999895, 17.007267149000086, 0.0 ], [ -92.467262689999927, 17.007220219000089, 0.0 ], [ -92.467264019999902, 17.007138480000037, 0.0 ], [ -92.467311249999909, 17.00708429000008, 0.0 ], [ -92.467479919999903, 17.006888219000075, 0.0 ], [ -92.467894399999921, 17.006593949000091, 0.0 ], [ -92.467969249999896, 17.006455059000075, 0.0 ], [ -92.468020689999946, 17.006447109000078, 0.0 ], [ -92.468561109999939, 17.006481399000052, 0.0 ], [ -92.468597019999947, 17.006088719000047, 0.0 ], [ -92.468619549999914, 17.005989850000049, 0.0 ], [ -92.468700459999923, 17.005992569000057, 0.0 ], [ -92.469166049999899, 17.006073860000072, 0.0 ], [ -92.469212219999918, 17.006083739000076, 0.0 ], [ -92.469865849999906, 17.006186419000073, 0.0 ], [ -92.470583219999924, 17.00517958000006, 0.0 ], [ -92.471198569999899, 17.00430011900005, 0.0 ], [ -92.471312489999946, 17.004136479000067, 0.0 ], [ -92.471626139999898, 17.003704879000054, 0.0 ], [ -92.47234390999995, 17.002649280000071, 0.0 ], [ -92.472493449999945, 17.002392059000044, 0.0 ], [ -92.472588689999895, 17.002452450000078, 0.0 ], [ -92.472800309999911, 17.002632739000092, 0.0 ], [ -92.47277873999991, 17.002692320000051, 0.0 ], [ -92.472768169999938, 17.003085339000052, 0.0 ], [ -92.472780449999902, 17.003192549000062, 0.0 ], [ -92.47287616999995, 17.003504320000047, 0.0 ], [ -92.472862379999924, 17.003992340000082, 0.0 ], [ -92.472844829999929, 17.004041550000068, 0.0 ], [ -92.473448109999936, 17.004226860000074, 0.0 ], [ -92.473490489999904, 17.004150429000049, 0.0 ], [ -92.473599539999896, 17.004066229000045, 0.0 ], [ -92.473834149999902, 17.003970289000051, 0.0 ], [ -92.473964199999898, 17.003849939000077, 0.0 ], [ -92.474495519999948, 17.003899599000079, 0.0 ], [ -92.474855309999896, 17.003925549000087, 0.0 ], [ -92.47471953999991, 17.004104139000049, 0.0 ], [ -92.474536419999936, 17.004354019000061, 0.0 ], [ -92.474312939999948, 17.004649940000036, 0.0 ], [ -92.474215709999896, 17.004766249000056, 0.0 ], [ -92.474140779999914, 17.00484791000008, 0.0 ], [ -92.474119579999922, 17.004871680000065, 0.0 ], [ -92.474145479999947, 17.004938539000079, 0.0 ], [ -92.474167979999947, 17.005046460000074, 0.0 ], [ -92.475074459999917, 17.005507819000059, 0.0 ], [ -92.475424229999931, 17.005708950000042, 0.0 ], [ -92.475627309999936, 17.005824460000042, 0.0 ], [ -92.475755139999933, 17.005878920000043, 0.0 ], [ -92.476728479999906, 17.00637289000008, 0.0 ], [ -92.476668419999896, 17.006483180000089, 0.0 ], [ -92.47691059999994, 17.006726539000056, 0.0 ], [ -92.477037799999948, 17.006880709000086, 0.0 ], [ -92.476789629999928, 17.006865819000041, 0.0 ], [ -92.476706519999937, 17.006877429000042, 0.0 ], [ -92.476596919999906, 17.006926480000061, 0.0 ], [ -92.476488049999944, 17.007006540000077, 0.0 ], [ -92.476360519999901, 17.007050829000036, 0.0 ], [ -92.475483229999895, 17.007129339000073, 0.0 ], [ -92.474859819999949, 17.007185089000075, 0.0 ], [ -92.474716139999941, 17.00718143000006, 0.0 ], [ -92.47467077999994, 17.007556349000083, 0.0 ], [ -92.473331739999935, 17.007494030000089, 0.0 ], [ -92.4732946499999, 17.007936620000066, 0.0 ], [ -92.473263379999935, 17.008180909000089, 0.0 ], [ -92.473203719999901, 17.008218799000076, 0.0 ], [ -92.473041079999916, 17.008274750000055, 0.0 ], [ -92.472985029999904, 17.008296379000058, 0.0 ], [ -92.472914979999928, 17.008353680000084, 0.0 ], [ -92.472808419999922, 17.00850328000007, 0.0 ], [ -92.472732279999946, 17.008651519000068, 0.0 ], [ -92.472708909999938, 17.008846400000039, 0.0 ], [ -92.472788249999951, 17.009167890000072, 0.0 ], [ -92.472843739999917, 17.009622490000083, 0.0 ], [ -92.472819489999949, 17.009749519000081, 0.0 ], [ -92.472859049999897, 17.009927520000076, 0.0 ], [ -92.472687, 17.009922420000066, 0.0 ], [ -92.47250054999995, 17.009549230000061, 0.0 ], [ -92.472245309999948, 17.00912037900008, 0.0 ], [ -92.472093539999946, 17.008661520000089, 0.0 ], [ -92.472001649999925, 17.008451539000077, 0.0 ], [ -92.471601309999926, 17.008431629000086, 0.0 ], [ -92.47144378899992, 17.008495240000059, 0.0 ], [ -92.47055021999995, 17.008856079000054, 0.0 ], [ -92.470470199999909, 17.009034169000074, 0.0 ], [ -92.47050596999992, 17.009819079000067, 0.0 ], [ -92.470438279999939, 17.010239979000062, 0.0 ], [ -92.470305369999949, 17.010489999000072, 0.0 ], [ -92.470188212999915, 17.010556320000092, 0.0 ], [ -92.47004174999995, 17.010639230000038, 0.0 ], [ -92.46875254999992, 17.010704, 0.0 ], [ -92.468459019999898, 17.010560230000067, 0.0 ], [ -92.468425649999915, 17.010667169000044, 0.0 ], [ -92.4683567699999, 17.010754749000057, 0.0 ], [ -92.468162249999921, 17.010852030000081, 0.0 ], [ -92.46789334999994, 17.011013689000038, 0.0 ], [ -92.467791479999903, 17.011019249000071, 0.0 ], [ -92.467753769999945, 17.011011150000058, 0.0 ], [ -92.4673143199999, 17.010716020000075, 0.0 ], [ -92.466932539999902, 17.010769619000087, 0.0 ], [ -92.46675297999991, 17.010866450000037, 0.0 ], [ -92.466467569999907, 17.01076960000006, 0.0 ], [ -92.466389549999917, 17.010778139000081, 0.0 ], [ -92.466139349999935, 17.010812979000036, 0.0 ], [ -92.46585910999994, 17.010814630000084, 0.0 ], [ -92.465268119999905, 17.010941019000086, 0.0 ], [ -92.464729919999911, 17.010875919000057, 0.0 ], [ -92.464397859999906, 17.010822379000047, 0.0 ], [ -92.464320949999944, 17.01078866000006, 0.0 ], [ -92.464245339999934, 17.010751169000059, 0.0 ], [ -92.463855702999922, 17.010484600000041, 0.0 ], [ -92.463281399999914, 17.010091690000081, 0.0 ], [ -92.463274879999915, 17.010060920000058, 0.0 ] ] ] } },
{ "type": "Feature", "properties": { "Name": "0706600010080", "FolderPath": "GRS_AGEB_2020.kmz/GRS/07_Chiapas/07_GRS", "SymbolID": 4, "AltMode": 0, "Base": 0.0, "Clamped": -1, "Extruded": 0, "Snippet": null, "Shape_Leng": 0.0325563541456, "Shape_Area": 3.3888070257800003e-05, "mpio": "07066", "CVE_Ent": "07", "entidad": "Chiapas", "CVE_Mpio": "07066", "Mpio_1": "Pantelhó", "CVE_Loc": "070660001", "Localidad": "Pantelhó", "CVE_AGEB": "0080", "CVE_Gral": "0706600010080", "Ptob_Tot": 3173.0, "Viv_PartCa": 654.0, "Analfa": 36.947585, "P6_14_NA_E": 24.566088, "P15_24_NA_": 85.333333, "P15M_EBasI": 72.199383, "SinDereHab": 18.499842, "Viv_Hacina": 21.712538, "SinAgua": 0.30581, "SinExcu": 0.458716, "SinDre": 2.599388, "SinEle": 0.458716, "ConPTierra": 9.327217, "SinLavad": 93.425076, "SinRefri": 74.464832, "SinTelFijo": 97.859327, "SinCelular": 60.397554, "SinCompu": 98.012232, "SinInterne": 99.541284, "GRS20": "Muy alto" }, "geometry": { "type": "Polygon", "coordinates": [ [ [ -92.463255939999897, 17.00590801900006, 0.0 ], [ -92.463473449999924, 17.00571460000009, 0.0 ], [ -92.463648969999895, 17.005559949000087, 0.0 ], [ -92.464099089999934, 17.005441110000049, 0.0 ], [ -92.46423797999995, 17.005399780000062, 0.0 ], [ -92.464337859999944, 17.005345859000045, 0.0 ], [ -92.464526165999928, 17.005220224000084, 0.0 ], [ -92.464568139999926, 17.005192219000037, 0.0 ], [ -92.464916829999936, 17.004911600000071, 0.0 ], [ -92.465037679999909, 17.004771910000045, 0.0 ], [ -92.465127179999911, 17.004548199000055, 0.0 ], [ -92.465155619999905, 17.004463719000057, 0.0 ], [ -92.465273509999918, 17.004184149000082, 0.0 ], [ -92.465341140999897, 17.00404695900005, 0.0 ], [ -92.465396249999912, 17.003935170000091, 0.0 ], [ -92.465413629999944, 17.003705109000066, 0.0 ], [ -92.465383489999908, 17.003629980000085, 0.0 ], [ -92.46521939999991, 17.003383599000074, 0.0 ], [ -92.465202309999938, 17.003300179000064, 0.0 ], [ -92.465219849999926, 17.003229350000083, 0.0 ], [ -92.465291779999916, 17.00314884900007, 0.0 ], [ -92.465449919999912, 17.003138249000074, 0.0 ], [ -92.465874429999928, 17.003306120000047, 0.0 ], [ -92.466010449999942, 17.003346279000084, 0.0 ], [ -92.466141029999903, 17.003348509000091, 0.0 ], [ -92.466357969999933, 17.003307379000091, 0.0 ], [ -92.466459150999924, 17.003266497000084, 0.0 ], [ -92.466726979999919, 17.003158279000047, 0.0 ], [ -92.467299369999921, 17.002967229000092, 0.0 ], [ -92.467326078999918, 17.002961750000054, 0.0 ], [ -92.467819227999939, 17.002821939000057, 0.0 ], [ -92.468200397999908, 17.002774260000081, 0.0 ], [ -92.468328967999923, 17.002785370000083, 0.0 ], [ -92.468536678999897, 17.002820829000086, 0.0 ], [ -92.468882629999939, 17.002880429000072, 0.0 ], [ -92.469238059999896, 17.002939720000086, 0.0 ], [ -92.469441599999925, 17.003036140000063, 0.0 ], [ -92.46968851999992, 17.003128480000044, 0.0 ], [ -92.469991709999931, 17.003254340000069, 0.0 ], [ -92.470125349999932, 17.003341599000066, 0.0 ], [ -92.470143139999948, 17.003302830000052, 0.0 ], [ -92.470213079999951, 17.002849280000078, 0.0 ], [ -92.470233259999929, 17.002791579000075, 0.0 ], [ -92.470265089999941, 17.002725550000036, 0.0 ], [ -92.470287949999943, 17.002670740000042, 0.0 ], [ -92.470344749999924, 17.002487980000069, 0.0 ], [ -92.470532449999951, 17.00218545000007, 0.0 ], [ -92.470564249999939, 17.002108050000061, 0.0 ], [ -92.4705866299999, 17.001845199000059, 0.0 ], [ -92.470707659999903, 17.001818459000049, 0.0 ], [ -92.470864, 17.00179717900005, 0.0 ], [ -92.470910309999908, 17.001781339000047, 0.0 ], [ -92.471041709999895, 17.001698779000037, 0.0 ], [ -92.47114844999993, 17.001616279000075, 0.0 ], [ -92.471203859999946, 17.00162983000007, 0.0 ], [ -92.471277169999951, 17.001679120000063, 0.0 ], [ -92.471337779999942, 17.001702679000061, 0.0 ], [ -92.47138936999994, 17.001704450000091, 0.0 ], [ -92.471670709999898, 17.001631509000049, 0.0 ], [ -92.472109119999914, 17.001662310000086, 0.0 ], [ -92.472500969999942, 17.001863879000041, 0.0 ], [ -92.472267849999923, 17.00224711900006, 0.0 ], [ -92.472493449999945, 17.002392059000044, 0.0 ], [ -92.47234390999995, 17.002649280000071, 0.0 ], [ -92.471626139999898, 17.003704879000054, 0.0 ], [ -92.471312489999946, 17.004136479000067, 0.0 ], [ -92.471198569999899, 17.00430011900005, 0.0 ], [ -92.470583219999924, 17.00517958000006, 0.0 ], [ -92.469865849999906, 17.006186419000073, 0.0 ], [ -92.469212219999918, 17.006083739000076, 0.0 ], [ -92.469166049999899, 17.006073860000072, 0.0 ], [ -92.468700459999923, 17.005992569000057, 0.0 ], [ -92.468619549999914, 17.005989850000049, 0.0 ], [ -92.468597019999947, 17.006088719000047, 0.0 ], [ -92.468561109999939, 17.006481399000052, 0.0 ], [ -92.468020689999946, 17.006447109000078, 0.0 ], [ -92.467969249999896, 17.006455059000075, 0.0 ], [ -92.467894399999921, 17.006593949000091, 0.0 ], [ -92.467479919999903, 17.006888219000075, 0.0 ], [ -92.467311249999909, 17.00708429000008, 0.0 ], [ -92.467264019999902, 17.007138480000037, 0.0 ], [ -92.467262689999927, 17.007220219000089, 0.0 ], [ -92.467083939999895, 17.007267149000086, 0.0 ], [ -92.466990349999946, 17.007291120000048, 0.0 ], [ -92.466812569999945, 17.00737667900006, 0.0 ], [ -92.466553569999917, 17.007548629000041, 0.0 ], [ -92.46609597999992, 17.007874310000091, 0.0 ], [ -92.465885119999939, 17.008039140000051, 0.0 ], [ -92.465551969999922, 17.008420849000061, 0.0 ], [ -92.464978859999917, 17.009082679000073, 0.0 ], [ -92.464955649999922, 17.009117140000058, 0.0 ], [ -92.464651859999947, 17.009483680000073, 0.0 ], [ -92.464397909999946, 17.009321460000081, 0.0 ], [ -92.464284599999928, 17.009250569000073, 0.0 ], [ -92.464078, 17.009134509000091, 0.0 ], [ -92.463828349999915, 17.009097569000062, 0.0 ], [ -92.463780089999943, 17.009422519000054, 0.0 ], [ -92.463625969999896, 17.00962105900004, 0.0 ], [ -92.463358049999897, 17.00993802000005, 0.0 ], [ -92.463274879999915, 17.010060920000058, 0.0 ], [ -92.46293610999993, 17.008321260000059, 0.0 ], [ -92.462904109999897, 17.008279940000079, 0.0 ], [ -92.462280059999898, 17.00782693900004, 0.0 ], [ -92.462268879999897, 17.007768429000066, 0.0 ], [ -92.462252369999931, 17.007672599000045, 0.0 ], [ -92.462252979999903, 17.007535429000086, 0.0 ], [ -92.462413919999904, 17.007480679000082, 0.0 ], [ -92.462621649999903, 17.007519720000062, 0.0 ], [ -92.462782309999909, 17.007445089000043, 0.0 ], [ -92.462934379999922, 17.007337109000048, 0.0 ], [ -92.463031169999908, 17.007229080000059, 0.0 ], [ -92.463043279999908, 17.007176650000076, 0.0 ], [ -92.463043459999938, 17.007109950000086, 0.0 ], [ -92.463017539999896, 17.007076540000071, 0.0 ], [ -92.462922259999914, 17.007030430000043, 0.0 ], [ -92.46280097999994, 17.006980080000062, 0.0 ], [ -92.4626637799999, 17.006787340000074, 0.0 ], [ -92.462655339999912, 17.006744280000078, 0.0 ], [ -92.462628029999905, 17.006632170000046, 0.0 ], [ -92.462719719999939, 17.006379550000077, 0.0 ], [ -92.463255939999897, 17.00590801900006, 0.0 ] ] ] } },
{ "type": "Feature", "properties": { "Name": "070820001007A", "FolderPath": "GRS_AGEB_2020.kmz/GRS/07_Chiapas/07_GRS", "SymbolID": 4, "AltMode": 0, "Base": 0.0, "Clamped": -1, "Extruded": 0, "Snippet": null, "Shape_Leng": 0.0312653708562, "Shape_Area": 3.0370567825100001e-05, "mpio": "07082", "CVE_Ent": "07", "entidad": "Chiapas", "CVE_Mpio": "07082", "Mpio_1": "Sitalá", "CVE_Loc": "070820001", "Localidad": "Sitalá", "CVE_AGEB": "007A", "CVE_Gral": "070820001007A", "Ptob_Tot": 344.0, "Viv_PartCa": 89.0, "Analfa": 20.833333, "P6_14_NA_E": 10.447761, "P15_24_NA_": 37.735849, "P15M_EBasI": 54.166667, "SinDereHab": 2.040816, "Viv_Hacina": 8.988764, "SinAgua": 6.741573, "SinExcu": 4.494382, "SinDre": 3.370787, "SinEle": 2.247191, "ConPTierra": 11.235955, "SinLavad": 62.921348, "SinRefri": 35.955056, "SinTelFijo": 100.0, "SinCelular": 28.089888, "SinCompu": 89.88764, "SinInterne": 92.134831, "GRS20": "Muy alto" }, "geometry": { "type": "Polygon", "coordinates": [ [ [ -92.304005829999937, 17.022928199000091, 0.0 ], [ -92.304125, 17.022859489000041, 0.0 ], [ -92.304296619999946, 17.022740419000058, 0.0 ], [ -92.304354719999935, 17.022495369000069, 0.0 ], [ -92.304407319999939, 17.022328549000065, 0.0 ], [ -92.304583749999949, 17.02214359900006, 0.0 ], [ -92.304987289999929, 17.021861629000057, 0.0 ], [ -92.305161279999936, 17.021791679000046, 0.0 ], [ -92.305293949999907, 17.021738319000065, 0.0 ], [ -92.305634979999923, 17.021504679000088, 0.0 ], [ -92.305737109999939, 17.021493629000076, 0.0 ], [ -92.305775449999942, 17.021520489000068, 0.0 ], [ -92.305772689999912, 17.02169702000009, 0.0 ], [ -92.305763649999903, 17.021860660000073, 0.0 ], [ -92.305752219999931, 17.021920399000066, 0.0 ], [ -92.305734429999916, 17.021986919000085, 0.0 ], [ -92.305724539999915, 17.022036660000083, 0.0 ], [ -92.305734629999904, 17.022156549000044, 0.0 ], [ -92.30585501999991, 17.022261229000037, 0.0 ], [ -92.305850549999946, 17.022343090000049, 0.0 ], [ -92.305782689999944, 17.022364780000089, 0.0 ], [ -92.305732339999906, 17.022432349000042, 0.0 ], [ -92.30568416999995, 17.022492770000042, 0.0 ], [ -92.305641909999906, 17.022551319000058, 0.0 ], [ -92.305618779999918, 17.022592049000082, 0.0 ], [ -92.305615379999949, 17.022739079000075, 0.0 ], [ -92.305641849999915, 17.023025659000041, 0.0 ], [ -92.30567082999994, 17.023096230000078, 0.0 ], [ -92.305893289999915, 17.023161749000053, 0.0 ], [ -92.305868289999921, 17.023830519000057, 0.0 ], [ -92.305827079999915, 17.023927320000041, 0.0 ], [ -92.305614799999944, 17.024217380000039, 0.0 ], [ -92.305382509999902, 17.024356719000082, 0.0 ], [ -92.305707259999906, 17.025029619000065, 0.0 ], [ -92.305729719999931, 17.025071849000085, 0.0 ], [ -92.305797779999921, 17.025194479000049, 0.0 ], [ -92.305931349999923, 17.025413890000038, 0.0 ], [ -92.305837459999907, 17.025469219000058, 0.0 ], [ -92.305764429999897, 17.025504340000055, 0.0 ], [ -92.305723849999936, 17.025527910000051, 0.0 ], [ -92.305478919999928, 17.025670679000086, 0.0 ], [ -92.305450059999941, 17.025685799000087, 0.0 ], [ -92.305393149999929, 17.02572237000004, 0.0 ], [ -92.30531211999994, 17.025771830000053, 0.0 ], [ -92.305240059999903, 17.025815970000053, 0.0 ], [ -92.305346219999933, 17.026050509000072, 0.0 ], [ -92.305380249999928, 17.026132309000047, 0.0 ], [ -92.305405859999951, 17.026195770000072, 0.0 ], [ -92.30545221999995, 17.026289690000056, 0.0 ], [ -92.305832679999924, 17.027086889000088, 0.0 ], [ -92.305857279999941, 17.02713839900008, 0.0 ], [ -92.306238109999924, 17.027046749000078, 0.0 ], [ -92.306350369999905, 17.027013379000039, 0.0 ], [ -92.306437599999924, 17.026993049000055, 0.0 ], [ -92.306862849999902, 17.026885089000075, 0.0 ], [ -92.306567279999911, 17.027572479000071, 0.0 ], [ -92.306321829999945, 17.02810934900009, 0.0 ], [ -92.30593327999992, 17.027332859000069, 0.0 ], [ -92.305644819999941, 17.027462079000088, 0.0 ], [ -92.305431109999915, 17.027672889000087, 0.0 ], [ -92.305407419999938, 17.027819970000053, 0.0 ], [ -92.305413179999903, 17.027985630000046, 0.0 ], [ -92.305452879999905, 17.028198520000046, 0.0 ], [ -92.305403859999899, 17.028346739000085, 0.0 ], [ -92.30519948999995, 17.028497479000066, 0.0 ], [ -92.305158459999916, 17.028691950000052, 0.0 ], [ -92.305081449999932, 17.02881952000007, 0.0 ], [ -92.304976259999933, 17.028733679000084, 0.0 ], [ -92.304488939999942, 17.028560999000092, 0.0 ], [ -92.303066829999921, 17.028679490000059, 0.0 ], [ -92.302090319999934, 17.029108020000081, 0.0 ], [ -92.301714319999917, 17.028984140000091, 0.0 ], [ -92.301455429999919, 17.028594180000084, 0.0 ], [ -92.30138884999991, 17.02861278000006, 0.0 ], [ -92.301223479999919, 17.028686, 0.0 ], [ -92.301146779999897, 17.02866632000007, 0.0 ], [ -92.30106227999994, 17.028670620000071, 0.0 ], [ -92.300970419999942, 17.02869490900008, 0.0 ], [ -92.30084219999992, 17.028783919000091, 0.0 ], [ -92.300769579999951, 17.028866379000078, 0.0 ], [ -92.300725449999902, 17.02893847900009, 0.0 ], [ -92.30067688999992, 17.028951660000075, 0.0 ], [ -92.300641779999921, 17.028939090000051, 0.0 ], [ -92.300614909999922, 17.028903880000087, 0.0 ], [ -92.300647349999906, 17.028825380000058, 0.0 ], [ -92.300709709999921, 17.028690919000042, 0.0 ], [ -92.300738219999914, 17.028508830000078, 0.0 ], [ -92.300716889999933, 17.028416370000059, 0.0 ], [ -92.300643019999939, 17.028165139000066, 0.0 ], [ -92.300624659999926, 17.028041060000078, 0.0 ], [ -92.300729259999912, 17.027870229000087, 0.0 ], [ -92.301031779999903, 17.027780709000069, 0.0 ], [ -92.301305679999928, 17.027608349000047, 0.0 ], [ -92.301434779999909, 17.027440780000063, 0.0 ], [ -92.30162262999994, 17.02730776900006, 0.0 ], [ -92.301844419999895, 17.02722157900007, 0.0 ], [ -92.301519369999937, 17.027235030000043, 0.0 ], [ -92.301258849999897, 17.027331740000079, 0.0 ], [ -92.301117369999929, 17.027343319000067, 0.0 ], [ -92.300939, 17.027215249000051, 0.0 ], [ -92.300724799999898, 17.027095749000068, 0.0 ], [ -92.300528769999914, 17.026844340000082, 0.0 ], [ -92.300397829999895, 17.026788450000083, 0.0 ], [ -92.300275819999911, 17.026822090000053, 0.0 ], [ -92.300119019999897, 17.02689919900007, 0.0 ], [ -92.29997101999993, 17.026942490000067, 0.0 ], [ -92.299735489999932, 17.026925080000069, 0.0 ], [ -92.300005459999909, 17.026639690000081, 0.0 ], [ -92.300051829999916, 17.026444199000082, 0.0 ], [ -92.300163079999948, 17.026252940000063, 0.0 ], [ -92.300113599999918, 17.02625204900005, 0.0 ], [ -92.300199149999912, 17.02601381900007, 0.0 ], [ -92.300131519999923, 17.025840380000091, 0.0 ], [ -92.300171429999921, 17.025332740000067, 0.0 ], [ -92.29999590999995, 17.025065429000051, 0.0 ], [ -92.299935569999946, 17.024770379000074, 0.0 ], [ -92.300111489999949, 17.024524049000036, 0.0 ], [ -92.301008119999949, 17.024118079000061, 0.0 ], [ -92.301319879999937, 17.023934800000063, 0.0 ], [ -92.301843119999944, 17.023353229000065, 0.0 ], [ -92.302400049999903, 17.023179969000068, 0.0 ], [ -92.302666779999925, 17.023066399000072, 0.0 ], [ -92.303257019999933, 17.02300008900005, 0.0 ], [ -92.30353477999995, 17.022969430000046, 0.0 ], [ -92.303714949999915, 17.022950089000062, 0.0 ], [ -92.304005829999937, 17.022928199000091, 0.0 ] ] ] } },
{ "type": "Feature", "properties": { "Name": "0708200010031", "FolderPath": "GRS_AGEB_2020.kmz/GRS/07_Chiapas/07_GRS", "SymbolID": 4, "AltMode": 0, "Base": 0.0, "Clamped": -1, "Extruded": 0, "Snippet": null, "Shape_Leng": 0.033409305145599998, "Shape_Area": 2.36522648174e-05, "mpio": "07082", "CVE_Ent": "07", "entidad": "Chiapas", "CVE_Mpio": "07082", "Mpio_1": "Sitalá", "CVE_Loc": "070820001", "Localidad": "Sitalá", "CVE_AGEB": "0031", "CVE_Gral": "0708200010031", "Ptob_Tot": 755.0, "Viv_PartCa": 199.0, "Analfa": 20.467836, "P6_14_NA_E": 9.333333, "P15_24_NA_": 51.485149, "P15M_EBasI": 61.793372, "SinDereHab": 15.579228, "Viv_Hacina": 7.537688, "SinAgua": 18.592965, "SinExcu": 4.020101, "SinDre": 3.517588, "SinEle": 0.502513, "ConPTierra": 9.547739, "SinLavad": 66.834171, "SinRefri": 37.18593, "SinTelFijo": 99.497487, "SinCelular": 36.683417, "SinCompu": 90.452261, "SinInterne": 88.442211, "GRS20": "Muy alto" }, "geometry": { "type": "Polygon", "coordinates": [ [ [ -92.306862849999902, 17.026885089000075, 0.0 ], [ -92.306437599999924, 17.026993049000055, 0.0 ], [ -92.306350369999905, 17.027013379000039, 0.0 ], [ -92.306238109999924, 17.027046749000078, 0.0 ], [ -92.305857279999941, 17.02713839900008, 0.0 ], [ -92.305832679999924, 17.027086889000088, 0.0 ], [ -92.30545221999995, 17.026289690000056, 0.0 ], [ -92.305405859999951, 17.026195770000072, 0.0 ], [ -92.305380249999928, 17.026132309000047, 0.0 ], [ -92.305346219999933, 17.026050509000072, 0.0 ], [ -92.305240059999903, 17.025815970000053, 0.0 ], [ -92.30531211999994, 17.025771830000053, 0.0 ], [ -92.305393149999929, 17.02572237000004, 0.0 ], [ -92.305450059999941, 17.025685799000087, 0.0 ], [ -92.305478919999928, 17.025670679000086, 0.0 ], [ -92.305723849999936, 17.025527910000051, 0.0 ], [ -92.305764429999897, 17.025504340000055, 0.0 ], [ -92.305837459999907, 17.025469219000058, 0.0 ], [ -92.305931349999923, 17.025413890000038, 0.0 ], [ -92.305797779999921, 17.025194479000049, 0.0 ], [ -92.305729719999931, 17.025071849000085, 0.0 ], [ -92.305707259999906, 17.025029619000065, 0.0 ], [ -92.305382509999902, 17.024356719000082, 0.0 ], [ -92.305614799999944, 17.024217380000039, 0.0 ], [ -92.305827079999915, 17.023927320000041, 0.0 ], [ -92.305868289999921, 17.023830519000057, 0.0 ], [ -92.305893289999915, 17.023161749000053, 0.0 ], [ -92.30567082999994, 17.023096230000078, 0.0 ], [ -92.305641849999915, 17.023025659000041, 0.0 ], [ -92.305615379999949, 17.022739079000075, 0.0 ], [ -92.305618779999918, 17.022592049000082, 0.0 ], [ -92.305641909999906, 17.022551319000058, 0.0 ], [ -92.30568416999995, 17.022492770000042, 0.0 ], [ -92.305732339999906, 17.022432349000042, 0.0 ], [ -92.305782689999944, 17.022364780000089, 0.0 ], [ -92.305850549999946, 17.022343090000049, 0.0 ], [ -92.30585501999991, 17.022261229000037, 0.0 ], [ -92.305734629999904, 17.022156549000044, 0.0 ], [ -92.305724539999915, 17.022036660000083, 0.0 ], [ -92.305734429999916, 17.021986919000085, 0.0 ], [ -92.305752219999931, 17.021920399000066, 0.0 ], [ -92.305763649999903, 17.021860660000073, 0.0 ], [ -92.305945019999911, 17.021883249000041, 0.0 ], [ -92.305984359999911, 17.021885417000078, 0.0 ], [ -92.306098019999922, 17.021891679000078, 0.0 ], [ -92.306159739999941, 17.021872030000054, 0.0 ], [ -92.306396095999901, 17.021678628000075, 0.0 ], [ -92.306452689999901, 17.021632319000048, 0.0 ], [ -92.306430709999916, 17.021852280000076, 0.0 ], [ -92.306465339999932, 17.022109689000047, 0.0 ], [ -92.306604889999903, 17.022409509000056, 0.0 ], [ -92.306774339999947, 17.02264566000008, 0.0 ], [ -92.306737379999902, 17.022940149000078, 0.0 ], [ -92.307353519999936, 17.023029029000043, 0.0 ], [ -92.307860509999898, 17.023084090000054, 0.0 ], [ -92.308290969999916, 17.023157480000066, 0.0 ], [ -92.30887477999994, 17.023310080000044, 0.0 ], [ -92.309189819999915, 17.023319879000042, 0.0 ], [ -92.309363569999903, 17.023320059000071, 0.0 ], [ -92.309499429999903, 17.023297080000077, 0.0 ], [ -92.309769459999927, 17.023261260000083, 0.0 ], [ -92.309755619999919, 17.023361230000091, 0.0 ], [ -92.309608649999916, 17.023719619000076, 0.0 ], [ -92.310317289999944, 17.023798550000038, 0.0 ], [ -92.3097596799999, 17.024637430000041, 0.0 ], [ -92.309616579999897, 17.024857090000069, 0.0 ], [ -92.30971239999991, 17.024880689000042, 0.0 ], [ -92.309514779999915, 17.025412490000065, 0.0 ], [ -92.310026709999931, 17.025615970000047, 0.0 ], [ -92.310520089999898, 17.02586043000008, 0.0 ], [ -92.310605979999934, 17.025879260000067, 0.0 ], [ -92.310806949999915, 17.025802620000036, 0.0 ], [ -92.31085491999994, 17.025757859000066, 0.0 ], [ -92.311147819999917, 17.025790910000069, 0.0 ], [ -92.311915064999937, 17.025930667000068, 0.0 ], [ -92.312033629999917, 17.025826369000072, 0.0 ], [ -92.312104004999924, 17.025668740000071, 0.0 ], [ -92.312198489999901, 17.025457109000058, 0.0 ], [ -92.312299479999922, 17.025376630000039, 0.0 ], [ -92.31242181999994, 17.025177370000051, 0.0 ], [ -92.31253696999994, 17.025142579000089, 0.0 ], [ -92.31274561999993, 17.025146889000041, 0.0 ], [ -92.312874619999945, 17.02512554000009, 0.0 ], [ -92.31301813999994, 17.025045860000091, 0.0 ], [ -92.313246879999895, 17.024792980000086, 0.0 ], [ -92.313343689999897, 17.024583310000082, 0.0 ], [ -92.313409509999929, 17.024405369000078, 0.0 ], [ -92.313835919999917, 17.024468089000038, 0.0 ], [ -92.31389779999995, 17.024575570000081, 0.0 ], [ -92.313836029999948, 17.024746630000038, 0.0 ], [ -92.313656709999918, 17.024918180000043, 0.0 ], [ -92.313574279999898, 17.025150849000056, 0.0 ], [ -92.313541727999905, 17.025629758000036, 0.0 ], [ -92.313505489999898, 17.02616290900005, 0.0 ], [ -92.313308219999897, 17.026948799000081, 0.0 ], [ -92.312982119999901, 17.027141830000062, 0.0 ], [ -92.312888296999915, 17.027219928000079, 0.0 ], [ -92.312811119999935, 17.027284170000087, 0.0 ], [ -92.312604199999896, 17.027531220000071, 0.0 ], [ -92.312581684999941, 17.027550333000079, 0.0 ], [ -92.312505719999933, 17.027614819000064, 0.0 ], [ -92.312234489999923, 17.027765050000085, 0.0 ], [ -92.311771139999905, 17.028128980000076, 0.0 ], [ -92.311487848999946, 17.028207506000058, 0.0 ], [ -92.310920819999922, 17.028364680000038, 0.0 ], [ -92.310874619999936, 17.028365520000079, 0.0 ], [ -92.310814379999897, 17.028143630000045, 0.0 ], [ -92.310763229999907, 17.028039890000059, 0.0 ], [ -92.310634029999903, 17.02792744900006, 0.0 ], [ -92.310377889999927, 17.027783119000048, 0.0 ], [ -92.309999579999896, 17.027488659000085, 0.0 ], [ -92.309694339999908, 17.027273860000037, 0.0 ], [ -92.309520319999933, 17.027118569000038, 0.0 ], [ -92.30915277999992, 17.026852219000091, 0.0 ], [ -92.309061479999912, 17.026780220000092, 0.0 ], [ -92.308932799999923, 17.026617109000085, 0.0 ], [ -92.308868219999908, 17.026523089000079, 0.0 ], [ -92.308757169999922, 17.026401599000053, 0.0 ], [ -92.308739749999916, 17.026396180000063, 0.0 ], [ -92.308658739999942, 17.026393539000082, 0.0 ], [ -92.308501579999927, 17.026384, 0.0 ], [ -92.308416139999906, 17.026381690000051, 0.0 ], [ -92.308265109999923, 17.026389949000077, 0.0 ], [ -92.308069949999947, 17.026393320000068, 0.0 ], [ -92.307967349999899, 17.026369430000045, 0.0 ], [ -92.307897599999933, 17.026307459000066, 0.0 ], [ -92.307739489999904, 17.026059420000081, 0.0 ], [ -92.3075523199999, 17.025904770000068, 0.0 ], [ -92.307291109999937, 17.025812850000079, 0.0 ], [ -92.30695948999994, 17.025767579000046, 0.0 ], [ -92.306791179999948, 17.025787949000062, 0.0 ], [ -92.306609479999906, 17.025838879000048, 0.0 ], [ -92.306393149999906, 17.025945580000041, 0.0 ], [ -92.306631109999898, 17.026310179000063, 0.0 ], [ -92.306719649999934, 17.026461619000088, 0.0 ], [ -92.306848659999901, 17.02671224900007, 0.0 ], [ -92.306907459999934, 17.026873220000084, 0.0 ], [ -92.306862849999902, 17.026885089000075, 0.0 ] ] ] } },
{ "type": "Feature", "properties": { "Name": "0708200010050", "FolderPath": "GRS_AGEB_2020.kmz/GRS/07_Chiapas/07_GRS", "SymbolID": 4, "AltMode": 0, "Base": 0.0, "Clamped": -1, "Extruded": 0, "Snippet": null, "Shape_Leng": 0.0261222185683, "Shape_Area": 2.3644746255000001e-05, "mpio": "07082", "CVE_Ent": "07", "entidad": "Chiapas", "CVE_Mpio": "07082", "Mpio_1": "Sitalá", "CVE_Loc": "070820001", "Localidad": "Sitalá", "CVE_AGEB": "0050", "CVE_Gral": "0708200010050", "Ptob_Tot": 594.0, "Viv_PartCa": 137.0, "Analfa": 34.54039, "P6_14_NA_E": 20.645161, "P15_24_NA_": 57.843137, "P15M_EBasI": 67.409471, "SinDereHab": 10.623946, "Viv_Hacina": 14.59854, "SinAgua": 10.948905, "SinExcu": 13.138686, "SinDre": 10.948905, "SinEle": 2.919708, "ConPTierra": 27.007299, "SinLavad": 81.751825, "SinRefri": 67.153285, "SinTelFijo": 100.0, "SinCelular": 55.474453, "SinCompu": 95.620438, "SinInterne": 98.540146, "GRS20": "Muy alto" }, "geometry": { "type": "Polygon", "coordinates": [ [ [ -92.3097596799999, 17.024637430000041, 0.0 ], [ -92.310317289999944, 17.023798550000038, 0.0 ], [ -92.309608649999916, 17.023719619000076, 0.0 ], [ -92.309755619999919, 17.023361230000091, 0.0 ], [ -92.309769459999927, 17.023261260000083, 0.0 ], [ -92.309499429999903, 17.023297080000077, 0.0 ], [ -92.309363569999903, 17.023320059000071, 0.0 ], [ -92.309189819999915, 17.023319879000042, 0.0 ], [ -92.30887477999994, 17.023310080000044, 0.0 ], [ -92.308290969999916, 17.023157480000066, 0.0 ], [ -92.307860509999898, 17.023084090000054, 0.0 ], [ -92.307353519999936, 17.023029029000043, 0.0 ], [ -92.306737379999902, 17.022940149000078, 0.0 ], [ -92.306774339999947, 17.02264566000008, 0.0 ], [ -92.306604889999903, 17.022409509000056, 0.0 ], [ -92.306465339999932, 17.022109689000047, 0.0 ], [ -92.306430709999916, 17.021852280000076, 0.0 ], [ -92.306452689999901, 17.021632319000048, 0.0 ], [ -92.306603859999939, 17.021456650000061, 0.0 ], [ -92.306736649999948, 17.021125719000054, 0.0 ], [ -92.306899399999907, 17.020903020000048, 0.0 ], [ -92.307051459999911, 17.020788819000074, 0.0 ], [ -92.307147259999908, 17.02075552000008, 0.0 ], [ -92.307214939999938, 17.020737999000062, 0.0 ], [ -92.307277739999904, 17.020633280000084, 0.0 ], [ -92.30750361999992, 17.020347979000064, 0.0 ], [ -92.307812629999944, 17.020124740000085, 0.0 ], [ -92.308015029999922, 17.020063750000077, 0.0 ], [ -92.308216859999902, 17.020115150000038, 0.0 ], [ -92.308312089999902, 17.020202769000036, 0.0 ], [ -92.308407719999934, 17.020371999000076, 0.0 ], [ -92.308482879999929, 17.020449280000037, 0.0 ], [ -92.308619739999926, 17.020467489000055, 0.0 ], [ -92.308707137999932, 17.020424694000042, 0.0 ], [ -92.308943349999936, 17.020309030000078, 0.0 ], [ -92.309054339999932, 17.020231380000041, 0.0 ], [ -92.309048489999896, 17.020058600000084, 0.0 ], [ -92.308889819999933, 17.019918460000042, 0.0 ], [ -92.308802819999926, 17.019761970000047, 0.0 ], [ -92.308854919999931, 17.019695920000061, 0.0 ], [ -92.309021909999899, 17.019741369000087, 0.0 ], [ -92.309192319999909, 17.019874819000052, 0.0 ], [ -92.309355349999919, 17.019941449000044, 0.0 ], [ -92.309489619999908, 17.019957979000083, 0.0 ], [ -92.30956496999994, 17.019923490000053, 0.0 ], [ -92.309627139999918, 17.019878799000082, 0.0 ], [ -92.30971024999991, 17.019799780000085, 0.0 ], [ -92.309736949999944, 17.019716429000084, 0.0 ], [ -92.309825709999927, 17.019699219000074, 0.0 ], [ -92.309933779999938, 17.019753060000085, 0.0 ], [ -92.310018519999915, 17.019882449000079, 0.0 ], [ -92.310138619999918, 17.02000644900005, 0.0 ], [ -92.310202539999921, 17.020148879000089, 0.0 ], [ -92.310270109999919, 17.020327770000051, 0.0 ], [ -92.31028522999992, 17.020440629000063, 0.0 ], [ -92.310328309999932, 17.02053236900008, 0.0 ], [ -92.31030434999991, 17.020661089000043, 0.0 ], [ -92.310260949999929, 17.020729109000058, 0.0 ], [ -92.310239339999896, 17.02083654900008, 0.0 ], [ -92.310292259999926, 17.020928309000055, 0.0 ], [ -92.310398, 17.021018539000067, 0.0 ], [ -92.310487509999916, 17.021065049000072, 0.0 ], [ -92.310568019999948, 17.021092579000083, 0.0 ], [ -92.31072477999993, 17.021131679000064, 0.0 ], [ -92.310803449999923, 17.02117534000007, 0.0 ], [ -92.310900199999935, 17.021249399000055, 0.0 ], [ -92.310979459999942, 17.021325140000044, 0.0 ], [ -92.311043449999943, 17.021385740000085, 0.0 ], [ -92.311131289999935, 17.021492580000086, 0.0 ], [ -92.311227619999897, 17.021686600000066, 0.0 ], [ -92.311281419999943, 17.021812879000038, 0.0 ], [ -92.311333919999925, 17.021957170000064, 0.0 ], [ -92.311401599999897, 17.022106020000081, 0.0 ], [ -92.312049169999909, 17.02166069000009, 0.0 ], [ -92.312319799999898, 17.022107169000037, 0.0 ], [ -92.312505119999912, 17.022286659000088, 0.0 ], [ -92.31266871999992, 17.022370919000082, 0.0 ], [ -92.314278539999918, 17.024209709000047, 0.0 ], [ -92.313835919999917, 17.024468089000038, 0.0 ], [ -92.313409509999929, 17.024405369000078, 0.0 ], [ -92.313343689999897, 17.024583310000082, 0.0 ], [ -92.313246879999895, 17.024792980000086, 0.0 ], [ -92.31301813999994, 17.025045860000091, 0.0 ], [ -92.312874619999945, 17.02512554000009, 0.0 ], [ -92.31274561999993, 17.025146889000041, 0.0 ], [ -92.31253696999994, 17.025142579000089, 0.0 ], [ -92.31242181999994, 17.025177370000051, 0.0 ], [ -92.312299479999922, 17.025376630000039, 0.0 ], [ -92.312198489999901, 17.025457109000058, 0.0 ], [ -92.312104004999924, 17.025668740000071, 0.0 ], [ -92.312033629999917, 17.025826369000072, 0.0 ], [ -92.311915064999937, 17.025930667000068, 0.0 ], [ -92.311147819999917, 17.025790910000069, 0.0 ], [ -92.31085491999994, 17.025757859000066, 0.0 ], [ -92.310806949999915, 17.025802620000036, 0.0 ], [ -92.310605979999934, 17.025879260000067, 0.0 ], [ -92.310520089999898, 17.02586043000008, 0.0 ], [ -92.310026709999931, 17.025615970000047, 0.0 ], [ -92.309514779999915, 17.025412490000065, 0.0 ], [ -92.30971239999991, 17.024880689000042, 0.0 ], [ -92.309616579999897, 17.024857090000069, 0.0 ], [ -92.3097596799999, 17.024637430000041, 0.0 ] ] ] } },
{ "type": "Feature", "properties": { "Name": "0708200010065", "FolderPath": "GRS_AGEB_2020.kmz/GRS/07_Chiapas/07_GRS", "SymbolID": 4, "AltMode": 0, "Base": 0.0, "Clamped": -1, "Extruded": 0, "Snippet": null, "Shape_Leng": 0.019387650737300002, "Shape_Area": 1.3100763536e-05, "mpio": "07082", "CVE_Ent": "07", "entidad": "Chiapas", "CVE_Mpio": "07082", "Mpio_1": "Sitalá", "CVE_Loc": "070820001", "Localidad": "Sitalá", "CVE_AGEB": "0065", "CVE_Gral": "0708200010065", "Ptob_Tot": 398.0, "Viv_PartCa": 81.0, "Analfa": 23.98374, "P6_14_NA_E": 4.301075, "P15_24_NA_": 58.333333, "P15M_EBasI": 68.292683, "SinDereHab": 5.276382, "Viv_Hacina": 13.580247, "SinAgua": 76.54321, "SinExcu": 4.938272, "SinDre": 6.17284, "SinEle": 1.234568, "ConPTierra": 12.345679, "SinLavad": 88.888889, "SinRefri": 77.777778, "SinTelFijo": 98.765432, "SinCelular": 67.901235, "SinCompu": 100.0, "SinInterne": 100.0, "GRS20": "Muy alto" }, "geometry": { "type": "Polygon", "coordinates": [ [ [ -92.306567279999911, 17.027572479000071, 0.0 ], [ -92.306862849999902, 17.026885089000075, 0.0 ], [ -92.306907459999934, 17.026873220000084, 0.0 ], [ -92.306848659999901, 17.02671224900007, 0.0 ], [ -92.306719649999934, 17.026461619000088, 0.0 ], [ -92.306631109999898, 17.026310179000063, 0.0 ], [ -92.306393149999906, 17.025945580000041, 0.0 ], [ -92.306609479999906, 17.025838879000048, 0.0 ], [ -92.306791179999948, 17.025787949000062, 0.0 ], [ -92.30695948999994, 17.025767579000046, 0.0 ], [ -92.307291109999937, 17.025812850000079, 0.0 ], [ -92.3075523199999, 17.025904770000068, 0.0 ], [ -92.307739489999904, 17.026059420000081, 0.0 ], [ -92.307897599999933, 17.026307459000066, 0.0 ], [ -92.307967349999899, 17.026369430000045, 0.0 ], [ -92.308069949999947, 17.026393320000068, 0.0 ], [ -92.308265109999923, 17.026389949000077, 0.0 ], [ -92.308416139999906, 17.026381690000051, 0.0 ], [ -92.308501579999927, 17.026384, 0.0 ], [ -92.308658739999942, 17.026393539000082, 0.0 ], [ -92.308739749999916, 17.026396180000063, 0.0 ], [ -92.308757169999922, 17.026401599000053, 0.0 ], [ -92.308868219999908, 17.026523089000079, 0.0 ], [ -92.308932799999923, 17.026617109000085, 0.0 ], [ -92.309061479999912, 17.026780220000092, 0.0 ], [ -92.30915277999992, 17.026852219000091, 0.0 ], [ -92.309520319999933, 17.027118569000038, 0.0 ], [ -92.309694339999908, 17.027273860000037, 0.0 ], [ -92.309999579999896, 17.027488659000085, 0.0 ], [ -92.310377889999927, 17.027783119000048, 0.0 ], [ -92.310634029999903, 17.02792744900006, 0.0 ], [ -92.310763229999907, 17.028039890000059, 0.0 ], [ -92.310814379999897, 17.028143630000045, 0.0 ], [ -92.310874619999936, 17.028365520000079, 0.0 ], [ -92.310830949999911, 17.028627999000037, 0.0 ], [ -92.310810769999932, 17.028754220000053, 0.0 ], [ -92.310775939999928, 17.028812600000037, 0.0 ], [ -92.310693399999934, 17.028836780000063, 0.0 ], [ -92.310590909999917, 17.02882234000009, 0.0 ], [ -92.310424999999896, 17.02871071900006, 0.0 ], [ -92.310225969999919, 17.028707060000045, 0.0 ], [ -92.310024949999899, 17.028714179000076, 0.0 ], [ -92.30981265999992, 17.028796979000049, 0.0 ], [ -92.309671719999926, 17.028823600000067, 0.0 ], [ -92.309396109999909, 17.028939539000078, 0.0 ], [ -92.309257679999916, 17.028930520000074, 0.0 ], [ -92.309126579999941, 17.028893850000088, 0.0 ], [ -92.308969419999926, 17.028829169000062, 0.0 ], [ -92.308886139999913, 17.028725770000051, 0.0 ], [ -92.308853939999949, 17.028608570000074, 0.0 ], [ -92.308772979999901, 17.028541089000043, 0.0 ], [ -92.308687339999949, 17.02854018000005, 0.0 ], [ -92.308617539999943, 17.028577599000073, 0.0 ], [ -92.308591179999951, 17.028683340000043, 0.0 ], [ -92.30854716999994, 17.028771779000067, 0.0 ], [ -92.30842765999995, 17.028908970000089, 0.0 ], [ -92.308279919999904, 17.02897271900008, 0.0 ], [ -92.308115399999906, 17.028989999000089, 0.0 ], [ -92.308019969999918, 17.028990019000048, 0.0 ], [ -92.307905399999925, 17.028979940000056, 0.0 ], [ -92.307901429999902, 17.029038350000064, 0.0 ], [ -92.307878879999919, 17.029060220000076, 0.0 ], [ -92.307824289999928, 17.029082480000056, 0.0 ], [ -92.307846599999948, 17.029177120000043, 0.0 ], [ -92.307819749999908, 17.029449449000083, 0.0 ], [ -92.307875689999946, 17.029457049000086, 0.0 ], [ -92.307836719999898, 17.029607629000054, 0.0 ], [ -92.307740969999941, 17.029808550000041, 0.0 ], [ -92.307601489999911, 17.029976709000039, 0.0 ], [ -92.307492399999944, 17.030081710000047, 0.0 ], [ -92.307374459999949, 17.030175979000092, 0.0 ], [ -92.307239719999927, 17.030271679000066, 0.0 ], [ -92.306744719999926, 17.030611970000052, 0.0 ], [ -92.305553709999913, 17.028983090000054, 0.0 ], [ -92.305081449999932, 17.02881952000007, 0.0 ], [ -92.305158459999916, 17.028691950000052, 0.0 ], [ -92.30519948999995, 17.028497479000066, 0.0 ], [ -92.305403859999899, 17.028346739000085, 0.0 ], [ -92.305452879999905, 17.028198520000046, 0.0 ], [ -92.305413179999903, 17.027985630000046, 0.0 ], [ -92.305407419999938, 17.027819970000053, 0.0 ], [ -92.305431109999915, 17.027672889000087, 0.0 ], [ -92.305644819999941, 17.027462079000088, 0.0 ], [ -92.30593327999992, 17.027332859000069, 0.0 ], [ -92.306321829999945, 17.02810934900009, 0.0 ], [ -92.306567279999911, 17.027572479000071, 0.0 ] ] ] } },
{ "type": "Feature", "properties": { "Name": "0711200010013", "FolderPath": "GRS_AGEB_2020.kmz/GRS/07_Chiapas/07_GRS", "SymbolID": 4, "AltMode": 0, "Base": 0.0, "Clamped": -1, "Extruded": 0, "Snippet": null, "Shape_Leng": 0.100954813482, "Shape_Area": 0.00049594236216799999, "mpio": "07112", "CVE_Ent": "07", "entidad": "Chiapas", "CVE_Mpio": "07112", "Mpio_1": "San Juan Cancuc", "CVE_Loc": "071120001", "Localidad": "San Juan Cancuc", "CVE_AGEB": "0013", "CVE_Gral": "0711200010013", "Ptob_Tot": 8477.0, "Viv_PartCa": 1541.0, "Analfa": 30.544461, "P6_14_NA_E": 14.318495, "P15_24_NA_": 77.575377, "P15M_EBasI": 67.89916, "SinDereHab": 16.341953, "Viv_Hacina": 20.635951, "SinAgua": 8.966862, "SinExcu": 4.672291, "SinDre": 35.301752, "SinEle": 2.337662, "ConPTierra": 31.667748, "SinLavad": 99.026606, "SinRefri": 92.662338, "SinTelFijo": 99.026606, "SinCelular": 60.999351, "SinCompu": 99.156392, "SinInterne": 98.702141, "GRS20": "Muy alto" }, "geometry": { "type": "Polygon", "coordinates": [ [ [ -92.356545128999926, 16.895497210000087, 0.0 ], [ -92.356200749999914, 16.895226950000051, 0.0 ], [ -92.357122889999914, 16.89401188000005, 0.0 ], [ -92.357061119999912, 16.893828580000047, 0.0 ], [ -92.356686399999944, 16.893121650000069, 0.0 ], [ -92.356186449999939, 16.892589029000078, 0.0 ], [ -92.355278179999914, 16.891986140000085, 0.0 ], [ -92.354377019999902, 16.89148644900007, 0.0 ], [ -92.354515489999926, 16.889392050000083, 0.0 ], [ -92.355839949999904, 16.888416309000036, 0.0 ], [ -92.3565792899999, 16.887744460000079, 0.0 ], [ -92.357870059999925, 16.886133219000044, 0.0 ], [ -92.358269219999897, 16.885048570000038, 0.0 ], [ -92.358370739999941, 16.884185310000078, 0.0 ], [ -92.358404169999915, 16.882662630000084, 0.0 ], [ -92.358512909999945, 16.881753709000066, 0.0 ], [ -92.358953419999921, 16.881378020000056, 0.0 ], [ -92.35982711999992, 16.880893490000062, 0.0 ], [ -92.360828349999906, 16.880621019000046, 0.0 ], [ -92.361889, 16.880219379000039, 0.0 ], [ -92.36257331999991, 16.879759659000058, 0.0 ], [ -92.36311687999995, 16.878989229000069, 0.0 ], [ -92.363942689999931, 16.877705750000075, 0.0 ], [ -92.364023679999946, 16.876633999000092, 0.0 ], [ -92.364024917999927, 16.876634079000041, 0.0 ], [ -92.365038012999946, 16.876698841000064, 0.0 ], [ -92.365039249999938, 16.87669892100007, 0.0 ], [ -92.366301399999941, 16.876662939000084, 0.0 ], [ -92.368066077999913, 16.876621329000045, 0.0 ], [ -92.368684569999914, 16.876606740000057, 0.0 ], [ -92.368685829999947, 16.87660671000009, 0.0 ], [ -92.368685806999906, 16.876606820000063, 0.0 ], [ -92.368501059999915, 16.877495379000038, 0.0 ], [ -92.36888360699993, 16.878103939000084, 0.0 ], [ -92.368883687999926, 16.878104070000063, 0.0 ], [ -92.36911030999994, 16.878464579000081, 0.0 ], [ -92.369076352999912, 16.879606233000061, 0.0 ], [ -92.369076349999943, 16.879606309000053, 0.0 ], [ -92.369077589999904, 16.879606314000057, 0.0 ], [ -92.37321477799992, 16.879620257000056, 0.0 ], [ -92.373329895999916, 16.879620643000067, 0.0 ], [ -92.375233758999912, 16.879627019000054, 0.0 ], [ -92.377762339999947, 16.87963545000008, 0.0 ], [ -92.378730969999935, 16.879625460000057, 0.0 ], [ -92.380443019999916, 16.879607796000073, 0.0 ], [ -92.383296659999928, 16.879578310000056, 0.0 ], [ -92.383375609999916, 16.879571832000067, 0.0 ], [ -92.386480218999907, 16.879317060000062, 0.0 ], [ -92.388895730999934, 16.879118792000043, 0.0 ], [ -92.388896978999924, 16.879118689000052, 0.0 ], [ -92.388896967999926, 16.879118873000039, 0.0 ], [ -92.388740779999921, 16.881503821000081, 0.0 ], [ -92.38834582699991, 16.883533604000036, 0.0 ], [ -92.388345786999935, 16.883533808000038, 0.0 ], [ -92.387978591999911, 16.885420890000091, 0.0 ], [ -92.387818259999904, 16.886244850000082, 0.0 ], [ -92.387697509999896, 16.886781620000079, 0.0 ], [ -92.387578, 16.887760880000087, 0.0 ], [ -92.387577998999916, 16.887760911000044, 0.0 ], [ -92.387523459999898, 16.889089349000074, 0.0 ], [ -92.387419455999918, 16.890277963000074, 0.0 ], [ -92.387372679999942, 16.890812549000088, 0.0 ], [ -92.387372550999942, 16.890813938000065, 0.0 ], [ -92.387151979999942, 16.893194799000071, 0.0 ], [ -92.387203349999936, 16.89442247900007, 0.0 ], [ -92.381979049999927, 16.894860680000079, 0.0 ], [ -92.380126384999926, 16.894910735000053, 0.0 ], [ -92.380125133999911, 16.894910769000091, 0.0 ], [ -92.379248976999918, 16.89493443300006, 0.0 ], [ -92.379248, 16.894934459000069, 0.0 ], [ -92.379247739999926, 16.894934353000053, 0.0 ], [ -92.377440369999931, 16.894194710000079, 0.0 ], [ -92.377077959999895, 16.894021658000042, 0.0 ], [ -92.377077050999901, 16.894021224000085, 0.0 ], [ -92.377076721999913, 16.894021578000036, 0.0 ], [ -92.376549405999924, 16.894588522000049, 0.0 ], [ -92.376548723999917, 16.894589250000081, 0.0 ], [ -92.375379444999908, 16.895835788000056, 0.0 ], [ -92.37537848799991, 16.895836812000084, 0.0 ], [ -92.375104780999948, 16.896129368000061, 0.0 ], [ -92.375103544999945, 16.896129281000071, 0.0 ], [ -92.371388758999899, 16.895859819000066, 0.0 ], [ -92.371387521999907, 16.895859729000051, 0.0 ], [ -92.370562539999924, 16.895799871000065, 0.0 ], [ -92.370561302999931, 16.89579978200004, 0.0 ], [ -92.370560065999939, 16.895799693000072, 0.0 ], [ -92.367933695999909, 16.895609111000056, 0.0 ], [ -92.367932458999917, 16.895609023000077, 0.0 ], [ -92.365743681999902, 16.895343856000068, 0.0 ], [ -92.365630357999919, 16.89533012600009, 0.0 ], [ -92.365092079999897, 16.895264909000048, 0.0 ], [ -92.362790540999924, 16.894925992000083, 0.0 ], [ -92.3626638799999, 16.894907339000042, 0.0 ], [ -92.362692429999925, 16.894827749000058, 0.0 ], [ -92.362584401999925, 16.894753617000049, 0.0 ], [ -92.362584289999916, 16.894753540000067, 0.0 ], [ -92.362583163999943, 16.894753537000042, 0.0 ], [ -92.362469139999916, 16.894753179000077, 0.0 ], [ -92.36216788999991, 16.895021660000054, 0.0 ], [ -92.362009059999934, 16.895219859000065, 0.0 ], [ -92.360379979999948, 16.895685029000049, 0.0 ], [ -92.360264830999938, 16.89567956500008, 0.0 ], [ -92.36026365999993, 16.895679509000047, 0.0 ], [ -92.3602635929999, 16.895679484000084, 0.0 ], [ -92.360086819999935, 16.895613490000073, 0.0 ], [ -92.35986037999993, 16.895578498000077, 0.0 ], [ -92.359859939999922, 16.895578429000068, 0.0 ], [ -92.359859143999927, 16.895578417000081, 0.0 ], [ -92.359655919999909, 16.895575319000045, 0.0 ], [ -92.358740227999931, 16.89564308100006, 0.0 ], [ -92.358739849999949, 16.895643109000048, 0.0 ], [ -92.358738989999949, 16.895643001000053, 0.0 ], [ -92.358581969999932, 16.895623260000036, 0.0 ], [ -92.358321109999906, 16.89557152000009, 0.0 ], [ -92.358118822999927, 16.895545060000074, 0.0 ], [ -92.358117979999918, 16.895544950000044, 0.0 ], [ -92.358117585999935, 16.895544980000068, 0.0 ], [ -92.358111059999942, 16.895545479000077, 0.0 ], [ -92.3578787699999, 16.895563249000077, 0.0 ], [ -92.357769289999908, 16.895600659000081, 0.0 ], [ -92.357583909999903, 16.895815019000054, 0.0 ], [ -92.357291509999925, 16.895991769000091, 0.0 ], [ -92.3572903459999, 16.895991883000079, 0.0 ], [ -92.357139598999936, 16.896006544000045, 0.0 ], [ -92.357138719999909, 16.896006629000055, 0.0 ], [ -92.357138360999897, 16.896006464000038, 0.0 ], [ -92.357043139999917, 16.895962480000037, 0.0 ], [ -92.356918179999923, 16.895789970000067, 0.0 ], [ -92.356545128999926, 16.895497210000087, 0.0 ] ] ] } },
{ "type": "Feature", "properties": { "Name": "0711300010010", "FolderPath": "GRS_AGEB_2020.kmz/GRS/07_Chiapas/07_GRS", "SymbolID": 4, "AltMode": 0, "Base": 0.0, "Clamped": -1, "Extruded": 0, "Snippet": null, "Shape_Leng": 0.040841429017100001, "Shape_Area": 7.1428596987300002e-05, "mpio": "07113", "CVE_Ent": "07", "entidad": "Chiapas", "CVE_Mpio": "07113", "Mpio_1": "Aldama", "CVE_Loc": "071130001", "Localidad": "Aldama", "CVE_AGEB": "0010", "CVE_Gral": "0711300010010", "Ptob_Tot": 2279.0, "Viv_PartCa": 461.0, "Analfa": 24.290221, "P6_14_NA_E": 11.043873, "P15_24_NA_": 82.937365, "P15M_EBasI": 65.772871, "SinDereHab": 12.554873, "Viv_Hacina": 14.750542, "SinAgua": 0.650759, "SinExcu": 1.518438, "SinDre": 8.67679, "SinEle": 0.650759, "ConPTierra": 11.279826, "SinLavad": 98.264642, "SinRefri": 93.492408, "SinTelFijo": 96.529284, "SinCelular": 71.800434, "SinCompu": 98.264642, "SinInterne": 97.613883, "GRS20": "Muy alto" }, "geometry": { "type": "Polygon", "coordinates": [ [ [ -92.691596859999947, 16.914976621000051, 0.0 ], [ -92.691642978999937, 16.915099220000059, 0.0 ], [ -92.691756108999925, 16.918037950000041, 0.0 ], [ -92.69123107899992, 16.918961230000036, 0.0 ], [ -92.690925849999928, 16.919497980000074, 0.0 ], [ -92.689155508999931, 16.921239219000086, 0.0 ], [ -92.688790118999918, 16.922153690000073, 0.0 ], [ -92.688027658999943, 16.923107320000042, 0.0 ], [ -92.687128679999944, 16.922165741000072, 0.0 ], [ -92.687054628999931, 16.922088199000086, 0.0 ], [ -92.686237628999947, 16.921191830000055, 0.0 ], [ -92.6875275189999, 16.920001, 0.0 ], [ -92.687103649999926, 16.919807650000052, 0.0 ], [ -92.687184084999899, 16.919598057000087, 0.0 ], [ -92.687149186999932, 16.919244763000052, 0.0 ], [ -92.686086048999925, 16.918811310000081, 0.0 ], [ -92.685870398999896, 16.919182250000063, 0.0 ], [ -92.685802598999942, 16.919201970000074, 0.0 ], [ -92.685759338999901, 16.919174140000052, 0.0 ], [ -92.684132888999898, 16.918219060000069, 0.0 ], [ -92.68292922899991, 16.917150149000065, 0.0 ], [ -92.683157618999928, 16.916703340000083, 0.0 ], [ -92.683475048999924, 16.916138231000048, 0.0 ], [ -92.684555479999915, 16.914564650000045, 0.0 ], [ -92.686196458999916, 16.912790280000081, 0.0 ], [ -92.686827688999927, 16.911153881000075, 0.0 ], [ -92.687671738999938, 16.907663430000071, 0.0 ], [ -92.689502, 16.907889690000047, 0.0 ], [ -92.689306219999935, 16.909907710000084, 0.0 ], [ -92.68940245999994, 16.91005946000007, 0.0 ], [ -92.689584138999919, 16.910345820000089, 0.0 ], [ -92.690658259999907, 16.910697601000038, 0.0 ], [ -92.691615938999917, 16.913627850000069, 0.0 ], [ -92.691570459999923, 16.914797999000086, 0.0 ], [ -92.691565398999899, 16.914927710000086, 0.0 ], [ -92.691596859999947, 16.914976621000051, 0.0 ] ] ] } },
{ "type": "Feature", "properties": { "Name": "0711900010014", "FolderPath": "GRS_AGEB_2020.kmz/GRS/07_Chiapas/07_GRS", "SymbolID": 4, "AltMode": 0, "Base": 0.0, "Clamped": -1, "Extruded": 0, "Snippet": null, "Shape_Leng": 0.0299965117048, "Shape_Area": 4.5296642521399998e-05, "mpio": "07119", "CVE_Ent": "07", "entidad": "Chiapas", "CVE_Mpio": "07119", "Mpio_1": "Santiago el Pinar", "CVE_Loc": "071190001", "Localidad": "Santiago el Pinar", "CVE_AGEB": "0014", "CVE_Gral": "0711900010014", "Ptob_Tot": 1566.0, "Viv_PartCa": 297.0, "Analfa": 27.193933, "P6_14_NA_E": 3.88601, "P15_24_NA_": 68.852459, "P15M_EBasI": 51.084599, "SinDereHab": 1.915709, "Viv_Hacina": 30.976431, "SinAgua": 0.3367, "SinExcu": 6.060606, "SinDre": 6.060606, "SinEle": 0.0, "ConPTierra": 24.915825, "SinLavad": 97.643098, "SinRefri": 92.255892, "SinTelFijo": 100.0, "SinCelular": 65.319865, "SinCompu": 99.6633, "SinInterne": 100.0, "GRS20": "Muy alto" }, "geometry": { "type": "Polygon", "coordinates": [ [ [ -92.711062969999944, 16.940905450000059, 0.0 ], [ -92.712157719999936, 16.939635630000055, 0.0 ], [ -92.71218424999995, 16.939604880000047, 0.0 ], [ -92.712048179999897, 16.93946044900008, 0.0 ], [ -92.711803509999925, 16.939078199000051, 0.0 ], [ -92.711737279999909, 16.938932800000089, 0.0 ], [ -92.711737679999942, 16.938717370000063, 0.0 ], [ -92.711787479999941, 16.938478, 0.0 ], [ -92.711797909999916, 16.938353370000073, 0.0 ], [ -92.711781028999951, 16.938031150000086, 0.0 ], [ -92.71177642899994, 16.937454079000076, 0.0 ], [ -92.711752309999895, 16.937106220000089, 0.0 ], [ -92.711700488999895, 16.936958600000082, 0.0 ], [ -92.711593889999904, 16.936805621000076, 0.0 ], [ -92.711631459999921, 16.936697049000088, 0.0 ], [ -92.711894829999949, 16.936708430000067, 0.0 ], [ -92.712159229999941, 16.936712309000086, 0.0 ], [ -92.712360619999913, 16.93670557900009, 0.0 ], [ -92.712817339999901, 16.936651030000064, 0.0 ], [ -92.713169029999904, 16.936620970000092, 0.0 ], [ -92.713448479999897, 16.936625919000051, 0.0 ], [ -92.713835739999922, 16.936747969000066, 0.0 ], [ -92.714019569999948, 16.936799319000045, 0.0 ], [ -92.714166399999897, 16.936831889000075, 0.0 ], [ -92.714394379999931, 16.936826489000055, 0.0 ], [ -92.714544319999902, 16.936809719000053, 0.0 ], [ -92.714721199999929, 16.936798650000071, 0.0 ], [ -92.714927259999911, 16.936796910000055, 0.0 ], [ -92.71513761999995, 16.936836310000047, 0.0 ], [ -92.715343879999921, 16.936856769000087, 0.0 ], [ -92.715644519999898, 16.936877379000066, 0.0 ], [ -92.715936479999925, 16.936887879000039, 0.0 ], [ -92.716030829999909, 16.936926679000067, 0.0 ], [ -92.716345849999925, 16.937185429000067, 0.0 ], [ -92.716412919999925, 16.937187419000054, 0.0 ], [ -92.716653779999945, 16.937098540000079, 0.0 ], [ -92.716766229999905, 16.937111970000046, 0.0 ], [ -92.716925949999904, 16.937193820000061, 0.0 ], [ -92.716957149999928, 16.93730608900006, 0.0 ], [ -92.716966849999949, 16.937455380000074, 0.0 ], [ -92.716953449999949, 16.937585570000067, 0.0 ], [ -92.716926289999947, 16.937676030000091, 0.0 ], [ -92.71707073999994, 16.937741139000082, 0.0 ], [ -92.717201029999899, 16.937754829000085, 0.0 ], [ -92.717321179999942, 16.937771459000089, 0.0 ], [ -92.717386459999943, 16.937804019000055, 0.0 ], [ -92.717513819999908, 16.937911950000057, 0.0 ], [ -92.717637059999902, 16.938034799000036, 0.0 ], [ -92.717751749999934, 16.938125889000048, 0.0 ], [ -92.717866909999941, 16.938277369000048, 0.0 ], [ -92.717961979999927, 16.93843042900005, 0.0 ], [ -92.718115749999924, 16.938605310000071, 0.0 ], [ -92.718183539999927, 16.938666999000077, 0.0 ], [ -92.71833708999992, 16.93877167900007, 0.0 ], [ -92.718495289999908, 16.938823880000086, 0.0 ], [ -92.718647939999926, 16.938870719000079, 0.0 ], [ -92.718739089999929, 16.938928220000037, 0.0 ], [ -92.718808399999944, 16.939014260000079, 0.0 ], [ -92.718895449999934, 16.939155429000039, 0.0 ], [ -92.718939769999906, 16.939245829000072, 0.0 ], [ -92.71900656899993, 16.939470780000079, 0.0 ], [ -92.719082969999931, 16.939690520000056, 0.0 ], [ -92.719093879999946, 16.939783250000062, 0.0 ], [ -92.719084818999931, 16.93985727900008, 0.0 ], [ -92.719074049999904, 16.939945200000068, 0.0 ], [ -92.719018628999947, 16.940099510000039, 0.0 ], [ -92.718980459999898, 16.940222949000088, 0.0 ], [ -92.718939739999939, 16.940362519000075, 0.0 ], [ -92.718921509999916, 16.940503819000071, 0.0 ], [ -92.718917889999943, 16.94068395000005, 0.0 ], [ -92.71894108999993, 16.940857369000071, 0.0 ], [ -92.719030829999895, 16.940996919000042, 0.0 ], [ -92.7191300799999, 16.941078400000038, 0.0 ], [ -92.719245859999944, 16.941150489000051, 0.0 ], [ -92.719420089999915, 16.94123096900006, 0.0 ], [ -92.719381679999913, 16.941261150000059, 0.0 ], [ -92.718210309999904, 16.942222450000088, 0.0 ], [ -92.718178390999924, 16.942245290000074, 0.0 ], [ -92.717840539999941, 16.942307290000088, 0.0 ], [ -92.717382769999915, 16.942287849000081, 0.0 ], [ -92.717313199999921, 16.942282029000069, 0.0 ], [ -92.717304085999899, 16.942281307000087, 0.0 ], [ -92.717223692999937, 16.942274935000057, 0.0 ], [ -92.717153889999906, 16.94226940100009, 0.0 ], [ -92.717097633999913, 16.942268952000063, 0.0 ], [ -92.717003885999929, 16.942268207000041, 0.0 ], [ -92.716929882999921, 16.942267617000084, 0.0 ], [ -92.716820911999946, 16.942266751000091, 0.0 ], [ -92.716724852999903, 16.942265988000088, 0.0 ], [ -92.716627725999899, 16.942265215000077, 0.0 ], [ -92.716612, 16.942265089000045, 0.0 ], [ -92.716525697999941, 16.942269438000039, 0.0 ], [ -92.716410918999941, 16.942275219000066, 0.0 ], [ -92.716401301999895, 16.942275958000039, 0.0 ], [ -92.716305012999896, 16.942283352000061, 0.0 ], [ -92.716256348999934, 16.942287089000047, 0.0 ], [ -92.716253512999913, 16.942288848000089, 0.0 ], [ -92.716140834999919, 16.942358679000051, 0.0 ], [ -92.716107486999931, 16.942379348000088, 0.0 ], [ -92.716012379999938, 16.942438290000041, 0.0 ], [ -92.715892029999907, 16.942514739000046, 0.0 ], [ -92.715666939999949, 16.942664820000061, 0.0 ], [ -92.715549309999915, 16.942739429000085, 0.0 ], [ -92.715311289999931, 16.942884550000088, 0.0 ], [ -92.715188379999915, 16.942956460000062, 0.0 ], [ -92.715069519999929, 16.943031859000087, 0.0 ], [ -92.71496137999992, 16.943112259000088, 0.0 ], [ -92.714857709999933, 16.943204079000054, 0.0 ], [ -92.714761509999903, 16.943303120000053, 0.0 ], [ -92.714655, 16.943398450000075, 0.0 ], [ -92.714557179999929, 16.943493260000082, 0.0 ], [ -92.714360109999916, 16.943680980000067, 0.0 ], [ -92.714261689999944, 16.943780090000075, 0.0 ], [ -92.714163199999916, 16.943883019000054, 0.0 ], [ -92.714068779999934, 16.943977850000067, 0.0 ], [ -92.713970339999946, 16.944071349000069, 0.0 ], [ -92.713872599999945, 16.944169, 0.0 ], [ -92.713772879999908, 16.944264769000085, 0.0 ], [ -92.713680919999945, 16.944367509000074, 0.0 ], [ -92.71358314999992, 16.94446614900005, 0.0 ], [ -92.713483679999911, 16.944559339000079, 0.0 ], [ -92.713372779999929, 16.944642110000075, 0.0 ], [ -92.713255459999914, 16.944717200000071, 0.0 ], [ -92.713139079999905, 16.944792, 0.0 ], [ -92.712918369999898, 16.944959659000062, 0.0 ], [ -92.712818489999904, 16.945055310000043, 0.0 ], [ -92.712630619999914, 16.945257320000053, 0.0 ], [ -92.712546309999937, 16.945365949000063, 0.0 ], [ -92.712464089999912, 16.945476059000043, 0.0 ], [ -92.712286309999911, 16.945686400000056, 0.0 ], [ -92.712087019999899, 16.945876180000084, 0.0 ], [ -92.712030289999916, 16.945930199000088, 0.0 ], [ -92.712013979999938, 16.945845429000087, 0.0 ], [ -92.711062969999944, 16.940905450000059, 0.0 ] ] ] } }
]
}
