{
"type": "FeatureCollection",
"name": "chiapas_estado",
"crs": { "type": "name", "properties": { "name": "urn:ogc:def:crs:OGC:1.3:CRS84" } },
"features": [
{ "type": "Feature", "properties": { "CVEGEO": "07", "CVE_ENT": "07", "NOMGEO": "Chiapas" }, "geometry": { "type": "Polygon", "coordinates": [ [ [ -91.97363682009221, 17.911431180126964 ], [ -91.969930970405912, 17.910395259843597 ], [ -91.966042949638123, 17.910250629663615 ], [ -91.962154969593641, 17.910105919827704 ], [ -91.962111340301632, 17.91010535008148 ], [ -91.958201629809309, 17.910053800349637 ], [ -91.952731369691932, 17.910270339668866 ], [ -91.947837720242092, 17.910305949913109 ], [ -91.944986179754466, 17.910259509953594 ], [ -91.943076650401423, 17.909846140377979 ], [ -91.941527619951117, 17.908752659984998 ], [ -91.940304119950213, 17.907412949912288 ], [ -91.939597850100398, 17.906293060436028 ], [ -91.939152830346174, 17.904833580214664 ], [ -91.939005179859819, 17.902414679788077 ], [ -91.939434179983195, 17.90111495006083 ], [ -91.940771570244934, 17.89963417994807 ], [ -91.946899170147375, 17.892731060438571 ], [ -91.950102339883756, 17.888036140287564 ], [ -91.951479490338713, 17.886565620363669 ], [ -91.953240750197537, 17.884684880180505 ], [ -91.955425619573489, 17.882309489767366 ], [ -91.956832769721558, 17.879929910329473 ], [ -91.957106999792657, 17.877358259770634 ], [ -91.957161780146748, 17.876770819560832 ], [ -91.957418229820092, 17.874021230302734 ], [ -91.957462579625073, 17.871975369664291 ], [ -91.957081569902385, 17.870640260213303 ], [ -91.956119019560703, 17.869023050414707 ], [ -91.955321259798225, 17.868096549830973 ], [ -91.954349059929299, 17.866967460011569 ], [ -91.952608649756158, 17.865408050140871 ], [ -91.951562580253267, 17.86478060046429 ], [ -91.950574710447299, 17.864188050014992 ], [ -91.948409169635511, 17.863308349550984 ], [ -91.944232109535321, 17.862913750287795 ], [ -91.941411169588321, 17.86330149009158 ], [ -91.939360150326806, 17.863938919828012 ], [ -91.93759205003613, 17.864488400084355 ], [ -91.934465419813037, 17.865815599612294 ], [ -91.933986690251118, 17.866018799772949 ], [ -91.93114220008664, 17.868003169831834 ], [ -91.930635659889433, 17.868356539997254 ], [ -91.928408050439188, 17.870490380378275 ], [ -91.928061340040941, 17.870822509721531 ], [ -91.926620350046676, 17.873387680368324 ], [ -91.925927820249683, 17.875121750272555 ], [ -91.924412489702462, 17.878915859599548 ], [ -91.923905569637455, 17.882385200104071 ], [ -91.924118749785151, 17.884649480019387 ], [ -91.924559489520576, 17.886790980381566 ], [ -91.925255340227423, 17.888987719828016 ], [ -91.925666849558226, 17.890602059572871 ], [ -91.925496830027171, 17.891934170281363 ], [ -91.923433420014703, 17.895580919585353 ], [ -91.92085764992423, 17.898201770034827 ], [ -91.91812768997633, 17.899519650420356 ], [ -91.915839029804445, 17.90007445019792 ], [ -91.914239080196126, 17.899947739660256 ], [ -91.913295629835986, 17.899873019883554 ], [ -91.912470570116369, 17.899807660133632 ], [ -91.907393079971087, 17.898167180112992 ], [ -91.902966820177582, 17.896034230462696 ], [ -91.898837049938123, 17.893127829959077 ], [ -91.897187680183237, 17.890679520165154 ], [ -91.895838859811235, 17.88871881985078 ], [ -91.894161480275699, 17.887500260187828 ], [ -91.892937340011073, 17.887316829795061 ], [ -91.89115088992159, 17.887049140189202 ], [ -91.88683593979934, 17.887923550250083 ], [ -91.883995650266371, 17.888689400300915 ], [ -91.883233230412529, 17.888894950274782 ], [ -91.878470539999924, 17.890050660103046 ], [ -91.874320030350006, 17.890522740415157 ], [ -91.870689309689155, 17.89078072008148 ], [ -91.868198319962318, 17.890146249981473 ], [ -91.86512868995851, 17.888795350246397 ], [ -91.864197549654079, 17.888253449982713 ], [ -91.863353139615072, 17.887761979958515 ], [ -91.857937150251274, 17.884649169662875 ], [ -91.854381280396211, 17.88335727976936 ], [ -91.849686290168705, 17.882864600332312 ], [ -91.845340920217865, 17.88342790965763 ], [ -91.841252510211547, 17.884333650377922 ], [ -91.838102280234054, 17.885461910076845 ], [ -91.837490460144195, 17.885718479761078 ], [ -91.835405569682564, 17.886592819543871 ], [ -91.831639949576484, 17.888945030343596 ], [ -91.829065280095307, 17.891223600423093 ], [ -91.825839419661833, 17.893963200342814 ], [ -91.82326702030862, 17.895869710107714 ], [ -91.820727799592831, 17.897652350010269 ], [ -91.818873709670001, 17.898726120155242 ], [ -91.816184380242788, 17.900146339585888 ], [ -91.815211940317212, 17.900346879947477 ], [ -91.814503020158682, 17.900493060312758 ], [ -91.814140150270674, 17.900567890146014 ], [ -91.812521260109961, 17.900372029682639 ], [ -91.810907549540815, 17.89940116989111 ], [ -91.809943120095326, 17.898248280249732 ], [ -91.809271979915806, 17.896849149789759 ], [ -91.809125949742494, 17.89626142035214 ], [ -91.808924880084447, 17.895452030441209 ], [ -91.80886854960076, 17.894180679941929 ], [ -91.80895481983606, 17.89210162962468 ], [ -91.809061079622637, 17.889540399899087 ], [ -91.809143659713442, 17.886874889904863 ], [ -91.808874170401282, 17.883556220404756 ], [ -91.807805319575579, 17.878574619931364 ], [ -91.806895279654213, 17.875628579775501 ], [ -91.806663619805633, 17.874878620087731 ], [ -91.805551060066847, 17.871322710293285 ], [ -91.804368740006865, 17.868866449845896 ], [ -91.804079200248211, 17.868495109699388 ], [ -91.80237717041436, 17.866312200295717 ], [ -91.800577119643663, 17.864193139705016 ], [ -91.798696979916471, 17.862707880431937 ], [ -91.797966800187297, 17.862131050128177 ], [ -91.792817859795946, 17.859781279861632 ], [ -91.791887619547182, 17.859372520141743 ], [ -91.789096880031593, 17.858146219765548 ], [ -91.788166650227467, 17.857737429945683 ], [ -91.787860820160262, 17.857576689895048 ], [ -91.78708531993135, 17.857170659638594 ], [ -91.786095089835626, 17.856651651467999 ], [ -91.785296967665872, 17.856223779902557 ], [ -91.781872939396706, 17.854288221220699 ], [ -91.780426428546122, 17.852636179984614 ], [ -91.780003888715783, 17.851868249882518 ], [ -91.779690460194459, 17.851298580081714 ], [ -91.779640909901161, 17.850776169707057 ], [ -91.77957711033369, 17.850103580018654 ], [ -91.779532550271654, 17.849633980448921 ], [ -91.779962970085407, 17.848272659824424 ], [ -91.780683430295255, 17.847130169936658 ], [ -91.782577370084127, 17.844909980121191 ], [ -91.783881679699661, 17.843647110337209 ], [ -91.786097570165339, 17.841707909913403 ], [ -91.787665800139209, 17.83973362966525 ], [ -91.789039429561839, 17.837789150096377 ], [ -91.790386999933858, 17.83541671974055 ], [ -91.79127765029294, 17.833035229815597 ], [ -91.791812200212334, 17.830620519747512 ], [ -91.792124380018535, 17.827553450161908 ], [ -91.792371579767888, 17.824516940180427 ], [ -91.792223379941703, 17.823258779992248 ], [ -91.79185308957463, 17.820114819562686 ], [ -91.791740679710813, 17.81757211955339 ], [ -91.790824219698337, 17.814187419650757 ], [ -91.789646819939094, 17.811080120244242 ], [ -91.788532780268454, 17.808190199738888 ], [ -91.788195030430174, 17.807437059918385 ], [ -91.786037689542042, 17.802626219940411 ], [ -91.78361303007668, 17.797217109715444 ], [ -91.782221000227096, 17.791952259907848 ], [ -91.782030060353705, 17.786730289870864 ], [ -91.782253119955868, 17.782484629547131 ], [ -91.782965860442133, 17.777605939584355 ], [ -91.783799060446754, 17.774108080230864 ], [ -91.78529339967541, 17.768599289588348 ], [ -91.78717185989376, 17.764185320189725 ], [ -91.788594780292968, 17.759637060312254 ], [ -91.788613140146836, 17.75690914008857 ], [ -91.788594350319698, 17.756515479660628 ], [ -91.788698779899619, 17.756516489991927 ], [ -91.789175060121693, 17.756521150309609 ], [ -91.789370649626321, 17.756521180397137 ], [ -91.789733519767552, 17.756521250228367 ], [ -91.789975950041963, 17.756521290224605 ], [ -91.791158889688987, 17.756539029549209 ], [ -91.791464180075877, 17.754205059700887 ], [ -91.791900380070572, 17.750793889790462 ], [ -91.79204591959973, 17.750128169781231 ], [ -91.791742050144009, 17.749345199577288 ], [ -91.791140449935398, 17.748698079542866 ], [ -91.790710399802563, 17.748077680429621 ], [ -91.7902283501422, 17.747597649645218 ], [ -91.790068630109815, 17.746982229987072 ], [ -91.790161739968795, 17.74601811018827 ], [ -91.791602630099021, 17.745267280282604 ], [ -91.793389280344471, 17.744483820286817 ], [ -91.794721829951811, 17.744193800291157 ], [ -91.796015820144149, 17.744020000092402 ], [ -91.797255079818186, 17.7439884198565 ], [ -91.798368660164556, 17.744183479642327 ], [ -91.799813679719705, 17.744785259603535 ], [ -91.80105262960052, 17.745021720168342 ], [ -91.802121229916949, 17.745464909644213 ], [ -91.80315652041341, 17.745999080418873 ], [ -91.804060689553864, 17.746544890146659 ], [ -91.804529850449285, 17.746960340123696 ], [ -91.804859890426286, 17.747373149937268 ], [ -91.805300520328032, 17.7477143400709 ], [ -91.806127030121431, 17.748321540375837 ], [ -91.806940710150513, 17.748876380152961 ], [ -91.807800970068953, 17.749161890178534 ], [ -91.808787720354886, 17.749503370083193 ], [ -91.809072479620056, 17.749694490361776 ], [ -91.809320080018836, 17.749883080365219 ], [ -91.80957880026115, 17.750271770089803 ], [ -91.810325029648709, 17.751323340004479 ], [ -91.811133170434587, 17.750868340092133 ], [ -91.812076770023239, 17.750378309590083 ], [ -91.812845940161338, 17.75031781967617 ], [ -91.813632740382957, 17.749953400196759 ], [ -91.81372558016291, 17.749919579707761 ], [ -91.81398627960634, 17.749835369846569 ], [ -91.813131849640001, 17.749338339922073 ], [ -91.814105380333245, 17.748790800072388 ], [ -91.814901749641834, 17.748369619874666 ], [ -91.81575004952127, 17.747769920123243 ], [ -91.816773860222085, 17.747056539562585 ], [ -91.819829519946822, 17.745191259550069 ], [ -91.822411080413389, 17.743156510315796 ], [ -91.825533880373513, 17.74132043006037 ], [ -91.826941820072051, 17.740567169817183 ], [ -91.828472000382646, 17.739235619598194 ], [ -91.829112939552019, 17.738911540291006 ], [ -91.829366820012154, 17.738636829753553 ], [ -91.830661690382186, 17.737677229978086 ], [ -91.829999340063793, 17.737156089972224 ], [ -91.829167450216943, 17.73674329036665 ], [ -91.826232720096698, 17.735382629990017 ], [ -91.825267819764449, 17.734863140165665 ], [ -91.825566139603183, 17.734723939550161 ], [ -91.825314860006529, 17.734592600111498 ], [ -91.822722740219945, 17.733022950377045 ], [ -91.82131814038695, 17.731960779993916 ], [ -91.821207510431904, 17.731785999729638 ], [ -91.820876970356295, 17.731263740556322 ], [ -91.820126489988567, 17.730077940731743 ], [ -91.819899020193162, 17.729679770047845 ], [ -91.819805429791501, 17.729515970405235 ], [ -91.819271060215385, 17.728601939958718 ], [ -91.818433950212977, 17.727432229875458 ], [ -91.815576109613843, 17.727756890893072 ], [ -91.814190049563123, 17.727001249791424 ], [ -91.812804950413721, 17.726198510344908 ], [ -91.811630220375207, 17.72594143072974 ], [ -91.810331199619228, 17.725752740833514 ], [ -91.809599689699439, 17.725456650874158 ], [ -91.808210879522207, 17.724842260249456 ], [ -91.807109400336017, 17.724610059969734 ], [ -91.805955480022476, 17.724541780326643 ], [ -91.804820679619937, 17.724368251223769 ], [ -91.804730200293022, 17.724354400583906 ], [ -91.804037970052988, 17.724553720140005 ], [ -91.803108489733916, 17.724324651145462 ], [ -91.797158890338466, 17.723155259695687 ], [ -91.795462829596914, 17.722750771091157 ], [ -91.795429620162253, 17.722742850910617 ], [ -91.790931630045336, 17.720869980771678 ], [ -91.786515879941902, 17.719025680030111 ], [ -91.784014539915503, 17.716741200800666 ], [ -91.783880420031522, 17.714854170075977 ], [ -91.783544999728861, 17.71319898041077 ], [ -91.783227999897605, 17.711850380645526 ], [ -91.782737119549068, 17.710592799724441 ], [ -91.782267510360498, 17.709500520903223 ], [ -91.781525290198957, 17.708520969936792 ], [ -91.780531689908699, 17.707819479854969 ], [ -91.77933587997596, 17.70739691981484 ], [ -91.778624320201288, 17.707336659629618 ], [ -91.777680289951405, 17.707837460358196 ], [ -91.776612920200265, 17.708359539980261 ], [ -91.776297149566773, 17.70866386007005 ], [ -91.775956169968296, 17.709158321179011 ], [ -91.775777890035073, 17.709730539836396 ], [ -91.775723950031619, 17.710141890222793 ], [ -91.775657019695331, 17.710646600418638 ], [ -91.775577020400462, 17.711454780297743 ], [ -91.775634680389786, 17.712272400196287 ], [ -91.776006920002118, 17.713587651349624 ], [ -91.776602580158468, 17.715431681367928 ], [ -91.775124370207294, 17.714437509887297 ], [ -91.774617259786254, 17.713583110944406 ], [ -91.774181180292544, 17.713211709922025 ], [ -91.773835090018181, 17.712829380143237 ], [ -91.773675080094108, 17.712363710256227 ], [ -91.773278850427729, 17.711951850379933 ], [ -91.772834089860766, 17.711622551156609 ], [ -91.771492599743553, 17.709986599667989 ], [ -91.771302420038083, 17.709004420104996 ], [ -91.771022290159948, 17.70838162961229 ], [ -91.769950890048207, 17.707002150260784 ], [ -91.767852620325812, 17.70311545072795 ], [ -91.753914779945063, 17.705347320715532 ], [ -91.753847689806705, 17.705294740936846 ], [ -91.752898659888956, 17.704551029608623 ], [ -91.75249962014091, 17.703624890620578 ], [ -91.752076479822009, 17.702674741288984 ], [ -91.751547919908703, 17.702075980425025 ], [ -91.750826170309807, 17.701308719630461 ], [ -91.750195049692422, 17.700920059834971 ], [ -91.749563450448449, 17.700554940201922 ], [ -91.749052780111356, 17.700286309975844 ], [ -91.748587910104987, 17.700183420483146 ], [ -91.748243969646964, 17.700177019608233 ], [ -91.747942950266847, 17.700477649814847 ], [ -91.747785980167535, 17.700945859885731 ], [ -91.747697480046156, 17.701674479726968 ], [ -91.744375249600239, 17.70672445995293 ], [ -91.741650660000388, 17.708921860237357 ], [ -91.741116679558871, 17.709347230663845 ], [ -91.739153420088286, 17.710914250399895 ], [ -91.738806229897989, 17.71080865011292 ], [ -91.738649520210501, 17.710445769854299 ], [ -91.738513120065335, 17.709079140952845 ], [ -91.738568510311381, 17.708412180662879 ], [ -91.738488540191426, 17.707864540563758 ], [ -91.738405200083122, 17.707547909980846 ], [ -91.738454150158304, 17.707277231285612 ], [ -91.738501380131481, 17.707093820063868 ], [ -91.738552120482012, 17.706884969842342 ], [ -91.738813340215003, 17.706651319592755 ], [ -91.739001999820559, 17.706522060509627 ], [ -91.739312979476622, 17.706386630980642 ], [ -91.739659980076397, 17.706279201104195 ], [ -91.740065400084291, 17.706171830173552 ], [ -91.740390030465534, 17.706222719925137 ], [ -91.740682880098447, 17.706185660330629 ], [ -91.740986890171129, 17.70628414041299 ], [ -91.741244379882303, 17.706259750012183 ], [ -91.741372169640542, 17.706152020698788 ], [ -91.741388749770962, 17.705974750533191 ], [ -91.741383520396965, 17.705774029663164 ], [ -91.741240119899203, 17.705525050166738 ], [ -91.74099792027792, 17.705243420441171 ], [ -91.740346370378788, 17.704942179629732 ], [ -91.7400008299321, 17.704808890418935 ], [ -91.739685520478361, 17.704708999677113 ], [ -91.73933823020073, 17.704708629643648 ], [ -91.739015620383341, 17.704815549782175 ], [ -91.738826510376555, 17.704958449794006 ], [ -91.738695689870937, 17.705065970406046 ], [ -91.738563549693097, 17.705158629619383 ], [ -91.73842398033787, 17.705272600927994 ], [ -91.738332890407449, 17.705383970617465 ], [ -91.73809045025682, 17.705473421078381 ], [ -91.737932179927995, 17.705393149743781 ], [ -91.737849140307873, 17.705211659582432 ], [ -91.73791720042091, 17.704753800425014 ], [ -91.738170420345398, 17.704448570412183 ], [ -91.738246720281651, 17.704150510762815 ], [ -91.738313400037555, 17.703876650352512 ], [ -91.738356290279384, 17.703578149888749 ], [ -91.738322309726314, 17.703301080144886 ], [ -91.738247620287765, 17.702846949723188 ], [ -91.737937949956262, 17.702378740191634 ], [ -91.737538580125602, 17.701868449838031 ], [ -91.737434519748021, 17.701623420775597 ], [ -91.737308940023283, 17.701364030233151 ], [ -91.737088520376503, 17.701086580007825 ], [ -91.73683524984753, 17.700793230961672 ], [ -91.736521259782819, 17.700574579881717 ], [ -91.736285849974749, 17.700443250657166 ], [ -91.736099720422217, 17.700395020243356 ], [ -91.735837019581965, 17.700443400637617 ], [ -91.7357137496289, 17.700485260747641 ], [ -91.735533170456989, 17.70054657007892 ], [ -91.735253340038255, 17.700576091224544 ], [ -91.734910060386753, 17.700649951070186 ], [ -91.73458101993225, 17.70063330985327 ], [ -91.734369280422996, 17.700554250035236 ], [ -91.73422896958121, 17.700420540757946 ], [ -91.734033429641158, 17.700193739850331 ], [ -91.733864139798811, 17.69875008020362 ], [ -91.733704029538046, 17.697755660374266 ], [ -91.733686200014517, 17.697440030457038 ], [ -91.7336520496454, 17.697257580945301 ], [ -91.733583019866927, 17.697040430300618 ], [ -91.733502830344761, 17.696840599735427 ], [ -91.733294000337651, 17.696580341295451 ], [ -91.732960999639971, 17.696411710818172 ], [ -91.732441949486997, 17.69619523057403 ], [ -91.731995920179926, 17.695971771335394 ], [ -91.731516230013, 17.695867770835243 ], [ -91.730879819934913, 17.695693800202701 ], [ -91.730043459724072, 17.695456581088916 ], [ -91.729921316657027, 17.695393885728087 ], [ -91.729101289577471, 17.694972970046209 ], [ -91.728290170008407, 17.694503600791279 ], [ -91.727737140096451, 17.694249510171552 ], [ -91.727456206715175, 17.694017119915671 ], [ -91.727169979947163, 17.693780349892819 ], [ -91.7266267303539, 17.693333678381926 ], [ -91.726441430228007, 17.693181320108934 ], [ -91.726127940090748, 17.692825749870529 ], [ -91.725634749587286, 17.692482880173433 ], [ -91.7253023398073, 17.692263780813288 ], [ -91.724763540491281, 17.692063889636227 ], [ -91.724684738905481, 17.692122938594341 ], [ -91.724460910427695, 17.692290660058738 ], [ -91.72377404087743, 17.692423887924175 ], [ -91.723678749671905, 17.692442370269596 ], [ -91.722969549498359, 17.692794490881759 ], [ -91.722448799790826, 17.69305305016632 ], [ -91.721277379819384, 17.693191549637024 ], [ -91.719796939976021, 17.692980740162767 ], [ -91.719212920428959, 17.693270679772311 ], [ -91.719215053131109, 17.693301522965257 ], [ -91.719378459711933, 17.69566499954696 ], [ -91.719444478284061, 17.695919204180029 ], [ -91.719857419979974, 17.697509230237291 ], [ -91.719462430180997, 17.698396319606712 ], [ -91.718639250144278, 17.6986282002241 ], [ -91.717545419741555, 17.698409230187789 ], [ -91.717252540255842, 17.697442570341487 ], [ -91.717643629949208, 17.69659572030363 ], [ -91.718573229959887, 17.695506540400146 ], [ -91.718473449974908, 17.694768250022022 ], [ -91.717627369950961, 17.694479089675248 ], [ -91.716296510327794, 17.69507105000379 ], [ -91.715144220394947, 17.695622710128461 ], [ -91.714687309692735, 17.695556770078941 ], [ -91.71464083039406, 17.695014050260173 ], [ -91.715286549810116, 17.694353289967395 ], [ -91.716854600107638, 17.6934717100802 ], [ -91.717240489744299, 17.692776249586078 ], [ -91.717421649728664, 17.69097762017957 ], [ -91.717440545148918, 17.690865722931395 ], [ -91.717627234168816, 17.689760168128103 ], [ -91.71765166020748, 17.689615519821654 ], [ -91.717589280018785, 17.688581579737509 ], [ -91.717564719663329, 17.688174619644244 ], [ -91.717449370220592, 17.688073260957264 ], [ -91.717077489765799, 17.687746509951445 ], [ -91.715191340379278, 17.688642540574293 ], [ -91.715112852577889, 17.68866817850779 ], [ -91.714739450455397, 17.688790150088451 ], [ -91.714214349899336, 17.689075520829149 ], [ -91.714176875638429, 17.689087195975624 ], [ -91.713808660054127, 17.689201919906381 ], [ -91.71360491919026, 17.68922720464888 ], [ -91.712804204453064, 17.689326572954528 ], [ -91.712724369846882, 17.689336480197912 ], [ -91.712375229714652, 17.689268060321218 ], [ -91.712039630341508, 17.689140480912823 ], [ -91.711308519805456, 17.688800660304921 ], [ -91.711234578208305, 17.68875928960621 ], [ -91.710550079681013, 17.688376311262562 ], [ -91.710521449493214, 17.688366392828161 ], [ -91.710361134448462, 17.688310855350473 ], [ -91.709771709526606, 17.688106661060552 ], [ -91.70889806003288, 17.688089550476683 ], [ -91.708231750465515, 17.688130059667913 ], [ -91.707351720226612, 17.688486320579283 ], [ -91.706697079644385, 17.688907720277733 ], [ -91.706113890151954, 17.689293229994931 ], [ -91.705556480278119, 17.689466580293864 ], [ -91.704978770294915, 17.689581580448216 ], [ -91.704524550331229, 17.68985991113243 ], [ -91.704302520333684, 17.690430369873983 ], [ -91.704344939483931, 17.691051141240713 ], [ -91.704543860330432, 17.691625090697652 ], [ -91.704550060205406, 17.692018751100068 ], [ -91.704416110279482, 17.692193820011859 ], [ -91.704250379558516, 17.692236521186828 ], [ -91.70403576977904, 17.692225090076025 ], [ -91.7036326502121, 17.691825749992816 ], [ -91.703309710208345, 17.691340220773117 ], [ -91.703161970204945, 17.691253940405389 ], [ -91.702803999969305, 17.690924540898347 ], [ -91.702374580146198, 17.690661720631105 ], [ -91.701747739829258, 17.690547200543076 ], [ -91.701408749898007, 17.690496539541563 ], [ -91.701347890140468, 17.690287140060871 ], [ -91.701037679972544, 17.689679650028626 ], [ -91.701265250316453, 17.688899780916742 ], [ -91.701681549729201, 17.688104250479327 ], [ -91.701859579941157, 17.687178970112075 ], [ -91.70170862000974, 17.68321411083971 ], [ -91.701773950434912, 17.682396489696785 ], [ -91.701709970129329, 17.682088769835076 ], [ -91.701619939743622, 17.68169988989996 ], [ -91.701301350109844, 17.681632770507143 ], [ -91.701033230121155, 17.681608650814287 ], [ -91.700584879871357, 17.681560879688561 ], [ -91.700203289537754, 17.681483981090278 ], [ -91.700078180082045, 17.68101151126125 ], [ -91.700286540371408, 17.68057361975147 ], [ -91.700387120178377, 17.680294950656013 ], [ -91.700733739532055, 17.679928171226784 ], [ -91.701008119815413, 17.679516280997937 ], [ -91.701123919867825, 17.67922866125263 ], [ -91.700957979701556, 17.678939780644342 ], [ -91.700369940413566, 17.67880815017412 ], [ -91.699834380295101, 17.679098110151727 ], [ -91.699230849735827, 17.679258151009765 ], [ -91.698803969999418, 17.679240570993546 ], [ -91.698264339670132, 17.679208171162024 ], [ -91.697797120068032, 17.679147090448826 ], [ -91.697173690079211, 17.679304080540227 ], [ -91.696698780102892, 17.679606680079022 ], [ -91.696802579557897, 17.679936479619379 ], [ -91.696860740126525, 17.680224920059395 ], [ -91.697237569530088, 17.680776710841219 ], [ -91.6974841795749, 17.681136600525065 ], [ -91.697983260154189, 17.681541060157858 ], [ -91.698500489564537, 17.681815740215924 ], [ -91.698825939768511, 17.682144030008079 ], [ -91.699095060398705, 17.68256842992556 ], [ -91.699141889939099, 17.682760341217339 ], [ -91.699023679980044, 17.682922540408267 ], [ -91.698794800029376, 17.683100049869338 ], [ -91.698531749545523, 17.683220980324958 ], [ -91.698097519443877, 17.683265001275899 ], [ -91.697661620119632, 17.683290150114029 ], [ -91.696948679969623, 17.683181139991358 ], [ -91.696633369535775, 17.683678020235874 ], [ -91.69670084966215, 17.684213801066495 ], [ -91.696933860099264, 17.685071829804698 ], [ -91.696817019503086, 17.685284340503156 ], [ -91.696557819617325, 17.685391511040443 ], [ -91.695614520387352, 17.685200830598806 ], [ -91.694596719596177, 17.685130180586551 ], [ -91.693711229572983, 17.68500120114798 ], [ -91.6928919203025, 17.684418380315417 ], [ -91.690978489983834, 17.683577950882906 ], [ -91.690492540189908, 17.683309649720542 ], [ -91.690062920047652, 17.682853019630748 ], [ -91.689912110149578, 17.682721551292115 ], [ -91.689737400271667, 17.682176150994671 ], [ -91.689697079853488, 17.68201257978545 ], [ -91.689601030166813, 17.681834429844184 ], [ -91.689548570107078, 17.681498800251724 ], [ -91.68902048960048, 17.680808341068779 ], [ -91.688422879949883, 17.679996090213248 ], [ -91.68782042997951, 17.679419339755459 ], [ -91.687442600216499, 17.679107249870391 ], [ -91.68667275024643, 17.678705740406325 ], [ -91.685848229917397, 17.678533939929629 ], [ -91.685192780187009, 17.67814462083377 ], [ -91.684572089746709, 17.677261260284986 ], [ -91.683795780010925, 17.67637480053126 ], [ -91.683021109978171, 17.675574250085184 ], [ -91.683086489835517, 17.674058219698885 ], [ -91.683217090082323, 17.672665600176657 ], [ -91.682364419792762, 17.671118261168825 ], [ -91.681981120339003, 17.67063985990595 ], [ -91.681377259647206, 17.670133719718972 ], [ -91.680543110319988, 17.670070781181785 ], [ -91.679897180332873, 17.670411879894374 ], [ -91.679251279722976, 17.670752970105763 ], [ -91.678429999713728, 17.671255630564151 ], [ -91.678656019700185, 17.671839770266736 ], [ -91.679229289622228, 17.674464080575877 ], [ -91.677946999710912, 17.675545090200195 ], [ -91.676885020138727, 17.675294550881613 ], [ -91.675643370100062, 17.677680781316319 ], [ -91.674827629616018, 17.679102230159948 ], [ -91.67435382981219, 17.680624419757805 ], [ -91.673834780080696, 17.681957261301488 ], [ -91.67355335034911, 17.683015000665961 ], [ -91.673541680246373, 17.683058860857944 ], [ -91.672992490371342, 17.68347242998113 ], [ -91.67055820001795, 17.683543920683064 ], [ -91.669451880369976, 17.683570460459883 ], [ -91.667269629839936, 17.683622769776942 ], [ -91.666744380044364, 17.683635349724355 ], [ -91.666168450036352, 17.683648150284512 ], [ -91.665822539514664, 17.683518551289424 ], [ -91.665285320229671, 17.682963951205224 ], [ -91.664958620419739, 17.682584879888601 ], [ -91.664514319591959, 17.682053261051603 ], [ -91.664700819913946, 17.682056249577229 ], [ -91.664835539548648, 17.681793859983173 ], [ -91.664977579689435, 17.681658490668525 ], [ -91.665193140035981, 17.681400310277628 ], [ -91.665326180434661, 17.681047429966046 ], [ -91.665494120280968, 17.680710141278315 ], [ -91.665609079545064, 17.680327289890563 ], [ -91.665732450057277, 17.679997849583089 ], [ -91.665511709545413, 17.679809140943309 ], [ -91.665217080166087, 17.67973805100991 ], [ -91.664873429771617, 17.679596229815299 ], [ -91.664038350041736, 17.679571400434323 ], [ -91.663707509928784, 17.679422551229017 ], [ -91.663334290379424, 17.679549139651186 ], [ -91.662572659783066, 17.679304120067361 ], [ -91.661645259546248, 17.678925080347977 ], [ -91.661318020166675, 17.678959090336253 ], [ -91.660999940339067, 17.67876589034816 ], [ -91.660921830355832, 17.678216620849234 ], [ -91.66021714991453, 17.678053319846704 ], [ -91.659992539920339, 17.67746525026222 ], [ -91.65959823014056, 17.67675094987025 ], [ -91.659333249684693, 17.67630320001307 ], [ -91.658943740249441, 17.675642280950008 ], [ -91.658544119888248, 17.674809631238841 ], [ -91.657684910200956, 17.674870880447834 ], [ -91.656792630445693, 17.675184739635021 ], [ -91.656136290097976, 17.675528349949833 ], [ -91.655261289926045, 17.676422000176185 ], [ -91.655182940192219, 17.676381921335839 ], [ -91.654743510089205, 17.67615711991273 ], [ -91.655219134461987, 17.675453814212723 ], [ -91.655853049900131, 17.674516430225435 ], [ -91.656494970442324, 17.673530369816888 ], [ -91.657236740228967, 17.672706750543508 ], [ -91.657517519864967, 17.672167769634889 ], [ -91.657739179950255, 17.671814921054999 ], [ -91.658083620194418, 17.671485829920879 ], [ -91.658477109521655, 17.671180340279889 ], [ -91.658747739888824, 17.670921770854306 ], [ -91.658765084582797, 17.670902434618451 ], [ -91.658907719993778, 17.670743420781111 ], [ -91.658920859654899, 17.670728770911573 ], [ -91.659033587788898, 17.67060310618141 ], [ -91.659043029919317, 17.6705925797581 ], [ -91.659307569586844, 17.670301981136248 ], [ -91.658748709573473, 17.669357140810575 ], [ -91.658619779871472, 17.668782049947929 ], [ -91.658394090242069, 17.668072619707797 ], [ -91.658296459925722, 17.667518000424955 ], [ -91.658342180459002, 17.667008779719794 ], [ -91.658509349785078, 17.666619860471801 ], [ -91.658682520227259, 17.666297081171027 ], [ -91.659007580026397, 17.665935230034151 ], [ -91.659551649800321, 17.665912859585497 ], [ -91.660087580250732, 17.666116181020485 ], [ -91.660765380069435, 17.666531661002633 ], [ -91.661416350351615, 17.666836969835295 ], [ -91.662023920295994, 17.666876260378853 ], [ -91.662838919756325, 17.666940220094755 ], [ -91.663328830182664, 17.666974121330011 ], [ -91.66366228010807, 17.666940620112495 ], [ -91.66394710964147, 17.666951650593237 ], [ -91.664145620157456, 17.66688917009083 ], [ -91.664271319616617, 17.666781860225626 ], [ -91.664339289588568, 17.666660629919221 ], [ -91.664196630261429, 17.666236349956868 ], [ -91.663527420256003, 17.665795819567492 ], [ -91.663215769959962, 17.665633650565194 ], [ -91.662984479826278, 17.665551460856189 ], [ -91.661861139825589, 17.66525166027224 ], [ -91.660674650449238, 17.665492419708642 ], [ -91.660391510133024, 17.665524399715373 ], [ -91.660380419806899, 17.665446030818782 ], [ -91.660359910039915, 17.665300890585424 ], [ -91.660378769982486, 17.664997971293555 ], [ -91.660471080414581, 17.663770490610844 ], [ -91.660572219860953, 17.66359569031032 ], [ -91.660756109878861, 17.663485290401326 ], [ -91.661039909759126, 17.663375570139664 ], [ -91.661447720339524, 17.663315939671406 ], [ -91.661672489566286, 17.663513920200273 ], [ -91.66176044988579, 17.663686091016825 ], [ -91.661895060132636, 17.664000980139605 ], [ -91.662041999514017, 17.664159890879937 ], [ -91.662380629677088, 17.664212340247119 ], [ -91.662447550090747, 17.664189060429049 ], [ -91.662524859939026, 17.664141110347032 ], [ -91.662575090156153, 17.66405652046393 ], [ -91.66265888982781, 17.663833619942281 ], [ -91.662824019651069, 17.663574489529136 ], [ -91.662880110196653, 17.663346480571398 ], [ -91.662953719845021, 17.663176779780933 ], [ -91.66312836967235, 17.663013681263465 ], [ -91.663238520212388, 17.662835920464257 ], [ -91.663416200038313, 17.662618720675795 ], [ -91.663604630308939, 17.662441980354444 ], [ -91.663607459593521, 17.662154830025145 ], [ -91.663435779868351, 17.66194586061664 ], [ -91.663027619794974, 17.661948341156563 ], [ -91.662753550262039, 17.66211811971495 ], [ -91.662495750133729, 17.662315400168669 ], [ -91.662311259694022, 17.662513340237144 ], [ -91.662157170329564, 17.662664051271463 ], [ -91.661927180223913, 17.662760579666248 ], [ -91.661655310052367, 17.662768890197494 ], [ -91.661410229701346, 17.662689909858337 ], [ -91.661281020027971, 17.662417281348276 ], [ -91.661375119517274, 17.662040350624824 ], [ -91.661520719863972, 17.66167257997078 ], [ -91.661383580003587, 17.661506750428867 ], [ -91.661142770281586, 17.661389199800407 ], [ -91.660956000257613, 17.661116540024373 ], [ -91.660773379459442, 17.660941111297944 ], [ -91.660649279759085, 17.660733350506721 ], [ -91.660579220149856, 17.660280750293026 ], [ -91.660753349943192, 17.659409229886901 ], [ -91.661150630297541, 17.658870660259648 ], [ -91.661413490241657, 17.658775400227771 ], [ -91.661883180073374, 17.658831800144778 ], [ -91.662460820337571, 17.658776121287431 ], [ -91.662889309889806, 17.658637951033935 ], [ -91.663153690025098, 17.658453150649652 ], [ -91.663247280108536, 17.658040460118581 ], [ -91.662956679934737, 17.657840710144058 ], [ -91.662426000033264, 17.657783999734281 ], [ -91.661935539820348, 17.65772753994775 ], [ -91.661686509775151, 17.657487801161299 ], [ -91.661392000005037, 17.65727269021205 ], [ -91.661153060103047, 17.657083459620843 ], [ -91.660918720213644, 17.656934980882639 ], [ -91.66042195014532, 17.656680080431684 ], [ -91.660024489939374, 17.656637920304405 ], [ -91.659578949821778, 17.656727660352026 ], [ -91.65925765021349, 17.656733661151375 ], [ -91.658658779826851, 17.656454709951646 ], [ -91.658471419733345, 17.655440519781475 ], [ -91.658494249876327, 17.654848401198745 ], [ -91.65878034008648, 17.654186909687041 ], [ -91.659225719667276, 17.653911680378247 ], [ -91.659620339670454, 17.65369737952425 ], [ -91.659986549966575, 17.653576119776897 ], [ -91.660278420423182, 17.653453340121768 ], [ -91.660505970115651, 17.653296311024643 ], [ -91.660604979712147, 17.653135420018312 ], [ -91.660642489512981, 17.652936850923034 ], [ -91.660471050281018, 17.652621851171808 ], [ -91.660090939646096, 17.652435309906259 ], [ -91.659855109785994, 17.652226219832261 ], [ -91.659522779757694, 17.651889150564759 ], [ -91.659709490343744, 17.651488120139504 ], [ -91.660204749830953, 17.650790139756364 ], [ -91.660220630372677, 17.65030892083556 ], [ -91.660162480060592, 17.650135519785724 ], [ -91.659998110206445, 17.64981402024868 ], [ -91.659870619958994, 17.649476750608041 ], [ -91.659764489837769, 17.649194769595198 ], [ -91.659423660358158, 17.648924021212164 ], [ -91.659075309684894, 17.648850480116295 ], [ -91.658639429554626, 17.648862650154008 ], [ -91.658115370088296, 17.649066451020591 ], [ -91.6577211398847, 17.649406311288899 ], [ -91.65736468992931, 17.649635831174951 ], [ -91.657045570157976, 17.649762001181596 ], [ -91.656495089709054, 17.649533229790823 ], [ -91.65555588019248, 17.648385980299686 ], [ -91.654728110457611, 17.647170059964363 ], [ -91.654440419533856, 17.64675015048245 ], [ -91.654278019554425, 17.646251401137597 ], [ -91.654260780225499, 17.645773620751029 ], [ -91.65405457006969, 17.645229430787928 ], [ -91.654035019647935, 17.644589949922384 ], [ -91.654200179622904, 17.644324540452335 ], [ -91.654293620118651, 17.644169220605161 ], [ -91.654314250115931, 17.644040150078162 ], [ -91.654510419520761, 17.643751050944839 ], [ -91.65463496972805, 17.64351317035667 ], [ -91.654849740167336, 17.643140680975545 ], [ -91.655263709614943, 17.643004200641457 ], [ -91.655630199783261, 17.643218890115236 ], [ -91.655797949559883, 17.643448029787979 ], [ -91.655833779522681, 17.643694370914222 ], [ -91.655713060211184, 17.643905319658941 ], [ -91.655536200357702, 17.644187090892039 ], [ -91.655379880014635, 17.644414020188204 ], [ -91.655359569980902, 17.644627220313083 ], [ -91.655388219722383, 17.644864081331821 ], [ -91.655574659736857, 17.645026180304516 ], [ -91.655780109500341, 17.645326170573252 ], [ -91.655986599550573, 17.645486800994078 ], [ -91.656317550427374, 17.64566820000427 ], [ -91.656608120142891, 17.645690080615548 ], [ -91.656733180102961, 17.645631199716124 ], [ -91.656817419517481, 17.645472550484374 ], [ -91.656819919687024, 17.645134220309121 ], [ -91.656783149690014, 17.644497020317068 ], [ -91.656638709700729, 17.644004319553879 ], [ -91.65645645009532, 17.643597120450746 ], [ -91.656526689689059, 17.643139950267784 ], [ -91.656716290068829, 17.642672540830645 ], [ -91.657061539904177, 17.642604580915112 ], [ -91.657481460074578, 17.642770919821796 ], [ -91.658043749665779, 17.642859849541086 ], [ -91.658315569528966, 17.642752380285263 ], [ -91.658513049778236, 17.642464519690503 ], [ -91.658182320073152, 17.641629110896563 ], [ -91.658367920324423, 17.641090969823995 ], [ -91.658765219910933, 17.640316259944353 ], [ -91.658886779592194, 17.640040370388313 ], [ -91.658787599639354, 17.639707980941289 ], [ -91.65847257968538, 17.639560801164755 ], [ -91.658109479726392, 17.639637320413577 ], [ -91.657730169735942, 17.640020860468752 ], [ -91.657067969764213, 17.640731250067173 ], [ -91.656835369631096, 17.641391539759063 ], [ -91.656566770314598, 17.64160845979913 ], [ -91.656277140234025, 17.641854120892521 ], [ -91.6559496899024, 17.641929179865741 ], [ -91.655743970152869, 17.641817180364441 ], [ -91.65558373996943, 17.641600750233785 ], [ -91.65561491958276, 17.641270750752145 ], [ -91.655673090016663, 17.640957350200576 ], [ -91.655947420184688, 17.640645970295466 ], [ -91.656193460243529, 17.640144569584415 ], [ -91.656275940352373, 17.639940981202265 ], [ -91.656014679977758, 17.639554029568664 ], [ -91.655543249723848, 17.639478950411352 ], [ -91.654954000109285, 17.639400449772719 ], [ -91.654309370174374, 17.639335250743777 ], [ -91.653728619894878, 17.639121649561943 ], [ -91.653232110312658, 17.638745859615426 ], [ -91.652811260158899, 17.638570740090739 ], [ -91.652821149528449, 17.638260250918975 ], [ -91.65305037955028, 17.638082541244891 ], [ -91.65330017982528, 17.637984480619682 ], [ -91.653432649528071, 17.637945380139275 ], [ -91.653608769674477, 17.637722229641422 ], [ -91.653649110160984, 17.637591951180486 ], [ -91.653618939614304, 17.637180079971937 ], [ -91.653600170004495, 17.636718179696999 ], [ -91.653221940274534, 17.636301001125553 ], [ -91.653252119574489, 17.635829340120765 ], [ -91.653793429935021, 17.635680449745685 ], [ -91.654221019623989, 17.635821851038475 ], [ -91.654905089658371, 17.636053250610004 ], [ -91.655370149814743, 17.636142401330172 ], [ -91.65576264957069, 17.636183780805283 ], [ -91.656006179884756, 17.636111201264409 ], [ -91.656175400092877, 17.63601648133498 ], [ -91.65624274011077, 17.635692550037426 ], [ -91.655808920192371, 17.635373170015583 ], [ -91.655180679681933, 17.635130370173137 ], [ -91.654783200021711, 17.635088049588965 ], [ -91.654270139523263, 17.634875370287514 ], [ -91.654163199667423, 17.634385780263646 ], [ -91.654449569980315, 17.633962000573035 ], [ -91.654778119908471, 17.633802140981434 ], [ -91.65509412002595, 17.633628579904812 ], [ -91.655567849599777, 17.633414459817004 ], [ -91.655915509967087, 17.633333600670511 ], [ -91.656398120361729, 17.633428770193149 ], [ -91.65676665020716, 17.633670350114173 ], [ -91.65694375010699, 17.633894660363154 ], [ -91.657212199490942, 17.634095520659027 ], [ -91.657645479786538, 17.634476649676007 ], [ -91.657976710258197, 17.634618220321432 ], [ -91.658081120099084, 17.634539340076167 ], [ -91.658123940269505, 17.634360510028792 ], [ -91.658063740002149, 17.634081420488197 ], [ -91.65785991037788, 17.633562540941394 ], [ -91.657599030155126, 17.633083350561201 ], [ -91.65771878030101, 17.632591650203512 ], [ -91.657851280192688, 17.632282661115767 ], [ -91.657906540009876, 17.631990421133345 ], [ -91.657241520182936, 17.631772830604319 ], [ -91.656823219800927, 17.63204398006723 ], [ -91.656174520159297, 17.632270370865889 ], [ -91.655676620334447, 17.632646539972658 ], [ -91.655258820368715, 17.632873459968319 ], [ -91.655012630199721, 17.632989079945229 ], [ -91.654690259643246, 17.633079510642222 ], [ -91.654318250124675, 17.633016570603225 ], [ -91.654115779649246, 17.632615119752135 ], [ -91.654246200336758, 17.632351059807 ], [ -91.654828739725161, 17.632079979967809 ], [ -91.655916049595959, 17.631838570158962 ], [ -91.655943740314456, 17.631471000271226 ], [ -91.65582202039262, 17.631404490194598 ], [ -91.655686599604749, 17.631300089912173 ], [ -91.655523450102123, 17.631125140214412 ], [ -91.655189119730792, 17.630965819961013 ], [ -91.654904949549262, 17.63054820032086 ], [ -91.655664090115238, 17.630162680400371 ], [ -91.656241419911353, 17.629785020107725 ], [ -91.656636309542094, 17.629581601224938 ], [ -91.657402110379223, 17.630017739867267 ], [ -91.657865370161659, 17.630388351054421 ], [ -91.658405919821917, 17.630739119913901 ], [ -91.658999680071602, 17.630881290643437 ], [ -91.659341519763885, 17.631005850321731 ], [ -91.659653080041423, 17.630935399750364 ], [ -91.659801880363617, 17.630847771299113 ], [ -91.65990164961427, 17.630648720182698 ], [ -91.65989858000367, 17.630447461196848 ], [ -91.659790349839554, 17.630207540605596 ], [ -91.659664139945747, 17.629886689763872 ], [ -91.659628029686502, 17.629794920123157 ], [ -91.659469479962766, 17.629578950456629 ], [ -91.659083180285336, 17.62939577989005 ], [ -91.658620289940075, 17.629468721345326 ], [ -91.658210369807946, 17.629383951279273 ], [ -91.657796909935016, 17.629148199855347 ], [ -91.65751553988629, 17.628724821265401 ], [ -91.657207540135047, 17.62840045002844 ], [ -91.656977179887832, 17.628076550854857 ], [ -91.656724139770347, 17.627779380454776 ], [ -91.656618509454191, 17.627464141285422 ], [ -91.656513749615755, 17.627086259686951 ], [ -91.656576949950619, 17.626581621180264 ], [ -91.657066219931679, 17.626160259660654 ], [ -91.657201489816444, 17.625722719721463 ], [ -91.657036880293148, 17.625432320642911 ], [ -91.656569319927101, 17.625277169709449 ], [ -91.656340939827643, 17.625645651004959 ], [ -91.65624193962384, 17.626063290704174 ], [ -91.656034889645539, 17.626086710008842 ], [ -91.655931750438199, 17.626036400051252 ], [ -91.655751429928372, 17.625936029787734 ], [ -91.655593379865323, 17.625654750064697 ], [ -91.65500296969789, 17.625567170293248 ], [ -91.654639369803931, 17.625742091344051 ], [ -91.654364879829416, 17.625867020835145 ], [ -91.654023049851631, 17.625762199580976 ], [ -91.65386671959871, 17.625476879860411 ], [ -91.653699080236947, 17.625184259769608 ], [ -91.653097399562199, 17.624808000527953 ], [ -91.652191489984403, 17.624837021052521 ], [ -91.65217191018202, 17.625240920684643 ], [ -91.652416850411456, 17.625665340241987 ], [ -91.652395860236339, 17.625789920837704 ], [ -91.652167780115462, 17.625907311059077 ], [ -91.651820150093045, 17.625909200541514 ], [ -91.651577770162859, 17.625704019616464 ], [ -91.651079600019827, 17.625314941006515 ], [ -91.650647889641363, 17.625030709804232 ], [ -91.650460939840514, 17.624742579812597 ], [ -91.65030728035228, 17.624374049812651 ], [ -91.649877879705258, 17.623731369681941 ], [ -91.64915408009027, 17.623580059599213 ], [ -91.648479719796384, 17.623686230831975 ], [ -91.647390750362121, 17.623510630799384 ], [ -91.646879019867399, 17.623785381200339 ], [ -91.646546430092201, 17.62366428994094 ], [ -91.646396949894509, 17.62334548033634 ], [ -91.64621163026267, 17.623162750904175 ], [ -91.645668920149291, 17.623041941050857 ], [ -91.645145629501982, 17.622951230929182 ], [ -91.644879620224671, 17.622748490444781 ], [ -91.644684449718952, 17.622476050245655 ], [ -91.644567490422062, 17.621924550655311 ], [ -91.644915059522702, 17.621317450197925 ], [ -91.64543818003304, 17.621117619921367 ], [ -91.646017459948922, 17.621190119621058 ], [ -91.646835509708836, 17.62130148120935 ], [ -91.647121089955846, 17.621132031052611 ], [ -91.647320619876055, 17.620999121272114 ], [ -91.647309630328152, 17.62077054070479 ], [ -91.647266090294437, 17.620557551357091 ], [ -91.64678661961436, 17.620004230747039 ], [ -91.646464120071926, 17.619757909795691 ], [ -91.646311179847999, 17.619344849694262 ], [ -91.646335859698638, 17.618854149726534 ], [ -91.646278540294418, 17.618457320193322 ], [ -91.646443850033677, 17.618000719766982 ], [ -91.646742370059627, 17.617901461136722 ], [ -91.647153109847409, 17.617912279812693 ], [ -91.647492980323349, 17.618130050041611 ], [ -91.647673110156433, 17.618836911193387 ], [ -91.647896180148194, 17.619010830376133 ], [ -91.648247400057414, 17.618931170553783 ], [ -91.648365850138731, 17.61880918099984 ], [ -91.648627049558726, 17.61865991986117 ], [ -91.648784649636184, 17.618468579657705 ], [ -91.64880679969599, 17.618091571295601 ], [ -91.648979920017197, 17.61788796956748 ], [ -91.649296909937476, 17.617752030572156 ], [ -91.649716220322901, 17.617753119708794 ], [ -91.650060999933302, 17.618124629887053 ], [ -91.65008160029835, 17.618521280092207 ], [ -91.64951831009563, 17.619120419740721 ], [ -91.649704430330715, 17.619312050090379 ], [ -91.649973029598428, 17.619214489824255 ], [ -91.650641260036068, 17.619149600158607 ], [ -91.651157199483805, 17.619305491133691 ], [ -91.651610540156085, 17.619679280299888 ], [ -91.651820259685749, 17.619903019890881 ], [ -91.652193679589644, 17.619759170824462 ], [ -91.651947910202495, 17.619284489635998 ], [ -91.651401460218949, 17.618523460801665 ], [ -91.651017799983848, 17.617950569627641 ], [ -91.650660249584135, 17.617599660843041 ], [ -91.650790600353005, 17.617257480854118 ], [ -91.651088920398621, 17.616907619925044 ], [ -91.6515710901554, 17.617161689606306 ], [ -91.651964150033024, 17.617168799764428 ], [ -91.652227890381113, 17.61693597003169 ], [ -91.652233919906621, 17.61677099967487 ], [ -91.652020219876377, 17.616566279782901 ], [ -91.651889119778346, 17.616138420957199 ], [ -91.652242520206201, 17.615928749817453 ], [ -91.653135339872492, 17.615892200149265 ], [ -91.653959200159278, 17.615838680664975 ], [ -91.654483690356713, 17.615789659706813 ], [ -91.655036620371064, 17.615346780206767 ], [ -91.655703139778694, 17.615179579967251 ], [ -91.656350079913025, 17.615256720877561 ], [ -91.656995600321025, 17.615336660046932 ], [ -91.657119779995256, 17.614824630200992 ], [ -91.656941799881992, 17.614163049726827 ], [ -91.657081770015907, 17.613248980050496 ], [ -91.656628939712434, 17.612573891322178 ], [ -91.656796220011429, 17.612203980553154 ], [ -91.657095580061736, 17.61224456989585 ], [ -91.657237949828485, 17.612444911283003 ], [ -91.65751013968881, 17.612626490020947 ], [ -91.658702030191137, 17.613350261243177 ], [ -91.659481969801618, 17.613633770217263 ], [ -91.660451020307747, 17.613038180420435 ], [ -91.661331619605946, 17.612923580486498 ], [ -91.66237950988625, 17.612786600341057 ], [ -91.663066449948232, 17.612709169828513 ], [ -91.663563200057595, 17.612167139718082 ], [ -91.663329520373495, 17.611895970095684 ], [ -91.662954050401495, 17.611954969640674 ], [ -91.662294579531448, 17.61230340090297 ], [ -91.66172490965215, 17.611482480027455 ], [ -91.661177250058898, 17.61113023071513 ], [ -91.660637770249821, 17.611273261270789 ], [ -91.660717289686048, 17.610660349875737 ], [ -91.661238620060601, 17.610536509775876 ], [ -91.661609490183992, 17.610636821316206 ], [ -91.662228659754604, 17.610571320914758 ], [ -91.662360320345527, 17.6102498800112 ], [ -91.662363249933932, 17.609853261229738 ], [ -91.662288079928587, 17.609530429686806 ], [ -91.662213550182571, 17.60910845000576 ], [ -91.662215750153763, 17.608810909618207 ], [ -91.662191780426866, 17.608562860550158 ], [ -91.662089739743351, 17.608363820258223 ], [ -91.661729019720042, 17.608187799701845 ], [ -91.661289309767483, 17.60818482126821 ], [ -91.660901600209812, 17.608157420828981 ], [ -91.660283660244417, 17.607781350703121 ], [ -91.660088429877675, 17.60746837114436 ], [ -91.659972820096129, 17.607133030860282 ], [ -91.659779179761159, 17.60688531000838 ], [ -91.659261850413131, 17.606605999737642 ], [ -91.658869580171981, 17.606485179745022 ], [ -91.658264690234816, 17.606509309770356 ], [ -91.657859019603976, 17.606055850404118 ], [ -91.657425459994414, 17.60591745991163 ], [ -91.656729090230755, 17.605823319900807 ], [ -91.656349549912207, 17.605466230913368 ], [ -91.656538489851954, 17.604725280971 ], [ -91.65694730964519, 17.603994799667902 ], [ -91.656631369583621, 17.604021569756505 ], [ -91.656371310013569, 17.604348489570299 ], [ -91.655835710131711, 17.604230509890954 ], [ -91.655093919642823, 17.603469289556624 ], [ -91.654683829825942, 17.603131020984122 ], [ -91.65424828032485, 17.603035319967535 ], [ -91.653804940166722, 17.602923450901375 ], [ -91.652852969868917, 17.60321301964396 ], [ -91.652758570236415, 17.602965080180446 ], [ -91.652956509836898, 17.601880349726748 ], [ -91.652779879546003, 17.601284110357891 ], [ -91.652487450185234, 17.600741939906712 ], [ -91.652132859939982, 17.600378999834728 ], [ -91.652285819752876, 17.599672941334216 ], [ -91.652675060310713, 17.599305739851417 ], [ -91.653084889611449, 17.598665281312929 ], [ -91.652742220449468, 17.598414570285939 ], [ -91.652387150098619, 17.598508000227664 ], [ -91.65210798030445, 17.598717510177764 ], [ -91.651920049612102, 17.598854140381736 ], [ -91.651673310298918, 17.598926460166272 ], [ -91.651469710377157, 17.598896279660163 ], [ -91.651314849792925, 17.598762659847647 ], [ -91.651290229510153, 17.59827926031873 ], [ -91.651244149965493, 17.598028750959347 ], [ -91.650894420006424, 17.597740231188492 ], [ -91.650372719974442, 17.597754859930355 ], [ -91.649897120246493, 17.597860449920852 ], [ -91.649482369739971, 17.597944579761659 ], [ -91.649225940388831, 17.598003260583852 ], [ -91.6490013803447, 17.597784490180743 ], [ -91.649003980220257, 17.597434229913564 ], [ -91.649075200365189, 17.597137690977227 ], [ -91.649243950405932, 17.596876090088145 ], [ -91.649414420338786, 17.596654879791942 ], [ -91.649389509560933, 17.596492491150311 ], [ -91.64919521948282, 17.596321230695821 ], [ -91.64886341945892, 17.596282951191064 ], [ -91.648443290194081, 17.596218200657692 ], [ -91.647943880294164, 17.596173750222967 ], [ -91.647653599774969, 17.596013919683571 ], [ -91.647406450191312, 17.595735891365937 ], [ -91.647495969828071, 17.595462720613678 ], [ -91.647627600007382, 17.595262599588988 ], [ -91.647763509725223, 17.59498214119786 ], [ -91.64783949018792, 17.594527600666304 ], [ -91.647688519565492, 17.594177280617046 ], [ -91.647182179883956, 17.594112169845488 ], [ -91.646169980454246, 17.594184199813654 ], [ -91.646077450338424, 17.594463980367994 ], [ -91.646366749872698, 17.594698510586607 ], [ -91.646523749933266, 17.595096090852323 ], [ -91.646284060287812, 17.595369339730979 ], [ -91.645793969828006, 17.595365341178923 ], [ -91.645468970056186, 17.595662680434259 ], [ -91.645101049751048, 17.595837080449769 ], [ -91.644837090094526, 17.595878740866876 ], [ -91.644620749928137, 17.595703800941155 ], [ -91.644750249813725, 17.595093030223175 ], [ -91.644714250161115, 17.594740691319839 ], [ -91.644267539914864, 17.594299849695755 ], [ -91.643891879969658, 17.594023910257317 ], [ -91.64391511972461, 17.593715629956986 ], [ -91.644336540191944, 17.593385019763065 ], [ -91.644964520370877, 17.593358619849244 ], [ -91.645618949865977, 17.59369034099177 ], [ -91.646490049644186, 17.5935620912575 ], [ -91.646929250189046, 17.593056881252746 ], [ -91.647080109813217, 17.592402969660753 ], [ -91.646929799931982, 17.591738661244467 ], [ -91.646304750177123, 17.591658290447477 ], [ -91.645839540200853, 17.592020860687814 ], [ -91.645531739674027, 17.592345030190181 ], [ -91.644952419751718, 17.592341859923426 ], [ -91.644392659766908, 17.591908171334705 ], [ -91.644333349700091, 17.591453311326571 ], [ -91.644807920292067, 17.591105749811209 ], [ -91.645414219807876, 17.591049650516521 ], [ -91.646157619682072, 17.591007580061447 ], [ -91.64691672001652, 17.590590950810594 ], [ -91.647147769663121, 17.5901913101387 ], [ -91.64689727969197, 17.59013815085947 ], [ -91.646659379690632, 17.590161460228241 ], [ -91.646467319487826, 17.59005374057352 ], [ -91.646321370221685, 17.589900030559924 ], [ -91.646197550182265, 17.589707340579842 ], [ -91.646193540376032, 17.589302059637131 ], [ -91.645970399915626, 17.589045821322149 ], [ -91.645566890401668, 17.588914830316163 ], [ -91.645005340216699, 17.588571250754587 ], [ -91.645030260266211, 17.588214890196582 ], [ -91.645199549856045, 17.587798690264194 ], [ -91.64522314978754, 17.587501919588494 ], [ -91.64498356983519, 17.587037970574634 ], [ -91.644707799705927, 17.586823920337761 ], [ -91.644535620331766, 17.586940430138871 ], [ -91.644392249738658, 17.587119170157845 ], [ -91.64433094996879, 17.587432030549145 ], [ -91.644247550086646, 17.587681230600243 ], [ -91.644030150200791, 17.587879781014834 ], [ -91.643828600469362, 17.587829259597619 ], [ -91.643480139747311, 17.587707480989323 ], [ -91.643139279771802, 17.587357020883299 ], [ -91.642788999810463, 17.587043650411502 ], [ -91.642345540359827, 17.586748910303456 ], [ -91.642163339547494, 17.586328580845905 ], [ -91.642155889690116, 17.586132449568961 ], [ -91.64226391022703, 17.585913739874961 ], [ -91.642544679560217, 17.585707059995912 ], [ -91.642788349949925, 17.585546229885576 ], [ -91.643016539495818, 17.585296511093311 ], [ -91.643168820002757, 17.585052619923953 ], [ -91.643230220178367, 17.584765630078586 ], [ -91.643343999997228, 17.584501709911791 ], [ -91.643249630357545, 17.584208181265165 ], [ -91.643027800141098, 17.584036940012407 ], [ -91.642628919579835, 17.584023799696539 ], [ -91.642112569710278, 17.584237180290305 ], [ -91.641808080000573, 17.584518200394452 ], [ -91.641747419664128, 17.584848091306426 ], [ -91.641399750304075, 17.58501243026949 ], [ -91.641200450095894, 17.584750140395116 ], [ -91.641266260054522, 17.584352090538594 ], [ -91.641070150471734, 17.583482829700792 ], [ -91.640712880148868, 17.583073430446564 ], [ -91.640511369655556, 17.582574909865478 ], [ -91.640666630174195, 17.582183739977879 ], [ -91.640216350040518, 17.5817753500911 ], [ -91.639774619866202, 17.581750691199048 ], [ -91.639246779800146, 17.581784420838076 ], [ -91.638827400217039, 17.581469430064949 ], [ -91.638784030239208, 17.580801920713622 ], [ -91.638564720279547, 17.580020660257215 ], [ -91.638578150068469, 17.579348781296034 ], [ -91.638601850477556, 17.579034879811665 ], [ -91.63871011978226, 17.57866525128793 ], [ -91.639019289617025, 17.578291350377004 ], [ -91.639242109890262, 17.577808750793167 ], [ -91.639254619816271, 17.577262149813496 ], [ -91.639524089751063, 17.57694734077711 ], [ -91.639765060224221, 17.57673842061109 ], [ -91.639962970459635, 17.57649089015943 ], [ -91.640247980239778, 17.57616731048833 ], [ -91.6404005799955, 17.575943779617674 ], [ -91.640555249936952, 17.575548740298061 ], [ -91.640485199949168, 17.575247600048638 ], [ -91.640176400218095, 17.575047120222642 ], [ -91.639967690039327, 17.574869280849509 ], [ -91.639786660081086, 17.574534319719358 ], [ -91.639759750193704, 17.574190120539182 ], [ -91.639849089554204, 17.573569280457288 ], [ -91.640201480453428, 17.573160060056171 ], [ -91.64047854002051, 17.572801280574705 ], [ -91.640556539795213, 17.572638030862954 ], [ -91.64037605989013, 17.572430490921906 ], [ -91.640129799521688, 17.572310551127373 ], [ -91.639827430321688, 17.572247030330399 ], [ -91.63946023012906, 17.572182180006312 ], [ -91.639165080269947, 17.571971910547546 ], [ -91.638929709449627, 17.571691451063735 ], [ -91.638778569434692, 17.571259821300231 ], [ -91.638777890206853, 17.570831751284125 ], [ -91.639058460327377, 17.570504430133564 ], [ -91.639425720372685, 17.570405089758214 ], [ -91.639808060264244, 17.570286550239203 ], [ -91.640115320137042, 17.570249650514942 ], [ -91.640486549965075, 17.56997422958003 ], [ -91.640505480281419, 17.569569750085748 ], [ -91.640448029562378, 17.569117050715274 ], [ -91.640383949873552, 17.568506741345033 ], [ -91.640803519759146, 17.568314449596034 ], [ -91.641159849659687, 17.567968711318198 ], [ -91.641389859966608, 17.567374971349722 ], [ -91.641564480362334, 17.56667007967911 ], [ -91.641613029591184, 17.566342430286237 ], [ -91.641562949567458, 17.565891650694834 ], [ -91.641476739573008, 17.56559566006402 ], [ -91.640974830253171, 17.564638090845516 ], [ -91.640762779672158, 17.563934429975202 ], [ -91.640742749972688, 17.563426259753058 ], [ -91.640851830333105, 17.562954741221247 ], [ -91.641076029440399, 17.562471651209499 ], [ -91.641331400130994, 17.562059580234177 ], [ -91.641182950234239, 17.561899649720651 ], [ -91.640629690177377, 17.561746570171668 ], [ -91.64031608946064, 17.561512851044299 ], [ -91.640091880377739, 17.560991750807837 ], [ -91.6402381099861, 17.560389520198449 ], [ -91.640430120024945, 17.559966740449777 ], [ -91.640632079680756, 17.5595244204045 ], [ -91.640680089576009, 17.559150079679533 ], [ -91.640715200086177, 17.558740770103835 ], [ -91.640927150316799, 17.558383889584768 ], [ -91.641043140384994, 17.55817004985504 ], [ -91.641031080234029, 17.558014029629646 ], [ -91.641002370188758, 17.557888619970495 ], [ -91.640860649963571, 17.557721689757653 ], [ -91.640651120026291, 17.557657509740437 ], [ -91.640407079873157, 17.557601179998855 ], [ -91.640265290348665, 17.557571219650637 ], [ -91.639921950465137, 17.557297449679101 ], [ -91.640007180070214, 17.557016919899795 ], [ -91.640200649861455, 17.556716660103206 ], [ -91.640380210949473, 17.556537558729627 ], [ -91.640458199690926, 17.556459769741519 ], [ -91.64042413198402, 17.556325114122288 ], [ -91.640381289843972, 17.556155780379967 ], [ -91.64030031187454, 17.556031785697108 ], [ -91.640299631994694, 17.556030744627368 ], [ -91.640299515117732, 17.55603056618736 ], [ -91.640198780069525, 17.555876319645535 ], [ -91.639998749780574, 17.555654758839442 ], [ -91.63996485960692, 17.555617220218394 ], [ -91.639653419525686, 17.555304630090216 ], [ -91.639191199730519, 17.555272540122306 ], [ -91.638963090369373, 17.555422080694967 ], [ -91.638943600215867, 17.555798119582722 ], [ -91.638913740135152, 17.556021919849805 ], [ -91.638816310451531, 17.556262120140069 ], [ -91.638801493146502, 17.556387265253704 ], [ -91.638788979763817, 17.556492950952158 ], [ -91.638649970068869, 17.556692800870021 ], [ -91.638477220045544, 17.556850780568094 ], [ -91.638040179567383, 17.556657219695424 ], [ -91.637899919653478, 17.556276431180425 ], [ -91.638231539579863, 17.555853850456351 ], [ -91.638496856722071, 17.555515720455848 ], [ -91.638540350305448, 17.555460289590073 ], [ -91.638463370156742, 17.555135450289498 ], [ -91.638410660140707, 17.554888540109815 ], [ -91.638340365774482, 17.554815129503616 ], [ -91.638229579624564, 17.55469943074597 ], [ -91.637782750203044, 17.55449408039717 ], [ -91.637493779615681, 17.554340320281465 ], [ -91.637389599991366, 17.554162549654116 ], [ -91.637376908054662, 17.554045204597685 ], [ -91.637364969675687, 17.553934820998034 ], [ -91.637273650093533, 17.553642571247948 ], [ -91.637576429900236, 17.553235711110084 ], [ -91.637885430366097, 17.552774230013277 ], [ -91.637947320095776, 17.552376400468475 ], [ -91.637765459551829, 17.552029520070793 ], [ -91.63762649044908, 17.551987044541374 ], [ -91.637268970058173, 17.551877769906977 ], [ -91.636824090223726, 17.551934850463109 ], [ -91.636295769839819, 17.551962659550359 ], [ -91.635767290356384, 17.551923000078745 ], [ -91.635593630014355, 17.551829920167677 ], [ -91.635388172207257, 17.551719797120288 ], [ -91.635314949509024, 17.551680550706077 ], [ -91.635306972390495, 17.551631547886156 ], [ -91.635272080087319, 17.551417220456628 ], [ -91.635186836813148, 17.550925585837355 ], [ -91.635183120319709, 17.550904150193816 ], [ -91.634769690052337, 17.550501431035396 ], [ -91.634776659622105, 17.549845739987997 ], [ -91.634942060022823, 17.549322881129207 ], [ -91.634826049850091, 17.548865649579135 ], [ -91.63497515017005, 17.548222140849219 ], [ -91.635225136553061, 17.548139853749596 ], [ -91.635276493907227, 17.54812294877765 ], [ -91.635423830182376, 17.548074450417921 ], [ -91.635852710232768, 17.548182310599195 ], [ -91.636267679682391, 17.548396290256406 ], [ -91.63658354024858, 17.54847433975748 ], [ -91.636705819715488, 17.548491629694482 ], [ -91.636825579701778, 17.548475660670135 ], [ -91.636911910223219, 17.548387280470411 ], [ -91.636945110197843, 17.548264820608122 ], [ -91.636950310213507, 17.547934369983214 ], [ -91.637449860416311, 17.54721954072064 ], [ -91.637772688505223, 17.54713091920814 ], [ -91.637912459677494, 17.547092549532806 ], [ -91.637922169448316, 17.546997799130818 ], [ -91.637940949962697, 17.546814539718319 ], [ -91.637810630287305, 17.546611350944897 ], [ -91.637574539607272, 17.546432680573641 ], [ -91.63743110966908, 17.546339779773962 ], [ -91.637312000440062, 17.546244310349731 ], [ -91.637046979865787, 17.546168630185452 ], [ -91.636786480170869, 17.546448429723302 ], [ -91.636805619732726, 17.547147140850502 ], [ -91.636699280051445, 17.547340339931182 ], [ -91.636544630091322, 17.547490600947818 ], [ -91.63631207976654, 17.547559721019898 ], [ -91.636101880071479, 17.547569600319765 ], [ -91.635780049580177, 17.54742195049753 ], [ -91.635631378830027, 17.547010059762275 ], [ -91.635618940432977, 17.546975600226983 ], [ -91.635614554687962, 17.546962821146327 ], [ -91.635498750218773, 17.546625370105588 ], [ -91.635489550241502, 17.546192941019147 ], [ -91.635303340050541, 17.545917580892905 ], [ -91.635113089739519, 17.54568124972014 ], [ -91.635058903877606, 17.54553847243756 ], [ -91.634998020465318, 17.545378049857462 ], [ -91.634824735365541, 17.545120548837392 ], [ -91.634820880083197, 17.545114820721569 ], [ -91.634827163074718, 17.545101982639775 ], [ -91.634938570071682, 17.544874350502692 ], [ -91.635131890116384, 17.544764999121224 ], [ -91.63514345003486, 17.544758459891732 ], [ -91.63532662033488, 17.544817979581616 ], [ -91.635697379665899, 17.545368380506403 ], [ -91.636103450232213, 17.5456638296676 ], [ -91.636302430188636, 17.545860549993719 ], [ -91.636554875928468, 17.545903464989866 ], [ -91.636655380145399, 17.545920551198005 ], [ -91.63681393990953, 17.545871060010356 ], [ -91.63689405027209, 17.545745151137556 ], [ -91.636902734676042, 17.545724753499769 ], [ -91.636947740176367, 17.545619051120298 ], [ -91.63697130421177, 17.545331342109566 ], [ -91.636976720058684, 17.545265220936002 ], [ -91.636898770349859, 17.545112920535306 ], [ -91.636768259905026, 17.544935031083131 ], [ -91.636566740200379, 17.544679461230583 ], [ -91.636486882611763, 17.544499789010157 ], [ -91.636431320174751, 17.544374780200545 ], [ -91.636717280129588, 17.544073080823715 ], [ -91.636866880387856, 17.543868859689539 ], [ -91.636966680372382, 17.543755751077047 ], [ -91.637007220115663, 17.543664580730471 ], [ -91.637042207474011, 17.543622992302321 ], [ -91.637072419542903, 17.543587079829233 ], [ -91.637236480139379, 17.543413599603316 ], [ -91.637287940216765, 17.54312194981096 ], [ -91.63711479989631, 17.542946200811215 ], [ -91.636462430390594, 17.543144379870366 ], [ -91.636106600276662, 17.543132830846261 ], [ -91.635822019841783, 17.543025420796152 ], [ -91.635691050065319, 17.542700780226639 ], [ -91.635811449543809, 17.542498770844798 ], [ -91.636407709578762, 17.542353310383895 ], [ -91.636676370387008, 17.542303619887722 ], [ -91.636932030289302, 17.542223719603694 ], [ -91.63709947989345, 17.542084521055688 ], [ -91.637389249559092, 17.54177355022642 ], [ -91.637797219864311, 17.541698250506169 ], [ -91.63826062038423, 17.541769050960283 ], [ -91.638311181967396, 17.541770981470854 ], [ -91.63872897036309, 17.541786940342092 ], [ -91.638862116715416, 17.541782433450084 ], [ -91.639005479908505, 17.541777580293271 ], [ -91.639155419920414, 17.541715649638689 ], [ -91.63917795420636, 17.541634192332523 ], [ -91.639189199991591, 17.541593540114096 ], [ -91.639140909647026, 17.54145897068393 ], [ -91.639138255459429, 17.541456548658793 ], [ -91.638905650285423, 17.541244340540633 ], [ -91.638840732872083, 17.541257791743256 ], [ -91.638625320279729, 17.541302430187606 ], [ -91.638070998939156, 17.541365409819477 ], [ -91.637689696833704, 17.54140873003367 ], [ -91.637519819448571, 17.541428031207317 ], [ -91.637627489592148, 17.541401189014273 ], [ -91.638453449993449, 17.541195280310696 ], [ -91.638944920268855, 17.540649079624007 ], [ -91.638640750261416, 17.540255950927055 ], [ -91.638350491497292, 17.54023333220173 ], [ -91.638174345568643, 17.540219605444467 ], [ -91.638020029653745, 17.540207579931593 ], [ -91.637499740002241, 17.540396150528057 ], [ -91.637158169871, 17.540171399764017 ], [ -91.636573290097672, 17.539574481150012 ], [ -91.63648949677858, 17.539413017900905 ], [ -91.636144020165744, 17.538747309642808 ], [ -91.636121279589943, 17.538260280874489 ], [ -91.636971740299074, 17.537846450660226 ], [ -91.636444979844796, 17.537540520465193 ], [ -91.635827020472334, 17.537174019776128 ], [ -91.635665677294028, 17.536577341797031 ], [ -91.635619778890756, 17.536407600816638 ], [ -91.635587460237318, 17.536288080430282 ], [ -91.635277679718271, 17.535673890185002 ], [ -91.634415079516543, 17.535071431189614 ], [ -91.6343604962547, 17.534879754967196 ], [ -91.634336512780678, 17.534795533749531 ], [ -91.634287739625421, 17.534624261263264 ], [ -91.634424089977657, 17.534324820302292 ], [ -91.634592919834674, 17.53380368981826 ], [ -91.634615089933135, 17.533689576031975 ], [ -91.634697507716567, 17.533265349745662 ], [ -91.634715150303208, 17.533174540072327 ], [ -91.63508062031471, 17.533304140267887 ], [ -91.635222453833791, 17.533382643495397 ], [ -91.63541227997716, 17.53348771058134 ], [ -91.635630841658113, 17.533326220010697 ], [ -91.635653439323562, 17.533309523415419 ], [ -91.635717920129679, 17.533261879795226 ], [ -91.635886699699483, 17.532963786600771 ], [ -91.636067710285857, 17.532644091282943 ], [ -91.636688550266328, 17.532446891296512 ], [ -91.637493000167581, 17.53205322069368 ], [ -91.638042449951385, 17.532348051252953 ], [ -91.638392660197809, 17.53261411029883 ], [ -91.638733400116877, 17.532894680439295 ], [ -91.639048290037138, 17.533099120908425 ], [ -91.639443280141293, 17.533177710185452 ], [ -91.639590993683754, 17.533188851357224 ], [ -91.639812250284351, 17.533205541059388 ], [ -91.640050119831827, 17.533131290917705 ], [ -91.640209490125784, 17.532980681327977 ], [ -91.640317335825102, 17.532554784421563 ], [ -91.6403181802565, 17.532551451125897 ], [ -91.640453599870469, 17.532071880791367 ], [ -91.640483220090019, 17.531642150373951 ], [ -91.640380549519094, 17.531262110318114 ], [ -91.640209369201344, 17.530846119464748 ], [ -91.640121259695576, 17.530632000175018 ], [ -91.639378051930109, 17.529817778604844 ], [ -91.639189200146944, 17.529610879979167 ], [ -91.639684770199651, 17.529347520224626 ], [ -91.639948849537063, 17.528475020044418 ], [ -91.640208732444336, 17.528339784615813 ], [ -91.640216706336659, 17.528335635379232 ], [ -91.640434080301176, 17.528222519889365 ], [ -91.641040229965554, 17.52841082040662 ], [ -91.641043169824059, 17.528414184451648 ], [ -91.641144775328641, 17.528530457620743 ], [ -91.641396919608653, 17.52881900020591 ], [ -91.641740629836804, 17.529320999574793 ], [ -91.642274679848612, 17.529266750784736 ], [ -91.642491120196496, 17.529016650456441 ], [ -91.642577909887507, 17.528345939544153 ], [ -91.642353072857034, 17.528093109350074 ], [ -91.64201233971913, 17.527709949857435 ], [ -91.6420040135921, 17.527702242084583 ], [ -91.641417599683535, 17.527159379609909 ], [ -91.641852690315645, 17.526689599995137 ], [ -91.642369049611077, 17.526522171015813 ], [ -91.642754200352002, 17.526337140404522 ], [ -91.642954710348278, 17.526139311179065 ], [ -91.643041109674257, 17.525666850573408 ], [ -91.64300722341352, 17.525495574577182 ], [ -91.642893599888055, 17.52492127964047 ], [ -91.642668597025235, 17.524630030068728 ], [ -91.642619509812718, 17.524566490754349 ], [ -91.642595885631749, 17.524505465281869 ], [ -91.642549460040613, 17.524385539725145 ], [ -91.64209130956408, 17.523697690672524 ], [ -91.641914429844903, 17.523345950413415 ], [ -91.641601649919608, 17.522932890320924 ], [ -91.641327705619062, 17.522622667868678 ], [ -91.641030569874872, 17.522286179761497 ], [ -91.640843250809198, 17.521790534128822 ], [ -91.64063260008939, 17.521233151343854 ], [ -91.640667110340942, 17.520461370274361 ], [ -91.641271859725691, 17.520355220258431 ], [ -91.641850089581936, 17.519945600341128 ], [ -91.64184626557649, 17.519809611409844 ], [ -91.64182131038595, 17.518922030362194 ], [ -91.642567677184005, 17.518895189125647 ], [ -91.642580169971026, 17.518894739931593 ], [ -91.642775240506978, 17.518093777187172 ], [ -91.642785422529229, 17.518051967371793 ], [ -91.642795419575478, 17.518010920202332 ], [ -91.643198979490833, 17.517570940897382 ], [ -91.643880919645724, 17.517739179826602 ], [ -91.644294989868456, 17.517257240730459 ], [ -91.644319150232022, 17.517229121239893 ], [ -91.64434440894243, 17.517253139360211 ], [ -91.644687369569439, 17.517579250968598 ], [ -91.644828889682799, 17.517883521100099 ], [ -91.645432599924774, 17.517915219586843 ], [ -91.646064649600135, 17.518002250703535 ], [ -91.646469710077724, 17.517674140776982 ], [ -91.647448079898751, 17.517598090582322 ], [ -91.648485850094389, 17.518133719687729 ], [ -91.648573725863059, 17.518080074761478 ], [ -91.649077169901432, 17.517772740776842 ], [ -91.648944879985606, 17.517415289609296 ], [ -91.648919585775815, 17.517374966675355 ], [ -91.648632220281158, 17.516916851309336 ], [ -91.648624524380295, 17.51690842766785 ], [ -91.648027779716983, 17.516255260653462 ], [ -91.648896350414333, 17.516201770190381 ], [ -91.649194660102097, 17.515723170317258 ], [ -91.648965080396323, 17.514685740570837 ], [ -91.649027289847609, 17.514052000338477 ], [ -91.648938428831215, 17.513576582572888 ], [ -91.648924980239968, 17.513504630351683 ], [ -91.649003798051268, 17.513380630036526 ], [ -91.649064169445708, 17.513285649739732 ], [ -91.649294459628479, 17.512923340413984 ], [ -91.6492997500971, 17.512206491254741 ], [ -91.649248549821777, 17.511351400180342 ], [ -91.648959599865606, 17.510615460450609 ], [ -91.648776338734791, 17.510531416734157 ], [ -91.64800957971427, 17.510179780075184 ], [ -91.647332419489942, 17.51006365053091 ], [ -91.646802279921957, 17.509867090550973 ], [ -91.646599889765938, 17.5091415413014 ], [ -91.647163698371102, 17.50837417882834 ], [ -91.647292539713447, 17.508198819687887 ], [ -91.647585689709715, 17.508693780782256 ], [ -91.64831397986012, 17.508982229611082 ], [ -91.648825780271707, 17.508362910015169 ], [ -91.647956600438135, 17.507745339853706 ], [ -91.647960600711286, 17.507702929572279 ], [ -91.648008480180224, 17.507195371220618 ], [ -91.648626479527607, 17.50704652024201 ], [ -91.649078119853527, 17.507296660118097 ], [ -91.649145846520199, 17.507144186194278 ], [ -91.649321689673513, 17.50674831044963 ], [ -91.649480582527389, 17.506576089366661 ], [ -91.649494645722996, 17.506560846291979 ], [ -91.649762879849064, 17.506270109952997 ], [ -91.649945710224429, 17.505785050541789 ], [ -91.649664830376679, 17.505434180203846 ], [ -91.649544104999194, 17.505458739263563 ], [ -91.649403119789937, 17.505487419792228 ], [ -91.649220599492466, 17.505576150974203 ], [ -91.648926629580728, 17.505714709541614 ], [ -91.648636420058281, 17.505945830455222 ], [ -91.648255179605727, 17.505893741229219 ], [ -91.648230419633833, 17.505512579648897 ], [ -91.648379910279004, 17.504948659620933 ], [ -91.648190290031977, 17.504838090266592 ], [ -91.647833509860916, 17.505075769645913 ], [ -91.647223050163618, 17.504945999709467 ], [ -91.647157910017199, 17.504556540380332 ], [ -91.647255319778836, 17.504046061114288 ], [ -91.64763243000283, 17.503919770272113 ], [ -91.648086519783092, 17.504437830876171 ], [ -91.648257020047808, 17.504061149834492 ], [ -91.64832673964797, 17.503373489868469 ], [ -91.648506429856837, 17.503244880451717 ], [ -91.648646429967215, 17.503188449826336 ], [ -91.648816170065587, 17.503225030404021 ], [ -91.649013740403902, 17.503302849891952 ], [ -91.649412940092972, 17.503441150564775 ], [ -91.64968316969771, 17.503376940219379 ], [ -91.649936289592091, 17.503145579597398 ], [ -91.650250909791509, 17.502853859752623 ], [ -91.650348884177674, 17.502779266941182 ], [ -91.650489371073434, 17.502672306915102 ], [ -91.650599120303653, 17.502588749618354 ], [ -91.650894660034538, 17.502149489811927 ], [ -91.650894019819205, 17.50173739997544 ], [ -91.650767199587705, 17.501384430758662 ], [ -91.650679660238637, 17.501219400005557 ], [ -91.65050108989756, 17.501106480563589 ], [ -91.650135020127209, 17.50112331136155 ], [ -91.649627199738916, 17.501184540257604 ], [ -91.649668629618574, 17.500801540008887 ], [ -91.650007799721834, 17.500365461279262 ], [ -91.650313599923365, 17.500150430482115 ], [ -91.650605250237689, 17.500163081105253 ], [ -91.650953600075155, 17.500353971191981 ], [ -91.651269720019613, 17.500526121210701 ], [ -91.651583749828688, 17.500601999837716 ], [ -91.651883369984603, 17.500577689801808 ], [ -91.652249150299426, 17.500563660299715 ], [ -91.652443889944891, 17.500405709626552 ], [ -91.652389340385454, 17.500127581137356 ], [ -91.652210290321378, 17.500023740460275 ], [ -91.652063459803699, 17.500001110060659 ], [ -91.651848219842748, 17.499958231273045 ], [ -91.651408279457002, 17.49967409096136 ], [ -91.651428520312407, 17.499361820720136 ], [ -91.651573459956353, 17.499164569931647 ], [ -91.651820119969102, 17.498716090058011 ], [ -91.65177309004072, 17.498325461265647 ], [ -91.651345260423852, 17.498174150286257 ], [ -91.651057619650061, 17.498364720312438 ], [ -91.650652850303743, 17.498425540574345 ], [ -91.650351860251106, 17.498061650972549 ], [ -91.650408889843447, 17.497671570859076 ], [ -91.650450139941043, 17.49736449042101 ], [ -91.650464319894439, 17.497040090394243 ], [ -91.650401970004111, 17.496697890470223 ], [ -91.650281169947462, 17.496365830710509 ], [ -91.650199919889957, 17.496197630704216 ], [ -91.650119420125719, 17.495984461308954 ], [ -91.650069720141445, 17.495778449897518 ], [ -91.650073090361261, 17.495685079783133 ], [ -91.65013817020251, 17.495505859776191 ], [ -91.65022492007644, 17.495374979822056 ], [ -91.650534089823282, 17.495360230035722 ], [ -91.650769599932389, 17.495395709795396 ], [ -91.650965950042064, 17.495584860971885 ], [ -91.65113660012895, 17.495824200753098 ], [ -91.651347310258004, 17.49609508040227 ], [ -91.651597850110292, 17.496477340702285 ], [ -91.651725660186798, 17.4967896602957 ], [ -91.6517216597762, 17.497060999990978 ], [ -91.651760879603884, 17.497267691086357 ], [ -91.651922310189491, 17.49747505040083 ], [ -91.652242420227836, 17.497524599949763 ], [ -91.652671950252952, 17.497460449741766 ], [ -91.65315405040954, 17.497380949952738 ], [ -91.65376729026886, 17.497195449620772 ], [ -91.654095229607719, 17.496996449999163 ], [ -91.654274399589312, 17.496887110072979 ], [ -91.654474520309776, 17.496694971332126 ], [ -91.654652909945113, 17.496388110932369 ], [ -91.654443450183194, 17.496103861341851 ], [ -91.654122450468464, 17.495867339865846 ], [ -91.653724780332823, 17.495697890442042 ], [ -91.653263680330056, 17.495639979867772 ], [ -91.653029050274256, 17.495665231322995 ], [ -91.652798399929253, 17.495657570825372 ], [ -91.652750289641446, 17.495522781224786 ], [ -91.652882799732168, 17.495371770109326 ], [ -91.653112370431785, 17.495266830451268 ], [ -91.653341429665403, 17.495124339993129 ], [ -91.653550280338564, 17.495093550929447 ], [ -91.653805250400936, 17.495077290676484 ], [ -91.65396262034173, 17.494946800079287 ], [ -91.654161679944352, 17.494706140731139 ], [ -91.654023779823419, 17.494190919909684 ], [ -91.65373375042067, 17.494091580183319 ], [ -91.653557690254004, 17.494289309750478 ], [ -91.653439400343245, 17.494598000992742 ], [ -91.653311060328363, 17.494805310377949 ], [ -91.653054910382878, 17.494738780440773 ], [ -91.652712570187731, 17.494573920051653 ], [ -91.65272012005957, 17.494347830899486 ], [ -91.652558779700016, 17.494243079632099 ], [ -91.652411370000308, 17.494085570169144 ], [ -91.652252449718901, 17.493954259771812 ], [ -91.652075770125435, 17.493812200146287 ], [ -91.651909879917284, 17.493394371283678 ], [ -91.652026510423923, 17.493109600014492 ], [ -91.652084680244073, 17.492763289751274 ], [ -91.652106380000362, 17.492426280307185 ], [ -91.652217489664991, 17.492193510718426 ], [ -91.652330720335229, 17.492143371368464 ], [ -91.652487220174734, 17.492126550386185 ], [ -91.652722709802816, 17.492027850372835 ], [ -91.652857580153736, 17.491883800104436 ], [ -91.652884890362088, 17.491644570032285 ], [ -91.65299337024851, 17.491458249617331 ], [ -91.653226380404263, 17.49143828023486 ], [ -91.653457650093685, 17.491599139854898 ], [ -91.653663339895076, 17.491785850420911 ], [ -91.653724799522223, 17.492040550867255 ], [ -91.653936349663269, 17.492184830576498 ], [ -91.654166629667984, 17.492107320978462 ], [ -91.654371850087315, 17.491956400104339 ], [ -91.654502429631791, 17.491795139774602 ], [ -91.654716850155552, 17.491593249693892 ], [ -91.654965950077028, 17.491314801150583 ], [ -91.655151909969319, 17.491083910059409 ], [ -91.655346399802525, 17.490844449942937 ], [ -91.655606479738097, 17.4906454912086 ], [ -91.655848490369536, 17.490427939730054 ], [ -91.656216740209985, 17.490438150589199 ], [ -91.656378690207418, 17.490970940566179 ], [ -91.656471260249972, 17.491172720662288 ], [ -91.656636450226927, 17.491331880033545 ], [ -91.656867539691532, 17.491410399735109 ], [ -91.657032909913653, 17.491355630755418 ], [ -91.657159999780532, 17.49125111974195 ], [ -91.657299000187692, 17.49103656977454 ], [ -91.657291889709811, 17.490630139876341 ], [ -91.657370709767392, 17.490287890426352 ], [ -91.657526799616448, 17.489852051180893 ], [ -91.657496849564595, 17.489582970203326 ], [ -91.657302420078665, 17.489262311112906 ], [ -91.656757620319311, 17.488919430300019 ], [ -91.656788479582019, 17.488509511171806 ], [ -91.65725676977236, 17.488462909907085 ], [ -91.657469829568683, 17.488603570763562 ], [ -91.657672739506239, 17.488737000816954 ], [ -91.657874279552857, 17.488845181005665 ], [ -91.658113480270984, 17.489018820023158 ], [ -91.658333280088058, 17.488976780392449 ], [ -91.658527289669223, 17.488844090879898 ], [ -91.659018889787518, 17.488404780829416 ], [ -91.659177780213838, 17.488067139816142 ], [ -91.658919919591042, 17.487923080094575 ], [ -91.658626830207496, 17.488055891024334 ], [ -91.658419919591964, 17.48827718028787 ], [ -91.658005979929584, 17.488113379782739 ], [ -91.657826220037038, 17.487996919753456 ], [ -91.65768402957741, 17.487755921226768 ], [ -91.657566889971093, 17.487227970452668 ], [ -91.657688029841225, 17.486655060405841 ], [ -91.658268489642666, 17.486547551066582 ], [ -91.658924179552855, 17.486539431283212 ], [ -91.659346030386843, 17.48658540041043 ], [ -91.659888290051555, 17.486984950432923 ], [ -91.660265770443232, 17.487070779595218 ], [ -91.66049340017338, 17.487226771116504 ], [ -91.660641780204855, 17.487406801044592 ], [ -91.660803949929118, 17.487468120347085 ], [ -91.661026849593981, 17.487372860280725 ], [ -91.661121320430865, 17.487213819949375 ], [ -91.661000889761127, 17.486829980088746 ], [ -91.660603150293369, 17.486595199818588 ], [ -91.660435429961595, 17.486275621302926 ], [ -91.660520450430255, 17.485861280220174 ], [ -91.660681149835312, 17.485597229891514 ], [ -91.66089522018811, 17.485315290201548 ], [ -91.661038480061677, 17.485164680131593 ], [ -91.661213889945998, 17.48480852122562 ], [ -91.66153854040283, 17.484306780243461 ], [ -91.662062379719288, 17.484407910518787 ], [ -91.66232991955475, 17.484780660450962 ], [ -91.662544339931245, 17.484622690874929 ], [ -91.662744420110499, 17.483834250429574 ], [ -91.662894570331019, 17.483157911080049 ], [ -91.662142250385173, 17.482800780806709 ], [ -91.661943380161418, 17.482706401057911 ], [ -91.661990369905979, 17.482440079932946 ], [ -91.662653889665492, 17.482136320651055 ], [ -91.662008119964995, 17.481494429725664 ], [ -91.66216445019441, 17.480899980639808 ], [ -91.66253053955252, 17.48026442096371 ], [ -91.662816769722241, 17.479816740052531 ], [ -91.663179480081524, 17.479741689845209 ], [ -91.663750429961368, 17.480023350955651 ], [ -91.663463620172905, 17.480479350124916 ], [ -91.663763400085458, 17.481131620603374 ], [ -91.66432508003976, 17.48169240044523 ], [ -91.664599539599152, 17.481559289654577 ], [ -91.664439089638861, 17.48087975007186 ], [ -91.664624029625401, 17.480282980787216 ], [ -91.665257649942859, 17.479897051173761 ], [ -91.666012260165147, 17.480291971084714 ], [ -91.666325720400465, 17.480680090306024 ], [ -91.666490399579232, 17.481756539912613 ], [ -91.666609539839229, 17.482054479595693 ], [ -91.666857599698972, 17.482120600549457 ], [ -91.667134579892448, 17.481820510253382 ], [ -91.667127969900449, 17.480943181269691 ], [ -91.667230059656731, 17.4805946006325 ], [ -91.66726787958784, 17.479768629843459 ], [ -91.667390709737418, 17.478927579935597 ], [ -91.66757408984266, 17.478469110952453 ], [ -91.667854219714783, 17.478210089912192 ], [ -91.668260689563795, 17.478152569727687 ], [ -91.668642709531554, 17.478221851217111 ], [ -91.668904600471336, 17.478513859967112 ], [ -91.669072109865738, 17.47867688051031 ], [ -91.669130650142037, 17.479113109880565 ], [ -91.669178599603669, 17.479407619874593 ], [ -91.66941619987611, 17.479743230279048 ], [ -91.669831489579494, 17.479424819847779 ], [ -91.67007896960672, 17.479240369993327 ], [ -91.670348310431322, 17.479051599694206 ], [ -91.670694229898047, 17.478935659700234 ], [ -91.670916909873696, 17.478820520472357 ], [ -91.671061000378003, 17.478715460024929 ], [ -91.671169769978917, 17.478437860052534 ], [ -91.671017879892347, 17.478264199802926 ], [ -91.670905569903312, 17.477999480400971 ], [ -91.670666750187621, 17.477753399618784 ], [ -91.67010388988794, 17.477163910279021 ], [ -91.670014599952893, 17.476780519571648 ], [ -91.670208949781852, 17.476400320287826 ], [ -91.670495919803514, 17.476223680979622 ], [ -91.670732650129708, 17.476231091187504 ], [ -91.670930709688136, 17.476379491226954 ], [ -91.671055019799013, 17.476667030574951 ], [ -91.671098710104516, 17.476956600170567 ], [ -91.671260770124661, 17.477248170856225 ], [ -91.671375679614854, 17.477625600334608 ], [ -91.671741030111647, 17.477892460497131 ], [ -91.672085509897855, 17.478022619708856 ], [ -91.672309479966515, 17.478159030939754 ], [ -91.672638000237171, 17.478141879637136 ], [ -91.672768969660027, 17.477894599555334 ], [ -91.672377340056642, 17.477590800770692 ], [ -91.67214324961833, 17.477377921035831 ], [ -91.67200176996424, 17.477068000291641 ], [ -91.672133079534362, 17.476871350661821 ], [ -91.672409519939563, 17.476620059594897 ], [ -91.672548710164236, 17.476191461072311 ], [ -91.672494220234512, 17.475948350075143 ], [ -91.672415940193972, 17.475701850267473 ], [ -91.672068509874123, 17.475568750183498 ], [ -91.671614749741735, 17.475552941266159 ], [ -91.671184379955477, 17.475658120890962 ], [ -91.67094834032666, 17.475267940427351 ], [ -91.670917109793493, 17.474709540364888 ], [ -91.67091399953965, 17.474498461275324 ], [ -91.671098110044554, 17.474204949933828 ], [ -91.671222430177011, 17.473855570028107 ], [ -91.671459660143896, 17.473652181343663 ], [ -91.671790860351678, 17.473699719781496 ], [ -91.671890970098602, 17.473840289644848 ], [ -91.672043250023364, 17.473947970640623 ], [ -91.672175090316998, 17.473977541246466 ], [ -91.672352380153299, 17.473882800549635 ], [ -91.672565480341149, 17.473767020880867 ], [ -91.672775799812015, 17.473536541104238 ], [ -91.67302091981783, 17.47332848958575 ], [ -91.673430249913693, 17.473285250059515 ], [ -91.673781510431766, 17.473443859867295 ], [ -91.673965619784326, 17.473649059601254 ], [ -91.674198259603912, 17.473925980379803 ], [ -91.674307180098225, 17.474099171264974 ], [ -91.6744775996996, 17.474134820598785 ], [ -91.674671079565215, 17.474033660170065 ], [ -91.674756710219881, 17.473790461345306 ], [ -91.674592879746015, 17.47348066039789 ], [ -91.674454379557801, 17.473183050752322 ], [ -91.674343709664541, 17.472939510103366 ], [ -91.674178539996774, 17.472452849975632 ], [ -91.674181079528992, 17.4721022307012 ], [ -91.674210969622564, 17.471859629820305 ], [ -91.674353090165368, 17.471644800167887 ], [ -91.67463497974812, 17.471538799842151 ], [ -91.674916570074117, 17.471486680081124 ], [ -91.675113000313331, 17.471541979680921 ], [ -91.675364890315109, 17.471705491294923 ], [ -91.675560079937185, 17.47192257100475 ], [ -91.67564288984093, 17.472138950554534 ], [ -91.675494630005915, 17.472535911224877 ], [ -91.675216490163052, 17.472926751192357 ], [ -91.675297460267615, 17.473406169854524 ], [ -91.675582139634429, 17.473599179726847 ], [ -91.675923029851219, 17.473957450691191 ], [ -91.676188250036873, 17.474489370907968 ], [ -91.676203779705659, 17.474759920337743 ], [ -91.676324449549682, 17.474978620493822 ], [ -91.676136510025245, 17.475261150363977 ], [ -91.676061569715273, 17.475578379531644 ], [ -91.676510549859429, 17.475808821175423 ], [ -91.676788619946421, 17.475882429967758 ], [ -91.67702911046743, 17.475784309885633 ], [ -91.677110339607395, 17.475542250379839 ], [ -91.677137340314559, 17.475266221069841 ], [ -91.677099020018687, 17.475021919789224 ], [ -91.676798229983319, 17.474831951216331 ], [ -91.676608540302539, 17.474504690733532 ], [ -91.676722119814485, 17.474126581034387 ], [ -91.677144620134115, 17.474140510583769 ], [ -91.677516739894131, 17.474186571134691 ], [ -91.677801620014677, 17.474084781324091 ], [ -91.678007709581834, 17.473813290195984 ], [ -91.678241380001225, 17.473282880597814 ], [ -91.678529459702133, 17.472627910043769 ], [ -91.67878424983428, 17.471946980432786 ], [ -91.679218379700956, 17.471620451117055 ], [ -91.680146599575238, 17.471118290339259 ], [ -91.680158849743151, 17.470530549661152 ], [ -91.68068870969222, 17.469981629952329 ], [ -91.681175710448841, 17.469695830293084 ], [ -91.681905660230868, 17.46944797107766 ], [ -91.682131320152763, 17.469493539574888 ], [ -91.682458680244068, 17.469559630441697 ], [ -91.682653710273854, 17.469594000437091 ], [ -91.683230860439892, 17.469828749676793 ], [ -91.68361911044444, 17.470073450246527 ], [ -91.684105399702915, 17.47063855015044 ], [ -91.684689370062728, 17.471978659837728 ], [ -91.684915230290429, 17.472303310437368 ], [ -91.685353719901883, 17.47275659994067 ], [ -91.685819999718817, 17.473206739623475 ], [ -91.686510680257129, 17.473629519576136 ], [ -91.687452650359816, 17.474158399758849 ], [ -91.688508650433093, 17.474558029937029 ], [ -91.689341280192608, 17.474991939635959 ], [ -91.689892579664956, 17.475063379598307 ], [ -91.690240860410697, 17.474992169629505 ], [ -91.690591290330687, 17.47479562012013 ], [ -91.691286659800937, 17.474275119833674 ], [ -91.691711709664389, 17.473773850403607 ], [ -91.691861339918091, 17.47344714021466 ], [ -91.692049229807694, 17.472944319543121 ], [ -91.691888250468935, 17.471864259795069 ], [ -91.691878000173446, 17.4686861096474 ], [ -91.691867650164582, 17.467716430143071 ], [ -91.69198581962408, 17.467311169598634 ], [ -91.692093200389948, 17.467021949659664 ], [ -91.692373720247446, 17.466835979655045 ], [ -91.693068629607438, 17.466945310394692 ], [ -91.694010740214907, 17.467250630246767 ], [ -91.695443750424815, 17.467719689916255 ], [ -91.696545649722964, 17.468111820234839 ], [ -91.697258980178461, 17.468216980108696 ], [ -91.697761419962234, 17.468181089996232 ], [ -91.698574140410344, 17.468068829723759 ], [ -91.69902497995335, 17.468001820362169 ], [ -91.699430280394068, 17.467954770416306 ], [ -91.699831549945984, 17.467822369666852 ], [ -91.700267319873618, 17.467764370043422 ], [ -91.70013743019733, 17.467517800098456 ], [ -91.699979479732619, 17.467297849963991 ], [ -91.699797249847009, 17.46711104987628 ], [ -91.699573520218934, 17.466977709734994 ], [ -91.698973690048859, 17.466853350053743 ], [ -91.698524819790322, 17.466817370279827 ], [ -91.697808849664739, 17.466561749909623 ], [ -91.696965769620988, 17.466348969726926 ], [ -91.696197820410845, 17.466229709977259 ], [ -91.695343420110831, 17.466094030258901 ], [ -91.694486619992603, 17.465952260163387 ], [ -91.693646020053265, 17.465724369800142 ], [ -91.692969520253357, 17.465613579735287 ], [ -91.692618000048071, 17.465586349780374 ], [ -91.692300550172888, 17.465568429955557 ], [ -91.691704710120604, 17.465573059718523 ], [ -91.691077120268389, 17.465736910062549 ], [ -91.69042267961153, 17.465883740405324 ], [ -91.690059059687769, 17.465876060393864 ], [ -91.689526510180855, 17.465688950433222 ], [ -91.689126620461039, 17.465534910095034 ], [ -91.688742520094408, 17.465406059791338 ], [ -91.688459089527186, 17.465273980078489 ], [ -91.687971119987381, 17.465097120165332 ], [ -91.687461580073091, 17.464852280077661 ], [ -91.686600970119073, 17.464481090446782 ], [ -91.686066119588418, 17.46428548963102 ], [ -91.685491540357049, 17.464023739610614 ], [ -91.68521821976961, 17.463878219856319 ], [ -91.684732110309, 17.463642080392361 ], [ -91.684355980365126, 17.463481399731187 ], [ -91.684076509950472, 17.463373459594202 ], [ -91.683530120331724, 17.463251119824122 ], [ -91.683170479763135, 17.463147980057915 ], [ -91.682786679907494, 17.463064890416312 ], [ -91.682295220209667, 17.46296568012141 ], [ -91.681843620233892, 17.463011139619475 ], [ -91.681358890218476, 17.463030819633076 ], [ -91.680655740360223, 17.463027140240413 ], [ -91.680092310366391, 17.462993580082092 ], [ -91.679752080222443, 17.463002620022525 ], [ -91.67909302994471, 17.462961290393697 ], [ -91.67858082996193, 17.462927120199083 ], [ -91.678083260222508, 17.462954980410281 ], [ -91.6776690495618, 17.462903740222732 ], [ -91.677095290190806, 17.462901660050431 ], [ -91.676658519658446, 17.462864919990601 ], [ -91.676101380319338, 17.462794030158008 ], [ -91.67569385965345, 17.462718289793536 ], [ -91.675254279855125, 17.462629750126183 ], [ -91.67473385010419, 17.462466369922097 ], [ -91.674198139691839, 17.462237120208936 ], [ -91.673722370048537, 17.46203851992388 ], [ -91.673294200290073, 17.461849860296315 ], [ -91.672960539718531, 17.461808800012093 ], [ -91.673261549894008, 17.462528120375371 ], [ -91.672833059702228, 17.462462850325167 ], [ -91.672323219709924, 17.462515370176639 ], [ -91.672176150335318, 17.462727319675402 ], [ -91.672078140463753, 17.462892149801291 ], [ -91.671980180218, 17.463198249934827 ], [ -91.671882280426757, 17.463551420022242 ], [ -91.671621749973312, 17.464046579638079 ], [ -91.671631249595293, 17.464493750143145 ], [ -91.671461570085938, 17.464403920298718 ], [ -91.671315089850637, 17.464339570003681 ], [ -91.670940400360308, 17.464190549844918 ], [ -91.670596370333115, 17.463998119578545 ], [ -91.670407020055279, 17.463907170118869 ], [ -91.670249889971828, 17.463837919880184 ], [ -91.67004807956944, 17.463733149991036 ], [ -91.669632380192667, 17.463517740090627 ], [ -91.669252139760928, 17.463319450226848 ], [ -91.668351110375056, 17.462866219882176 ], [ -91.667420169988787, 17.462491379870823 ], [ -91.666959420113116, 17.462241079601291 ], [ -91.665205599805574, 17.461660229845272 ], [ -91.664961569721541, 17.461477660279552 ], [ -91.664635220493466, 17.461233149631394 ], [ -91.664697849958117, 17.46108711042406 ], [ -91.664737920060347, 17.460995309753176 ], [ -91.665321860375812, 17.459971119959391 ], [ -91.665828919920287, 17.459095230334569 ], [ -91.666745859733126, 17.456310800238175 ], [ -91.667202139891032, 17.455200280189356 ], [ -91.667658339783699, 17.45408993968897 ], [ -91.667977000211053, 17.45359521964685 ], [ -91.668099460176506, 17.453265570456296 ], [ -91.668515909881421, 17.452323690303697 ], [ -91.668561400064803, 17.452183090360776 ], [ -91.66885871016116, 17.45126414971681 ], [ -91.669269490375513, 17.450384769944076 ], [ -91.669397680043701, 17.450110349863301 ], [ -91.669863050028184, 17.44895657990671 ], [ -91.670328549740091, 17.448061769748254 ], [ -91.670450890187226, 17.447520250142837 ], [ -91.670744819819873, 17.446813850061638 ], [ -91.671038710328062, 17.446060369910381 ], [ -91.671283749803322, 17.445683570255049 ], [ -91.671504279812524, 17.445306799864568 ], [ -91.671724820112274, 17.444953570415358 ], [ -91.67187179969568, 17.444647450213452 ], [ -91.671924170277663, 17.444467520262759 ], [ -91.671934999659982, 17.44443032027225 ], [ -91.67204313956114, 17.444058819789614 ], [ -91.67135624963899, 17.443729579911867 ], [ -91.670129690177347, 17.443212279963333 ], [ -91.669246490443356, 17.442694780210456 ], [ -91.668485950074569, 17.442247880012083 ], [ -91.667897230102938, 17.442012740195583 ], [ -91.667676430164448, 17.441895140436802 ], [ -91.666745920315563, 17.44151431044731 ], [ -91.658895890400899, 17.438295980029171 ], [ -91.658579349962878, 17.438166199652947 ], [ -91.654365849731036, 17.436438709780909 ], [ -91.65338113979692, 17.436039829737464 ], [ -91.651460139617498, 17.435261680327542 ], [ -91.65049897966874, 17.434872319869964 ], [ -91.649537970398896, 17.434483029692373 ], [ -91.6476166903864, 17.433704690038216 ], [ -91.646656119588116, 17.4333155400316 ], [ -91.643326430351635, 17.430987980220674 ], [ -91.642739620280111, 17.432007739809396 ], [ -91.637371519663134, 17.429970149894995 ], [ -91.637337350128874, 17.42995717969195 ], [ -91.634955650476186, 17.436220829901536 ], [ -91.634943620265233, 17.43625597011588 ], [ -91.634887339849087, 17.436494919710317 ], [ -91.634621690035118, 17.436363649896432 ], [ -91.634279479656385, 17.436205540233402 ], [ -91.633839430023002, 17.436007939868347 ], [ -91.633265630241041, 17.435738049698582 ], [ -91.632512379632473, 17.435440770307057 ], [ -91.631784710218483, 17.435466999855294 ], [ -91.630740980452487, 17.435587539641968 ], [ -91.629642939801769, 17.434885419681219 ], [ -91.628292480335475, 17.434089920333392 ], [ -91.626924629705329, 17.433559659827914 ], [ -91.625686110107495, 17.433296660076749 ], [ -91.625651140236357, 17.43328923027703 ], [ -91.624552080305676, 17.432464109948629 ], [ -91.623006349594391, 17.432151019644184 ], [ -91.621271580198197, 17.431848549570521 ], [ -91.62020768028097, 17.431700450106884 ], [ -91.620167110238782, 17.431662289904324 ], [ -91.6194380498399, 17.430952580053273 ], [ -91.618761340189806, 17.430207829962146 ], [ -91.618351200217333, 17.429521850103054 ], [ -91.617971999641327, 17.428665289774877 ], [ -91.617771429845718, 17.427724599811491 ], [ -91.617485939566819, 17.426242490269168 ], [ -91.616625289853175, 17.426293429625087 ], [ -91.615470350177375, 17.426029220270046 ], [ -91.614494060482102, 17.425680859673669 ], [ -91.61351562030849, 17.425617109740262 ], [ -91.612597139751841, 17.425468379808581 ], [ -91.611143219741052, 17.425515169944905 ], [ -91.609867489533599, 17.425534720012028 ], [ -91.608948169564599, 17.425499829859891 ], [ -91.608813910018355, 17.424727169892009 ], [ -91.608332850182975, 17.422759549812735 ], [ -91.607874309807727, 17.420884029961822 ], [ -91.607867429751977, 17.420855909959979 ], [ -91.607860419727274, 17.420827200282798 ], [ -91.607835369635808, 17.420724780157805 ], [ -91.607812620119049, 17.420631679832653 ], [ -91.606898180101595, 17.416891379979432 ], [ -91.605124050044495, 17.416202970357048 ], [ -91.60484289035621, 17.416093879799003 ], [ -91.603827940428317, 17.415700030144063 ], [ -91.5886762297704, 17.410542679899692 ], [ -91.582487909803376, 17.408371489847305 ], [ -91.579688320352219, 17.40734381987221 ], [ -91.575924859946483, 17.406411150272476 ], [ -91.575464110259276, 17.40629763044117 ], [ -91.574336920049561, 17.406017620002764 ], [ -91.568369629702445, 17.403821799663334 ], [ -91.561068480344005, 17.401311770326338 ], [ -91.558793540232386, 17.400529579639901 ], [ -91.558768629650871, 17.40176751998581 ], [ -91.558645250382682, 17.407900750125076 ], [ -91.558139649816283, 17.410892890172175 ], [ -91.558051450333025, 17.414025119875582 ], [ -91.558028260279755, 17.414984049843888 ], [ -91.558019290393077, 17.415942679972733 ], [ -91.557984060472108, 17.416903109848636 ], [ -91.557981780178849, 17.416965289620993 ], [ -91.557856690253843, 17.422244150067684 ], [ -91.554776819601798, 17.421825139524181 ], [ -91.55243332019775, 17.421506280451638 ], [ -91.552093230034089, 17.422566939938584 ], [ -91.542793519735298, 17.420794249556533 ], [ -91.537244219788022, 17.419736169709804 ], [ -91.537078889602824, 17.414217819805092 ], [ -91.536847139510456, 17.407362680259777 ], [ -91.533101799832096, 17.405802949833596 ], [ -91.53032305014888, 17.405499740216474 ], [ -91.529497629524414, 17.40471526021237 ], [ -91.528697880248501, 17.403475549955527 ], [ -91.52727502045154, 17.402356749969055 ], [ -91.525825179733062, 17.40171374006497 ], [ -91.522297599736035, 17.400210089694998 ], [ -91.519588619982486, 17.399150110185154 ], [ -91.517244250375967, 17.398232720459482 ], [ -91.515084579842508, 17.394823420180824 ], [ -91.514468710201626, 17.394690860344944 ], [ -91.513941019805387, 17.394391520195672 ], [ -91.509935539813995, 17.39220271038597 ], [ -91.507167496684161, 17.39628952589829 ], [ -91.507155914492685, 17.396306625094319 ], [ -91.505246862721449, 17.399125046075739 ], [ -91.505233916855204, 17.399144158003917 ], [ -91.505220133071859, 17.399164507181695 ], [ -91.505090093349807, 17.399356486839409 ], [ -91.505074141417154, 17.399380036749474 ], [ -91.505069381975801, 17.399387063343841 ], [ -91.505004770286348, 17.399482450082552 ], [ -91.502797980029044, 17.398816739837468 ], [ -91.501503219661387, 17.398464659684983 ], [ -91.500500340000016, 17.398330079819416 ], [ -91.499659939816624, 17.397521980407781 ], [ -91.498933020188844, 17.39681643030762 ], [ -91.498739320205516, 17.395767659660475 ], [ -91.497816029996287, 17.395052920437411 ], [ -91.496424180285572, 17.394466600359163 ], [ -91.494963029810236, 17.393987489924459 ], [ -91.493517290452473, 17.392960490210974 ], [ -91.493175169918302, 17.392782049906625 ], [ -91.491139509600458, 17.39168487983985 ], [ -91.490847110106344, 17.391527280203302 ], [ -91.488285570158212, 17.390146620228659 ], [ -91.48633903041906, 17.389135150148778 ], [ -91.484273080112217, 17.388061599920277 ], [ -91.480067290404904, 17.386518879952177 ], [ -91.477805779608417, 17.385897339609169 ], [ -91.476171880172188, 17.385522290141513 ], [ -91.475046649833814, 17.384546849769595 ], [ -91.473618850030832, 17.383337349641369 ], [ -91.473453709581577, 17.383215740177061 ], [ -91.472555799828299, 17.382613090091517 ], [ -91.47117274973921, 17.38236078041599 ], [ -91.469854680352839, 17.381867250204845 ], [ -91.468789449900584, 17.381254799662425 ], [ -91.467852650098607, 17.380341180338206 ], [ -91.465153600418901, 17.379353579766281 ], [ -91.462329680159129, 17.378244140098225 ], [ -91.459005709677669, 17.376707780120583 ], [ -91.456495629851119, 17.375721540423509 ], [ -91.453853600059176, 17.375459369719849 ], [ -91.45271588973192, 17.375823170201684 ], [ -91.450434080208822, 17.379312750045795 ], [ -91.44717644987783, 17.382899370187477 ], [ -91.444499630134843, 17.384005049898892 ], [ -91.442933479950256, 17.384138860384486 ], [ -91.441334799974527, 17.384271949806486 ], [ -91.439298460389367, 17.384287370257859 ], [ -91.437636799925542, 17.383883139973424 ], [ -91.436576289799305, 17.38338968043719 ], [ -91.43572761977498, 17.382823289733832 ], [ -91.434843859705978, 17.382133510291311 ], [ -91.434024459733749, 17.381311140012347 ], [ -91.43376663005661, 17.381029030265132 ], [ -91.433375109963336, 17.380600659949216 ], [ -91.43264005985823, 17.379694799569862 ], [ -91.43198139964845, 17.379063340296746 ], [ -91.431083739975136, 17.378292719606154 ], [ -91.430320709619863, 17.377712950396745 ], [ -91.429093740426438, 17.377164880310019 ], [ -91.425230620196814, 17.376346889856581 ], [ -91.423449399745564, 17.375868679696111 ], [ -91.422078650119786, 17.375345799789649 ], [ -91.420866320229948, 17.374690659632311 ], [ -91.419832619841131, 17.374070680437875 ], [ -91.419318449756446, 17.3735539196615 ], [ -91.418653919724761, 17.372638179757164 ], [ -91.41803851992367, 17.371643149843457 ], [ -91.417666110150435, 17.370915679795839 ], [ -91.417299280330738, 17.369691830348856 ], [ -91.417106779695814, 17.365917260042053 ], [ -91.416813510162257, 17.363624860282918 ], [ -91.415342660180258, 17.360917820275841 ], [ -91.414375890269525, 17.359185509690331 ], [ -91.414297259866345, 17.358261199681642 ], [ -91.414377969913005, 17.357637799715043 ], [ -91.414601570201597, 17.356882350092373 ], [ -91.414914000220065, 17.355888460467096 ], [ -91.415677510051864, 17.354308569998196 ], [ -91.416061660405049, 17.353576420244593 ], [ -91.416770880260884, 17.352055220342351 ], [ -91.417174919980553, 17.349501320290372 ], [ -91.417352540182648, 17.348141859651616 ], [ -91.417495430425518, 17.347196450298171 ], [ -91.417157779605034, 17.346297649939942 ], [ -91.416775349710974, 17.345627120274532 ], [ -91.415552970069129, 17.344655710054084 ], [ -91.413601780420876, 17.34387271023127 ], [ -91.407847539680048, 17.343117149752747 ], [ -91.405104059956344, 17.342696320131427 ], [ -91.40342362010017, 17.342003320078266 ], [ -91.401408120341912, 17.340987600161068 ], [ -91.400172169618045, 17.340275919916174 ], [ -91.398815050356205, 17.33915197985743 ], [ -91.396997420301332, 17.337945060402088 ], [ -91.396363050040819, 17.337081600233304 ], [ -91.395769819847388, 17.336342600067031 ], [ -91.395167939574861, 17.334906950232213 ], [ -91.392637690147978, 17.330838859889454 ], [ -91.391430139694364, 17.328980680094187 ], [ -91.390590480177536, 17.326804650008512 ], [ -91.390099909964604, 17.326063149679349 ], [ -91.388360059813394, 17.323489429680365 ], [ -91.387598450018331, 17.322745750135063 ], [ -91.387584905021313, 17.322734507224901 ], [ -91.386701179732512, 17.322000979763985 ], [ -91.386300989566465, 17.321610247940558 ], [ -91.386190678341805, 17.321502542517578 ], [ -91.385715490470361, 17.321038579779966 ], [ -91.385044619545184, 17.320252229974141 ], [ -91.384733690113066, 17.319642319623448 ], [ -91.384571938935252, 17.31927992158445 ], [ -91.384282211577442, 17.318630792457828 ], [ -91.384232650310523, 17.318519750288921 ], [ -91.383927490092418, 17.317389779691212 ], [ -91.383751229750615, 17.316737110014934 ], [ -91.383539749834711, 17.31508675015337 ], [ -91.383533627958698, 17.314545539942301 ], [ -91.383520648529512, 17.313398015806396 ], [ -91.383514229697113, 17.312830549538937 ], [ -91.383664219816538, 17.311183109550402 ], [ -91.383899579582845, 17.310100379597401 ], [ -91.384024690203887, 17.30983930989893 ], [ -91.384313780241285, 17.309236019672387 ], [ -91.384817540303374, 17.308459120317135 ], [ -91.385364629569381, 17.307899549624519 ], [ -91.386185050271862, 17.307081859820656 ], [ -91.386821709616441, 17.306609690312555 ], [ -91.38727878026009, 17.306005979584256 ], [ -91.387737740437132, 17.305185369885123 ], [ -91.388061580348392, 17.304320260432718 ], [ -91.388204690399604, 17.303453710300023 ], [ -91.38823457009768, 17.302841150429554 ], [ -91.388259690036065, 17.302326119694023 ], [ -91.38817834995622, 17.301284250206141 ], [ -91.388319950062282, 17.300591250159883 ], [ -91.388549999728554, 17.30011579973544 ], [ -91.388869680248945, 17.299727949617491 ], [ -91.389549180340836, 17.299516450002098 ], [ -91.390318720210928, 17.299349119718041 ], [ -91.39131302021849, 17.299313689871401 ], [ -91.392530830223563, 17.299540369723069 ], [ -91.398436480318054, 17.301697539665888 ], [ -91.404000570396633, 17.30406693999684 ], [ -91.407975509922906, 17.306510909908322 ], [ -91.409655000322459, 17.30711437960861 ], [ -91.410921999556052, 17.307405600124319 ], [ -91.412592510271281, 17.307549000011317 ], [ -91.413587219577508, 17.307470119914754 ], [ -91.414403050149105, 17.307172909964283 ], [ -91.415674379665418, 17.306445400239422 ], [ -91.416421459933105, 17.305890490336932 ], [ -91.41711905024323, 17.305180980113438 ], [ -91.417626090349245, 17.304308200475624 ], [ -91.41790999989928, 17.303903250042289 ], [ -91.41868174972042, 17.303475510394279 ], [ -91.419521949552333, 17.303292080134401 ], [ -91.419731980313145, 17.303264349775073 ], [ -91.421693150291773, 17.30300551001023 ], [ -91.42327730964827, 17.302670890385691 ], [ -91.424548140443704, 17.302631479805932 ], [ -91.425180879703788, 17.302305309531167 ], [ -91.425529350276861, 17.301844120307045 ], [ -91.425742459740135, 17.301161380086793 ], [ -91.425863310465047, 17.300407539901006 ], [ -91.426235169809132, 17.298208940365072 ], [ -91.426476620368291, 17.29706301960525 ], [ -91.426240820201713, 17.296258889852368 ], [ -91.426298029714786, 17.295200149777227 ], [ -91.426583059716478, 17.294127680321107 ], [ -91.426634660009256, 17.293007250445179 ], [ -91.426768679645065, 17.292302089637548 ], [ -91.426790049967934, 17.291793149696414 ], [ -91.426701910302754, 17.291233109713147 ], [ -91.426863949553848, 17.290102770145605 ], [ -91.426816400218087, 17.288707580344351 ], [ -91.426958570195552, 17.288125509828369 ], [ -91.427107999736705, 17.287730920140532 ], [ -91.42736572000787, 17.286772620237091 ], [ -91.427498029965847, 17.285982850132644 ], [ -91.427574080348649, 17.283230770424378 ], [ -91.427162490193851, 17.279200370090255 ], [ -91.427359539800534, 17.277405750084061 ], [ -91.427496350347084, 17.276583619591946 ], [ -91.427681320014329, 17.276210890381176 ], [ -91.427996620136966, 17.275789249570568 ], [ -91.428263649697442, 17.27547691006011 ], [ -91.428474379859196, 17.275129340012864 ], [ -91.428816849820294, 17.274558249566628 ], [ -91.428978019949312, 17.273935830419145 ], [ -91.429507850464006, 17.27271766001401 ], [ -91.430995820292097, 17.268762799697196 ], [ -91.431077139747487, 17.268364319793619 ], [ -91.431030030272836, 17.267790179938086 ], [ -91.431222879744595, 17.266494459780443 ], [ -91.431423649961772, 17.266125399848246 ], [ -91.431655060352867, 17.265707970384781 ], [ -91.431961480324631, 17.265284890269321 ], [ -91.43214939957295, 17.264635630140553 ], [ -91.432317570345518, 17.26436065989013 ], [ -91.43260680044483, 17.264033079884491 ], [ -91.432779720328909, 17.263836849981097 ], [ -91.433489979788305, 17.26305817006439 ], [ -91.433913950254251, 17.262501140076949 ], [ -91.434148570284833, 17.262100879670243 ], [ -91.434418969707963, 17.261373750112337 ], [ -91.434618059626359, 17.260990659810709 ], [ -91.435204570120817, 17.259795579558549 ], [ -91.436839949922415, 17.257828679613169 ], [ -91.4372041998854, 17.25737874998303 ], [ -91.437467060425107, 17.257006569702622 ], [ -91.437810169583528, 17.256360680210847 ], [ -91.438269680333676, 17.255460849911803 ], [ -91.438518690103322, 17.254902579955388 ], [ -91.438883340367738, 17.254288889574386 ], [ -91.438979219707107, 17.253937550307729 ], [ -91.439331859612551, 17.253178779520372 ], [ -91.4395038797513, 17.252606940160888 ], [ -91.439614510194758, 17.251809459583484 ], [ -91.439696859901801, 17.250966880220471 ], [ -91.439699779915088, 17.250937019956787 ], [ -91.439708000018214, 17.250806739825578 ], [ -91.439758860431937, 17.250000049897181 ], [ -91.439678030197285, 17.248786880067332 ], [ -91.439409090423382, 17.247863290090883 ], [ -91.438718739869344, 17.246501419957223 ], [ -91.438017939981904, 17.245307199772522 ], [ -91.437952770268396, 17.245088169753629 ], [ -91.437656479794967, 17.244458349650852 ], [ -91.437557970162459, 17.244216250331228 ], [ -91.437395459778159, 17.24361965992 ], [ -91.437283860269375, 17.242943059889676 ], [ -91.437218489789132, 17.24274947974105 ], [ -91.437052859900447, 17.242522909978273 ], [ -91.436954089762438, 17.242312980178191 ], [ -91.436906089561234, 17.242039109587338 ], [ -91.436891710203568, 17.241765460344325 ], [ -91.436826259808797, 17.241571880117011 ], [ -91.436484749701478, 17.24034640005182 ], [ -91.436420059836337, 17.240072399952695 ], [ -91.436338200156413, 17.239846490370056 ], [ -91.436057860302824, 17.239313370111674 ], [ -91.435872460284159, 17.238935250459029 ], [ -91.435863250189058, 17.238916450149755 ], [ -91.435711979756903, 17.238607879636081 ], [ -91.435448820338834, 17.238026599863893 ], [ -91.435267380228893, 17.237687290257757 ], [ -91.435201939745326, 17.237493710216544 ], [ -91.4350744800591, 17.236720450101675 ], [ -91.435043370162177, 17.236430580047315 ], [ -91.434978149628961, 17.236220919900841 ], [ -91.434829029792255, 17.236026679895566 ], [ -91.434763050240946, 17.235897430363586 ], [ -91.434682539743449, 17.235510650048269 ], [ -91.434700940152624, 17.235317709633417 ], [ -91.434821619948664, 17.234916420264696 ], [ -91.434890509561612, 17.234691720115741 ], [ -91.434875370284658, 17.234498540380702 ], [ -91.434775660371571, 17.23440121990204 ], [ -91.434726520098579, 17.234272089974773 ], [ -91.434728000227665, 17.234095149828814 ], [ -91.434746719647251, 17.233863780395847 ], [ -91.434697109955266, 17.233782940306181 ], [ -91.434497949792416, 17.233556150272339 ], [ -91.434482750172478, 17.233379029853253 ], [ -91.434551779917243, 17.233138220088847 ], [ -91.434553819579179, 17.2328968902569 ], [ -91.434488180309202, 17.232735489876447 ], [ -91.433742709908529, 17.231732139832243 ], [ -91.433576290127988, 17.231602110108927 ], [ -91.433409049974586, 17.23156864964864 ], [ -91.433225050049842, 17.231535019891304 ], [ -91.433091399825031, 17.231485710425403 ], [ -91.432958910161148, 17.231307660209392 ], [ -91.432196689724918, 17.230304169604842 ], [ -91.432131060004195, 17.230142770230557 ], [ -91.431950179579161, 17.229739140022307 ], [ -91.431703740027544, 17.229157969859756 ], [ -91.431638510208757, 17.228948309698449 ], [ -91.431556519731785, 17.228738510077086 ], [ -91.431341169579269, 17.228447220351274 ], [ -91.431269060242627, 17.228274820348283 ], [ -91.431087779918698, 17.227919429992888 ], [ -91.430957200237486, 17.227516140062338 ], [ -91.430877659721617, 17.22701675008561 ], [ -91.430845749557903, 17.226823429990322 ], [ -91.43073025021998, 17.226613370335411 ], [ -91.430664479977239, 17.226468049642673 ], [ -91.430665830329858, 17.226307170070069 ], [ -91.430703169752491, 17.225856970365726 ], [ -91.430670860125915, 17.225711910279273 ], [ -91.430604690307916, 17.225614850332953 ], [ -91.430572520300615, 17.225453709914731 ], [ -91.430556970161945, 17.225308780387099 ], [ -91.430558200120089, 17.225163980139126 ], [ -91.430592540256868, 17.225067709855843 ], [ -91.430610800197087, 17.224890849879738 ], [ -91.430679460321542, 17.224693649705191 ], [ -91.430697999854999, 17.224484630112073 ], [ -91.430665950038559, 17.224307380247556 ], [ -91.430634540465078, 17.224065779622176 ], [ -91.430241710044555, 17.222968629558075 ], [ -91.429634829999301, 17.221435379867657 ], [ -91.429586169626447, 17.221241920360736 ], [ -91.429587519626665, 17.2210810503327 ], [ -91.429572339919318, 17.22090397043155 ], [ -91.429506089535892, 17.220806920287274 ], [ -91.429340079628034, 17.22062861954856 ], [ -91.429190570037349, 17.220482650165554 ], [ -91.429141490309789, 17.220337450428595 ], [ -91.428994570074096, 17.219885800114554 ], [ -91.428897050227192, 17.219531080280003 ], [ -91.42885049039235, 17.219096280032048 ], [ -91.42877137017156, 17.218548629739804 ], [ -91.428752450323373, 17.218516219834303 ], [ -91.428639230431429, 17.218322320421219 ], [ -91.42833959972566, 17.218094740314292 ], [ -91.427923029591255, 17.217834060402051 ], [ -91.427824280244835, 17.217624090440577 ], [ -91.427610170251398, 17.217188029708918 ], [ -91.427572029831637, 17.216966060410954 ], [ -91.42750707987156, 17.216724200255335 ], [ -91.427424350043069, 17.216594829565292 ], [ -91.427257679586958, 17.216496980405463 ], [ -91.426957430202265, 17.216349860230459 ], [ -91.426440420081931, 17.216072279801157 ], [ -91.425890489667836, 17.215730079717495 ], [ -91.425674280470233, 17.215551419737857 ], [ -91.42550787974902, 17.215421379657997 ], [ -91.425109229681027, 17.215016030373384 ], [ -91.424760749726104, 17.214627139890858 ], [ -91.424430319786012, 17.214077510101777 ], [ -91.424199119581317, 17.213689539525255 ], [ -91.423834150247686, 17.213268369779371 ], [ -91.423452419884242, 17.212847029754919 ], [ -91.422820680208858, 17.212278950328916 ], [ -91.421472769852755, 17.211222549593845 ], [ -91.42023984967669, 17.21044054992413 ], [ -91.420006940198988, 17.21024565031933 ], [ -91.419649519712223, 17.209945400265816 ], [ -91.418817460048658, 17.20929528031283 ], [ -91.418434319641278, 17.209050919579287 ], [ -91.418000139584336, 17.208886619621975 ], [ -91.415461660350132, 17.207981689897164 ], [ -91.414860889852179, 17.207719520322662 ], [ -91.41344328003197, 17.206984309747529 ], [ -91.412692599625203, 17.206624420190927 ], [ -91.412124599723924, 17.206442969767632 ], [ -91.411222179975368, 17.206194489999696 ], [ -91.4099177404306, 17.205942820290606 ], [ -91.408629110126753, 17.205803889849825 ], [ -91.408193490237849, 17.205816550369679 ], [ -91.407741800340531, 17.205748579974014 ], [ -91.407223679883174, 17.20561580033656 ], [ -91.406775170303348, 17.205403050312238 ], [ -91.406191049629996, 17.20515705958783 ], [ -91.405454880375117, 17.205054720116109 ], [ -91.4048523401636, 17.205001679753153 ], [ -91.404333459981771, 17.204949289827837 ], [ -91.403372509766882, 17.204620249660486 ], [ -91.402117489757401, 17.204564799900226 ], [ -91.400837229982741, 17.204691150338636 ], [ -91.398214880122708, 17.20491951014607 ], [ -91.396651740444739, 17.204884309935753 ], [ -91.395514179854004, 17.204943509673186 ], [ -91.394044029597453, 17.20511379968837 ], [ -91.393283689922512, 17.205380749911765 ], [ -91.392689940412296, 17.205558029718301 ], [ -91.391883600239609, 17.205665340433583 ], [ -91.391123860277247, 17.205864030144483 ], [ -91.390600579955105, 17.206110110056098 ], [ -91.39026699969989, 17.206334949952769 ], [ -91.389676779759782, 17.206102719622329 ], [ -91.389322060291192, 17.206031650155854 ], [ -91.388925450202038, 17.206043059937805 ], [ -91.387964219706703, 17.206225049851312 ], [ -91.387275720382576, 17.20640151986964 ], [ -91.386635969807173, 17.206419169560395 ], [ -91.38613853954547, 17.206415180002928 ], [ -91.385689480305217, 17.206297829570477 ], [ -91.385361020456372, 17.20593117981058 ], [ -91.385126520334538, 17.205656289804434 ], [ -91.384488349590796, 17.205491939822849 ], [ -91.383447320279387, 17.205347079892888 ], [ -91.381767120431206, 17.205151580060658 ], [ -91.380251369822361, 17.205116660325409 ], [ -91.379019659865648, 17.205106750011584 ], [ -91.377552079628998, 17.204981179984198 ], [ -91.376403220114426, 17.204857649713546 ], [ -91.375529399815591, 17.204554829630531 ], [ -91.374421079739122, 17.203977140079971 ], [ -91.373855579613291, 17.20363132035423 ], [ -91.373313780434501, 17.20328568985024 ], [ -91.372868119658932, 17.202781580375259 ], [ -91.372513420183409, 17.20271045979996 ], [ -91.372063369605101, 17.202706830006559 ], [ -91.371702880274114, 17.202425079831674 ], [ -91.37128169000755, 17.201830170397837 ], [ -91.370695119982116, 17.201188419886069 ], [ -91.370249059633096, 17.200729800206819 ], [ -91.369755849532069, 17.200248060268386 ], [ -91.369427630057828, 17.199858650192777 ], [ -91.369099400015784, 17.199469229723771 ], [ -91.368121199849526, 17.198530739724422 ], [ -91.366237689567015, 17.19691265975959 ], [ -91.365848620137911, 17.19651665983012 ], [ -91.365637570274629, 17.196326379721008 ], [ -91.3654582201804, 17.196262060288728 ], [ -91.365213289649276, 17.196212919605681 ], [ -91.365006420120878, 17.196118880156448 ], [ -91.36329837989588, 17.195020720081292 ], [ -91.362988679905556, 17.194892479629132 ], [ -91.361799820367139, 17.194285680239197 ], [ -91.361375949784744, 17.194125110314438 ], [ -91.360821140331879, 17.193963459818907 ], [ -91.359108310198025, 17.193415200168612 ], [ -91.358636059681217, 17.193175660385531 ], [ -91.357806430187424, 17.192650339663565 ], [ -91.357545970099139, 17.192506800438785 ], [ -91.356698969593836, 17.192091289739395 ], [ -91.356015709912128, 17.191661459741997 ], [ -91.35582148960502, 17.191424139671533 ], [ -91.355675820410369, 17.191250140213295 ], [ -91.355382920272049, 17.191074879886479 ], [ -91.354747660085565, 17.190771140390304 ], [ -91.354455400074727, 17.190517320015495 ], [ -91.354326250036394, 17.19032769027983 ], [ -91.354246950099437, 17.190044219622543 ], [ -91.354183490066404, 17.189823679896492 ], [ -91.353859630385145, 17.189443890338811 ], [ -91.353302620352935, 17.188801600158762 ], [ -91.352867259940993, 17.188090919934943 ], [ -91.352515149832939, 17.187208089860171 ], [ -91.351972949627353, 17.1856322896672 ], [ -91.351297939857844, 17.184275370052926 ], [ -91.350443309747916, 17.182885580308298 ], [ -91.350090520277107, 17.182081309578979 ], [ -91.349492720251078, 17.181243569593445 ], [ -91.348570179584797, 17.180137939598094 ], [ -91.34795628978037, 17.179268659854184 ], [ -91.347730940265606, 17.178858260345226 ], [ -91.347303999970251, 17.177702719669117 ], [ -91.346953550340032, 17.176804430192512 ], [ -91.346909429533682, 17.176390780185091 ], [ -91.346915139544805, 17.175747910219574 ], [ -91.346993769882218, 17.174967890307226 ], [ -91.347046250036712, 17.174440229888688 ], [ -91.347242820090315, 17.173821950384589 ], [ -91.347782109713393, 17.172288019990066 ], [ -91.34860639967134, 17.170940110151452 ], [ -91.348728750235367, 17.170619620335334 ], [ -91.34880345004963, 17.170275819945587 ], [ -91.348784660152177, 17.169701680359946 ], [ -91.348988339606834, 17.168279819818384 ], [ -91.349232750010529, 17.167661859754627 ], [ -91.349694600223685, 17.166770149993212 ], [ -91.350003649901964, 17.165847569673979 ], [ -91.350259080005785, 17.164522540051294 ], [ -91.350307000408264, 17.163703200007959 ], [ -91.350196180003891, 17.162453260261156 ], [ -91.349842719789734, 17.161084260004472 ], [ -91.349483750292549, 17.160339659855989 ], [ -91.349161650242209, 17.160024800100448 ], [ -91.34863540000643, 17.159825349899123 ], [ -91.347867180464505, 17.15942870973468 ], [ -91.346489770433337, 17.159027119904394 ], [ -91.344299769668723, 17.158657890134563 ], [ -91.343271720264056, 17.158610689614974 ], [ -91.342229180195375, 17.158562829665346 ], [ -91.339711220327388, 17.158542149996812 ], [ -91.338984969848752, 17.158768140334406 ], [ -91.338733690308999, 17.158846340392355 ], [ -91.337917630369745, 17.159268980359109 ], [ -91.337058179923915, 17.160003570099587 ], [ -91.336197970436714, 17.160816150315625 ], [ -91.335570570125455, 17.161244169965364 ], [ -91.3353240904502, 17.161554419671727 ], [ -91.33515190973965, 17.162645889938794 ], [ -91.334858569759035, 17.163658340425691 ], [ -91.334645020382638, 17.164827540223495 ], [ -91.33466503037171, 17.165710950191638 ], [ -91.334674199687043, 17.166115879990542 ], [ -91.334419690121337, 17.167323740436462 ], [ -91.334168680131697, 17.168141380250251 ], [ -91.333757999524593, 17.168645430259296 ], [ -91.333634060034044, 17.168878570083212 ], [ -91.333378179968975, 17.170421879705053 ], [ -91.333333339790073, 17.170692369564865 ], [ -91.332533880123236, 17.173184540197031 ], [ -91.331635230104354, 17.175862049756802 ], [ -91.331238150327763, 17.176792659986642 ], [ -91.330648820307005, 17.177488169827821 ], [ -91.330183020044117, 17.177951289892253 ], [ -91.329932919544888, 17.178286750266356 ], [ -91.329538340334125, 17.178937219973413 ], [ -91.329194849774652, 17.179307890008388 ], [ -91.328509719878483, 17.179839219592143 ], [ -91.327285770075818, 17.180856339911735 ], [ -91.325694179963904, 17.182220629808516 ], [ -91.325351509600054, 17.18249794976035 ], [ -91.324961520472655, 17.182634829608812 ], [ -91.324450280169515, 17.182747310002988 ], [ -91.321045719902997, 17.183069180399979 ], [ -91.320244030199859, 17.183062510214189 ], [ -91.31949082039597, 17.183056249942016 ], [ -91.318524379821341, 17.182911660383969 ], [ -91.317215780444386, 17.182527179899388 ], [ -91.314990710122544, 17.181387950460078 ], [ -91.311796399790879, 17.179960430040452 ], [ -91.310245340046535, 17.179527170421434 ], [ -91.308983090309795, 17.179399859744272 ], [ -91.30803491011963, 17.179461940130626 ], [ -91.306135450209723, 17.179936289584834 ], [ -91.303699419641873, 17.180639579751475 ], [ -91.302920419954489, 17.180796460340048 ], [ -91.302344950167225, 17.180787740217674 ], [ -91.301883140435692, 17.180807180396361 ], [ -91.300718459993377, 17.180633940141952 ], [ -91.300233249701236, 17.180559829929585 ], [ -91.29989458022618, 17.180393539836853 ], [ -91.299435750073627, 17.180086180009273 ], [ -91.299072850448198, 17.179919690105976 ], [ -91.294775849529742, 17.179533230062859 ], [ -91.290698770223131, 17.179008430450875 ], [ -91.28815731032212, 17.178635709863361 ], [ -91.285997859694447, 17.178313889673188 ], [ -91.285125019659944, 17.178119719626537 ], [ -91.284785090093777, 17.178093460032123 ], [ -91.284153250257688, 17.178111460169919 ], [ -91.283422679992043, 17.178292000219564 ], [ -91.281789570200274, 17.178861740120425 ], [ -91.28037483031089, 17.179456710035165 ], [ -91.279668579687979, 17.179637510208444 ], [ -91.279085510037916, 17.179632520426861 ], [ -91.278455169650229, 17.179487050379187 ], [ -91.277850579624996, 17.179178400046961 ], [ -91.275727139951485, 17.177596030322672 ], [ -91.274257309830958, 17.17627602038943 ], [ -91.273514879567415, 17.17561005016389 ], [ -91.273226199979604, 17.175304090140358 ], [ -91.272939599981271, 17.174764650166573 ], [ -91.272749369763858, 17.174319429693398 ], [ -91.272485150154878, 17.17399031031859 ], [ -91.270535309956173, 17.172035819744814 ], [ -91.270148340290106, 17.171845740229855 ], [ -91.269010490075033, 17.171415780075602 ], [ -91.267268309553543, 17.170653709945871 ], [ -91.266447060189904, 17.170133030292519 ], [ -91.266037819578301, 17.169732629602674 ], [ -91.265580799948992, 17.16923842039926 ], [ -91.26509946026944, 17.168743979947681 ], [ -91.264523169954742, 17.16801529024475 ], [ -91.263991520231571, 17.167085520323841 ], [ -91.263708450272958, 17.166172580086119 ], [ -91.263116969812614, 17.16446316995669 ], [ -91.263047860063452, 17.164065690206272 ], [ -91.262978229850447, 17.163714909719157 ], [ -91.262964340232145, 17.162594089833053 ], [ -91.263209290376594, 17.159771309829154 ], [ -91.263443459767132, 17.158264250118012 ], [ -91.263772279784391, 17.156866290182123 ], [ -91.264221449815679, 17.155586079547767 ], [ -91.264890750012469, 17.154144339627113 ], [ -91.265359249758248, 17.153401289972088 ], [ -91.267379740130451, 17.150336830116789 ], [ -91.268043380078467, 17.149502050051641 ], [ -91.268556720128771, 17.149156260413704 ], [ -91.268972719885781, 17.14883294980292 ], [ -91.269489950058187, 17.148066939778513 ], [ -91.269712829829317, 17.147601939814336 ], [ -91.270032999627276, 17.147137770066056 ], [ -91.270926280096106, 17.146027619840424 ], [ -91.271173119641276, 17.145609510266311 ], [ -91.271274570017667, 17.145143399769911 ], [ -91.271644799808996, 17.144516230084573 ], [ -91.271890259642277, 17.144238170290034 ], [ -91.272088029585319, 17.143866289912332 ], [ -91.272238970301999, 17.143307259953147 ], [ -91.272388970271734, 17.142841630063039 ], [ -91.272493509935757, 17.142048749982312 ], [ -91.272603349798999, 17.14067221979931 ], [ -91.272985660138616, 17.138737689691229 ], [ -91.273067820139389, 17.137734480040823 ], [ -91.273046080149058, 17.137454139787302 ], [ -91.272975999955918, 17.137150049801637 ], [ -91.272645859908664, 17.136073289817897 ], [ -91.272434880169627, 17.135254340201552 ], [ -91.272342650194616, 17.134716550146852 ], [ -91.272297859581201, 17.134230569636799 ], [ -91.27220938040648, 17.133295919751497 ], [ -91.272352880057397, 17.12827758038371 ], [ -91.272251289821568, 17.126128850348742 ], [ -91.271980290290131, 17.12390857982226 ], [ -91.271838340215922, 17.123023019796818 ], [ -91.271627490214058, 17.122180739894738 ], [ -91.271534260049094, 17.121759719806334 ], [ -91.27109308014748, 17.119561319870872 ], [ -91.271036349810061, 17.119172660337458 ], [ -91.270567679902243, 17.115961460320907 ], [ -91.270215919913866, 17.114604289699791 ], [ -91.26907696989629, 17.111699619936324 ], [ -91.268459310167543, 17.11020012035301 ], [ -91.267998420111397, 17.109334649934119 ], [ -91.267806719784986, 17.109052849666309 ], [ -91.266943229710563, 17.107878110163714 ], [ -91.265668890231069, 17.106489720411524 ], [ -91.264946380149723, 17.105829800160102 ], [ -91.264929074932127, 17.105818536012244 ], [ -91.263949416760894, 17.105180889327258 ], [ -91.261711509709926, 17.103724220294293 ], [ -91.261314909615109, 17.103495090308822 ], [ -91.260409709621669, 17.102972140418366 ], [ -91.259537430329559, 17.102468179992549 ], [ -91.258883259720747, 17.102299140339444 ], [ -91.258470629855253, 17.102272199723011 ], [ -91.258034399745071, 17.102175109651775 ], [ -91.257648249870797, 17.101914939694442 ], [ -91.257311059943063, 17.101608569945252 ], [ -91.2570213495747, 17.101419259835676 ], [ -91.25629637018713, 17.10103951013992 ], [ -91.255545480396862, 17.100822910379673 ], [ -91.254696400158835, 17.100722199569137 ], [ -91.25379725982684, 17.100784480125188 ], [ -91.252921479915457, 17.100940350258103 ], [ -91.252605779969201, 17.100937630181413 ], [ -91.252314860375904, 17.100888480331985 ], [ -91.250404289943475, 17.10067788011138 ], [ -91.241546119906289, 17.100017520057829 ], [ -91.240550769854906, 17.099985509741199 ], [ -91.240039290232517, 17.100144490111767 ], [ -91.239455079919537, 17.100279519816578 ], [ -91.238993539752556, 17.100298830184251 ], [ -91.238483739641097, 17.10027108023171 ], [ -91.236571420237539, 17.100582569728648 ], [ -91.235089480033807, 17.100639689868551 ], [ -91.234458549599111, 17.100587489899002 ], [ -91.233973940449843, 17.100466539589465 ], [ -91.233368660452385, 17.100274510223056 ], [ -91.232716519606257, 17.099895260381352 ], [ -91.230307539867454, 17.097819719549406 ], [ -91.229271949795447, 17.096900180142448 ], [ -91.227849630164414, 17.095790510339917 ], [ -91.226958020247935, 17.095058969647873 ], [ -91.226188479909155, 17.094258419891531 ], [ -91.225418719678018, 17.093481229673436 ], [ -91.224914919870386, 17.092823169906641 ], [ -91.22435320037944, 17.091865799865285 ], [ -91.222538689749399, 17.088581449936179 ], [ -91.220616799869134, 17.08382527999651 ], [ -91.219380369582765, 17.081059570146298 ], [ -91.218013910161304, 17.078226460382581 ], [ -91.217632080011626, 17.077522749723393 ], [ -91.217252459787318, 17.076585539903057 ], [ -91.217088309924534, 17.075977090333428 ], [ -91.216469429969024, 17.069551420369127 ], [ -91.216699980323341, 17.067976460412016 ], [ -91.217070659960498, 17.067302680047707 ], [ -91.217223230458842, 17.066580279846701 ], [ -91.217232540386334, 17.065599800243195 ], [ -91.217068079679038, 17.06501471988345 ], [ -91.216708799597967, 17.064497889589852 ], [ -91.215960110451377, 17.064071109871385 ], [ -91.215067139648909, 17.063502949811831 ], [ -91.214584049724721, 17.06324187985944 ], [ -91.214417149974494, 17.06291354010505 ], [ -91.214299550154536, 17.062515630463981 ], [ -91.213931879589211, 17.059973879878534 ], [ -91.213812940149296, 17.059715999936738 ], [ -91.212106510355341, 17.057960170348451 ], [ -91.211913450149083, 17.05776151978581 ], [ -91.211554570429342, 17.057198050174769 ], [ -91.211366349723718, 17.056566059808567 ], [ -91.211112180206484, 17.055209749779504 ], [ -91.2107830301007, 17.054086230296665 ], [ -91.210307000329848, 17.05307814026585 ], [ -91.209292280408931, 17.051678030323181 ], [ -91.206914479862434, 17.048972250412742 ], [ -91.205855400109144, 17.048005709701407 ], [ -91.203720429732513, 17.045301969616418 ], [ -91.203359660265207, 17.04494860032931 ], [ -91.202524450040201, 17.044316580245631 ], [ -91.201455430492302, 17.043507659684892 ], [ -91.200250830353156, 17.042539800335543 ], [ -91.1999372604852, 17.042326889797046 ], [ -91.198391149922827, 17.041519430153706 ], [ -91.19777883025759, 17.041089120144811 ], [ -91.196956709959835, 17.040511379701186 ], [ -91.196449549678832, 17.040226739846389 ], [ -91.19591823005392, 17.039941859759928 ], [ -91.195312889541981, 17.039773060213207 ], [ -91.194756539829413, 17.039558050308532 ], [ -91.194346369644535, 17.039297569542242 ], [ -91.193864859847849, 17.038873029589894 ], [ -91.193287200355059, 17.038354290000889 ], [ -91.193210280187003, 17.038275369603337 ], [ -91.190763000406974, 17.03576377040276 ], [ -91.189849310386521, 17.034845149792503 ], [ -91.189298219653281, 17.034093140413226 ], [ -91.188448950263435, 17.032693490076621 ], [ -91.187946619630139, 17.031918579850917 ], [ -91.187225350118482, 17.031188419749796 ], [ -91.186552019841585, 17.03052876967212 ], [ -91.186026080288784, 17.029683619612022 ], [ -91.185238079921078, 17.02832247981662 ], [ -91.184759309837119, 17.027617850319395 ], [ -91.184254980062263, 17.027053050026346 ], [ -91.183557599980105, 17.02636977977529 ], [ -91.181852939808778, 17.02441682003407 ], [ -91.180789309511113, 17.02308420034468 ], [ -91.180263650099548, 17.022215719767189 ], [ -91.179141509601635, 17.020267950270792 ], [ -91.178735259861014, 17.019610600290797 ], [ -91.178279490018312, 17.019046229582344 ], [ -91.177680109996246, 17.018270430275216 ], [ -91.176695849759227, 17.01714100016487 ], [ -91.176239650460829, 17.016623309582421 ], [ -91.175735060359386, 17.016081820157098 ], [ -91.175253290081343, 17.015703999617536 ], [ -91.171898520389121, 17.013712829633338 ], [ -91.171377430079858, 17.013463200055472 ], [ -91.171004490138159, 17.013284540386984 ], [ -91.167578480447546, 17.011840169997026 ], [ -91.161201859940959, 17.008607600145304 ], [ -91.158811140414628, 17.007348680452495 ], [ -91.157517000043555, 17.006625860377184 ], [ -91.155659769610708, 17.005418349579354 ], [ -91.154934909741186, 17.00508499982363 ], [ -91.154402999935044, 17.004870049990075 ], [ -91.153676259595372, 17.004723350284181 ], [ -91.150428379677791, 17.004250289886862 ], [ -91.150342019611358, 17.004244630144566 ], [ -91.149603690189181, 17.004196109821887 ], [ -91.149044969838826, 17.004237720024449 ], [ -91.14824150959123, 17.004487250085059 ], [ -91.14639197031552, 17.00498400016707 ], [ -91.145613720092499, 17.005140339855142 ], [ -91.14459247963326, 17.005317769935033 ], [ -91.144275830399991, 17.005431619976697 ], [ -91.142886879877778, 17.005979289784943 ], [ -91.141869510162991, 17.006224340182243 ], [ -91.140557579981362, 17.006352460156457 ], [ -91.138125459646943, 17.006843819734975 ], [ -91.137469460298021, 17.006907849901676 ], [ -91.136717030208203, 17.006900949572223 ], [ -91.133490970414215, 17.006684649868916 ], [ -91.130943510350065, 17.006567880098938 ], [ -91.129415679682907, 17.006437109616353 ], [ -91.128567369743308, 17.006312579770867 ], [ -91.127719309999335, 17.006164750296247 ], [ -91.127017339708473, 17.005971490421832 ], [ -91.12634077027765, 17.005661800322073 ], [ -91.125410600221855, 17.005229339924707 ], [ -91.124444910216425, 17.004706800417051 ], [ -91.123601049927316, 17.004138740345546 ], [ -91.12275902956867, 17.003383939859354 ], [ -91.122182380064416, 17.002795019892826 ], [ -91.121605969970432, 17.002182710228759 ], [ -91.121247460103518, 17.001619110233818 ], [ -91.120876690438237, 17.000818770352513 ], [ -91.120867290070294, 17.000798490165892 ], [ -91.120701169871339, 17.000423420290289 ], [ -91.120626490191015, 17.000232940177153 ], [ -91.120485179978317, 16.999828860177264 ], [ -91.120185250195917, 16.998802170338671 ], [ -91.119958680289386, 16.997581689895117 ], [ -91.119842979777275, 16.996291619739349 ], [ -91.119835710272952, 16.995179109951732 ], [ -91.119960679805928, 16.993697019709924 ], [ -91.120117259751083, 16.992727289635461 ], [ -91.12053804958235, 16.991126920181905 ], [ -91.120973049894687, 16.989859569703505 ], [ -91.121501279536105, 16.988451830328568 ], [ -91.121635619555974, 16.987870370167325 ], [ -91.121677429775559, 16.987358679876806 ], [ -91.121988109771365, 16.985666400251731 ], [ -91.122170230317607, 16.983972939801561 ], [ -91.122235319867968, 16.98302237986664 ], [ -91.122231680111369, 16.982711149752465 ], [ -91.122225399557294, 16.982174719785906 ], [ -91.122017520335177, 16.9809191100906 ], [ -91.121442429604045, 16.979660110380877 ], [ -91.120882019728697, 16.978772060414734 ], [ -91.120593149747577, 16.978274980271188 ], [ -91.120049690105276, 16.977528340088522 ], [ -91.119049140088478, 16.976583249822742 ], [ -91.1174540003435, 16.975339889898184 ], [ -91.116251149958373, 16.97442823009008 ], [ -91.115757340072051, 16.974229430150995 ], [ -91.115316680012924, 16.974225370209673 ], [ -91.114782779995025, 16.974361690408408 ], [ -91.11441292022576, 16.974623139738721 ], [ -91.114007570307095, 16.974760650089465 ], [ -91.113512349641283, 16.974703090292724 ], [ -91.112534659855228, 16.97445902002282 ], [ -91.112497279825945, 16.974449679742769 ], [ -91.111906849961656, 16.97419987958521 ], [ -91.110346909801549, 16.973613829744501 ], [ -91.109068860309534, 16.972995779996211 ], [ -91.108435319831358, 16.97268942034508 ], [ -91.106803450165359, 16.971734019923328 ], [ -91.105414379541159, 16.970948750181442 ], [ -91.104409089651114, 16.970200649711906 ], [ -91.102471770140596, 16.968369310056438 ], [ -91.100963570401774, 16.966717310296922 ], [ -91.100308260226171, 16.966195080443601 ], [ -91.099743539856973, 16.965748370442139 ], [ -91.09916242036077, 16.965107289924084 ], [ -91.09876507979682, 16.964450260106069 ], [ -91.098408349637282, 16.963405140200614 ], [ -91.097866689821629, 16.961943690086418 ], [ -91.097475580342206, 16.960668709862901 ], [ -91.097244909867285, 16.959871950238032 ], [ -91.097162350350033, 16.958953000000601 ], [ -91.097059850203991, 16.958192770273403 ], [ -91.096753619825876, 16.957607200231173 ], [ -91.096264659989515, 16.956931659880027 ], [ -91.096068940271707, 16.956311819769962 ], [ -91.095762249885709, 16.955412250012099 ], [ -91.095385059694365, 16.95457882964433 ], [ -91.094823940216102, 16.953779000036 ], [ -91.094151620254749, 16.953084079897799 ], [ -91.093697280358811, 16.952620740162672 ], [ -91.093525969806379, 16.952326660209955 ], [ -91.09341885963272, 16.952067720211097 ], [ -91.09320191954248, 16.951819479889945 ], [ -91.092864049918362, 16.95147631992673 ], [ -91.092283179696167, 16.951048820178375 ], [ -91.091543520035941, 16.95065500027389 ], [ -91.088848859687772, 16.949241689585463 ], [ -91.086001620389993, 16.947503260269446 ], [ -91.085110200323626, 16.946924850414021 ], [ -91.08365459975299, 16.946207720290872 ], [ -91.082309060173898, 16.945456460339379 ], [ -91.081558659748225, 16.944921819833379 ], [ -91.080796319935487, 16.944363620027485 ], [ -91.079817550136923, 16.94351026018898 ], [ -91.079122879970612, 16.942780310144062 ], [ -91.078471220237631, 16.942129349908157 ], [ -91.077821580419538, 16.941279079976503 ], [ -91.07722022991004, 16.940476169879567 ], [ -91.07639098007165, 16.939307660143637 ], [ -91.07561525024812, 16.938528679675382 ], [ -91.074739769946561, 16.937886490224752 ], [ -91.074042719554328, 16.936954979883279 ], [ -91.073560769665548, 16.936101019697627 ], [ -91.073120369660501, 16.935020920093905 ], [ -91.072717119578115, 16.934148830240396 ], [ -91.072275179667685, 16.933219720011163 ], [ -91.072066450262938, 16.932519340420622 ], [ -91.071730309791675, 16.931974800403506 ], [ -91.070914580176236, 16.931136549939669 ], [ -91.068716980224139, 16.929171570294507 ], [ -91.064480060335441, 16.925129749891553 ], [ -91.064305859928595, 16.924794420229116 ], [ -91.064138910343047, 16.923849030293511 ], [ -91.064127180009891, 16.923075000045944 ], [ -91.064608150365132, 16.922098000451953 ], [ -91.065659710106019, 16.920975400395111 ], [ -91.066276849613857, 16.920112940096345 ], [ -91.067010969591635, 16.919327090032883 ], [ -91.06772370987251, 16.918710909846268 ], [ -91.068516970317503, 16.918480109860283 ], [ -91.070071540262333, 16.918060630324792 ], [ -91.071491620052555, 16.917356740036766 ], [ -91.072519449693388, 16.916630260292525 ], [ -91.073174260350342, 16.915919140049304 ], [ -91.073674020275249, 16.915017800289249 ], [ -91.073879089867702, 16.914445769979903 ], [ -91.074044310219321, 16.913635659646303 ], [ -91.074052750402444, 16.912805180180506 ], [ -91.073866320351655, 16.911840750090771 ], [ -91.073391849613813, 16.910806169913311 ], [ -91.07307700015221, 16.910342109997348 ], [ -91.072892770212164, 16.910185450127894 ], [ -91.072493350240208, 16.909845829846507 ], [ -91.071988580178939, 16.909312540385006 ], [ -91.071524599939679, 16.908628630259507 ], [ -91.071255089930091, 16.908116429895585 ], [ -91.0708009397067, 16.907647740290262 ], [ -91.070101319917953, 16.906980479557863 ], [ -91.069539230171699, 16.906295629909543 ], [ -91.068878859679998, 16.905628740195141 ], [ -91.068120380259771, 16.904960909778787 ], [ -91.067360180066743, 16.904462949943124 ], [ -91.066971049968032, 16.904138379816132 ], [ -91.066543049565212, 16.90377568959925 ], [ -91.066152060429204, 16.903353979631447 ], [ -91.065627320042282, 16.902858250384892 ], [ -91.06502198021515, 16.902569379885907 ], [ -91.063948059810144, 16.902049569796322 ], [ -91.063087679821678, 16.901758289852822 ], [ -91.062325750083204, 16.901430180338657 ], [ -91.061486720247743, 16.900969220327248 ], [ -91.061096479998255, 16.900657119746644 ], [ -91.059977510414129, 16.899776449753414 ], [ -91.059018450058431, 16.899540849857001 ], [ -91.057626579889828, 16.899414379576033 ], [ -91.056253779652877, 16.899344719666221 ], [ -91.054763649732237, 16.899236180294963 ], [ -91.053704169945306, 16.89922611015735 ], [ -91.053482650053553, 16.899201140300484 ], [ -91.053155400258063, 16.899164259804763 ], [ -91.052549120450479, 16.898969740159263 ], [ -91.052119430255104, 16.898776880250516 ], [ -91.051532379929839, 16.898620289560295 ], [ -91.051101140125169, 16.898578430035638 ], [ -91.05010092045471, 16.898531150169244 ], [ -91.048531939538407, 16.898459569934232 ], [ -91.048147340069249, 16.898358570397772 ], [ -91.047522820259516, 16.898031719615545 ], [ -91.046392260475542, 16.897303659927903 ], [ -91.045162260321604, 16.896706750202544 ], [ -91.043655460107715, 16.896314850400255 ], [ -91.042070950115431, 16.895846679726407 ], [ -91.040623819559556, 16.895379799681873 ], [ -91.039382419899113, 16.895060910279046 ], [ -91.037992950384066, 16.894707830184139 ], [ -91.036545830104458, 16.894240940255852 ], [ -91.035136969775763, 16.893868770375846 ], [ -91.033779770217194, 16.893549919777438 ], [ -91.032779779978299, 16.893483680415013 ], [ -91.03170232013801, 16.893322320102513 ], [ -91.030705279560465, 16.892972969858619 ], [ -91.029455349588162, 16.892413539699131 ], [ -91.028048490332353, 16.89185260026899 ], [ -91.026462709955567, 16.891516429727677 ], [ -91.025483740489904, 16.891318229585732 ], [ -91.024200180028274, 16.891017339583247 ], [ -91.022574800401884, 16.890718509930501 ], [ -91.021794580199312, 16.890276830134543 ], [ -91.020252579567668, 16.889506910068341 ], [ -91.018495599787471, 16.888659380206256 ], [ -91.016735879873735, 16.888076079675386 ], [ -91.015414480317574, 16.887774169753659 ], [ -91.014356680202937, 16.88761290962265 ], [ -91.012827059839992, 16.887541450253043 ], [ -91.011847140124431, 16.887437550126503 ], [ -91.010770919608902, 16.887162849728611 ], [ -91.009067509731011, 16.886825419740546 ], [ -91.007112260141753, 16.886183509804439 ], [ -91.005609620112622, 16.885413850258399 ], [ -91.000037779549956, 16.88217171993983 ], [ -90.999935030124163, 16.882111920192077 ], [ -90.997213350215205, 16.880356020369458 ], [ -90.996085920134362, 16.879363459775906 ], [ -90.995135449796308, 16.878334889683376 ], [ -90.99387369025267, 16.877057889611766 ], [ -90.99303373979312, 16.876000169737647 ], [ -90.992647179678755, 16.875448999940925 ], [ -90.992300679694765, 16.874822710223377 ], [ -90.99199538039646, 16.874008079641271 ], [ -90.99178878025009, 16.873137779672255 ], [ -90.991333150326241, 16.871698779954201 ], [ -90.991090510410146, 16.870526139853272 ], [ -90.991120510448127, 16.869544910008514 ], [ -90.990740940136874, 16.86807771974096 ], [ -90.990496909676438, 16.867037169642863 ], [ -90.99040980019852, 16.865998169921038 ], [ -90.989955979763124, 16.864389319790487 ], [ -90.988886920144836, 16.863453939707576 ], [ -90.987831490163998, 16.863084949699719 ], [ -90.98632092011772, 16.863088999760517 ], [ -90.985455649788733, 16.863288119718018 ], [ -90.984173050318105, 16.863992779924381 ], [ -90.983104620106403, 16.864850540441381 ], [ -90.982290549973882, 16.865767430225954 ], [ -90.981731309648694, 16.866705690068677 ], [ -90.981344980073516, 16.867985400113056 ], [ -90.980867019626146, 16.869796119685894 ], [ -90.98061556955534, 16.871303680382461 ], [ -90.980502849934325, 16.872680459947151 ], [ -90.980452180399155, 16.873755850033632 ], [ -90.980475050287438, 16.875072909627999 ], [ -90.980519850302414, 16.876394619610583 ], [ -90.980610309575184, 16.87711276995384 ], [ -90.980839689704297, 16.877681289647462 ], [ -90.981568680250021, 16.879236250164617 ], [ -90.982110139955338, 16.879977710072726 ], [ -90.982590519785177, 16.880926219589664 ], [ -90.983030089601002, 16.882025310358294 ], [ -90.983799579528721, 16.883806020201217 ], [ -90.984374880010719, 16.885057450349791 ], [ -90.984582860272454, 16.88579563013602 ], [ -90.984939970227373, 16.887271420447618 ], [ -90.985510060267316, 16.889013570141007 ], [ -90.98563978025598, 16.889732089634638 ], [ -90.985770509971957, 16.890356279769023 ], [ -90.986115420232252, 16.891133549914294 ], [ -90.986344620275332, 16.891720939847538 ], [ -90.986492909908193, 16.892645310277601 ], [ -90.986521520060037, 16.893645980416583 ], [ -90.986472879970378, 16.894532649710133 ], [ -90.986165370077032, 16.895775380098438 ], [ -90.985742970239073, 16.896752749954082 ], [ -90.985063089690073, 16.897954079553774 ], [ -90.984146979651314, 16.89922856978303 ], [ -90.983076919801945, 16.900218420414035 ], [ -90.981931399596931, 16.900924379726835 ], [ -90.980306379950065, 16.901751710161303 ], [ -90.979045320125394, 16.9022488796492 ], [ -90.977570059628917, 16.902592940341773 ], [ -90.976075569767048, 16.902899029732925 ], [ -90.974701420369982, 16.902960939583249 ], [ -90.973720259932804, 16.902970089762043 ], [ -90.972326689850959, 16.903012920328568 ], [ -90.97109127975132, 16.902944050234034 ], [ -90.969738370270889, 16.902855119977659 ], [ -90.968308179618049, 16.902652180322463 ], [ -90.966371149617572, 16.902142180080503 ], [ -90.965009340182334, 16.901500019844931 ], [ -90.963468549542029, 16.900635310198705 ], [ -90.962201649946437, 16.899848819580964 ], [ -90.960915319667464, 16.899043250186143 ], [ -90.960488379953375, 16.89860485967337 ], [ -90.960237199954818, 16.898243739713461 ], [ -90.960083690489711, 16.897921319699357 ], [ -90.959576660381799, 16.89763314959907 ], [ -90.958833179779901, 16.897436980047573 ], [ -90.95803188031357, 16.897145860092696 ], [ -90.957438400431656, 16.896769890315813 ], [ -90.957303110219385, 16.896579799834146 ], [ -90.957129580022709, 16.896294940184724 ], [ -90.956957890281316, 16.895840229933125 ], [ -90.956826260371031, 16.895310419764332 ], [ -90.956715459545251, 16.894667550071883 ], [ -90.956623879991056, 16.894062650182352 ], [ -90.95649244968368, 16.893513949895645 ], [ -90.956206709963979, 16.892718349856857 ], [ -90.955745029978999, 16.891864369995755 ], [ -90.955321369525251, 16.891124000237028 ], [ -90.955087770115583, 16.890524999648289 ], [ -90.954878079861075, 16.889956650151234 ], [ -90.954766260039122, 16.889408150384938 ], [ -90.95461684973975, 16.888708290332126 ], [ -90.954465200304227, 16.888216019920318 ], [ -90.954320340264374, 16.887435659877177 ], [ -90.954253659597569, 16.886340250065196 ], [ -90.954341489907904, 16.885472880049921 ], [ -90.954509220015737, 16.884474170272039 ], [ -90.954893720138017, 16.883383260447566 ], [ -90.955556319553835, 16.881974249999519 ], [ -90.956278370027576, 16.880509200150588 ], [ -90.956761800202017, 16.879821369887701 ], [ -90.957696769597405, 16.878622690279403 ], [ -90.958901290117169, 16.877898569704143 ], [ -90.960776819725069, 16.876803619936776 ], [ -90.963224019791085, 16.87545007973106 ], [ -90.964880060170486, 16.874692649904937 ], [ -90.966646250114337, 16.873830399594873 ], [ -90.970035750254326, 16.872410629941569 ], [ -90.971180140453725, 16.871799079870677 ], [ -90.972130770232312, 16.870959090089002 ], [ -90.972846799921072, 16.870041289942609 ], [ -90.973366319824834, 16.869319979545434 ], [ -90.974124400078765, 16.868138340082741 ], [ -90.974547180129079, 16.867123249758304 ], [ -90.974674539647836, 16.866218490355166 ], [ -90.97451227970808, 16.864876740109565 ], [ -90.974054780116376, 16.863626459668357 ], [ -90.973656080311542, 16.863156369706815 ], [ -90.97318296972027, 16.86259858042353 ], [ -90.972406819774022, 16.861798139702781 ], [ -90.971412179985421, 16.8611948504116 ], [ -90.970221719709514, 16.86061681953932 ], [ -90.969047049997371, 16.860397549578213 ], [ -90.967929199576758, 16.860367600278433 ], [ -90.967044719946443, 16.860528719889768 ], [ -90.965902630438009, 16.860932649643626 ], [ -90.964287339666427, 16.861558370071592 ], [ -90.961011659939928, 16.863356710188327 ], [ -90.959219309766056, 16.864362749729565 ], [ -90.958017320231619, 16.864860399663335 ], [ -90.956836549632328, 16.865207279636504 ], [ -90.955538920456036, 16.865477459684701 ], [ -90.954321769881176, 16.865559690332958 ], [ -90.952908860357454, 16.865602220376317 ], [ -90.952085230126599, 16.865575109762709 ], [ -90.951418720102396, 16.865530709672093 ], [ -90.950046890221444, 16.865403739603313 ], [ -90.949263919551456, 16.865244909979275 ], [ -90.945236290405632, 16.863996580369051 ], [ -90.941426779917478, 16.862822180039878 ], [ -90.936951000137086, 16.861304970446607 ], [ -90.934512919820051, 16.860015800266648 ], [ -90.933638800380493, 16.859326490399837 ], [ -90.933038689899334, 16.858595350042638 ], [ -90.932708549568986, 16.858009080055265 ], [ -90.932364180168435, 16.857179749886047 ], [ -90.932238509526428, 16.856362550115936 ], [ -90.93218401962271, 16.855179919908537 ], [ -90.932281569718612, 16.853950229738228 ], [ -90.932494599644357, 16.852932280240534 ], [ -90.933329050288307, 16.850471460039635 ], [ -90.933901490125379, 16.848890369819379 ], [ -90.934163550191599, 16.848002379995602 ], [ -90.934218449728434, 16.847598120024646 ], [ -90.934238749882667, 16.847274479975454 ], [ -90.934400179586362, 16.844803740047933 ], [ -90.934388139771684, 16.84436639955479 ], [ -90.934278140401545, 16.843652819785483 ], [ -90.933888749591617, 16.842321090053137 ], [ -90.933278820310392, 16.841165260208619 ], [ -90.932666340380081, 16.840236089605245 ], [ -90.931903750116646, 16.83919204997742 ], [ -90.930050889575668, 16.837206119566588 ], [ -90.928586000309778, 16.835766399920278 ], [ -90.927436109744022, 16.83475081954947 ], [ -90.926774030339686, 16.834093550427877 ], [ -90.926056650384936, 16.833170750445753 ], [ -90.925562779892473, 16.832277169790938 ], [ -90.92520972046681, 16.831304179745743 ], [ -90.925166719900943, 16.831080779651614 ], [ -90.924647250350915, 16.829224000409958 ], [ -90.924388739763302, 16.82774915019743 ], [ -90.924249119669128, 16.826162259541455 ], [ -90.924137710141551, 16.825583340409583 ], [ -90.923641199681086, 16.824351460241527 ], [ -90.922851770010382, 16.823003370099727 ], [ -90.921765119760821, 16.821935380053453 ], [ -90.920148600046161, 16.820899799994383 ], [ -90.91862353983089, 16.820469109889014 ], [ -90.917506380295492, 16.820401169626074 ], [ -90.916211090002491, 16.820482399742431 ], [ -90.914625659561352, 16.820936970098753 ], [ -90.91366208972336, 16.821172570046912 ], [ -90.912362659892665, 16.821631229708924 ], [ -90.911493770021693, 16.821840050262285 ], [ -90.910187460343707, 16.822153980165051 ], [ -90.908737459639028, 16.822502429612705 ], [ -90.906350979609584, 16.822190620123031 ], [ -90.904389889728648, 16.822006340212585 ], [ -90.902723430233166, 16.822194689906254 ], [ -90.901138709738049, 16.822712450127767 ], [ -90.900111892114325, 16.823237928803511 ], [ -90.899722380419263, 16.823437259606038 ], [ -90.897536150038974, 16.824318459777988 ], [ -90.895908720095306, 16.824835719894583 ], [ -90.891992979667037, 16.825247520312754 ], [ -90.889303279677492, 16.825343119695784 ], [ -90.887454180248426, 16.825288509690939 ], [ -90.88503700045348, 16.825217089730284 ], [ -90.880949170317365, 16.824394619955562 ], [ -90.877910710157693, 16.823823479579033 ], [ -90.877712540203163, 16.823786220336427 ], [ -90.877640140447426, 16.823759229870753 ], [ -90.875672549841553, 16.823025859805607 ], [ -90.873891820245191, 16.821980680147711 ], [ -90.872636034084152, 16.82115777007715 ], [ -90.872084750183618, 16.820796510408275 ], [ -90.869971879602687, 16.818926430298411 ], [ -90.867264890408237, 16.816762679693309 ], [ -90.864217519565145, 16.814513220181272 ], [ -90.862527340020705, 16.81301710972571 ], [ -90.861305150410601, 16.811649080407609 ], [ -90.860286120402165, 16.810303830475423 ], [ -90.859875570213589, 16.808862080269929 ], [ -90.858965000237774, 16.806347309683677 ], [ -90.85817692024898, 16.804326650195275 ], [ -90.857314580056823, 16.801319509656988 ], [ -90.857162799712896, 16.800974709639846 ], [ -90.856569979986403, 16.799677200390555 ], [ -90.856182030413393, 16.799350030244444 ], [ -90.855640580348933, 16.798760599615754 ], [ -90.855224919911493, 16.798406199602134 ], [ -90.854780480096963, 16.798132319808193 ], [ -90.853945370154094, 16.797773540165714 ], [ -90.851044480221589, 16.797043169830392 ], [ -90.849509849600679, 16.796704049578558 ], [ -90.848784479754812, 16.796534879626961 ], [ -90.848169429837512, 16.796501489912711 ], [ -90.847162290280735, 16.79651789041338 ], [ -90.846687720291584, 16.796432150306757 ], [ -90.846299800275844, 16.796104969790512 ], [ -90.845937380357043, 16.795993460218636 ], [ -90.84543396978539, 16.795988180359075 ], [ -90.845068880069817, 16.796119020360646 ], [ -90.844591890432753, 16.796248620206232 ], [ -90.844172369999825, 16.796244219602364 ], [ -90.843614200476466, 16.796130689621599 ], [ -90.84292502020628, 16.795990890354474 ], [ -90.842417770260994, 16.795876780152582 ], [ -90.842093550004734, 16.795818970254437 ], [ -90.841796950470368, 16.795815859598481 ], [ -90.841372890044568, 16.795838630000034 ], [ -90.840919890416885, 16.795929060286753 ], [ -90.839986749608528, 16.79600081996859 ], [ -90.838148919649981, 16.796131109854507 ], [ -90.837603580190162, 16.79613897002109 ], [ -90.837378060026907, 16.796095819875358 ], [ -90.837181230446092, 16.796012149943021 ], [ -90.836927620317482, 16.795955080332931 ], [ -90.834962780471841, 16.796070399929949 ], [ -90.834623059923103, 16.796134780142008 ], [ -90.833914679558887, 16.796317709881311 ], [ -90.833574629668107, 16.796409309778031 ], [ -90.832994940042298, 16.796457569866174 ], [ -90.832005779832471, 16.796487950051031 ], [ -90.831412120140385, 16.79652248018672 ], [ -90.831086290192673, 16.796600630280576 ], [ -90.829924429590122, 16.796914719598966 ], [ -90.829407289629984, 16.797050549905244 ], [ -90.82882744998976, 16.797112399934896 ], [ -90.827285909922992, 16.797272889720016 ], [ -90.826917550229354, 16.79736418027035 ], [ -90.826235999599504, 16.79766974027828 ], [ -90.825965000018584, 16.797898020283228 ], [ -90.825750879790576, 16.798099719800632 ], [ -90.825366540236175, 16.798354000046899 ], [ -90.825025570356374, 16.798527169961417 ], [ -90.82451523024082, 16.798684920004519 ], [ -90.82369447974672, 16.798812250190242 ], [ -90.822251620175749, 16.798987290351796 ], [ -90.820824569754365, 16.79901300033557 ], [ -90.819705120475248, 16.798963909748093 ], [ -90.818599199781744, 16.798842860304568 ], [ -90.81796140010006, 16.798836090335683 ], [ -90.817944510402072, 16.798835910038562 ], [ -90.817463659814948, 16.798830820144271 ], [ -90.816044769616326, 16.798761089955804 ], [ -90.813486579646664, 16.799007180140165 ], [ -90.810275450394911, 16.799246349737011 ], [ -90.808543030246696, 16.799282550255526 ], [ -90.806416400345881, 16.799041249658661 ], [ -90.805309490298427, 16.799002090162322 ], [ -90.80454456976581, 16.798857259789365 ], [ -90.804091920430437, 16.798715800168836 ], [ -90.803696689749046, 16.798520259902968 ], [ -90.803358229838025, 16.798325319631633 ], [ -90.80287966001741, 16.797964919796097 ], [ -90.802544349558161, 16.797496719806862 ], [ -90.802238080147333, 16.796974139716301 ], [ -90.802044400213205, 16.796534819805576 ], [ -90.801909400134647, 16.795932089953006 ], [ -90.801748829834551, 16.795083119970716 ], [ -90.801764910284092, 16.793689430130428 ], [ -90.801861110286012, 16.792733889779996 ], [ -90.80194648978582, 16.791980950095382 ], [ -90.802097569594665, 16.791189979967207 ], [ -90.802272939998886, 16.790754549552972 ], [ -90.802678310283298, 16.790075650416821 ], [ -90.80291232002881, 16.78947686007103 ], [ -90.803408770316167, 16.788279620174489 ], [ -90.803847479702895, 16.787163720187397 ], [ -90.804200080420514, 16.786128950333357 ], [ -90.804351140375203, 16.785337970415608 ], [ -90.804652920179208, 16.783783339949697 ], [ -90.804835510355147, 16.782719420106535 ], [ -90.804899520124764, 16.78209147959376 ], [ -90.804905179640215, 16.7815995703649 ], [ -90.804882920214126, 16.781066800097623 ], [ -90.804747279601031, 16.780518740229706 ], [ -90.804199080131411, 16.778818399777915 ], [ -90.80361871001503, 16.777445689679613 ], [ -90.803201739877636, 16.776675999959242 ], [ -90.802809380406984, 16.776234509753763 ], [ -90.802415370482777, 16.775929679687611 ], [ -90.801680829901343, 16.775621200293493 ], [ -90.800945029970805, 16.775422020340606 ], [ -90.800378280454964, 16.775333970046578 ], [ -90.799584680483548, 16.775216169652872 ], [ -90.798733770329008, 16.77515242031668 ], [ -90.79802540014343, 16.775035540352761 ], [ -90.797303370210287, 16.774880540295939 ], [ -90.796455290184781, 16.774570830064881 ], [ -90.795298710350906, 16.773929879860436 ], [ -90.793805379619798, 16.77295731956848 ], [ -90.793212779714636, 16.77265034017401 ], [ -90.79270407973101, 16.77245357041895 ], [ -90.792195920408133, 16.772202150218892 ], [ -90.791661370064872, 16.771786480116852 ], [ -90.791125549775415, 16.771480110190453 ], [ -90.790701049594347, 16.77136622963533 ], [ -90.790190139641311, 16.771360749864233 ], [ -90.789478880012098, 16.771489749685632 ], [ -90.788711549906694, 16.771563520273492 ], [ -90.788342879928223, 16.771532219829488 ], [ -90.788004169869325, 16.771364600194865 ], [ -90.787525449552987, 16.771031520023879 ], [ -90.7865966202788, 16.77033828006746 ], [ -90.78577825010376, 16.769919540309402 ], [ -90.784988249802254, 16.769501110164466 ], [ -90.784367289985454, 16.769193799691482 ], [ -90.783831109759987, 16.768914709697011 ], [ -90.78340851978318, 16.768636880390773 ], [ -90.783070139837818, 16.768441919770424 ], [ -90.782759510302952, 16.76830192005599 ], [ -90.782448570050292, 16.768189259892466 ], [ -90.7821366601178, 16.768158599664865 ], [ -90.781484800310963, 16.768069570220479 ], [ -90.780579309578513, 16.767813850046899 ], [ -90.779023630067172, 16.767332490243763 ], [ -90.77851425003189, 16.767190339747209 ], [ -90.778202979754681, 16.767104980290565 ], [ -90.777835279961991, 16.766991710384495 ], [ -90.777553659944488, 16.766797349647284 ], [ -90.777326350345191, 16.766701780478535 ], [ -90.777121199708006, 16.766616860100203 ], [ -90.776933089924739, 16.766548689882541 ], [ -90.776658910293207, 16.766496150196751 ], [ -90.776452859575627, 16.766493939781459 ], [ -90.776314909731454, 16.766542019707686 ], [ -90.776141659715947, 16.766672430021991 ], [ -90.775866889507171, 16.766669480301271 ], [ -90.773832050050515, 16.765903480118162 ], [ -90.773506949630544, 16.765800719920282 ], [ -90.773181090319554, 16.765764150320187 ], [ -90.772889350438902, 16.765744480223905 ], [ -90.772546049683058, 16.765724200311467 ], [ -90.772151909649082, 16.765653800197629 ], [ -90.77139819999951, 16.765480319810727 ], [ -90.771094110184862, 16.765390630060363 ], [ -90.770525380278514, 16.76522288989046 ], [ -90.769343800363828, 16.7649290196455 ], [ -90.768384650011853, 16.764703690345815 ], [ -90.766757369839098, 16.764338850230843 ], [ -90.766020519955774, 16.764198580373836 ], [ -90.764736479629278, 16.763853950398563 ], [ -90.763898780173548, 16.763530740174527 ], [ -90.763636450473413, 16.763380679839763 ], [ -90.763250480117165, 16.763159909773925 ], [ -90.762430850017637, 16.762754219913603 ], [ -90.761561750238769, 16.762182620434814 ], [ -90.759879550383516, 16.761177880308807 ], [ -90.759687859631839, 16.76098911986411 ], [ -90.759113970462209, 16.760321030057277 ], [ -90.7585604798291, 16.759415580264271 ], [ -90.758342479616829, 16.758462879791661 ], [ -90.758233619777798, 16.757222849572383 ], [ -90.758276619898211, 16.756561480234634 ], [ -90.758353680203513, 16.756002289715973 ], [ -90.758296490364145, 16.754864649655019 ], [ -90.758217510113653, 16.754083150238905 ], [ -90.758070679842703, 16.753136419769316 ], [ -90.757626000396698, 16.752389999864253 ], [ -90.756845120427514, 16.751060939915469 ], [ -90.756521619787776, 16.75083061961157 ], [ -90.756055260357911, 16.750498549586066 ], [ -90.752542460230131, 16.748202550397316 ], [ -90.748325420228397, 16.745600630460537 ], [ -90.747085380014312, 16.744931180382927 ], [ -90.746603750203178, 16.744499940222376 ], [ -90.746211109963966, 16.744027060317524 ], [ -90.745420319888751, 16.743549829969748 ], [ -90.744277619546395, 16.74289837026511 ], [ -90.743972460193561, 16.742511650063236 ], [ -90.74344510959925, 16.742207679697476 ], [ -90.742784540032389, 16.741944859963212 ], [ -90.741993749705799, 16.741467619647771 ], [ -90.740894310167164, 16.740901800056847 ], [ -90.739967819659341, 16.7406786597032 ], [ -90.739173539824478, 16.740499569776958 ], [ -90.738600950054945, 16.740280289802303 ], [ -90.737457800226338, 16.739671379606111 ], [ -90.735614890255263, 16.73837321982511 ], [ -90.734321860469564, 16.737707739823666 ], [ -90.733266199696544, 16.73718496976014 ], [ -90.732299539852079, 16.736620569964618 ], [ -90.731465080097308, 16.736100220071471 ], [ -90.729668510280092, 16.734632109574989 ], [ -90.728703879794637, 16.733897319948451 ], [ -90.727080259567458, 16.732771890118741 ], [ -90.724228170204213, 16.73078094036337 ], [ -90.722515119627303, 16.729739690016125 ], [ -90.721195139597754, 16.72912874983523 ], [ -90.719606739914951, 16.728770419608207 ], [ -90.718192719878971, 16.728627000352439 ], [ -90.716558570015579, 16.72839594955029 ], [ -90.715720650047146, 16.728173689755852 ], [ -90.715258029669243, 16.727890659996891 ], [ -90.71420908988884, 16.726814110331773 ], [ -90.712414779710016, 16.725175510363218 ], [ -90.710622549570516, 16.723366519851325 ], [ -90.709445029560001, 16.721947719964856 ], [ -90.708579710132952, 16.72031939988884 ], [ -90.707765740328071, 16.718095280085937 ], [ -90.707391569722176, 16.716089019902558 ], [ -90.707446999834801, 16.715152480003461 ], [ -90.707900509811736, 16.714220350393379 ], [ -90.708533999854183, 16.713034629860406 ], [ -90.709080030387938, 16.711762749698309 ], [ -90.70949233969165, 16.710574570208554 ], [ -90.70989920010939, 16.709402229810276 ], [ -90.710052720350433, 16.707657419671701 ], [ -90.71002272045871, 16.706464340071676 ], [ -90.70951229004163, 16.704754749553071 ], [ -90.708375029948741, 16.703677199924137 ], [ -90.706177830212354, 16.702460089839665 ], [ -90.704768629936268, 16.701933259803216 ], [ -90.703004579790459, 16.701487690194753 ], [ -90.701770769725158, 16.701090599849373 ], [ -90.700261800252989, 16.700495859807255 ], [ -90.698678770434626, 16.699711489702821 ], [ -90.697583289660059, 16.698847340286861 ], [ -90.696358199644592, 16.697726149757447 ], [ -90.695265799640509, 16.696606429614473 ], [ -90.693290430027901, 16.695349079988542 ], [ -90.692234619767049, 16.694868719962251 ], [ -90.691673319514237, 16.694396460242043 ], [ -90.690931399730388, 16.693492619998882 ], [ -90.690585910477466, 16.692763779881883 ], [ -90.689449090137771, 16.691557020247938 ], [ -90.68865572040302, 16.691249630028459 ], [ -90.686804379802638, 16.6905466199279 ], [ -90.68507919957429, 16.690399379775638 ], [ -90.683183600440799, 16.6896958301236 ], [ -90.681691630286991, 16.688570340451886 ], [ -90.68063258035032, 16.687043459711784 ], [ -90.680072970065368, 16.685715180338487 ], [ -90.679732169595951, 16.684602579928679 ], [ -90.679436150286961, 16.68344783023662 ], [ -90.679232800151212, 16.681952969997027 ], [ -90.679337820420599, 16.680589490213055 ], [ -90.679662120204469, 16.679399059851459 ], [ -90.679813459595351, 16.677865519767852 ], [ -90.679644599548411, 16.677181310335015 ], [ -90.679523110285871, 16.676241749653663 ], [ -90.679495819734882, 16.674834149738828 ], [ -90.679378939917925, 16.673510829596889 ], [ -90.678953720427529, 16.672056119748397 ], [ -90.678612940371593, 16.670943520134948 ], [ -90.677962260363842, 16.669827449600863 ], [ -90.676797569698138, 16.667223690111822 ], [ -90.676328629609984, 16.665725830217109 ], [ -90.675943079566366, 16.664655380230823 ], [ -90.675647620446483, 16.663457999978625 ], [ -90.676017169915667, 16.661579280172749 ], [ -90.675948229793875, 16.660561490223582 ], [ -90.675382519548563, 16.659744880093619 ], [ -90.674814259873301, 16.659141479683729 ], [ -90.674290770347056, 16.658495910289208 ], [ -90.673903179845411, 16.657596019592148 ], [ -90.673330180253785, 16.656977340079273 ], [ -90.672586920396952, 16.656201379620608 ], [ -90.67193066037855, 16.655554319589221 ], [ -90.6706134899473, 16.65464398003439 ], [ -90.667592149987428, 16.651880709992867 ], [ -90.666696510276608, 16.650906879802154 ], [ -90.664183909902647, 16.648174860231993 ], [ -90.662616249879576, 16.646024939578577 ], [ -90.660029800092232, 16.643152599776169 ], [ -90.658983020316526, 16.64186143013081 ], [ -90.657595620097638, 16.639457649703584 ], [ -90.65733988966943, 16.638644510079232 ], [ -90.657215909723988, 16.637918149859892 ], [ -90.657314799817385, 16.637066369905831 ], [ -90.657948970425792, 16.635879460208702 ], [ -90.659568260173472, 16.633765490067887 ], [ -90.661279140064437, 16.63139665961279 ], [ -90.661825380093788, 16.63013898044915 ], [ -90.662061680422539, 16.628904939871518 ], [ -90.6619845195777, 16.627965880048837 ], [ -90.661864140048678, 16.626941049584953 ], [ -90.661701059655087, 16.625787780018442 ], [ -90.661142229793484, 16.624416850360134 ], [ -90.660720829908612, 16.62266364960281 ], [ -90.660609749831707, 16.620871310252866 ], [ -90.660183710150548, 16.619501859701899 ], [ -90.658709970484381, 16.6169265496465 ], [ -90.657751310212134, 16.615679030386342 ], [ -90.656833170206383, 16.614059150118738 ], [ -90.656099450146073, 16.612515649572799 ], [ -90.655585969715744, 16.611059919889456 ], [ -90.655171349950379, 16.608752419808322 ], [ -90.655360799968307, 16.60773108044658 ], [ -90.655596050295145, 16.606582320464469 ], [ -90.655963540432111, 16.605477690343374 ], [ -90.656242509565999, 16.60437208014541 ], [ -90.656209119943753, 16.603476150309206 ], [ -90.655958599939282, 16.602236620084952 ], [ -90.655314950406733, 16.600566199972135 ], [ -90.654667199644706, 16.599236909832232 ], [ -90.653980889926601, 16.597438060319181 ], [ -90.653672079666592, 16.596221709676971 ], [ -90.653647979815773, 16.596126819837174 ], [ -90.65335788986863, 16.594503050218133 ], [ -90.653499449863588, 16.593779659659429 ], [ -90.654175119574617, 16.592806459695325 ], [ -90.655449093842364, 16.592210540888157 ], [ -90.656222587494128, 16.591848711918701 ], [ -90.658889547547872, 16.590897911061429 ], [ -90.660708497670186, 16.59053457123073 ], [ -90.664564037376934, 16.590108801407453 ], [ -90.665672376971173, 16.589950661223316 ], [ -90.666391777234011, 16.5897334511282 ], [ -90.666696756968165, 16.589446321701612 ], [ -90.666973727007075, 16.589185581732053 ], [ -90.667651886903997, 16.587999121812533 ], [ -90.667760436976934, 16.586337171824738 ], [ -90.66773315766261, 16.584929571321386 ], [ -90.667527327700526, 16.583647891567125 ], [ -90.666841437824644, 16.58180645113832 ], [ -90.666696777549205, 16.581663771892856 ], [ -90.665835527256263, 16.580814321360055 ], [ -90.664037267723103, 16.579472141280117 ], [ -90.661355607640672, 16.577992091747085 ], [ -90.659988027529948, 16.577635551209848 ], [ -90.657559527284576, 16.577181781290303 ], [ -90.65472662707775, 16.577235171704395 ], [ -90.651669357164394, 16.577541861754849 ], [ -90.648676527237285, 16.577886221817561 ], [ -90.646545887067944, 16.578416521646616 ], [ -90.644634917659005, 16.579077221227653 ], [ -90.643291897791201, 16.580341351349816 ], [ -90.642390826955733, 16.581653141006029 ], [ -90.641446527164888, 16.582879121041664 ], [ -90.640806777802368, 16.584535021762189 ], [ -90.640340867263575, 16.586448741685466 ], [ -90.640403357554632, 16.588581691926723 ], [ -90.640903687306093, 16.591103401793116 ], [ -90.641680527319934, 16.592757321660557 ], [ -90.641979356971504, 16.593656251571897 ], [ -90.642456257449481, 16.594471911540122 ], [ -90.642493227602969, 16.595069351515399 ], [ -90.642265727091356, 16.59557851104163 ], [ -90.641863297152341, 16.595915091475529 ], [ -90.640492527113224, 16.595814261209224 ], [ -90.639610627528683, 16.595548381072923 ], [ -90.638334607760598, 16.594936861392359 ], [ -90.63693054728472, 16.593940091914085 ], [ -90.635179787388864, 16.592342341411154 ], [ -90.634224007815845, 16.590881551861433 ], [ -90.631491577864381, 16.586330141246091 ], [ -90.630347976991061, 16.583941891270456 ], [ -90.62925952696061, 16.582479581383502 ], [ -90.62878325779343, 16.581621261137681 ], [ -90.627909777045645, 16.580673141765946 ], [ -90.627210177365725, 16.579982851301374 ], [ -90.626554296929868, 16.579335711787213 ], [ -90.62598797743189, 16.578604291865616 ], [ -90.625600727602901, 16.57770434135227 ], [ -90.62552165772523, 16.576935851533673 ], [ -90.625575317665636, 16.57616886177173 ], [ -90.626159427693992, 16.575450571416084 ], [ -90.627762747242429, 16.574615951261563 ], [ -90.630609667479916, 16.573411691122818 ], [ -90.633855827449182, 16.572126631050065 ], [ -90.636881226917737, 16.570796371508202 ], [ -90.639113287766733, 16.569201201540263 ], [ -90.641420287243506, 16.567234341456913 ], [ -90.643660577773304, 16.564956881148774 ], [ -90.645228837550988, 16.563354111743493 ], [ -90.646351027443032, 16.562044801274808 ], [ -90.647077577336205, 16.560517781431045 ], [ -90.64754071718356, 16.558817231791615 ], [ -90.647605146954803, 16.557154801408505 ], [ -90.647405667412741, 16.555361461538311 ], [ -90.647070867387598, 16.553779821639147 ], [ -90.646648637593728, 16.552111891753793 ], [ -90.646487717473534, 16.550788081045031 ], [ -90.646586547062327, 16.549936311653767 ], [ -90.646916727708117, 16.549134021444328 ], [ -90.647681256981784, 16.548119151603878 ], [ -90.648177207725865, 16.547357141049748 ], [ -90.648407727721562, 16.54659214173649 ], [ -90.648550267580774, 16.545783491720925 ], [ -90.648562667605248, 16.544760151813456 ], [ -90.648263857558035, 16.543861231688872 ], [ -90.647305557706417, 16.542613721252209 ], [ -90.645645657129421, 16.540846541069701 ], [ -90.644557787835183, 16.539341681206793 ], [ -90.644039347474759, 16.538312341182838 ], [ -90.643177357662324, 16.536426231534744 ], [ -90.642835887147214, 16.535398891143064 ], [ -90.642609257655522, 16.534347851651329 ], [ -90.642582117291312, 16.532940261079116 ], [ -90.642776667607563, 16.531492541873959 ], [ -90.643380226898188, 16.529153881742118 ], [ -90.644164317549311, 16.526518741844036 ], [ -90.644165872870346, 16.526509445899968 ], [ -90.644641327092529, 16.523666911682842 ], [ -90.645013827834219, 16.52213589108408 ], [ -90.645143446402997, 16.521579022214301 ], [ -90.645340527364723, 16.520732311890114 ], [ -90.645491834532379, 16.519759052529569 ], [ -90.645532457517575, 16.519497751316543 ], [ -90.645410087183734, 16.518643481512321 ], [ -90.645024377365331, 16.517615651734044 ], [ -90.644285326977922, 16.5165411810084 ], [ -90.643269667809449, 16.515398691916278 ], [ -90.642086227283556, 16.514489781231426 ], [ -90.640059257213167, 16.513827221708596 ], [ -90.63842677702381, 16.513467601450987 ], [ -90.637321467564988, 16.513412461043718 ], [ -90.636077790369797, 16.51349053476152 ], [ -90.635594827680563, 16.513520851154571 ], [ -90.633905667502759, 16.514184031420633 ], [ -90.631551457661558, 16.514967581515101 ], [ -90.629551587306167, 16.51571251125803 ], [ -90.627945667376153, 16.516803031274264 ], [ -90.626292357748682, 16.51814886167422 ], [ -90.623883407634949, 16.519784601793383 ], [ -90.621302177321624, 16.521034521073901 ], [ -90.620233237302216, 16.521619371889166 ], [ -90.619476557786228, 16.521994541541371 ], [ -90.618545027067427, 16.522197141894154 ], [ -90.617596897522404, 16.522142341632225 ], [ -90.616583697801317, 16.521789621338314 ], [ -90.61535402761443, 16.521050621308845 ], [ -90.613821557529988, 16.519753781160663 ], [ -90.612376517009437, 16.518543231316031 ], [ -90.611371207708487, 16.517550911624646 ], [ -90.610369576919922, 16.516260121689744 ], [ -90.609216257618939, 16.514366461400577 ], [ -90.608521487766183, 16.513025311067253 ], [ -90.607480957738488, 16.510880281108051 ], [ -90.606520177486473, 16.507990021914349 ], [ -90.606064837667489, 16.50646114119612 ], [ -90.605726147213701, 16.505085971875875 ], [ -90.605625457576437, 16.503637341075983 ], [ -90.605763657694368, 16.502039091665814 ], [ -90.606027357571918, 16.500842051799015 ], [ -90.606056627625776, 16.500709251519666 ], [ -90.60695811723032, 16.498091261478031 ], [ -90.607894387113816, 16.495854581816502 ], [ -90.609218687741262, 16.494193711514963 ], [ -90.611211286955751, 16.492807111390462 ], [ -90.613758807784009, 16.491274451068893 ], [ -90.61616502771092, 16.489981861699587 ], [ -90.618591627707943, 16.488638201323461 ], [ -90.619942257324368, 16.488044121249231 ], [ -90.621447157081036, 16.487756511784486 ], [ -90.62354092763195, 16.487780311731228 ], [ -90.625314466935563, 16.488143281462204 ], [ -90.627043427173959, 16.488924741087455 ], [ -90.628104037272152, 16.489431971846791 ], [ -90.629716327561042, 16.490059721722357 ], [ -90.631058607707274, 16.490151121622027 ], [ -90.632488227665618, 16.489557851188884 ], [ -90.633441917750076, 16.489111541115538 ], [ -90.633925697800692, 16.488317081445487 ], [ -90.634450377783395, 16.487408801495061 ], [ -90.634822587554552, 16.486041691618961 ], [ -90.634993557823989, 16.484977051181083 ], [ -90.634932607389217, 16.483490771073889 ], [ -90.634667177753443, 16.482573551055658 ], [ -90.63397182785539, 16.481270571088825 ], [ -90.63249365317688, 16.480079851306105 ], [ -90.631348219744027, 16.479336279558769 ], [ -90.629701110256008, 16.478327230123718 ], [ -90.627687459779892, 16.477565319957719 ], [ -90.625559859813464, 16.477084089728095 ], [ -90.624020649884827, 16.476952340092431 ], [ -90.622203049685154, 16.476969779797898 ], [ -90.620422630103121, 16.47717809005163 ], [ -90.618795109801013, 16.477807139751381 ], [ -90.617597450358204, 16.478821979665383 ], [ -90.616597750035254, 16.479800979883258 ], [ -90.615870829687893, 16.48108782040936 ], [ -90.615341910112591, 16.482338819993402 ], [ -90.61505325018932, 16.483325910201849 ], [ -90.61511872016122, 16.484431309850248 ], [ -90.615109859866365, 16.485154949781911 ], [ -90.614980620327742, 16.486029580421242 ], [ -90.614731920427531, 16.486979030465438 ], [ -90.614326139992841, 16.487850510007767 ], [ -90.613449569794824, 16.488449969744046 ], [ -90.612289949647376, 16.488761980283677 ], [ -90.611104340076707, 16.488786519871091 ], [ -90.610157629731276, 16.488661429985886 ], [ -90.609252749870876, 16.488346369788839 ], [ -90.60838692038908, 16.48806982013279 ], [ -90.607639619642697, 16.487794629583323 ], [ -90.605984169637082, 16.487470949767218 ], [ -90.604207879790579, 16.487336339904441 ], [ -90.602464050423393, 16.487773449853563 ], [ -90.60138946042963, 16.488408680348691 ], [ -90.600193520292578, 16.489271059911733 ], [ -90.599476800035887, 16.489719919703361 ], [ -90.598321769703148, 16.490468489660987 ], [ -90.59650125011288, 16.490714199870958 ], [ -90.595196650384096, 16.490775379713572 ], [ -90.594368460400602, 16.490651580085281 ], [ -90.593858659791351, 16.490340980305181 ], [ -90.593427879583118, 16.490031310028801 ], [ -90.592803339646409, 16.489414659925941 ], [ -90.592455819879689, 16.48876311020582 ], [ -90.59235095013338, 16.487657260071721 ], [ -90.59256778005097, 16.486098020381398 ], [ -90.593565770254685, 16.482071849850936 ], [ -90.593970549901357, 16.479767370066543 ], [ -90.594067429805534, 16.478321020025998 ], [ -90.594080599594037, 16.477254619647162 ], [ -90.593669599681945, 16.475345339668355 ], [ -90.592973150211151, 16.474156490319206 ], [ -90.592238629862578, 16.472852950108226 ], [ -90.591191420331583, 16.471279169630854 ], [ -90.590351719566613, 16.470565020396442 ], [ -90.589783980341224, 16.470082140173272 ], [ -90.588445679982101, 16.469685820288504 ], [ -90.586670049870818, 16.469512979890027 ], [ -90.585286120135692, 16.469611289886796 ], [ -90.583740429751359, 16.470012460093074 ], [ -90.582588770393286, 16.470494339763547 ], [ -90.581234419538191, 16.471392880406359 ], [ -90.579605909857094, 16.472097769964495 ], [ -90.577899339625574, 16.472725580114886 ], [ -90.576394049763124, 16.473050969698217 ], [ -90.573860320216724, 16.473478689785871 ], [ -90.571601180400549, 16.474061949883268 ], [ -90.569467980245619, 16.474766569710862 ], [ -90.568155909635308, 16.475436950345035 ], [ -90.566922340260092, 16.476146340029672 ], [ -90.56596431977583, 16.476935090157713 ], [ -90.564969169848368, 16.477532969987831 ], [ -90.563542829569826, 16.477859170364862 ], [ -90.561799539961527, 16.478257859877278 ], [ -90.55994298012557, 16.478236220059056 ], [ -90.556935150021246, 16.478658200057751 ], [ -90.555030020444477, 16.479359660055511 ], [ -90.554075280195548, 16.479881749577721 ], [ -90.553157659804953, 16.480594740079802 ], [ -90.551683170130445, 16.481605920024087 ], [ -90.550214910418362, 16.482121999871634 ], [ -90.549026020319928, 16.482412780324911 ], [ -90.547011910071319, 16.482351089851608 ], [ -90.546064830322862, 16.482263800130553 ], [ -90.545041150431885, 16.481985149730555 ], [ -90.544017460053325, 16.481706510307014 ], [ -90.54335171012373, 16.481241620060498 ], [ -90.542985860051218, 16.480807479978491 ], [ -90.542918880169296, 16.479854450400698 ], [ -90.543170289910591, 16.478714689755666 ], [ -90.543733379715761, 16.477921419622028 ], [ -90.544976150396295, 16.476488579729828 ], [ -90.546496369874674, 16.474982819723277 ], [ -90.547221280301841, 16.473886709895094 ], [ -90.547587309714316, 16.473053019786285 ], [ -90.547996220128368, 16.471953180106564 ], [ -90.548090549872043, 16.470735420188973 ], [ -90.547869849842272, 16.469437770080813 ], [ -90.546939119979896, 16.46805561966513 ], [ -90.545691939814105, 16.466707850127538 ], [ -90.544201549883866, 16.465852380079113 ], [ -90.542578710127614, 16.465211230201668 ], [ -90.540573429721846, 16.464463980127309 ], [ -90.538602859652983, 16.464098020206055 ], [ -90.536796080365363, 16.463276879972604 ], [ -90.534795660075133, 16.462148739622251 ], [ -90.532995660327273, 16.460794379897493 ], [ -90.53093551037631, 16.459397340132924 ], [ -90.53088066041407, 16.45936015017206 ], [ -90.529155369919394, 16.458349460161578 ], [ -90.527801710071529, 16.457716220373314 ], [ -90.526342289726955, 16.457546630265302 ], [ -90.525428569708041, 16.457954820207309 ], [ -90.525063919729917, 16.458674219927481 ], [ -90.525394250300266, 16.460658770038794 ], [ -90.525458259538155, 16.461840310102104 ], [ -90.525521779931822, 16.463059919617233 ], [ -90.525464890055275, 16.464430479784802 ], [ -90.525181149665627, 16.464998460259938 ], [ -90.524649799822541, 16.466401489801029 ], [ -90.52381018028052, 16.467191449583975 ], [ -90.52245901981567, 16.467822980120296 ], [ -90.52043590996773, 16.468484630286444 ], [ -90.517980229917683, 16.468988780188305 ], [ -90.515640620357644, 16.469684719776463 ], [ -90.514215770107285, 16.469896339627994 ], [ -90.512833820280676, 16.46984184958243 ], [ -90.510821349778553, 16.46966554978469 ], [ -90.506746319969537, 16.468892799902836 ], [ -90.503632829865353, 16.468322449806966 ], [ -90.501863739797372, 16.46765382990835 ], [ -90.500609109707909, 16.466915170131674 ], [ -90.499672420052249, 16.466027939557105 ], [ -90.499015620379822, 16.464877420075762 ], [ -90.498991750100032, 16.463658290215317 ], [ -90.49912733977574, 16.46232680021863 ], [ -90.499343380176526, 16.460882000068175 ], [ -90.499395579949635, 16.459892310369941 ], [ -90.499494580278963, 16.458331849844342 ], [ -90.499426340348194, 16.457493080306115 ], [ -90.499083089790645, 16.45653674961774 ], [ -90.498736920075885, 16.455808920307511 ], [ -90.497765660338501, 16.454540399798425 ], [ -90.496748580344743, 16.453766459905093 ], [ -90.495804140348042, 16.453488550369602 ], [ -90.494580800353148, 16.453397750111996 ], [ -90.493197509633148, 16.453457379550208 ], [ -90.491570419855506, 16.454047319977729 ], [ -90.490851679918961, 16.454648140088011 ], [ -90.489804739644711, 16.456197229855157 ], [ -90.489116170385984, 16.45752207985711 ], [ -90.48783319987723, 16.458992150333941 ], [ -90.486550690242169, 16.460424140413433 ], [ -90.485094910015661, 16.461129510134651 ], [ -90.483193720000799, 16.461525630044768 ], [ -90.48192888001789, 16.461586599654431 ], [ -90.480352999973022, 16.461262940362296 ], [ -90.479058509581861, 16.46056177023581 ], [ -90.478119979984527, 16.459826779948735 ], [ -90.477612950164172, 16.459325539904327 ], [ -90.477344860055453, 16.458674799991801 ], [ -90.477236229857539, 16.457911719758915 ], [ -90.477329999815623, 16.456770199924168 ], [ -90.477820169814123, 16.455519180335958 ], [ -90.47839328038377, 16.45396446026508 ], [ -90.478958480481296, 16.452532719651156 ], [ -90.479289660398194, 16.451355970145368 ], [ -90.479506820273386, 16.449835050311414 ], [ -90.479241680435308, 16.448955819980355 ], [ -90.478550980022504, 16.447385879740295 ], [ -90.478131319580996, 16.44623818036856 ], [ -90.477950600160781, 16.444940999560981 ], [ -90.477887849508562, 16.443683320328649 ], [ -90.478304909752922, 16.441974349894139 ], [ -90.479357249734591, 16.440006419637061 ], [ -90.480093110114439, 16.438542279947939 ], [ -90.480821629692358, 16.437179850249851 ], [ -90.481465279812795, 16.436273450256841 ], [ -90.482464799542825, 16.435333230082325 ], [ -90.483504309572865, 16.434355420222893 ], [ -90.484900689903455, 16.433267580185703 ], [ -90.485861680405208, 16.432250720213315 ], [ -90.486510659520377, 16.430925380172486 ], [ -90.486965619845293, 16.429331119803624 ], [ -90.487180219583479, 16.428000580162166 ], [ -90.487235370107825, 16.426782400300521 ], [ -90.486976090479786, 16.425446179790427 ], [ -90.486087450265018, 16.42391200036316 ], [ -90.48455869004934, 16.423017629767795 ], [ -90.482546769903976, 16.422841149863892 ], [ -90.4812358298026, 16.423434850068581 ], [ -90.478899169664231, 16.423940020071086 ], [ -90.477944089636011, 16.424499880111568 ], [ -90.4763981698908, 16.42493834027367 ], [ -90.474499290307506, 16.425182109786778 ], [ -90.471815600285979, 16.425035519898881 ], [ -90.469650180234581, 16.424514280318139 ], [ -90.467113220095385, 16.423596149912196 ], [ -90.464404380383996, 16.422344620008875 ], [ -90.462831339648105, 16.421830459617482 ], [ -90.461021859821088, 16.421275340027478 ], [ -90.458774089938899, 16.421019600171462 ], [ -90.456753829867097, 16.421490279609795 ], [ -90.456194569718974, 16.421978630369544 ], [ -90.455317450086568, 16.422615490243324 ], [ -90.454565220323417, 16.422758719587279 ], [ -90.453775970258732, 16.42271105964879 ], [ -90.452948739857405, 16.422548659933117 ], [ -90.451407259723638, 16.422644220178878 ], [ -90.449365429602977, 16.423038580104762 ], [ -90.447778999813821, 16.42355251993305 ], [ -90.445718720038542, 16.424060680064905 ], [ -90.443859849884021, 16.424266570121283 ], [ -90.442202400130085, 16.424170179916374 ], [ -90.439561279763623, 16.423795179900381 ], [ -90.437547970357997, 16.423732519607153 ], [ -90.435771079772891, 16.423710819844828 ], [ -90.433836250079651, 16.42368717022039 ], [ -90.431662979664139, 16.423774830106499 ], [ -90.429129859737202, 16.42420085970879 ], [ -90.426358779858589, 16.42470011019719 ], [ -90.423603199688088, 16.425198519995728 ], [ -90.42218217958019, 16.425142980131859 ], [ -90.420724219937867, 16.42489654011063 ], [ -90.419780060310941, 16.424618320199095 ], [ -90.418484569723248, 16.424031079613634 ], [ -90.41723207992996, 16.423177750077123 ], [ -90.416107629771432, 16.421602349959571 ], [ -90.415579509811977, 16.419729580370603 ], [ -90.414554709880235, 16.416593830047969 ], [ -90.413947570157745, 16.413860260050047 ], [ -90.41299925021876, 16.410915889949646 ], [ -90.411742150342874, 16.407434490426862 ], [ -90.410737779915877, 16.405746290017483 ], [ -90.409723859760788, 16.404781619998328 ], [ -90.408941780337656, 16.404200659663079 ], [ -90.40771988008423, 16.404033250382685 ], [ -90.406454429537092, 16.404169970156513 ], [ -90.405540819733559, 16.404577630242638 ], [ -90.404546690066596, 16.405098570419106 ], [ -90.403392120107398, 16.405807939661972 ], [ -90.402190979782105, 16.407049950279909 ], [ -90.400945289688593, 16.408672259779067 ], [ -90.400336350059177, 16.409921580127186 ], [ -90.39944495031088, 16.411624450359096 ], [ -90.399191859934902, 16.412840079772291 ], [ -90.399102260471196, 16.413638779752524 ], [ -90.399011650309575, 16.414513649822116 ], [ -90.398844580111586, 16.415197140363436 ], [ -90.398402680115524, 16.415762949924432 ], [ -90.397923290064739, 16.41617596994082 ], [ -90.396578310408458, 16.416349719941266 ], [ -90.395213999826822, 16.416137680092746 ], [ -90.394268939596728, 16.415935520061943 ], [ -90.393054090203961, 16.415234880221945 ], [ -90.391602849700661, 16.414493220369664 ], [ -90.390270579574491, 16.413714920099135 ], [ -90.388778369993148, 16.413086979944843 ], [ -90.387292260367289, 16.412002080266735 ], [ -90.386953710048175, 16.410741019738555 ], [ -90.387131980348101, 16.409219780280068 ], [ -90.387347180377859, 16.407889449616519 ], [ -90.387804879980109, 16.406143169845176 ], [ -90.388257460223301, 16.404777689857678 ], [ -90.389063859926324, 16.403530880366215 ], [ -90.39006460005001, 16.40251496978982 ], [ -90.391298140416794, 16.401806660143382 ], [ -90.392922429592105, 16.401407879954565 ], [ -90.394904060475369, 16.400861149594423 ], [ -90.396384449733432, 16.400590149896452 ], [ -90.398048709756807, 16.400153740110625 ], [ -90.399554019797804, 16.399791509551243 ], [ -90.400269720264461, 16.399419490105991 ], [ -90.401346319957568, 16.398633000174318 ], [ -90.401910679645241, 16.397763979936858 ], [ -90.402162710105443, 16.396624490215199 ], [ -90.402258849732718, 16.395330739884852 ], [ -90.402115079892297, 16.39426254029657 ], [ -90.401815909654843, 16.393001969954842 ], [ -90.401126000108718, 16.391431890165091 ], [ -90.400276679803682, 16.389974089674521 ], [ -90.398991420219602, 16.38807285029565 ], [ -90.39802114991744, 16.386803969627007 ], [ -90.396816569676858, 16.385341769952966 ], [ -90.396464819566361, 16.385070819970448 ], [ -90.395131180305356, 16.384406819895407 ], [ -90.393602220039085, 16.38358806022206 ], [ -90.392311629849004, 16.382657979558395 ], [ -90.390317079656697, 16.381224050249543 ], [ -90.388405549781496, 16.37948643013932 ], [ -90.386452060373344, 16.377938710462967 ], [ -90.384476970397884, 16.37682932029923 ], [ -90.383103459874263, 16.376202859824311 ], [ -90.381726419658477, 16.37584295038971 ], [ -90.380424750011514, 16.375750569552235 ], [ -90.379003650060966, 16.375732880440253 ], [ -90.377622030414457, 16.375715649720057 ], [ -90.375279219992521, 16.375636509658818 ], [ -90.374218999589417, 16.37520433988951 ], [ -90.372927550406558, 16.374350320021179 ], [ -90.371952430336648, 16.373462169882345 ], [ -90.37133514025318, 16.37238804978066 ], [ -90.370799860270864, 16.371086430248337 ], [ -90.370386579685686, 16.369519749849946 ], [ -90.370213719893542, 16.367689460382486 ], [ -90.370326029551961, 16.365927919774297 ], [ -90.370698119638149, 16.364675720025566 ], [ -90.371144570241498, 16.363767250286749 ], [ -90.371790919806003, 16.362670820415872 ], [ -90.372836570391627, 16.361236599749656 ], [ -90.37355877955558, 16.36036962986136 ], [ -90.374555770157301, 16.359620350283709 ], [ -90.376138709559967, 16.359335400101607 ], [ -90.377834460071696, 16.359470779853897 ], [ -90.379721980484504, 16.360027489749704 ], [ -90.381327120122023, 16.361037689619877 ], [ -90.382377630232241, 16.362193350031525 ], [ -90.382992940089423, 16.363419770159183 ], [ -90.383407340443512, 16.364910280219689 ], [ -90.383548970221213, 16.366130800338485 ], [ -90.383926450305722, 16.36743042982787 ], [ -90.384681849558163, 16.368317750018313 ], [ -90.385925719903454, 16.369780489592177 ], [ -90.387602310328802, 16.371362860413264 ], [ -90.388926179695233, 16.372750400174557 ], [ -90.390651420137118, 16.373647799970716 ], [ -90.39230278041957, 16.374163399794448 ], [ -90.3934840004151, 16.37440655015552 ], [ -90.39462725961242, 16.374534970050828 ], [ -90.395812030021901, 16.374511549760562 ], [ -90.396882909679135, 16.374143940175781 ], [ -90.398396110085486, 16.373172399600072 ], [ -90.401104649668866, 16.371377719638364 ], [ -90.402541879829158, 16.370176690376397 ], [ -90.404060880289876, 16.368900399621701 ], [ -90.404599459832326, 16.368447850387728 ], [ -90.405959220494935, 16.367131569650248 ], [ -90.407557310134465, 16.365703949879837 ], [ -90.408194029650161, 16.365044110421202 ], [ -90.409765879929694, 16.36301589028669 ], [ -90.411216260173205, 16.360683419837301 ], [ -90.411709029850627, 16.359242170221986 ], [ -90.412010939955508, 16.357303450177639 ], [ -90.412071509610627, 16.355704520128235 ], [ -90.412007679637711, 16.354197139954223 ], [ -90.411683060134123, 16.351869829746636 ], [ -90.411385350009496, 16.350495050359154 ], [ -90.411046689756049, 16.349234019809519 ], [ -90.41059010968327, 16.347933430201767 ], [ -90.410165970166361, 16.347166479942675 ], [ -90.409819780190531, 16.346476659586628 ], [ -90.409314199945157, 16.345899139882778 ], [ -90.408606749820493, 16.345661920156896 ], [ -90.407857340384055, 16.345614620103859 ], [ -90.406985480252601, 16.345870489588467 ], [ -90.406462820365462, 16.346587709576621 ], [ -90.406210910222185, 16.347727219634319 ], [ -90.406396690194541, 16.348605510266164 ], [ -90.406779339831871, 16.349524309666883 ], [ -90.407200940119807, 16.350481660057945 ], [ -90.407959689771516, 16.352814310354031 ], [ -90.408137449868647, 16.354301889608646 ], [ -90.408156799920107, 16.355825600328473 ], [ -90.407978800302942, 16.357346889751671 ], [ -90.407523979967124, 16.358902859979043 ], [ -90.406718940417562, 16.360073649900649 ], [ -90.40552418039033, 16.360858740375786 ], [ -90.403981219560166, 16.3611063401104 ], [ -90.403034370151389, 16.36105656974928 ], [ -90.401936199642847, 16.360509800111064 ], [ -90.401160350160765, 16.359471889608855 ], [ -90.400700310307144, 16.358437859600532 ], [ -90.400592479940244, 16.357636710005814 ], [ -90.40057114959626, 16.35626531962625 ], [ -90.400860079964019, 16.355316720384231 ], [ -90.400958680078602, 16.353832550137721 ], [ -90.400859920118123, 16.352345950388681 ], [ -90.400517289595626, 16.35138954969548 ], [ -90.399936820250929, 16.350506400168442 ], [ -90.399240970219751, 16.349393290084233 ], [ -90.398106430176952, 16.348617540276713 ], [ -90.396930890360068, 16.347955549829596 ], [ -90.39563342979676, 16.347558650288104 ], [ -90.393743940482906, 16.347154419789707 ], [ -90.391853940189122, 16.346788250334548 ], [ -90.390001400417304, 16.346574879994808 ], [ -90.387833110035956, 16.346357569738014 ], [ -90.386319120076138, 16.345934479822734 ], [ -90.384664949590416, 16.345647349786546 ], [ -90.3833285999211, 16.34521179998227 ], [ -90.382703679598492, 16.34470891966922 ], [ -90.38215924987675, 16.344092779874991 ], [ -90.38173472027097, 16.343363859712859 ], [ -90.381509579612654, 16.342485079759818 ], [ -90.38132442007371, 16.341568709901708 ], [ -90.381301199810068, 16.340349659981019 ], [ -90.381314379652025, 16.339359579649194 ], [ -90.381642310258869, 16.338449579687929 ], [ -90.382211599835003, 16.337199799581342 ], [ -90.382933149735365, 16.336370860087619 ], [ -90.383614749769123, 16.335579509799274 ], [ -90.384175399822112, 16.334977080332653 ], [ -90.384772970406502, 16.334565549801763 ], [ -90.385565859950631, 16.334308769903096 ], [ -90.38596205034132, 16.334199430455204 ], [ -90.386869280097756, 16.33424874996912 ], [ -90.387459259916255, 16.334408420374867 ], [ -90.389190249771133, 16.334848819899324 ], [ -90.390049419543644, 16.335545020046879 ], [ -90.390866109705783, 16.336469199711981 ], [ -90.391958060157364, 16.337472950171797 ], [ -90.392577419540117, 16.338394690361984 ], [ -90.393317200342139, 16.339165580447681 ], [ -90.394535660018633, 16.339561509750993 ], [ -90.395837619795827, 16.339615690111149 ], [ -90.397535259701712, 16.339598570175884 ], [ -90.398645920364828, 16.339193320028549 ], [ -90.399721140330996, 16.338482940208809 ], [ -90.400441629890054, 16.337730090371259 ], [ -90.400887369742279, 16.336859599897377 ], [ -90.40117723026772, 16.335834830180854 ], [ -90.401250769640782, 16.334940550285292 ], [ -90.401539120267685, 16.334030019610822 ], [ -90.401861909814542, 16.333500779741495 ], [ -90.402423490381949, 16.332822140338454 ], [ -90.403221890231691, 16.33214641979189 ], [ -90.404650749782277, 16.331554620011829 ], [ -90.406554220437002, 16.330892459911027 ], [ -90.407546399606886, 16.330485710046798 ], [ -90.40826283020553, 16.330037460173461 ], [ -90.409135109795656, 16.329743490226058 ], [ -90.410010909936858, 16.32918294007024 ], [ -90.410371120109417, 16.328806489891882 ], [ -90.41105307962836, 16.32797694999357 ], [ -90.411735540379993, 16.327109320008852 ], [ -90.411982350133002, 16.32635061978284 ], [ -90.412072310162912, 16.325513800355427 ], [ -90.41212280042474, 16.324676490355557 ], [ -90.411864079849124, 16.323340279608246 ], [ -90.411365549979237, 16.322229630270307 ], [ -90.410549819670862, 16.321229349679648 ], [ -90.410048799678492, 16.32030910955233 ], [ -90.409515770207634, 16.318979119981115 ], [ -90.409138680098962, 16.317641449820282 ], [ -90.408684149996631, 16.316188549603631 ], [ -90.408620769823969, 16.315007079974265 ], [ -90.408598849942265, 16.31367375042247 ], [ -90.408655859756536, 16.312341400229965 ], [ -90.408822229748338, 16.311695970043072 ], [ -90.409477689727211, 16.309875829886543 ], [ -90.409963770191581, 16.308929620197492 ], [ -90.410607179931944, 16.308023420150271 ], [ -90.41164371983335, 16.307236289867838 ], [ -90.413076369885346, 16.306339749737813 ], [ -90.414624910208929, 16.305635059823874 ], [ -90.415617950144892, 16.305152090395026 ], [ -90.416963149615285, 16.304901939678281 ], [ -90.418189479883026, 16.304688399652896 ], [ -90.41980441951263, 16.304936660250792 ], [ -90.423232650301458, 16.305359400318082 ], [ -90.425110800096576, 16.30516912002868 ], [ -90.426732250299011, 16.304922280271676 ], [ -90.428352690194515, 16.304751570435755 ], [ -90.429458619603366, 16.30468886017513 ], [ -90.430362779946094, 16.304966479592586 ], [ -90.432728539603588, 16.305147600350804 ], [ -90.433877919535789, 16.304780710178125 ], [ -90.43506625993929, 16.304452340087426 ], [ -90.436653180044559, 16.30382412003987 ], [ -90.437647660088729, 16.303226779725641 ], [ -90.438570150453032, 16.3020953399669 ], [ -90.43921740032637, 16.300884369809072 ], [ -90.439430049989085, 16.299706229741044 ], [ -90.439244620290438, 16.298789860273995 ], [ -90.438859890030969, 16.298023449981933 ], [ -90.438039139918203, 16.297404090032291 ], [ -90.436588489770898, 16.296662819671504 ], [ -90.434898109898043, 16.296147169927735 ], [ -90.433917050291413, 16.295716290085203 ], [ -90.432899509912872, 16.295056430068467 ], [ -90.432280050246405, 16.294134800362897 ], [ -90.431859879703978, 16.29306322962444 ], [ -90.431791859634799, 16.292224479602005 ], [ -90.431926600314284, 16.291625319821936 ], [ -90.432411029895363, 16.290793289705224 ], [ -90.43304883017575, 16.290305890018914 ], [ -90.434238080348521, 16.289901369984353 ], [ -90.435504249893384, 16.289650119602058 ], [ -90.436416279873512, 16.289318400206877 ], [ -90.437645459652671, 16.288876249991802 ], [ -90.438559460448971, 16.288392179596123 ], [ -90.439354569571108, 16.287944750145996 ], [ -90.439996310033834, 16.287152679648734 ], [ -90.440439750096004, 16.286434379829437 ], [ -90.440768770116662, 16.285409979958217 ], [ -90.440901969821155, 16.284268970242021 ], [ -90.440911579612802, 16.283149120011338 ], [ -90.44088695024611, 16.282006180351505 ], [ -90.440823349908982, 16.280824690163399 ], [ -90.44048158026402, 16.279792169828962 ], [ -90.439978020002727, 16.279062419730085 ], [ -90.439474949887725, 16.278294549608283 ], [ -90.438779550434148, 16.277143490264386 ], [ -90.438156149787673, 16.276526539671661 ], [ -90.437254079899489, 16.276096650026918 ], [ -90.435877540239616, 16.275737170032482 ], [ -90.434341709881195, 16.27549001990641 ], [ -90.433241379750129, 16.275133879839395 ], [ -90.432182489698803, 16.274625890194116 ], [ -90.431360850054588, 16.2740826895858 ], [ -90.430495709864942, 16.273102830273533 ], [ -90.429720969774891, 16.271988880214522 ], [ -90.428984690438725, 16.270951550075434 ], [ -90.428008229885265, 16.270177940119698 ], [ -90.427226569881043, 16.269597120103718 ], [ -90.426645659935971, 16.268752120265528 ], [ -90.425909919585749, 16.267676720138546 ], [ -90.425134740336702, 16.266600830462277 ], [ -90.424515379987653, 16.265679199866863 ], [ -90.423506459840155, 16.264371939608619 ], [ -90.422851649555398, 16.263145150259231 ], [ -90.422318169785555, 16.26169133972849 ], [ -90.422295120449945, 16.260434169700531 ], [ -90.422429879699962, 16.259178909593853 ], [ -90.422925059730389, 16.257903750246939 ], [ -90.423530749964399, 16.25684467958866 ], [ -90.424568940403176, 16.255905119610649 ], [ -90.425209110365955, 16.255227320351146 ], [ -90.425887249689467, 16.2546642499962 ], [ -90.426485460002112, 16.25417637969333 ], [ -90.427316449541777, 16.253996050330105 ], [ -90.428264779844056, 16.253893289914494 ], [ -90.43015551998451, 16.254144769923819 ], [ -90.431253250222724, 16.254691320404472 ], [ -90.432973819654947, 16.255892910148212 ], [ -90.434650020254068, 16.257474830247883 ], [ -90.435896200352104, 16.25874682961032 ], [ -90.437342149619496, 16.259830799984343 ], [ -90.438789579898696, 16.26080051971773 ], [ -90.440241480483692, 16.261427489654388 ], [ -90.44185465987465, 16.261789779895249 ], [ -90.443591140175684, 16.261772680152824 ], [ -90.445474780308388, 16.261524740252366 ], [ -90.446470490199971, 16.260813079925732 ], [ -90.447584080289616, 16.260140909676601 ], [ -90.448504800470332, 16.259123629785883 ], [ -90.449709549916676, 16.257500349833609 ], [ -90.45152377023048, 16.254513219835747 ], [ -90.453758739556321, 16.25085334980438 ], [ -90.453902029885938, 16.250618720091271 ], [ -90.454716579734253, 16.248647910384975 ], [ -90.454935890436829, 16.246936570090842 ], [ -90.454995450463457, 16.245375649711296 ], [ -90.454339370432294, 16.243595049806071 ], [ -90.454034539877753, 16.242753449738625 ], [ -90.453530030444739, 16.242099879635518 ], [ -90.451785489647662, 16.241056029602451 ], [ -90.45106280015402, 16.240660940013168 ], [ -90.450551419535373, 16.240540520118632 ], [ -90.449367919698872, 16.2405262895875 ], [ -90.448181949780462, 16.240702450150518 ], [ -90.44727017008789, 16.241034259675054 ], [ -90.447093180067341, 16.241191650266806 ], [ -90.446551709722513, 16.241673110175793 ], [ -90.445986140148008, 16.242694679818761 ], [ -90.445738120345197, 16.24356771000885 ], [ -90.445252420351167, 16.244514060349797 ], [ -90.44436971957073, 16.245646059640109 ], [ -90.443412060401513, 16.246472450317121 ], [ -90.441979510019934, 16.247407350079975 ], [ -90.441384290224718, 16.24766678019224 ], [ -90.440870920215232, 16.24769868019284 ], [ -90.440043940070154, 16.247574419834745 ], [ -90.439419620219724, 16.247033649648753 ], [ -90.439150369737533, 16.246497149657905 ], [ -90.439039910327452, 16.245886420076314 ], [ -90.439088720416294, 16.245163319968913 ], [ -90.439059630179912, 16.244363120156731 ], [ -90.439076399939495, 16.243068339852961 ], [ -90.43882086016346, 16.241431029650666 ], [ -90.438746019922718, 16.241159939735272 ], [ -90.4380891701515, 16.240085540022278 ], [ -90.436740979799126, 16.239256429534208 ], [ -90.435406619703144, 16.238707059713139 ], [ -90.434611250142311, 16.238402400079071 ], [ -90.434071750333899, 16.23819574962539 ], [ -90.432695480373852, 16.237836290038683 ], [ -90.431517449580426, 16.23740306033331 ], [ -90.430538649915079, 16.236819879783788 ], [ -90.429407000374781, 16.235853949841289 ], [ -90.428589579863697, 16.235223450436482 ], [ -90.428084680363867, 16.234607909788032 ], [ -90.427935290029026, 16.233958599796175 ], [ -90.427826860125236, 16.23319553976587 ], [ -90.427763310350159, 16.232014049905636 ], [ -90.428052799646309, 16.230989180296064 ], [ -90.428772260011641, 16.230274229908485 ], [ -90.430037050418889, 16.23009914014375 ], [ -90.431612480352086, 16.230308659794328 ], [ -90.432789980038081, 16.230779970286132 ], [ -90.433848649836406, 16.231287940058579 ], [ -90.436173109578377, 16.231544579655161 ], [ -90.43814402990229, 16.231682659832551 ], [ -90.43941128973745, 16.231317090069293 ], [ -90.441154889730896, 16.230728739972019 ], [ -90.447949110130835, 16.227039879930281 ], [ -90.449797450193088, 16.225868769763245 ], [ -90.451190850185625, 16.2248952199045 ], [ -90.452151780281298, 16.223802200163284 ], [ -90.453315829615121, 16.22225454002859 ], [ -90.453881779797584, 16.221194860147879 ], [ -90.454615820058024, 16.219337320247661 ], [ -90.455398549797124, 16.216756689808694 ], [ -90.456370340094537, 16.211740659933561 ], [ -90.456673310332022, 16.209505679951551 ], [ -90.456574519726274, 16.207980940148456 ], [ -90.456292200246565, 16.20538753992048 ], [ -90.45566174003595, 16.202256719817367 ], [ -90.454942629731846, 16.199886620250311 ], [ -90.454221580390168, 16.197668829702131 ], [ -90.453923659766602, 16.19629408017726 ], [ -90.453475490094036, 16.194390020439254 ], [ -90.453252539913748, 16.193320860143121 ], [ -90.453271109802046, 16.191873720105434 ], [ -90.453568690346032, 16.190201379968357 ], [ -90.453506430158697, 16.188905629858048 ], [ -90.45328884969058, 16.187417569719191 ], [ -90.452830250053694, 16.186269420236417 ], [ -90.451978219941651, 16.185040369617912 ], [ -90.450571620211406, 16.18399512035732 ], [ -90.449161599593566, 16.183216430093545 ], [ -90.44747650999409, 16.18235825984592 ], [ -90.445076650101043, 16.181872369892893 ], [ -90.443343319866514, 16.181699180050341 ], [ -90.442197149794836, 16.181875849986092 ], [ -90.440856750123899, 16.181821620157983 ], [ -90.439205249989115, 16.181420849943372 ], [ -90.437183220410972, 16.180573749690549 ], [ -90.435225109931835, 16.17948366019699 ], [ -90.433186169717573, 16.178544950132071 ], [ -90.431462260037293, 16.177648109994649 ], [ -90.429901520292617, 16.17633426023821 ], [ -90.428146600074285, 16.174789520362854 ], [ -90.426628309894298, 16.173247650299043 ], [ -90.425704710093456, 16.171045080313142 ], [ -90.425752540457196, 16.170398169609079 ], [ -90.426080849980536, 16.169411849622389 ], [ -90.426173519627639, 16.168346510073146 ], [ -90.426150370101908, 16.167089319610362 ], [ -90.425961569895605, 16.166439540433583 ], [ -90.425384859828284, 16.165289920342833 ], [ -90.424688350051298, 16.164253119930496 ], [ -90.424504999601794, 16.163184449548982 ], [ -90.42455578031128, 16.162309030152446 ], [ -90.425351370265801, 16.161785430249129 ], [ -90.42645994954627, 16.161456049903173 ], [ -90.42776913991753, 16.160862460255931 ], [ -90.429712229945736, 16.160047999814129 ], [ -90.431217580349383, 16.159532939687068 ], [ -90.432413380448779, 16.158557079641074 ], [ -90.433487909702478, 16.15780828035361 ], [ -90.434402740156273, 16.157209879714042 ], [ -90.435177119873927, 16.156663780390083 ], [ -90.436920999765263, 16.155999200160796 ], [ -90.437950179832669, 16.155706880021274 ], [ -90.439764110280109, 16.155728689862791 ], [ -90.441026449558208, 16.155705780289715 ], [ -90.442800940455228, 16.15572710988663 ], [ -90.444382169718892, 16.15544137962214 ], [ -90.445336519738945, 16.155080999844653 ], [ -90.447317830176786, 16.154105419968921 ], [ -90.448397169863554, 16.15297569041703 ], [ -90.449158109874247, 16.152070679685941 ], [ -90.44988157005028, 16.15101285968818 ], [ -90.450250119767887, 16.149950799914251 ], [ -90.450427370076483, 16.148429379878404 ], [ -90.450244369654698, 16.147322619744024 ], [ -90.449827710240072, 16.145984519666605 ], [ -90.449328260067347, 16.144950149830276 ], [ -90.448514860024517, 16.14379775002033 ], [ -90.447025770073338, 16.143056229637114 ], [ -90.446865429714677, 16.143032149910439 ], [ -90.445372619593002, 16.142807890363677 ], [ -90.442731260082766, 16.142738120209525 ], [ -90.441625250400989, 16.142877180316731 ], [ -90.43996916965834, 16.142857289968415 ], [ -90.438275120100556, 16.142722680133041 ], [ -90.436767319807842, 16.142218000144545 ], [ -90.435594229772491, 16.14144212031006 ], [ -90.434691260421673, 16.141126549819855 ], [ -90.433195369610743, 16.140918090342701 ], [ -90.431737940310626, 16.140786279777512 ], [ -90.430480620158164, 16.140428320091491 ], [ -90.429461350130481, 16.139958969960535 ], [ -90.428680629547671, 16.139340139852141 ], [ -90.428063029574602, 16.138304310135531 ], [ -90.427881139511015, 16.137121380327581 ], [ -90.428095020470607, 16.13582896985691 ], [ -90.428582909949952, 16.134692220364474 ], [ -90.429081119849798, 16.132755719854931 ], [ -90.429810969633508, 16.131202910091417 ], [ -90.429989819732413, 16.129567280305313 ], [ -90.430006999564057, 16.128234400109864 ], [ -90.429942399795905, 16.127129060222707 ], [ -90.429813980093726, 16.126263109645095 ], [ -90.429393060146779, 16.125267739651264 ], [ -90.429090920356202, 16.12423572018859 ], [ -90.428709429561849, 16.123240830295845 ], [ -90.428607369929594, 16.121982690255191 ], [ -90.428620629726041, 16.120954480378817 ], [ -90.428911349571138, 16.119815339951892 ], [ -90.429320339756089, 16.118677619754049 ], [ -90.429765800141411, 16.117768859823887 ], [ -90.430560680195725, 16.117283290382858 ], [ -90.431510320253764, 16.117028110458595 ], [ -90.43269551998381, 16.116851939620663 ], [ -90.433838850316732, 16.11686569015848 ], [ -90.434901859802082, 16.116992739667559 ], [ -90.435963399890241, 16.11723401972505 ], [ -90.437492179835388, 16.11793797958072 ], [ -90.440003179845519, 16.11892034011948 ], [ -90.440708939902777, 16.119233509658024 ], [ -90.4421233704076, 16.11963135014156 ], [ -90.443422480072286, 16.11979927987344 ], [ -90.444720620423439, 16.120043369894393 ], [ -90.445504739813174, 16.120395550057907 ], [ -90.446283980257363, 16.12112856965792 ], [ -90.446748819518547, 16.121781650189025 ], [ -90.44748671042116, 16.122666510008784 ], [ -90.448070779631109, 16.123244830121706 ], [ -90.448772680453729, 16.123862649790894 ], [ -90.449987110017361, 16.124486580260704 ], [ -90.451445909691145, 16.124504020053102 ], [ -90.452159489742044, 16.124207829982232 ], [ -90.452837549854351, 16.123606519995981 ], [ -90.453480059680075, 16.122700059850704 ], [ -90.454048089581192, 16.121449909705461 ], [ -90.455080430445634, 16.117805689732482 ], [ -90.456611570217817, 16.112148720253071 ], [ -90.456967880432188, 16.109872819854676 ], [ -90.45709925962241, 16.108845970389456 ], [ -90.457071969800765, 16.107893430363138 ], [ -90.457001859982938, 16.107206979925657 ], [ -90.456787169737595, 16.105490430105945 ], [ -90.456680540492471, 16.104575029689869 ], [ -90.456337859699389, 16.103618720369472 ], [ -90.455838480331593, 16.102584369886237 ], [ -90.455301119562861, 16.101435310299138 ], [ -90.454564230151107, 16.100474310282706 ], [ -90.454256630253113, 16.099861220359738 ], [ -90.454067769902082, 16.099211449699904 ], [ -90.454002520154006, 16.098144179825933 ], [ -90.454366550274941, 16.097424829789436 ], [ -90.455011859929783, 16.096289860349732 ], [ -90.455577350093336, 16.095230109867593 ], [ -90.455710180301708, 16.094089029856647 ], [ -90.455639580238355, 16.093440679963571 ], [ -90.455198740268401, 16.092924860346098 ], [ -90.45366957010566, 16.092259140444867 ], [ -90.452213919864676, 16.092013250113492 ], [ -90.450244830280695, 16.091837400367112 ], [ -90.448665080073255, 16.092047080167511 ], [ -90.447633820175582, 16.092529909651574 ], [ -90.446361630266139, 16.093352659744717 ], [ -90.445084579546176, 16.094556229894764 ], [ -90.444204649837602, 16.095536019713638 ], [ -90.443795799535692, 16.09667377025594 ], [ -90.443346550203771, 16.097887230254237 ], [ -90.442860320242261, 16.09890980044074 ], [ -90.441184599606103, 16.100451370165271 ], [ -90.439223800058642, 16.101285690056113 ], [ -90.437989979933761, 16.102185019714696 ], [ -90.43648020028111, 16.103081020247409 ], [ -90.435244400284958, 16.104132650176357 ], [ -90.433772539990258, 16.105143349592858 ], [ -90.431791600360611, 16.105881290029757 ], [ -90.430488680183046, 16.106017970217046 ], [ -90.428636290500449, 16.105957579606876 ], [ -90.426908569916563, 16.105403540096006 ], [ -90.425891449926738, 16.104781859828758 ], [ -90.425038399598066, 16.103667019854118 ], [ -90.424426820107485, 16.10217422036909 ], [ -90.424128629642141, 16.100837540018873 ], [ -90.424105920316094, 16.099542259990361 ], [ -90.424599119844203, 16.09798659965028 ], [ -90.424965710222182, 16.097076910369786 ], [ -90.425607249663997, 16.096246689818859 ], [ -90.426840569647283, 16.095385520076558 ], [ -90.428220290067145, 16.095402140241081 ], [ -90.430826399887863, 16.095978509563608 ], [ -90.431846919569296, 16.096333570232265 ], [ -90.433382380035226, 16.096504379631185 ], [ -90.434290539902406, 16.096401020178071 ], [ -90.435163179854271, 16.09599254020571 ], [ -90.436000320448301, 16.095278909711986 ], [ -90.436681720221301, 16.094411050354168 ], [ -90.437087660477914, 16.093501799752705 ], [ -90.437299910299203, 16.092323599786269 ], [ -90.437632860000221, 16.090956400153853 ], [ -90.437962880380326, 16.089817709616987 ], [ -90.438648150301361, 16.088645180199432 ], [ -90.439566520078358, 16.087742060016506 ], [ -90.440483419760412, 16.086953180117327 ], [ -90.441718109648093, 16.085977660118441 ], [ -90.442792659918496, 16.085190660102047 ], [ -90.443636400396727, 16.08452754989019 ], [ -90.444473949926063, 16.083775799740032 ], [ -90.44515380032739, 16.083022149871663 ], [ -90.445405419918316, 16.081844419990176 ], [ -90.445185939919739, 16.08050867956447 ], [ -90.444371290261429, 16.079470550442839 ], [ -90.443749860352611, 16.078739450347683 ], [ -90.443011150161723, 16.077930740246099 ], [ -90.44223352013158, 16.077083490325435 ], [ -90.441576580047069, 16.076047249694852 ], [ -90.440961020336857, 16.07485914041737 ], [ -90.440840889633819, 16.074194890303563 ], [ -90.523441420309595, 16.074238399781791 ], [ -90.523835569958308, 16.074238550118451 ], [ -90.536299060411139, 16.074059090155707 ], [ -90.536626720045007, 16.074042710180233 ], [ -90.54414451980746, 16.074143259680582 ], [ -90.55196797039352, 16.074247510139127 ], [ -90.601183860430481, 16.074256249887512 ], [ -90.605604570003152, 16.074256229768043 ], [ -90.610973909779844, 16.074256570272059 ], [ -90.645000150135445, 16.074255580458839 ], [ -90.664322979839696, 16.074253079935165 ], [ -90.666697290060995, 16.074252690259303 ], [ -90.70673805960908, 16.074242369554558 ], [ -90.72397774033594, 16.074235999824321 ], [ -90.729713599721947, 16.074233679587415 ], [ -90.76545530971417, 16.074215780366877 ], [ -90.76563237992427, 16.074215679937204 ], [ -90.783363830277452, 16.074205050467498 ], [ -90.791485400083943, 16.074199679635399 ], [ -90.799830399852567, 16.074193830357125 ], [ -90.804796430181199, 16.074190219608766 ], [ -90.813652169620184, 16.074183579539472 ], [ -90.839574050424247, 16.074162369659593 ], [ -90.853354779606661, 16.074150049974406 ], [ -90.873466080198284, 16.074130459669494 ], [ -90.953577719817247, 16.074036149715429 ], [ -90.95865312022805, 16.074037170365454 ], [ -90.959555709849084, 16.074046090435658 ], [ -90.961187720398584, 16.074048860459978 ], [ -91.000039649683956, 16.074109429724899 ], [ -91.000065599615212, 16.074109479903466 ], [ -91.017810399947322, 16.074135049569374 ], [ -91.070896829917601, 16.074203599723251 ], [ -91.107832370376684, 16.074244180155144 ], [ -91.163833999818308, 16.074294509852461 ], [ -91.163858449705529, 16.074294520078176 ], [ -91.165848260031495, 16.07429622034525 ], [ -91.231346520031479, 16.074337059658138 ], [ -91.231363919592653, 16.074337080000699 ], [ -91.260517519678601, 16.074349290133448 ], [ -91.295710019868849, 16.07435905009358 ], [ -91.296660599635061, 16.074359250277546 ], [ -91.306658430062072, 16.074360999994934 ], [ -91.333382119997268, 16.074363429865077 ], [ -91.36007797993949, 16.074351340410054 ], [ -91.381782860115095, 16.074349339725924 ], [ -91.4377733195671, 16.074334000034348 ], [ -91.459287569581591, 16.074324220103406 ], [ -91.494799479862863, 16.074303309855377 ], [ -91.49702497951813, 16.07430182028731 ], [ -91.522789339733919, 16.074282689694499 ], [ -91.554990399952942, 16.074254429779092 ], [ -91.641627740134936, 16.074154310109222 ], [ -91.649385750381256, 16.07414362981589 ], [ -91.666724709981878, 16.074118749776463 ], [ -91.726736059945665, 16.074028520283175 ], [ -91.731384150078711, 16.074020369710869 ], [ -91.73748499983148, 16.063689660112153 ], [ -91.737625570364656, 16.06345187983829 ], [ -91.749159600268271, 16.04394029029195 ], [ -91.749983450243192, 16.042550820344186 ], [ -91.760861199987019, 16.024202320125976 ], [ -91.774646339693007, 16.000864420080998 ], [ -91.775495320079131, 15.999459600104318 ], [ -91.775643020372186, 15.999209819672609 ], [ -91.810231769881852, 15.94069342994074 ], [ -91.812268630316979, 15.937246279752832 ], [ -91.820486319781182, 15.923337230322685 ], [ -91.832617149831464, 15.902800550178277 ], [ -91.845440260458417, 15.881086229740703 ], [ -91.87055114021058, 15.838547220424017 ], [ -91.882149339811193, 15.818891770317965 ], [ -91.882160339574341, 15.818873139707117 ], [ -91.897660660436969, 15.792597350185964 ], [ -91.897679139763483, 15.792566020327664 ], [ -91.921873120181104, 15.751536049843326 ], [ -91.921880450324423, 15.751523620265669 ], [ -91.93252549040858, 15.733464429630624 ], [ -91.938653219584552, 15.723066999687743 ], [ -91.957205020196795, 15.691580629856656 ], [ -91.965689720098368, 15.677176220371736 ], [ -91.965704279576869, 15.677151520378734 ], [ -91.967953109831129, 15.673333279856765 ], [ -91.990074909990938, 15.635763779970919 ], [ -91.990329090102463, 15.635332000349962 ], [ -92.0000650502475, 15.618791920186712 ], [ -92.038427379874193, 15.55353189038974 ], [ -92.046594040873003, 15.539697931935029 ], [ -92.046899219686239, 15.539180920099835 ], [ -92.047373884978626, 15.538373677546275 ], [ -92.048378733038035, 15.536664743268492 ], [ -92.050985340442594, 15.532231519920858 ], [ -92.055568459721954, 15.524436150337559 ], [ -92.056842120345237, 15.522269709809255 ], [ -92.057904309752033, 15.520462889616722 ], [ -92.069385180127526, 15.500931180025223 ], [ -92.085094079872746, 15.474199229951688 ], [ -92.088057562946787, 15.469155738879566 ], [ -92.088160470305596, 15.468980596065247 ], [ -92.108797853317967, 15.433847997615946 ], [ -92.109078777814233, 15.433369635391417 ], [ -92.109116310925813, 15.433305723543329 ], [ -92.109390341287067, 15.432839096739556 ], [ -92.128726769832141, 15.399904600108862 ], [ -92.129515885144883, 15.398560367982615 ], [ -92.130638619708506, 15.396647779871826 ], [ -92.13067265031286, 15.396589800316523 ], [ -92.132341808849546, 15.3937463296493 ], [ -92.141963280008866, 15.377353539858168 ], [ -92.142003110241149, 15.377285660262704 ], [ -92.142023570300154, 15.377250799575412 ], [ -92.142078969808594, 15.377156400083352 ], [ -92.157951880348435, 15.350105719654517 ], [ -92.186222830197025, 15.301905020059351 ], [ -92.18624461954478, 15.301867859921732 ], [ -92.210075939871857, 15.261215379852274 ], [ -92.210034379740861, 15.261158909687344 ], [ -92.202457979763352, 15.250920090374843 ], [ -92.200745599678442, 15.248605800306546 ], [ -92.197274400331807, 15.244050080190432 ], [ -92.196619220304314, 15.243245200064644 ], [ -92.196526979613552, 15.243131880092253 ], [ -92.191066630282151, 15.236423630002061 ], [ -92.1864654000222, 15.230716650033161 ], [ -92.183988219813372, 15.227639480949284 ], [ -92.182548860369423, 15.22584904982183 ], [ -92.179651549997217, 15.222171619943252 ], [ -92.178535250125748, 15.220761691043011 ], [ -92.178497570046375, 15.220714110340776 ], [ -92.175521970081107, 15.216955740016985 ], [ -92.172760720179738, 15.213573801003669 ], [ -92.170169879693844, 15.210171940413572 ], [ -92.167244460011688, 15.206550771258037 ], [ -92.164390819969512, 15.202978229938967 ], [ -92.162864720289036, 15.201158719953765 ], [ -92.161391750100975, 15.199402509857999 ], [ -92.157437080399248, 15.194133139945571 ], [ -92.156156660420038, 15.19254869007629 ], [ -92.153309050420091, 15.189024859702103 ], [ -92.149084219985028, 15.183914419745406 ], [ -92.144911890323783, 15.178640109800137 ], [ -92.140719880349167, 15.173176820137332 ], [ -92.135933339993414, 15.167205710173086 ], [ -92.13122035027871, 15.161212549904915 ], [ -92.126763949926556, 15.155672599950888 ], [ -92.123556710210337, 15.15171491016079 ], [ -92.120658749981146, 15.148023109907164 ], [ -92.117709109784983, 15.144471519876605 ], [ -92.11389155023106, 15.139652150024526 ], [ -92.11111676962993, 15.135892260052305 ], [ -92.108339460014165, 15.132475920362072 ], [ -92.107895230278075, 15.131948980030804 ], [ -92.104178429719511, 15.127611569578507 ], [ -92.101072819886269, 15.123490890211563 ], [ -92.099944859874867, 15.122023140037848 ], [ -92.097941970393336, 15.119416769905506 ], [ -92.094404650381207, 15.115098060040008 ], [ -92.091984769622599, 15.111746319761837 ], [ -92.088702770137814, 15.107927950001462 ], [ -92.085215380405813, 15.103563110010027 ], [ -92.084276570413834, 15.102385579766436 ], [ -92.081563430183323, 15.098982539671416 ], [ -92.077583289847723, 15.093923479882625 ], [ -92.073013399856919, 15.088168080002749 ], [ -92.066824369566476, 15.080115019886994 ], [ -92.061925120105343, 15.073951630037598 ], [ -92.059324369579357, 15.071113969809803 ], [ -92.059197220347968, 15.070333650358203 ], [ -92.059380140020778, 15.069772220150252 ], [ -92.059704600178108, 15.069378830365467 ], [ -92.06019981991308, 15.068942110224622 ], [ -92.060904880308698, 15.068863429592861 ], [ -92.061669370154902, 15.069351539900742 ], [ -92.062313229601756, 15.069813419936509 ], [ -92.063057369947089, 15.070136139933679 ], [ -92.063712059632294, 15.069865279797087 ], [ -92.065013940311914, 15.069003740460243 ], [ -92.065503649820201, 15.068335880271469 ], [ -92.065748580366559, 15.067982249575914 ], [ -92.065873539825986, 15.067234059735698 ], [ -92.066037519694802, 15.066840690106694 ], [ -92.066241370438505, 15.066605089863906 ], [ -92.067175050050224, 15.066451320062962 ], [ -92.067743819926719, 15.066256630115335 ], [ -92.068028969741192, 15.065981969674535 ], [ -92.069049080171197, 15.064606980003393 ], [ -92.069621769968776, 15.063505979605498 ], [ -92.069990450300708, 15.06268000005873 ], [ -92.070681920341613, 15.062249379686115 ], [ -92.071493880096952, 15.062095079918073 ], [ -92.072224199951648, 15.062058660306233 ], [ -92.072955879955359, 15.061707000363215 ], [ -92.073159550110958, 15.061510820143367 ], [ -92.073241369908857, 15.061353519934483 ], [ -92.073121369603825, 15.060958979852241 ], [ -92.07263665970541, 15.060484150309275 ], [ -92.072475089565927, 15.060325860284001 ], [ -92.072395659678975, 15.059931489776687 ], [ -92.072560309929017, 15.059380489567397 ], [ -92.072683710412406, 15.05898695012279 ], [ -92.072685419965808, 15.058592909735124 ], [ -92.072484979677625, 15.058040420319603 ], [ -92.07232409009913, 15.057724509972243 ], [ -92.071716659811443, 15.057485599558227 ], [ -92.070581080219739, 15.057441539646049 ], [ -92.070263620298135, 15.057172479671808 ], [ -92.069928659998652, 15.056404289555363 ], [ -92.069367200071923, 15.055854259560448 ], [ -92.068916629722153, 15.055742860279532 ], [ -92.068466509641652, 15.055521920168063 ], [ -92.068354479685084, 15.05535715023872 ], [ -92.068413229876555, 15.054809659729516 ], [ -92.068534320070057, 15.052893109874658 ], [ -92.068818619909379, 15.052346540054563 ], [ -92.069440710131119, 15.051910890329426 ], [ -92.070174380103197, 15.051749580232492 ], [ -92.070683480228212, 15.051368259642372 ], [ -92.070854509723119, 15.050930769569948 ], [ -92.070632080048085, 15.050217819811472 ], [ -92.070351599797377, 15.049888030311568 ], [ -92.070071580253867, 15.049448689895408 ], [ -92.070019029698614, 15.048587889549124 ], [ -92.070196019648478, 15.0467811097877 ], [ -92.070763139849817, 15.046016599688874 ], [ -92.072349109784255, 15.044325120418515 ], [ -92.072687850287807, 15.044216950044966 ], [ -92.073644400162848, 15.044659049734555 ], [ -92.075611780370963, 15.046036379619002 ], [ -92.076512449985216, 15.046368690073306 ], [ -92.077245850268596, 15.04626213999577 ], [ -92.077924059845699, 15.045881480189765 ], [ -92.078095090115156, 15.045443979669331 ], [ -92.078097200010873, 15.044951030057202 ], [ -92.077704430081567, 15.044511249669917 ], [ -92.077031650085488, 15.043632139842174 ], [ -92.076921719713283, 15.042974420380162 ], [ -92.076979979783488, 15.042536480162505 ], [ -92.077319910307679, 15.042154449615467 ], [ -92.077716199701513, 15.041772630195117 ], [ -92.078169829966285, 15.041171970173215 ], [ -92.078286110051096, 15.040350850208343 ], [ -92.078291750050624, 15.039036319685476 ], [ -92.078241259783226, 15.037666780038416 ], [ -92.078583520350961, 15.036737019863383 ], [ -92.078981229975454, 15.036026579704176 ], [ -92.07949096979992, 15.035480919881296 ], [ -92.079662920412048, 15.034824320174049 ], [ -92.079609350408006, 15.034166829912454 ], [ -92.079385740454299, 15.033727739880167 ], [ -92.078936599803569, 15.033287740351353 ], [ -92.078656120331488, 15.032957950424647 ], [ -92.078658949573736, 15.032300689968014 ], [ -92.078942939808826, 15.031808879639122 ], [ -92.079738780188663, 15.030278460303501 ], [ -92.079911429813706, 15.029457550263945 ], [ -92.080253910400856, 15.028473029877411 ], [ -92.0812745198714, 15.027107819712423 ], [ -92.082519220095506, 15.026072149659115 ], [ -92.083595020194963, 15.024981019776366 ], [ -92.084468910440251, 15.023791349616415 ], [ -92.084754739605003, 15.022861370289698 ], [ -92.084927579928092, 15.021985690209938 ], [ -92.085156350400027, 15.021219769998812 ], [ -92.085665819943841, 15.020728860044228 ], [ -92.087075850171686, 15.020570199950702 ], [ -92.088316289782398, 15.020520419643935 ], [ -92.088655460088034, 15.020302679651222 ], [ -92.090065480117531, 15.020143999999167 ], [ -92.090968850192127, 15.01981897020465 ], [ -92.091478979702245, 15.019163739693704 ], [ -92.09221297972671, 15.018892779858461 ], [ -92.093004519825797, 15.018348220244755 ], [ -92.093288689639394, 15.017801620047598 ], [ -92.0938547197958, 15.017256140033274 ], [ -92.094363230161491, 15.016984280290188 ], [ -92.09453442963445, 15.01649199991777 ], [ -92.094704709827766, 15.016218819961804 ], [ -92.095325709905126, 15.016002179588643 ], [ -92.096285890194778, 15.015567820108592 ], [ -92.097302659690186, 15.015078890329496 ], [ -92.097756169889109, 15.01447818007712 ], [ -92.097872579881212, 15.013602259910913 ], [ -92.097822880230794, 15.012013630396398 ], [ -92.097883380143045, 15.011027949711172 ], [ -92.098111629830711, 15.010371569620759 ], [ -92.098395540300345, 15.009879719711677 ], [ -92.09879128963577, 15.009607430374537 ], [ -92.099355229593428, 15.009554890220882 ], [ -92.100650829977695, 15.00977910957951 ], [ -92.102114650273322, 15.010223079714754 ], [ -92.103748019524573, 15.010558150407524 ], [ -92.105156379992877, 15.010782800131848 ], [ -92.106339719516839, 15.010897000390447 ], [ -92.107635570198298, 15.011066400035819 ], [ -92.108904910055088, 15.010948940251872 ], [ -92.109749779585798, 15.011116569875695 ], [ -92.110142120300026, 15.011665849597948 ], [ -92.110476259725814, 15.012653080245203 ], [ -92.11131797986296, 15.013587520039184 ], [ -92.111600080367452, 15.013533849838726 ], [ -92.111939450295921, 15.013261309710307 ], [ -92.112673629972349, 15.012935519590098 ], [ -92.113125279828239, 15.012772970130131 ], [ -92.113914709816186, 15.012721279717478 ], [ -92.115209229737033, 15.013219279756889 ], [ -92.115882520034205, 15.013988719582541 ], [ -92.116499250382617, 15.014812720167178 ], [ -92.117117309704241, 15.015308080282143 ], [ -92.117737180103703, 15.015365260436827 ], [ -92.118357719982129, 15.015258120265427 ], [ -92.118585229683106, 15.014766050175115 ], [ -92.118763340409629, 15.012575780011385 ], [ -92.118991289614556, 15.011974139992864 ], [ -92.119556820300488, 15.011538139870526 ], [ -92.120457849646144, 15.011760720149555 ], [ -92.121751260235342, 15.012532549759859 ], [ -92.122591030317466, 15.01395991008679 ], [ -92.122869749768952, 15.014727829854516 ], [ -92.123376000467289, 15.015003649886861 ], [ -92.124502539812767, 15.015227080005062 ], [ -92.125686370261434, 15.01523163025562 ], [ -92.126982919615912, 15.015236619911336 ], [ -92.127604580380407, 15.014855570089654 ], [ -92.127494720090496, 15.014143090062294 ], [ -92.127722680338763, 15.01354144996937 ], [ -92.128119259952044, 15.01304999970135 ], [ -92.128402249864195, 15.012777219999204 ], [ -92.12919123044955, 15.012835020170263 ], [ -92.129640650279626, 15.013220149979363 ], [ -92.130034579809958, 15.013385979891128 ], [ -92.130711489562302, 15.013279020272677 ], [ -92.130849380119344, 15.01319728989923 ], [ -92.131446089680097, 15.012843629854014 ], [ -92.131786550270064, 15.012297179742538 ], [ -92.131902379658044, 15.011530800099106 ], [ -92.132667169652905, 15.010263999770254 ], [ -92.133628349761693, 15.009555599968147 ], [ -92.134082630276268, 15.008735720054123 ], [ -92.134197800117022, 15.008133649749636 ], [ -92.134031779947676, 15.007366169987201 ], [ -92.13392212029224, 15.006598920200588 ], [ -92.134037509596098, 15.005942059829003 ], [ -92.134379260299383, 15.00506698024617 ], [ -92.134832429825138, 15.004520969560852 ], [ -92.135341950435048, 15.003975150152527 ], [ -92.136359249678478, 15.003321720264537 ], [ -92.13771319954536, 15.003053000399991 ], [ -92.138784889609568, 15.002892719795073 ], [ -92.139237370440298, 15.002511019696072 ], [ -92.139353179906152, 15.001744620190509 ], [ -92.139305750269131, 15.000905659796889 ], [ -92.13930053960425, 15.000813260068753 ], [ -92.139076149921195, 15.000538540383678 ], [ -92.138625430012766, 15.00048205964478 ], [ -92.138062620208018, 15.00026082974736 ], [ -92.137894829720906, 14.999931550028082 ], [ -92.138178430031061, 14.999494429679006 ], [ -92.138631570409615, 14.998948399683567 ], [ -92.138971090292515, 14.998621050281908 ], [ -92.139310829671814, 14.998238910033757 ], [ -92.139483659780396, 14.99730840008823 ], [ -92.139433430136535, 14.995774520451082 ], [ -92.139438250457502, 14.994569519740327 ], [ -92.140003889893123, 14.994078679600657 ], [ -92.141470749847528, 14.993755569910716 ], [ -92.144238179949411, 14.992396619636787 ], [ -92.146198849960115, 14.991429909581804 ], [ -92.147449650035128, 14.990650060202061 ], [ -92.148325110147383, 14.989689620234339 ], [ -92.148409310230448, 14.989420649659085 ], [ -92.148491248927058, 14.989185170999843 ], [ -92.149583400063733, 14.988059539747537 ], [ -92.150371969747084, 14.987527511167563 ], [ -92.150767629391268, 14.986917570733929 ], [ -92.151008379983395, 14.985695631326182 ], [ -92.151013200080328, 14.9844728307992 ], [ -92.150780580375894, 14.983631280410229 ], [ -92.15031022006275, 14.983247380877236 ], [ -92.149132950053243, 14.982631580444471 ], [ -92.148663799783733, 14.981942000254904 ], [ -92.147175910014383, 14.98033148117683 ], [ -92.146394018740921, 14.979182170975056 ], [ -92.145575820154349, 14.97784428122063 ], [ -92.145273690337547, 14.976866060620555 ], [ -92.144774050049421, 14.974947090253606 ], [ -92.144946599509041, 14.974071351106792 ], [ -92.145569848624746, 14.9732520599735 ], [ -92.146136709296215, 14.972432571135521 ], [ -92.146478780182051, 14.971447921170663 ], [ -92.146989508846119, 14.970573430691061 ], [ -92.147103738788303, 14.970190450354089 ], [ -92.147106339278963, 14.969533149641748 ], [ -92.146941149314813, 14.968546601102982 ], [ -92.14666194921729, 14.967888260389966 ], [ -92.146560219316228, 14.967537079993779 ], [ -92.146581030287862, 14.963216090072766 ], [ -92.146623539277726, 14.962934620584893 ], [ -92.146790249063471, 14.962653600063387 ], [ -92.146874000171849, 14.962412510976662 ], [ -92.1469170000763, 14.962010340985103 ], [ -92.146876708978809, 14.961728540786556 ], [ -92.14663118039563, 14.961003420694471 ], [ -92.146219599762205, 14.960398380283788 ], [ -92.14601499935165, 14.959794110774993 ], [ -92.146017228644638, 14.959230851098139 ], [ -92.146101938987997, 14.958748350143134 ], [ -92.146188436030869, 14.958499324803599 ], [ -92.146227548987866, 14.958386720504219 ], [ -92.146311948685167, 14.957984709804977 ], [ -92.146520050295933, 14.957703849792061 ], [ -92.146810289744479, 14.957584230473396 ], [ -92.147183659550223, 14.957384459764908 ], [ -92.147391749159098, 14.957103600111829 ], [ -92.147558619684474, 14.956782349968346 ], [ -92.1477674891986, 14.956300320441176 ], [ -92.14797685863995, 14.955697599992007 ], [ -92.148071649593973, 14.955424719299719 ], [ -92.148144349825216, 14.955215430701898 ], [ -92.148477578833976, 14.954693629665217 ], [ -92.148480279117436, 14.954009679557528 ], [ -92.148567368862118, 14.952923680308324 ], [ -92.148488850117857, 14.951837080950817 ], [ -92.148410509108629, 14.950710250976753 ], [ -92.148415109142249, 14.949543479788161 ], [ -92.148336599655849, 14.948456880762775 ], [ -92.148050170179758, 14.947610911168306 ], [ -92.147639400023991, 14.946804689564424 ], [ -92.147106540324245, 14.945283050800798 ], [ -92.146697199095939, 14.944114740092239 ], [ -92.146203179001148, 14.943428920326204 ], [ -92.145213708716852, 14.942419370517289 ], [ -92.144429620254215, 14.941812941205232 ], [ -92.144223680362344, 14.941550650040506 ], [ -92.144017749257884, 14.941288350284617 ], [ -92.143606519063397, 14.940602851083836 ], [ -92.143278419934802, 14.939837170946239 ], [ -92.143034518883908, 14.938709719740158 ], [ -92.143080219546448, 14.937623570499261 ], [ -92.143097949206592, 14.937421489946734 ], [ -92.143383689223811, 14.934164620603189 ], [ -92.143553719106734, 14.933038710874676 ], [ -92.143636968621536, 14.930764110057869 ], [ -92.14364504944146, 14.928725090929348 ], [ -92.143648509133257, 14.927851221281083 ], [ -92.143502709114188, 14.926831150827365 ], [ -92.142758150107284, 14.925663201138075 ], [ -92.142163150053761, 14.924568620247822 ], [ -92.141492949000835, 14.923546580752127 ], [ -92.141197049625973, 14.922598770485395 ], [ -92.141201679693467, 14.92143362039689 ], [ -92.141504510164694, 14.920633709863424 ], [ -92.141805909492788, 14.920197891286902 ], [ -92.142033249074103, 14.919543340301191 ], [ -92.142185379776222, 14.918961319641603 ], [ -92.142037860414476, 14.91837818015501 ], [ -92.141816018546336, 14.917649121112868 ], [ -92.141667919306585, 14.917211630705209 ], [ -92.141669940349047, 14.916701881218971 ], [ -92.141971618633718, 14.9161932498921 ], [ -92.143026169432034, 14.914740720296761 ], [ -92.143253778633721, 14.914013350771516 ], [ -92.144159649482035, 14.912268979908001 ], [ -92.144764420384021, 14.910887599633886 ], [ -92.144703995147978, 14.909683548811056 ], [ -92.144696946958135, 14.909543127132633 ], [ -92.14469496869738, 14.909503711031547 ], [ -92.144631143895168, 14.909346855596109 ], [ -92.144398199867425, 14.90877437023201 ], [ -92.143910624099746, 14.908370174911539 ], [ -92.143627585869623, 14.908135536670155 ], [ -92.143427519082692, 14.907969680718471 ], [ -92.14284610319217, 14.907430070418815 ], [ -92.142476604218771, 14.90708713827026 ], [ -92.14200942889255, 14.906653550437609 ], [ -92.141561119608141, 14.906360579853562 ], [ -92.141412739762728, 14.905995910398971 ], [ -92.141379583493929, 14.9058648405443 ], [ -92.141369641720814, 14.905825539213236 ], [ -92.141265229394932, 14.905412770223123 ], [ -92.141264813215216, 14.905285141015336 ], [ -92.14126254911541, 14.904591033288767 ], [ -92.141260779851009, 14.904048460963734 ], [ -92.140963750019608, 14.903391940848172 ], [ -92.14065789207578, 14.902829216073147 ], [ -92.140654276250217, 14.902822562053991 ], [ -92.14052485878608, 14.902584458569835 ], [ -92.1403688194426, 14.902297370492985 ], [ -92.140350139929708, 14.902185766081399 ], [ -92.14030465912704, 14.901914045835635 ], [ -92.140224552470102, 14.901435444414599 ], [ -92.140222458839176, 14.901422939840367 ], [ -92.13992601915136, 14.900620770898401 ], [ -92.139628690152733, 14.9000370603765 ], [ -92.139332538637007, 14.899162080714834 ], [ -92.139194094112668, 14.89869785389471 ], [ -92.138962919738191, 14.897922689798808 ], [ -92.138722844907178, 14.897616837744732 ], [ -92.138217619108545, 14.896973179689963 ], [ -92.138154809678326, 14.896837461133758 ], [ -92.137846259408818, 14.896170739761782 ], [ -92.137490365158968, 14.895331187704993 ], [ -92.137475220258963, 14.895295460534358 ], [ -92.137104740058447, 14.894274540683059 ], [ -92.136657910132897, 14.893617450909925 ], [ -92.136210218558617, 14.893178831125157 ], [ -92.136137940286915, 14.892523141045979 ], [ -92.136216308953735, 14.891649570666122 ], [ -92.13651912000023, 14.890849650967702 ], [ -92.136672710065469, 14.889903521229394 ], [ -92.136925021486533, 14.889081271234819 ], [ -92.136973293627619, 14.888923956196969 ], [ -92.137052149406145, 14.888666970917855 ], [ -92.137355819255887, 14.887648581181841 ], [ -92.137830077522665, 14.886605690908265 ], [ -92.137884779560153, 14.886485401041446 ], [ -92.138006534339041, 14.886367935034928 ], [ -92.138219198151731, 14.886162760990052 ], [ -92.138335919126234, 14.886050149709789 ], [ -92.139012659785209, 14.88539729056783 ], [ -92.139955713171744, 14.885119043102895 ], [ -92.139987548941221, 14.885109649748438 ], [ -92.140299491060091, 14.885070403982558 ], [ -92.140850308281244, 14.88500110318334 ], [ -92.141111658974566, 14.884968220679664 ], [ -92.141711459084689, 14.884824820120311 ], [ -92.142012229479093, 14.884534650523959 ], [ -92.142088849144102, 14.884098000111424 ], [ -92.142074653285178, 14.884013174414029 ], [ -92.142015679092637, 14.883660781177523 ], [ -92.141986037705109, 14.883592812327597 ], [ -92.14187279092117, 14.883333140763455 ], [ -92.141792999638767, 14.883150180397392 ], [ -92.141795578543892, 14.882494781185798 ], [ -92.142022600313695, 14.881913049630979 ], [ -92.143156750337354, 14.879222829871345 ], [ -92.143684220440235, 14.878423739906868 ], [ -92.143984968793234, 14.878133550788062 ], [ -92.144136949794657, 14.877840818751187 ], [ -92.144211379214582, 14.877697459897657 ], [ -92.144228087399568, 14.877556222692794 ], [ -92.144288879362108, 14.877042340333697 ], [ -92.144353939559593, 14.8762593501721 ], [ -92.14497617007882, 14.873695029665768 ], [ -92.145051939214326, 14.873476850217909 ], [ -92.145428429548545, 14.87296847983955 ], [ -92.146181428875877, 14.871951750727302 ], [ -92.146408419390411, 14.87137002067432 ], [ -92.146485029563962, 14.870933350545805 ], [ -92.146562779393932, 14.870205420148837 ], [ -92.14708877973041, 14.869770421001933 ], [ -92.148097480303036, 14.86885369062613 ], [ -92.148773260244056, 14.868419250791707 ], [ -92.149749489290286, 14.867767460462263 ], [ -92.151473819668738, 14.867336890321504 ], [ -92.154099169466974, 14.866327051293986 ], [ -92.156349459491523, 14.865461449911015 ], [ -92.157946739967528, 14.864446231145875 ], [ -92.162204279847558, 14.862132980948427 ], [ -92.165881419596033, 14.860252950010802 ], [ -92.166588049370844, 14.860376460134066 ], [ -92.167783880304157, 14.860735090294476 ], [ -92.16861631911604, 14.860839319557941 ], [ -92.16944914973817, 14.860842340843666 ], [ -92.170385889385031, 14.860896341004196 ], [ -92.170907180353026, 14.860695771287336 ], [ -92.171741939770257, 14.860192659963364 ], [ -92.172160859434669, 14.859536200692665 ], [ -92.172108398959438, 14.859142489735953 ], [ -92.171962289572363, 14.857004861243048 ], [ -92.172278459552331, 14.855993741234315 ], [ -92.172749028735836, 14.855438690778239 ], [ -92.17379234876536, 14.854835090472685 ], [ -92.174731770325877, 14.854180510574857 ], [ -92.174942660031306, 14.853472690569138 ], [ -92.175154689370046, 14.852461199966791 ], [ -92.17552191894427, 14.851703319548466 ], [ -92.176097350297766, 14.85094619993367 ], [ -92.176879819228589, 14.850493490785217 ], [ -92.177922140227068, 14.850142920809173 ], [ -92.179121750366761, 14.849489249633558 ], [ -92.180113369165937, 14.848784220065378 ], [ -92.180844539508655, 14.848128850619892 ], [ -92.181419168638655, 14.847574149649734 ], [ -92.181519419256261, 14.847380969934155 ], [ -92.181786179664996, 14.84686688021899 ], [ -92.182049660401461, 14.846007399878967 ], [ -92.182314660004067, 14.844743029725233 ], [ -92.182474800307702, 14.843680720077913 ], [ -92.182736940044819, 14.84317553959368 ], [ -92.182791259750573, 14.842568370000542 ], [ -92.182533310169703, 14.841960109716391 ], [ -92.181858779586193, 14.841400949589982 ], [ -92.181496740237634, 14.840792309577701 ], [ -92.181447740035168, 14.839982339607799 ], [ -92.181503219979206, 14.839071510286084 ], [ -92.182092429020429, 14.83766850963935 ], [ -92.182459220360087, 14.837011850126594 ], [ -92.182617829972202, 14.836354450300645 ], [ -92.182628909672331, 14.836050970406221 ], [ -92.182648109672314, 14.835365719908058 ], [ -92.182631889622613, 14.834931370094067 ], [ -92.182640539266473, 14.834219140153117 ], [ -92.182766659725871, 14.833935850154976 ], [ -92.183251850323686, 14.832507690224912 ], [ -92.18346255031561, 14.831734849844883 ], [ -92.183637849593623, 14.831046370315532 ], [ -92.184092059961927, 14.831074120081897 ], [ -92.184135350328106, 14.831021890380674 ], [ -92.18483408978372, 14.828264250373598 ], [ -92.184524480016293, 14.827554569726534 ], [ -92.184162629650629, 14.826895310407286 ], [ -92.183957109304146, 14.826185999804512 ], [ -92.184011430428271, 14.825578850005551 ], [ -92.1839090599874, 14.825122970335775 ], [ -92.183702219177135, 14.824767939928329 ], [ -92.182819550122332, 14.824208059710196 ], [ -92.182352509448293, 14.823852110180676 ], [ -92.181886579094495, 14.823192489818558 ], [ -92.180699679599343, 14.820505779660021 ], [ -92.180026939170759, 14.819491140021679 ], [ -92.177953279689348, 14.817357999987605 ], [ -92.177383308765442, 14.816697999620201 ], [ -92.177074489840848, 14.815785860381563 ], [ -92.177183920203461, 14.814369090256422 ], [ -92.177597049339226, 14.813425619832294 ], [ -92.178120510049794, 14.812617680025035 ], [ -92.178748619426472, 14.811658279884202 ], [ -92.178909309777765, 14.810444139567183 ], [ -92.178914649566607, 14.809026980385743 ], [ -92.178712020410913, 14.807558489939451 ], [ -92.178455429911992, 14.806595919788487 ], [ -92.177994109892012, 14.805024379794158 ], [ -92.177581650018865, 14.803707880146698 ], [ -92.17753305042821, 14.802796680203079 ], [ -92.177485020300622, 14.801733629763939 ], [ -92.177279720149045, 14.800973689809251 ], [ -92.176969799861524, 14.8003652496333 ], [ -92.175107540221219, 14.797423029737413 ], [ -92.173140119089638, 14.79478410984122 ], [ -92.172156619811702, 14.793414029726323 ], [ -92.171741859753922, 14.793007649724407 ], [ -92.171432340067625, 14.792297940010675 ], [ -92.171435600090959, 14.791437539637862 ], [ -92.171329229737651, 14.790135880048172 ], [ -92.171071740041498, 14.789426379846891 ], [ -92.170502049731567, 14.788715750045046 ], [ -92.169360950187865, 14.78774999987124 ], [ -92.165576938688972, 14.783940369705993 ], [ -92.164852140058656, 14.782976109677744 ], [ -92.16469740032052, 14.782621260373592 ], [ -92.164543050335638, 14.782165179706205 ], [ -92.164547483658282, 14.781002690076539 ], [ -92.164547489686143, 14.781001110066288 ], [ -92.164547586078442, 14.78100074099134 ], [ -92.164811395682875, 14.779990354274462 ], [ -92.164811540301002, 14.779989800215052 ], [ -92.164811544380797, 14.779988745981299 ], [ -92.164815599756309, 14.778926940407477 ], [ -92.164665489959049, 14.777357399592731 ], [ -92.164252139701418, 14.776596710157898 ], [ -92.163630480392754, 14.77588587979311 ], [ -92.162800090222149, 14.775326120461131 ], [ -92.161657540141661, 14.774765249916534 ], [ -92.161243050071931, 14.774308219940712 ], [ -92.160725849649324, 14.773496539603453 ], [ -92.160627620058619, 14.771977780122107 ], [ -92.160627711355275, 14.771976356229683 ], [ -92.160678757624595, 14.771182659498896 ], [ -92.160678890109395, 14.771180599908886 ], [ -92.160678902836437, 14.771180563839371 ], [ -92.161313828813391, 14.769349173364089 ], [ -92.161314090230562, 14.769348420017634 ], [ -92.161314016430111, 14.769347499279734 ], [ -92.161108802096393, 14.766779968663435 ], [ -92.161108780140552, 14.766779689844613 ], [ -92.161108895297929, 14.766778452166706 ], [ -92.161233572014851, 14.765441567598161 ], [ -92.161233704495544, 14.765440150084858 ], [ -92.161325829974601, 14.76445228967134 ], [ -92.161538800055041, 14.763187740099371 ], [ -92.161789408657569, 14.762267242665457 ], [ -92.161790022188129, 14.762264988362137 ], [ -92.161855419605402, 14.762024779683717 ], [ -92.162588080188598, 14.760913950341788 ], [ -92.163476230372936, 14.759955540383796 ], [ -92.164311379588355, 14.759249969532583 ], [ -92.165353088622098, 14.758950060113612 ], [ -92.167071918941588, 14.758450120009464 ], [ -92.168893649683596, 14.758254229659325 ], [ -92.170507459634067, 14.758006970221025 ], [ -92.170569110079768, 14.757967305884771 ], [ -92.170570680327003, 14.757966296897294 ], [ -92.171133320190904, 14.757604309983865 ], [ -92.171495054825584, 14.757109673362375 ], [ -92.171760910172594, 14.756746139801319 ], [ -92.171919280130197, 14.756139339968174 ], [ -92.172025993747511, 14.755382002706876 ], [ -92.172026062274639, 14.755381516533435 ], [ -92.172026199644748, 14.755380539705261 ], [ -92.17202616265412, 14.755380093308327 ], [ -92.171812492439969, 14.752814551235309 ], [ -92.171812491094855, 14.752814517828703 ], [ -92.171812427580164, 14.752813765309639 ], [ -92.171806709627603, 14.752745169553439 ], [ -92.171115369928799, 14.750914920110608 ], [ -92.171003690324724, 14.750619230122282 ], [ -92.169546280092632, 14.749062660101865 ], [ -92.168977059679307, 14.748250799956317 ], [ -92.168772819978528, 14.747237799932019 ], [ -92.168723952304489, 14.74642936660349 ], [ -92.168723858803233, 14.746427819702729 ], [ -92.168724021586371, 14.746427427181612 ], [ -92.16882887975737, 14.746175139680389 ], [ -92.169038310215797, 14.745821599907641 ], [ -92.169488206225381, 14.745251502959944 ], [ -92.169488650208834, 14.745250941034627 ], [ -92.169874718719598, 14.744761719533589 ], [ -92.170032366952739, 14.744257279683113 ], [ -92.170032719608585, 14.74425614978529 ], [ -92.17003258458945, 14.744255479846075 ], [ -92.169930600433815, 14.743749660386232 ], [ -92.169515940244466, 14.743343279675056 ], [ -92.168944629979464, 14.74308815041835 ], [ -92.168320540251443, 14.743035289871708 ], [ -92.167524045178297, 14.742820885897219 ], [ -92.167521960421013, 14.742820324284475 ], [ -92.16717716908343, 14.742727510248589 ], [ -92.166086599815316, 14.742217449579295 ], [ -92.164737850355365, 14.741200320059786 ], [ -92.164063859966745, 14.740590520419106 ], [ -92.162663690069692, 14.739421369793261 ], [ -92.161627110249498, 14.738405349624298 ], [ -92.160848320206625, 14.737997619677337 ], [ -92.157837249438813, 14.736367060281426 ], [ -92.157112049994012, 14.735554619704406 ], [ -92.156698019584212, 14.734996370090274 ], [ -92.156182279610704, 14.733830379899993 ], [ -92.155769620421637, 14.732917850009136 ], [ -92.155565030319849, 14.732006080065194 ], [ -92.155535149797515, 14.730924623462887 ], [ -92.155535090263939, 14.730922480103168 ], [ -92.155263830386019, 14.729170650231492 ], [ -92.155111860225603, 14.72810722012969 ], [ -92.15495912012986, 14.72724622989568 ], [ -92.154753000068141, 14.726739350183186 ], [ -92.154443799762618, 14.72597902974702 ], [ -92.153926140465941, 14.725319169797151 ], [ -92.153095779673393, 14.724810000407606 ], [ -92.151576970436935, 14.723887680297423 ], [ -92.149788369695472, 14.722434660359507 ], [ -92.148716489979762, 14.721233660267265 ], [ -92.147849089795457, 14.720183029601227 ], [ -92.147494710086988, 14.719034540014659 ], [ -92.147396649951375, 14.717887000203616 ], [ -92.147622420383939, 14.712550910027259 ], [ -92.147886460004244, 14.710556770351232 ], [ -92.148406620116631, 14.708613450099058 ], [ -92.148769679871663, 14.707517479821128 ], [ -92.148967780315743, 14.705772110232225 ], [ -92.148950170081278, 14.705401050266433 ], [ -92.148837200018676, 14.705029630348415 ], [ -92.14864841983136, 14.704533879548011 ], [ -92.148328399953741, 14.703456800142156 ], [ -92.148140380217029, 14.702769769649759 ], [ -92.147914779918622, 14.701934200209369 ], [ -92.147787508964839, 14.70150823595529 ], [ -92.147670569541489, 14.701116850260428 ], [ -92.147538369694161, 14.700652889612615 ], [ -92.147503420388915, 14.699836540077284 ], [ -92.147544880024029, 14.698983379709514 ], [ -92.147509550185006, 14.698259780056553 ], [ -92.147416149970169, 14.697758599870536 ], [ -92.147094799653459, 14.697033979686427 ], [ -92.14628157960145, 14.695293120359043 ], [ -92.145711629881021, 14.694446490093355 ], [ -92.145148995125709, 14.694769408476388 ], [ -92.14495228005093, 14.694882310310321 ], [ -92.14313448003864, 14.692356510389804 ], [ -92.143124382281613, 14.692267810463964 ], [ -92.143052966095411, 14.691640485439805 ], [ -92.142998179658065, 14.691159229895867 ], [ -92.143366059697627, 14.689238200056007 ], [ -92.143429969978499, 14.688904539588679 ], [ -92.145346860255117, 14.685428939992685 ], [ -92.146627859992989, 14.682312519661984 ], [ -92.147051430271134, 14.679440259945887 ], [ -92.147267829798437, 14.676103830141003 ], [ -92.147407490379805, 14.673950320065066 ], [ -92.147328750095738, 14.673052770039718 ], [ -92.146897150244953, 14.669374919931343 ], [ -92.14727589027558, 14.669339859861035 ], [ -92.147272260225932, 14.669283550320587 ], [ -92.147260780188603, 14.669105880185102 ], [ -92.147187400416655, 14.668363599841545 ], [ -92.147092739887213, 14.668131260118409 ], [ -92.147077089961428, 14.668098460117076 ], [ -92.146910449651386, 14.66774917991825 ], [ -92.146809030353708, 14.667536630148449 ], [ -92.146600879902948, 14.667127780318108 ], [ -92.146449939946393, 14.666719140414195 ], [ -92.146204659672321, 14.666050450158524 ], [ -92.146123657202523, 14.665811008168587 ], [ -92.14588421985755, 14.665103229905853 ], [ -92.145715349814907, 14.664397709785376 ], [ -92.145679520402382, 14.663803969712419 ], [ -92.145738139978647, 14.663442579678232 ], [ -92.145873919751523, 14.662849460328362 ], [ -92.146239859612976, 14.6619046898295 ], [ -92.146758859938771, 14.660830619732423 ], [ -92.147276320268588, 14.660146090197525 ], [ -92.147889049682362, 14.659480449885757 ], [ -92.148387090401229, 14.658888620117205 ], [ -92.148846420364976, 14.658445030192325 ], [ -92.149019019929042, 14.658185940405394 ], [ -92.14911555031172, 14.657870919852591 ], [ -92.149558340049197, 14.65677802040975 ], [ -92.149903829822208, 14.656185620025152 ], [ -92.150133689666617, 14.655908179875816 ], [ -92.150401419831411, 14.655705079871481 ], [ -92.151013420318549, 14.65522493969695 ], [ -92.152091089870538, 14.654620519959281 ], [ -92.152702259817133, 14.654344430053284 ], [ -92.153294380418515, 14.654068279781738 ], [ -92.15398184963297, 14.653792430234331 ], [ -92.154802680029121, 14.653535629712172 ], [ -92.155718999864845, 14.653242050023227 ], [ -92.15701698028542, 14.652857059861834 ], [ -92.157666150186117, 14.65261819964908 ], [ -92.158373090340987, 14.652231120213539 ], [ -92.158927350068609, 14.651880600010307 ], [ -92.159672910313446, 14.651363800281652 ], [ -92.160093649585974, 14.651031380186453 ], [ -92.160438029649441, 14.65071721987379 ], [ -92.160591690321866, 14.650420950289222 ], [ -92.160669289741918, 14.650068770267744 ], [ -92.160671280266655, 14.64954934995948 ], [ -92.160669200399795, 14.649467800025343 ], [ -92.16065457011149, 14.648937120394736 ], [ -92.160523370406437, 14.648343049891706 ], [ -92.160221450259513, 14.647525749637298 ], [ -92.159881740088366, 14.64661557970393 ], [ -92.1593346596554, 14.645098290191076 ], [ -92.158995030033324, 14.644169569672551 ], [ -92.158826000321312, 14.643501150416752 ], [ -92.158750950337861, 14.643185520110618 ], [ -92.158744119776188, 14.643083949716567 ], [ -92.158732880163157, 14.642925750134035 ], [ -92.158753079696794, 14.642629020150423 ], [ -92.15886902963716, 14.642221310324704 ], [ -92.159098939869679, 14.64192530987739 ], [ -92.159367060356061, 14.641610880413683 ], [ -92.159673170107467, 14.641333690084853 ], [ -92.159978779564184, 14.641186369919197 ], [ -92.16032250965614, 14.641039169981193 ], [ -92.16066575031995, 14.641021819794766 ], [ -92.161008919733504, 14.64102301994728 ], [ -92.161523479916838, 14.641080479692944 ], [ -92.162247450261049, 14.641212860289965 ], [ -92.163123659618194, 14.641419979685855 ], [ -92.163695029890818, 14.641570380419013 ], [ -92.163999799570391, 14.641645649566206 ], [ -92.164400109650927, 14.641665600258829 ], [ -92.164819540034301, 14.641667060015092 ], [ -92.165477399652076, 14.641632250334307 ], [ -92.165850969915851, 14.641608680112627 ], [ -92.165954169963044, 14.641596820395941 ], [ -92.166545690458335, 14.641469019992709 ], [ -92.166936479636774, 14.641338919778541 ], [ -92.167042000304974, 14.641303800231885 ], [ -92.167387380023257, 14.641149230064176 ], [ -92.16757674036775, 14.641064489747139 ], [ -92.168264910072011, 14.640584570267198 ], [ -92.168857950421454, 14.640048659791134 ], [ -92.169145229983144, 14.639704779914194 ], [ -92.169528630114968, 14.639149599725981 ], [ -92.169778169971693, 14.638705249561395 ], [ -92.169951429759067, 14.638260629771128 ], [ -92.170125049915697, 14.637723259717308 ], [ -92.170279660050227, 14.637167280236003 ], [ -92.170396780271858, 14.636444220457491 ], [ -92.170495119878424, 14.635646860173166 ], [ -92.170650310010316, 14.634942479819044 ], [ -92.170862539828434, 14.634275379901867 ], [ -92.171094169793648, 14.633515600278777 ], [ -92.171328480177223, 14.633062079600796 ], [ -92.1719808496469, 14.631951280138814 ], [ -92.172211020074172, 14.631581059619034 ], [ -92.172364719971938, 14.631266229938827 ], [ -92.172576720161146, 14.63065477988936 ], [ -92.17274943020422, 14.630358570051543 ], [ -92.172884060211302, 14.630043680120151 ], [ -92.173056480389604, 14.629821660451519 ], [ -92.173324000433553, 14.62965562980367 ], [ -92.174011969572447, 14.629212779738813 ], [ -92.174738219558478, 14.628732970017015 ], [ -92.175330940169744, 14.628271250387487 ], [ -92.175400629565758, 14.628197800189767 ], [ -92.17596254999529, 14.627605580159322 ], [ -92.176249460408826, 14.627354460125863 ], [ -92.176555880155036, 14.626984509615482 ], [ -92.176766549645933, 14.626725520313805 ], [ -92.176939030247269, 14.626484950329056 ], [ -92.177007950446011, 14.626329999872624 ], [ -92.17705438022594, 14.626225629750895 ], [ -92.177132290439573, 14.625780679583666 ], [ -92.177153250044555, 14.625279879590034 ], [ -92.177136950256127, 14.62453778019564 ], [ -92.177100769999512, 14.624018249572961 ], [ -92.177007400137526, 14.623498510157544 ], [ -92.176837770240468, 14.622978489668883 ], [ -92.176763600323824, 14.62242171968848 ], [ -92.176765260389757, 14.621976490300327 ], [ -92.176824259873044, 14.621494380353697 ], [ -92.176883539571975, 14.620938059676382 ], [ -92.176922779899456, 14.620641379870932 ], [ -92.176980510107327, 14.620493170117543 ], [ -92.177095379901061, 14.620363709668643 ], [ -92.177324690077924, 14.620216090400481 ], [ -92.177481460054679, 14.62009620027661 ], [ -92.177634659629248, 14.619911220387626 ], [ -92.177807420064795, 14.619596450362243 ], [ -92.177960620336691, 14.619411459680386 ], [ -92.178190220310483, 14.619189649980642 ], [ -92.178496249580832, 14.618912429575637 ], [ -92.179664149672533, 14.617562220256771 ], [ -92.180104120153317, 14.617155619643606 ], [ -92.180448460052745, 14.616834120223448 ], [ -92.180754429650193, 14.61657545972157 ], [ -92.180907769718104, 14.616353369902784 ], [ -92.181023259664286, 14.616056949729295 ], [ -92.181119739966107, 14.61574191031529 ], [ -92.181217679828407, 14.615037309664173 ], [ -92.181237920185922, 14.614722019691557 ], [ -92.181219819824364, 14.61446225024528 ], [ -92.181163450296765, 14.614239449710878 ], [ -92.181049980191361, 14.613997889931561 ], [ -92.180897970119503, 14.613867510186733 ], [ -92.180631430425365, 14.613773850348624 ], [ -92.179716689808771, 14.613696519642097 ], [ -92.178592280335522, 14.61361845976514 ], [ -92.177734739840815, 14.613541310242081 ], [ -92.177067819989276, 14.613464829773765 ], [ -92.176553400377898, 14.613388849929933 ], [ -92.176096169662216, 14.613313080122975 ], [ -92.175638950483489, 14.613237309648854 ], [ -92.17529630964691, 14.613106259931348 ], [ -92.174953939738586, 14.612901029532702 ], [ -92.174764019653608, 14.612714880232824 ], [ -92.17457436972164, 14.612454510371915 ], [ -92.174460969614003, 14.612194399619561 ], [ -92.174443019898007, 14.611897519709775 ], [ -92.174444050228274, 14.611619260011745 ], [ -92.174540480250144, 14.61132277960443 ], [ -92.174655829871696, 14.611063479551881 ], [ -92.174847429669583, 14.610804419806742 ], [ -92.175344999573909, 14.610286709803511 ], [ -92.176205800447818, 14.609491969823418 ], [ -92.176626550245928, 14.609122399823752 ], [ -92.177123769728709, 14.608697449893828 ], [ -92.177410879879275, 14.608383060122298 ], [ -92.177583479806856, 14.608105380205247 ], [ -92.177718170077839, 14.607771919734823 ], [ -92.177756090380129, 14.607644479790039 ], [ -92.177833980054345, 14.607382750150487 ], [ -92.177911740459393, 14.6069806799593 ], [ -92.177932460453803, 14.606535519996097 ], [ -92.177972879815428, 14.60592347976157 ], [ -92.178013149942629, 14.60534853954797 ], [ -92.177976619714869, 14.604921739882116 ], [ -92.177940430077314, 14.604402199615787 ], [ -92.17788462954104, 14.604030980111059 ], [ -92.177830430132104, 14.603233110309825 ], [ -92.177813920349507, 14.602546679876214 ], [ -92.177815580311901, 14.602101449897937 ], [ -92.177816970232229, 14.601730429646079 ], [ -92.177818290475329, 14.601377969767176 ], [ -92.17784284963939, 14.601114140419041 ], [ -92.177857999862141, 14.600951450365681 ], [ -92.178050569872099, 14.600432680409272 ], [ -92.178166510361464, 14.600012170188021 ], [ -92.178525250037708, 14.598713489654525 ], [ -92.1787655098166, 14.597843770428588 ], [ -92.179267310163837, 14.596175890141668 ], [ -92.17936428001255, 14.595730999958345 ], [ -92.179908710183113, 14.594235969753932 ], [ -92.180492320299308, 14.593214880110104 ], [ -92.181294020161971, 14.592018140168321 ], [ -92.181841119903325, 14.591067480218323 ], [ -92.182064019795945, 14.589586459691001 ], [ -92.182093170138174, 14.586722970027123 ], [ -92.182213169696212, 14.586009519654413 ], [ -92.182393750065359, 14.5847823400848 ], [ -92.182485149904181, 14.583868939986212 ], [ -92.182490230319672, 14.582498370263512 ], [ -92.182493420402054, 14.581641770323861 ], [ -92.18246788024571, 14.580613740105504 ], [ -92.182471259924824, 14.57970005035633 ], [ -92.182413750450806, 14.579385749612298 ], [ -92.182326600241439, 14.579157019775598 ], [ -92.182298309834792, 14.578871400153728 ], [ -92.18232849046106, 14.578643079641296 ], [ -92.182476349738593, 14.578329479702422 ], [ -92.18338967972484, 14.577276090408336 ], [ -92.184155289975919, 14.576507739843501 ], [ -92.184685349831611, 14.575967020206335 ], [ -92.184950320024413, 14.575710919953602 ], [ -92.185420879575489, 14.575398429923601 ], [ -92.18677262018592, 14.574786520312751 ], [ -92.187301720318274, 14.574502770182921 ], [ -92.187918919732112, 14.574190770257216 ], [ -92.188507430118946, 14.573707339780434 ], [ -92.189419689859577, 14.572939459984218 ], [ -92.190067170116407, 14.572370569927395 ], [ -92.190332150079442, 14.572114480319227 ], [ -92.190479750467077, 14.57185797980657 ], [ -92.191003719952505, 14.571433970327377 ], [ -92.191813110418849, 14.570580380128579 ], [ -92.192475350171662, 14.569869019965806 ], [ -92.193540739949952, 14.569159050293194 ], [ -92.194754379571648, 14.567985709809935 ], [ -92.1957471096365, 14.567097060185084 ], [ -92.196592180018712, 14.56649334972227 ], [ -92.197290549881146, 14.565924830277714 ], [ -92.197880890421317, 14.564820689755667 ], [ -92.198249309958371, 14.564286720115446 ], [ -92.19870462006071, 14.564053339608465 ], [ -92.199349880007574, 14.564084049802506 ], [ -92.199936480004183, 14.564114549706485 ], [ -92.200615450125696, 14.564116820005189 ], [ -92.200904519845082, 14.564117779817886 ], [ -92.201403019794185, 14.564176540179513 ], [ -92.201813399969879, 14.564263569850116 ], [ -92.20234102018614, 14.564379539977397 ], [ -92.202575489626511, 14.564437430314898 ], [ -92.202985969796515, 14.564495889833781 ], [ -92.203426090280942, 14.564468800004283 ], [ -92.203836979581439, 14.564413059722597 ], [ -92.204306859588385, 14.56427184996261 ], [ -92.204501680044757, 14.564175949861859 ], [ -92.204732950048125, 14.564059319873477 ], [ -92.205056349655905, 14.563860519664532 ], [ -92.205292059685448, 14.56357577011234 ], [ -92.205616379848507, 14.563119969878894 ], [ -92.20603004975699, 14.562293280323326 ], [ -92.206532750272899, 14.561181319851608 ], [ -92.206768749606013, 14.560810909709369 ], [ -92.20726979983084, 14.560155800053838 ], [ -92.207770520203482, 14.559586380167838 ], [ -92.208094649988979, 14.559187690308914 ], [ -92.208359259863698, 14.55901723022828 ], [ -92.208682450158733, 14.558875539836158 ], [ -92.209181850065605, 14.55867731020998 ], [ -92.209622479576652, 14.558507430163397 ], [ -92.20994586041833, 14.558308620320309 ], [ -92.210122580382048, 14.558109320160554 ], [ -92.210357769771846, 14.557967319671796 ], [ -92.211386716849262, 14.557807737726792 ], [ -92.211619850287292, 14.557771579614233 ], [ -92.212294850303692, 14.557688149888481 ], [ -92.21271903714333, 14.557657791952558 ], [ -92.213439170097843, 14.557606250412224 ], [ -92.213938260163019, 14.557493659843731 ], [ -92.214466879762782, 14.557324080332608 ], [ -92.214936829983642, 14.557154279695858 ], [ -92.215058437655287, 14.557058100031831 ], [ -92.215260419952401, 14.556898350438422 ], [ -92.215525540226395, 14.556585119727982 ], [ -92.215820510344784, 14.556129219937025 ], [ -92.21611567990665, 14.55561621963675 ], [ -92.216138304229091, 14.555554489735787 ], [ -92.216293380414228, 14.555131370046984 ], [ -92.216382799841142, 14.554731909541371 ], [ -92.21644329003712, 14.554218120336131 ], [ -92.216533429977403, 14.553618780185626 ], [ -92.216535749731634, 14.552962049701923 ], [ -92.216450080017538, 14.552304999683109 ], [ -92.216334460100668, 14.551819199883532 ], [ -92.21624829039726, 14.55130495034834 ], [ -92.216249709633999, 14.550905200316684 ], [ -92.216311820249956, 14.549934549592964 ], [ -92.21631522996158, 14.548972630344503 ], [ -92.216318570344669, 14.548030339818554 ], [ -92.216350030166709, 14.547430799604852 ], [ -92.216469379807336, 14.546860109733265 ], [ -92.216529060353778, 14.546574770430567 ], [ -92.216500849880106, 14.54626057023496 ], [ -92.216472620386384, 14.545946379813277 ], [ -92.216357419725583, 14.545346370148103 ], [ -92.216358939919118, 14.544918060199512 ], [ -92.216360350018064, 14.54451830985152 ], [ -92.216391310067124, 14.544061519935751 ], [ -92.216422259729399, 14.543604770370615 ], [ -92.21654120019123, 14.543148290260289 ], [ -92.216895320158429, 14.542549799653214 ], [ -92.216987520135163, 14.542465339799204 ], [ -92.217454449956563, 14.542037649765486 ], [ -92.217749079547531, 14.541667400245215 ], [ -92.217839710168263, 14.541321850217633 ], [ -92.218014770371241, 14.541011280233846 ], [ -92.218250119671737, 14.540812149654112 ], [ -92.218368259812365, 14.540584109900818 ], [ -92.218457350045782, 14.540270309930039 ], [ -92.218458769646091, 14.539870540180226 ], [ -92.218489620057454, 14.53944231997 ], [ -92.218637580381966, 14.539071599947441 ], [ -92.218903289970413, 14.538587049634124 ], [ -92.219051059810667, 14.538273419689487 ], [ -92.219228659730945, 14.537817139665128 ], [ -92.219288519835033, 14.537474680364017 ], [ -92.219436489709153, 14.537103949732897 ], [ -92.219658709715688, 14.536468050140016 ], [ -92.22007124985187, 14.535926860356822 ], [ -92.220424339580347, 14.535613910329353 ], [ -92.220748080069043, 14.535300860356207 ], [ -92.221101170314654, 14.534987910350662 ], [ -92.221571369849116, 14.534732450409667 ], [ -92.221982910417296, 14.534476779941635 ], [ -92.222540799592466, 14.534307260257245 ], [ -92.223098380248103, 14.534223420315042 ], [ -92.223744059975687, 14.534111280410482 ], [ -92.224301549902592, 14.534055970399498 ], [ -92.224624310398497, 14.534028460325182 ], [ -92.224947449693531, 14.53388674039487 ], [ -92.226751940439229, 14.532098369766414 ], [ -92.227993340445636, 14.533487898184275 ], [ -92.228817140463065, 14.53440997963523 ], [ -92.232184970001256, 14.537521690372559 ], [ -92.237830029635845, 14.542372939565587 ], [ -92.240886260184297, 14.545029660080234 ], [ -92.243818199659131, 14.547603690141994 ], [ -92.248583169741067, 14.552122460371926 ], [ -92.257182490467599, 14.560324139815464 ], [ -92.261138280103935, 14.564136199999572 ], [ -92.261305449623634, 14.564295139597652 ], [ -92.263494630398455, 14.56637654026623 ], [ -92.269174229807689, 14.571762829759331 ], [ -92.270467603324363, 14.572993690186056 ], [ -92.27230987905871, 14.574746870582636 ], [ -92.272337170943402, 14.574772843109766 ], [ -92.27564917181067, 14.577924521450058 ], [ -92.27583034723952, 14.578064520077154 ], [ -92.276601292375815, 14.578721251013265 ], [ -92.276843996955648, 14.578928264214413 ], [ -92.277065287426538, 14.579163831435649 ], [ -92.277900477713558, 14.579963330415618 ], [ -92.279105496747746, 14.58116130176157 ], [ -92.283838549285321, 14.585587934894033 ], [ -92.284746199678054, 14.586436780143226 ], [ -92.284835311867624, 14.586520565098448 ], [ -92.284893713962532, 14.586571092793019 ], [ -92.285757457602045, 14.587384868793885 ], [ -92.286606926011544, 14.58814153688412 ], [ -92.287092336349943, 14.588512733228377 ], [ -92.287841866335768, 14.589212295100744 ], [ -92.288398659682755, 14.58973339731838 ], [ -92.289226712045249, 14.590497204134804 ], [ -92.28971926121099, 14.590996890672475 ], [ -92.290311746616155, 14.591503715927805 ], [ -92.290697219436282, 14.591824942956883 ], [ -92.290982754881156, 14.592103339618328 ], [ -92.291603793973366, 14.592745793975196 ], [ -92.291860776184109, 14.593031329753277 ], [ -92.292110618771346, 14.593266896282895 ], [ -92.292396154159889, 14.593459633301711 ], [ -92.292817319300028, 14.593809413949151 ], [ -92.29289604480914, 14.593876674921987 ], [ -92.293552572285265, 14.594437590852253 ], [ -92.293938044689057, 14.594780234421597 ], [ -92.294723267305471, 14.595529764055339 ], [ -92.294994525835449, 14.595779607057558 ], [ -92.295544180603542, 14.596236463619972 ], [ -92.295900428651777, 14.596519985533689 ], [ -92.296482206654147, 14.59705893422454 ], [ -92.296707065619927, 14.597287361789776 ], [ -92.296771982940612, 14.597407159072363 ], [ -92.296817104537013, 14.597494753350658 ], [ -92.296977718961088, 14.597744597242704 ], [ -92.297229347037216, 14.598039649793281 ], [ -92.297329284375337, 14.598144346319671 ], [ -92.297548195186636, 14.598334702776674 ], [ -92.298259652581166, 14.598950983974042 ], [ -92.298959215198479, 14.599526813307062 ], [ -92.299206172279895, 14.599719995365023 ], [ -92.299733158051168, 14.600206890288836 ], [ -92.299851513435698, 14.600352486348896 ], [ -92.300087078959436, 14.60059519078855 ], [ -92.300301231320418, 14.600797445466887 ], [ -92.301357711991983, 14.601780163206236 ], [ -92.302026340182948, 14.602394063657089 ], [ -92.30215721145602, 14.6025320718931 ], [ -92.302257147786207, 14.60266294296013 ], [ -92.302459401542777, 14.602886612144157 ], [ -92.302611687833362, 14.603048414909875 ], [ -92.303087580251912, 14.60340771419976 ], [ -92.303156584155161, 14.603457683051321 ], [ -92.303230347238255, 14.603505271826052 ], [ -92.303488529982957, 14.603629815246181 ], [ -92.304063159456817, 14.60419055667314 ], [ -92.30441293968704, 14.604549855386978 ], [ -92.305136295790859, 14.605297006228625 ], [ -92.305528907261305, 14.605653925209014 ], [ -92.305750921250606, 14.605843348411456 ], [ -92.305907966475999, 14.605959941648722 ], [ -92.306076906927458, 14.606097950080379 ], [ -92.306136393936413, 14.6061479186087 ], [ -92.306464759697363, 14.606490562082705 ], [ -92.306714603418399, 14.606764200358375 ], [ -92.306943030936964, 14.606975972167042 ], [ -92.307598615623249, 14.607495708917099 ], [ -92.307832191000472, 14.607685155245285 ], [ -92.308236625288941, 14.608013178659288 ], [ -92.308745830254651, 14.608474794413276 ], [ -92.309169374076689, 14.608901906801211 ], [ -92.30923599858842, 14.60897923952604 ], [ -92.309305003175936, 14.609054192683171 ], [ -92.309391348448472, 14.609145589651151 ], [ -92.309467558850002, 14.609223977912649 ], [ -92.309641190649685, 14.609402571876807 ], [ -92.309793477352059, 14.609523924373258 ], [ -92.310038560869273, 14.60971903954953 ], [ -92.310207502733888, 14.609847531270306 ], [ -92.310338372645745, 14.609897499882102 ], [ -92.310416896371351, 14.609952227052851 ], [ -92.310688154379136, 14.610149722022163 ], [ -92.310764296789074, 14.610233004325256 ], [ -92.310842819190796, 14.610328182111749 ], [ -92.310898261365153, 14.61040614920233 ], [ -92.310936332104504, 14.610471584076368 ], [ -92.311575117293629, 14.611062440316664 ], [ -92.312229469289832, 14.611609715862587 ], [ -92.31317411507392, 14.61244728565932 ], [ -92.313531034064766, 14.612747098111146 ], [ -92.314525728017614, 14.613737390362246 ], [ -92.315215772401004, 14.614394121796835 ], [ -92.315282396972378, 14.61445122865649 ], [ -92.315582209167729, 14.614627308584907 ], [ -92.31578208385649, 14.614703451837558 ], [ -92.316000994101998, 14.614931880394741 ], [ -92.316129484693121, 14.615084164832016 ], [ -92.316205627875021, 14.615203137626512 ], [ -92.316357912728463, 14.615369700555217 ], [ -92.316557788273798, 14.615550540003838 ], [ -92.316928984291494, 14.615874145890048 ], [ -92.317547643542454, 14.616378592033822 ], [ -92.317718626535111, 14.616528576833444 ], [ -92.317818901627547, 14.616616537852845 ], [ -92.318631488145201, 14.617358929832378 ], [ -92.318999115322399, 14.617708711146635 ], [ -92.319202559292492, 14.617908586178133 ], [ -92.31934889631188, 14.618087044944859 ], [ -92.319622115327618, 14.618337910931409 ], [ -92.319741506945078, 14.618447534113908 ], [ -92.319937811745831, 14.618625992578913 ], [ -92.320426869356425, 14.61901723879595 ], [ -92.321115649727872, 14.619535689776979 ], [ -92.321341967381926, 14.619783026215485 ], [ -92.321465425602966, 14.619843087072274 ], [ -92.321693853612146, 14.619992992556995 ], [ -92.321783084228144, 14.620060807820781 ], [ -92.321854468131505, 14.620157175750681 ], [ -92.32203292827522, 14.620403450145457 ], [ -92.322675382149967, 14.621095873858453 ], [ -92.323210761355071, 14.621588422171419 ], [ -92.323810384640481, 14.622034571124649 ], [ -92.324245826102356, 14.622462873937478 ], [ -92.325037120933288, 14.623306278624201 ], [ -92.325436747117507, 14.623763248900318 ], [ -92.325660415855708, 14.62409637417969 ], [ -92.325874566652175, 14.624310525149612 ], [ -92.325953090171424, 14.624382108382346 ], [ -92.326042318675121, 14.624462413786214 ], [ -92.326384366649549, 14.624762820820113 ], [ -92.326521185943392, 14.624878819971711 ], [ -92.326583646981675, 14.624932358005548 ], [ -92.326674506985256, 14.625015352779316 ], [ -92.326739117866822, 14.625151658308573 ], [ -92.326809696292173, 14.625330918329054 ], [ -92.326861981311225, 14.625525536072974 ], [ -92.328226965837274, 14.626752692056005 ], [ -92.328275352215869, 14.626760332265858 ], [ -92.328474094302322, 14.626876955662057 ], [ -92.329218866118509, 14.62739329871976 ], [ -92.329364012653571, 14.62751227172034 ], [ -92.329532955208464, 14.627652660102331 ], [ -92.329659065886673, 14.627797808163914 ], [ -92.32982800832923, 14.628002441013731 ], [ -92.329923185937773, 14.628095240241311 ], [ -92.330075471784085, 14.628197556739645 ], [ -92.330282484560058, 14.628333186382561 ], [ -92.330430010551567, 14.628423606171591 ], [ -92.331067707253283, 14.628894739300845 ], [ -92.331631639407476, 14.629420600468464 ], [ -92.332626254340781, 14.630341450573168 ], [ -92.33328774425577, 14.630933937211013 ], [ -92.333601832725364, 14.63119329839693 ], [ -92.333685113982256, 14.631262303404675 ], [ -92.334127693857781, 14.631650155038944 ], [ -92.334351362981664, 14.631873823820111 ], [ -92.334625001074684, 14.632147462149748 ], [ -92.334774907215674, 14.632297367844128 ], [ -92.334917675178943, 14.632423479790571 ], [ -92.33516513886903, 14.63262097528821 ], [ -92.335522058289982, 14.632918407616527 ], [ -92.335817111016709, 14.633168250943402 ], [ -92.336016985756061, 14.633375263846627 ], [ -92.336545226262103, 14.633839259052058 ], [ -92.336935458241342, 14.634172383939051 ], [ -92.337915199267329, 14.635019030417265 ], [ -92.33857252731471, 14.635638132092138 ], [ -92.339664700281688, 14.636644644047793 ], [ -92.339874091782605, 14.636808825644199 ], [ -92.340487993257028, 14.637329928354827 ], [ -92.341185174867334, 14.637929552622117 ], [ -92.341611098776895, 14.638298368589622 ], [ -92.342733609256214, 14.639297147976698 ], [ -92.343881699062408, 14.640311393128769 ], [ -92.344604460930512, 14.641004411367561 ], [ -92.34469071552806, 14.641096615330751 ], [ -92.345098199143479, 14.641465432082644 ], [ -92.345461066790378, 14.641774761632835 ], [ -92.345823934248457, 14.642048400372653 ], [ -92.346124340996013, 14.642316088892441 ], [ -92.346341466730252, 14.642533215307047 ], [ -92.346740027214736, 14.642893108348179 ], [ -92.346873871645187, 14.643006133031685 ], [ -92.34748360839167, 14.643520691067669 ], [ -92.348245035530582, 14.644178017225356 ], [ -92.349178974028476, 14.644987034143879 ], [ -92.349532918873024, 14.645302311943727 ], [ -92.350228911865116, 14.64590015177229 ], [ -92.350630446140258, 14.646242199683625 ], [ -92.351171773303889, 14.646676451082737 ], [ -92.351591152540649, 14.647048242205045 ], [ -92.35189711492626, 14.647335315148181 ], [ -92.352069625723402, 14.647504850664751 ], [ -92.352325418174132, 14.647754695091098 ], [ -92.352655568998159, 14.648049152929511 ], [ -92.353000590567802, 14.648328740352643 ], [ -92.353253407936975, 14.648539917319418 ], [ -92.353988067038756, 14.649170474224706 ], [ -92.354326340836408, 14.649462357950892 ], [ -92.354676122039123, 14.649805000265243 ], [ -92.355382822114422, 14.650447454133058 ], [ -92.355725463712758, 14.650740128378397 ], [ -92.356528141175161, 14.651347680961424 ], [ -92.357488849309746, 14.652207261410704 ], [ -92.35825919889939, 14.652909202022228 ], [ -92.358693450684456, 14.653292889835685 ], [ -92.359954564929069, 14.654393391088394 ], [ -92.360611891448286, 14.654940666834905 ], [ -92.361447677093423, 14.655644392930311 ], [ -92.361714177049464, 14.655872820745145 ], [ -92.362506537377868, 14.656577141188963 ], [ -92.362991947313986, 14.657010203239359 ], [ -92.363235043068343, 14.657450207935359 ], [ -92.363720452949821, 14.657928480322417 ], [ -92.364041680200373, 14.65814263086585 ], [ -92.36442715266827, 14.658456720010482 ], [ -92.364712687605333, 14.658706563694631 ], [ -92.365019638584045, 14.659020651529492 ], [ -92.365240929415023, 14.659249080641874 ], [ -92.36541224954594, 14.659406125065036 ], [ -92.365911937023611, 14.659834428230894 ], [ -92.3662331644001, 14.660105686968159 ], [ -92.366832788073225, 14.660612512113214 ], [ -92.367453827337528, 14.661140751778117 ], [ -92.368060221481613, 14.661681395869532 ], [ -92.368638799399392, 14.662197232715851 ], [ -92.368952887635004, 14.662475629888586 ], [ -92.369409743565001, 14.662846826193263 ], [ -92.36977380246158, 14.663118083986298 ], [ -92.37008075208324, 14.663367928398998 ], [ -92.370468163864999, 14.663716221223586 ], [ -92.371001603560245, 14.664195980061677 ], [ -92.371686887597605, 14.664802743218809 ], [ -92.371972424117374, 14.665038309386819 ], [ -92.372265096819632, 14.665288152542507 ], [ -92.373307301149424, 14.666180451188058 ], [ -92.373728466170434, 14.666551646148374 ], [ -92.37454224181009, 14.667201239084273 ], [ -92.374870607047512, 14.667436806070974 ], [ -92.375227526216705, 14.667708064691521 ], [ -92.37555589220743, 14.668000738278023 ], [ -92.375891396016897, 14.668279135196698 ], [ -92.376569542175417, 14.668828791194121 ], [ -92.376905046142952, 14.669042942391041 ], [ -92.377190581663712, 14.669257093582413 ], [ -92.37746897879363, 14.669528351718389 ], [ -92.377633162399135, 14.669706812474104 ], [ -92.378261338965018, 14.670242190242503 ], [ -92.3792250211349, 14.670970306023554 ], [ -92.379517694753375, 14.671227287054222 ], [ -92.379760399941532, 14.671455716423591 ], [ -92.38026008644573, 14.67189115719237 ], [ -92.380959648031393, 14.672419397282873 ], [ -92.381809115640877, 14.673076128554213 ], [ -92.382472985388517, 14.673661475863234 ], [ -92.382672860404, 14.673818519628863 ], [ -92.382979810003263, 14.674054087373182 ], [ -92.383201099909343, 14.674218270081619 ], [ -92.383436667367363, 14.674375313883353 ], [ -92.383657957305772, 14.674510943893027 ], [ -92.383929214919021, 14.674696540637077 ], [ -92.384171919922622, 14.674882139319584 ], [ -92.384393209651861, 14.675124843648586 ], [ -92.38457880764777, 14.675310442031225 ], [ -92.384957143372787, 14.675674500137685 ], [ -92.385199848188563, 14.675902928310965 ], [ -92.385649566003408, 14.676231294091956 ], [ -92.385935100886257, 14.676409753176564 ], [ -92.386234913153643, 14.676588213103926 ], [ -92.386791706897128, 14.677030793047985 ], [ -92.387248562550369, 14.677401989209482 ], [ -92.38748413029235, 14.677609002166271 ], [ -92.387676866042241, 14.677823153299782 ], [ -92.387933848297223, 14.678051581594229 ], [ -92.388326459104235, 14.678329977566541 ], [ -92.388654824979398, 14.678594099298826 ], [ -92.389190203995426, 14.679043816908111 ], [ -92.389454323596183, 14.679300798887041 ], [ -92.389954011262077, 14.679736239605131 ], [ -92.390239546486285, 14.679957529604094 ], [ -92.390467973690377, 14.680093159227226 ], [ -92.390739233374973, 14.680243064744827 ], [ -92.391046182851682, 14.680414386028316 ], [ -92.391331718624002, 14.680599984050017 ], [ -92.391610115018224, 14.680806997225577 ], [ -92.391867096979425, 14.680999733988807 ], [ -92.392038417762265, 14.681135362868972 ], [ -92.392381061094753, 14.681456590182664 ], [ -92.392588073655702, 14.681663602767147 ], [ -92.392802224875851, 14.681849201106379 ], [ -92.393030653723841, 14.681977692175698 ], [ -92.393323326682307, 14.682141875249723 ], [ -92.393801599312084, 14.682498794173366 ], [ -92.39490328970264, 14.683345882188888 ], [ -92.395579055843157, 14.683945506356771 ], [ -92.395893144579304, 14.684173934946545 ], [ -92.396169163062751, 14.684326220358503 ], [ -92.396568912083339, 14.684545130656051 ], [ -92.397339857873689, 14.685059094240815 ], [ -92.398120321162594, 14.685658717609174 ], [ -92.398462963220382, 14.685944254001926 ], [ -92.399596776380605, 14.686861535745404 ], [ -92.4002249544221, 14.687304115797062 ], [ -92.400753193805429, 14.687625342806072 ], [ -92.401202912601974, 14.687960847033038 ], [ -92.401873921412601, 14.688410564994815 ], [ -92.402173733082009, 14.688567608578268 ], [ -92.402437852657584, 14.688760346157823 ], [ -92.402652004421682, 14.688988773893712 ], [ -92.402710252114133, 14.689064338532283 ], [ -92.402916123913911, 14.689331415633566 ], [ -92.403087445770424, 14.689531291214184 ], [ -92.403244490182303, 14.689659782046002 ], [ -92.403387257571794, 14.689738304188001 ], [ -92.403665655288691, 14.689873933694082 ], [ -92.404008297200463, 14.690059530740921 ], [ -92.404385966128586, 14.690264551681214 ], [ -92.405597784643106, 14.690972609533198 ], [ -92.405847628836028, 14.691145120803119 ], [ -92.406340343619974, 14.691498817400113 ], [ -92.406713743891274, 14.691794159114814 ], [ -92.407370475318388, 14.692186770292222 ], [ -92.407648872322923, 14.692358091456265 ], [ -92.408084314296815, 14.692672180231501 ], [ -92.40858400062983, 14.693064790780012 ], [ -92.408776736545121, 14.693228974228719 ], [ -92.409026580018391, 14.693364603108693 ], [ -92.409212177796476, 14.693464540268314 ], [ -92.409483437392268, 14.693578753899489 ], [ -92.409697587788912, 14.693664415352357 ], [ -92.409997400038463, 14.693828597865821 ], [ -92.410282936449875, 14.694028471943289 ], [ -92.410711239274647, 14.694342560820791 ], [ -92.411289447931011, 14.694713756952936 ], [ -92.411467907345966, 14.694813695155158 ], [ -92.415364319049615, 14.692857186615624 ], [ -92.415535640322133, 14.692790562200596 ], [ -92.415621300803394, 14.692876222149458 ], [ -92.415649853939769, 14.693009472115065 ], [ -92.415488050526605, 14.693123686363851 ], [ -92.4124899298358, 14.694532327169703 ], [ -92.410891174926405, 14.69535822713733 ], [ -92.41061325017003, 14.697303850284857 ], [ -92.410643400275433, 14.699035119953621 ], [ -92.408797999986618, 14.701484109954214 ], [ -92.408692792463256, 14.701815695314748 ], [ -92.410892635620982, 14.699537959858583 ], [ -92.410924809606414, 14.699470228658495 ], [ -92.410938521643629, 14.699367392392473 ], [ -92.410979343627943, 14.699306159181418 ], [ -92.411045270010959, 14.699234344257533 ], [ -92.411093062712567, 14.699204932080887 ], [ -92.411167880069897, 14.699177034573117 ], [ -92.411255917294113, 14.699177035238289 ], [ -92.411335171915425, 14.699202489099333 ], [ -92.411376272665393, 14.699243589618334 ], [ -92.411379705865784, 14.699295780956238 ], [ -92.411352547974516, 14.699353114684339 ], [ -92.411252610264427, 14.699457811274646 ], [ -92.411086048135473, 14.699548230602575 ], [ -92.409510845172491, 14.701180541454491 ], [ -92.40873990037106, 14.701975280675306 ], [ -92.408649474227701, 14.70205783490462 ], [ -92.408649119819103, 14.702067259793695 ], [ -92.408701489629493, 14.702455679558161 ], [ -92.408982909914982, 14.703016919943583 ], [ -92.410523170408737, 14.704667000219068 ], [ -92.411059901259932, 14.705191496736555 ], [ -92.411188495047, 14.705279243175829 ], [ -92.411408349698803, 14.705361800260869 ], [ -92.411811549655425, 14.705938940174287 ], [ -92.41223362977739, 14.706051179837766 ], [ -92.412520250334765, 14.706535620248374 ], [ -92.41271872496209, 14.706746068437662 ], [ -92.412770447192287, 14.706774905852685 ], [ -92.412832572656285, 14.706757998128186 ], [ -92.413227563456658, 14.706377283829527 ], [ -92.41329418784035, 14.706210722439119 ], [ -92.413384607774105, 14.706148856220926 ], [ -92.413522616309223, 14.706182167749924 ], [ -92.413570204723896, 14.706267829037806 ], [ -92.413527374566996, 14.706353489245998 ], [ -92.413441714751016, 14.706439149550786 ], [ -92.413270392775459, 14.706605712134396 ], [ -92.41293500563512, 14.706975396253055 ], [ -92.413407339690565, 14.70747622028707 ], [ -92.413807399746005, 14.707635030044964 ], [ -92.414047449753994, 14.708064819681208 ], [ -92.41493794018379, 14.708843829689185 ], [ -92.415388829721692, 14.70895558038116 ], [ -92.415462302667862, 14.709212440454687 ], [ -92.415585349000821, 14.709263822006918 ], [ -92.415713490950068, 14.709430963807058 ], [ -92.415722168227944, 14.709442281658275 ], [ -92.41585898725036, 14.709585048947336 ], [ -92.416144521597786, 14.709840841400219 ], [ -92.416515454008859, 14.710138803747757 ], [ -92.416523150343892, 14.710135050458833 ], [ -92.416828519752642, 14.710349939792994 ], [ -92.416843793371257, 14.710402550623625 ], [ -92.416870258222588, 14.710423808956133 ], [ -92.41704276882659, 14.710596319976483 ], [ -92.417584095822477, 14.711090057882826 ], [ -92.418101629230506, 14.7115600020205 ], [ -92.418934440346874, 14.712309532273173 ], [ -92.41906849391259, 14.71243512028745 ], [ -92.419226109788497, 14.712509909660522 ], [ -92.419336970327109, 14.712686639659811 ], [ -92.419499562193238, 14.712838962453977 ], [ -92.419958438188573, 14.713274894392168 ], [ -92.419975455152922, 14.713291060106693 ], [ -92.420528678889212, 14.713749106006611 ], [ -92.420790419755662, 14.713951360019246 ], [ -92.421010519786492, 14.714117923434172 ], [ -92.421729694774626, 14.714775454930962 ], [ -92.421905520395981, 14.714931679926027 ], [ -92.421929488682025, 14.714956193259091 ], [ -92.422063431762098, 14.715075656377493 ], [ -92.422610707926395, 14.715551547768069 ], [ -92.422872448003247, 14.715724059256143 ], [ -92.423389980768434, 14.716211848323457 ], [ -92.423595140536307, 14.716432318767577 ], [ -92.424023880224752, 14.716809050034897 ], [ -92.424506600135388, 14.717307450389031 ], [ -92.424765199864112, 14.717528459828458 ], [ -92.425088679788743, 14.717879649952652 ], [ -92.425499505265165, 14.718286598908383 ], [ -92.425747821263244, 14.718312400750429 ], [ -92.425805479963955, 14.718346090091908 ], [ -92.425868318293581, 14.718402419673374 ], [ -92.425876558812249, 14.718666487667862 ], [ -92.426313380363055, 14.719065969765472 ], [ -92.426567614313512, 14.719319855778039 ], [ -92.42674997972378, 14.719429600223908 ], [ -92.426853050350189, 14.71932762036079 ], [ -92.426963979760515, 14.719315679918658 ], [ -92.426993509823149, 14.719412970306811 ], [ -92.426897861449802, 14.719541263730088 ], [ -92.427073780383878, 14.719756740109673 ], [ -92.42792552227364, 14.720616492253834 ], [ -92.427925539337224, 14.720616513169899 ], [ -92.42813307983684, 14.720863850209568 ], [ -92.428455500356918, 14.721140856375538 ], [ -92.428565569246516, 14.721116855276939 ], [ -92.428715475139867, 14.721395251598771 ], [ -92.428700144504688, 14.721422295162414 ], [ -92.428779080034076, 14.721536509637057 ], [ -92.429272680184667, 14.721825249652481 ], [ -92.429431484766297, 14.721893284778732 ], [ -92.429479282253183, 14.721873524052748 ], [ -92.429539526732711, 14.721824150855849 ], [ -92.429596633909611, 14.721762284849786 ], [ -92.429646602721832, 14.721674245430471 ], [ -92.429651362448979, 14.721626655975502 ], [ -92.429670398263013, 14.721557652101209 ], [ -92.429710847523268, 14.721448197235569 ], [ -92.429734643027629, 14.72139584831865 ], [ -92.429758437784656, 14.721383951305274 ], [ -92.430046351733353, 14.721353017565326 ], [ -92.430132013182643, 14.72140536621481 ], [ -92.430153427721834, 14.721455335008436 ], [ -92.430136772276555, 14.721512441776621 ], [ -92.430010661103267, 14.721724214057197 ], [ -92.429967830372988, 14.721771803132421 ], [ -92.429815544751648, 14.721847945586761 ], [ -92.429591874661867, 14.7219883338405 ], [ -92.429353929074139, 14.722335735147366 ], [ -92.429315858371424, 14.722392842660062 ], [ -92.429306340164715, 14.722452328623142 ], [ -92.429313478430288, 14.722511815878736 ], [ -92.42951811202488, 14.722942498407098 ], [ -92.429648982408182, 14.723208998304131 ], [ -92.42977747330734, 14.723456461950223 ], [ -92.429882169687446, 14.7236277827924 ], [ -92.429963070908144, 14.723758653175219 ], [ -92.430089183183284, 14.724027531889851 ], [ -92.430139151244774, 14.724189336123384 ], [ -92.430148669035702, 14.72424168427054 ], [ -92.430124874573394, 14.724346379549358 ], [ -92.430101080266354, 14.724396348681191 ], [ -92.430058250167946, 14.724472491459576 ], [ -92.430022557893722, 14.724501045155071 ], [ -92.429944036439949, 14.724498666010815 ], [ -92.429917862399478, 14.724455835284125 ], [ -92.429839338553464, 14.724213129972011 ], [ -92.429784611689712, 14.724205991889521 ], [ -92.429637085069743, 14.724313068235722 ], [ -92.429537148403483, 14.72449628584959 ], [ -92.429513843150971, 14.724550067905771 ], [ -92.429529680033383, 14.724571290356032 ], [ -92.429889350056968, 14.725184920275131 ], [ -92.429965549857386, 14.725440169832179 ], [ -92.430657966579929, 14.726152088402428 ], [ -92.430762570041807, 14.726157150035096 ], [ -92.43090057897966, 14.726140494135787 ], [ -92.431024311091946, 14.726111939715851 ], [ -92.431150421849765, 14.726069110152157 ], [ -92.431257498102141, 14.726007244086682 ], [ -92.431309846284933, 14.725959655398839 ], [ -92.431295568726028, 14.725907306404824 ], [ -92.431010033550663, 14.725650325059419 ], [ -92.430974341931901, 14.725593218209804 ], [ -92.430993378324231, 14.725552766849018 ], [ -92.43104572622201, 14.725521834403521 ], [ -92.431112350767592, 14.725507557390886 ], [ -92.43122656516843, 14.725548008096224 ], [ -92.431319364029008, 14.725609873794211 ], [ -92.431428818572726, 14.7256931554072 ], [ -92.431847603759337, 14.726135735015736 ], [ -92.432211662271811, 14.726545001774157 ], [ -92.432411537314039, 14.726771051229251 ], [ -92.432580478266161, 14.726975684413569 ], [ -92.432654242445281, 14.727066103945306 ], [ -92.432678036112677, 14.727116072812587 ], [ -92.432670897688595, 14.727177938965953 ], [ -92.43265662053885, 14.727232666255807 ], [ -92.432606653007085, 14.727261219896906 ], [ -92.432540028256099, 14.727261220062523 ], [ -92.432271148902601, 14.726947131020653 ], [ -92.432254492427774, 14.726944750654463 ], [ -92.432173591208524, 14.726975684302458 ], [ -92.432106965911828, 14.727080381007493 ], [ -92.432026063743606, 14.727220769355656 ], [ -92.43198085412142, 14.727327845341192 ], [ -92.431975595148117, 14.727501375492315 ], [ -92.432686090429726, 14.728225290200783 ], [ -92.432573219836087, 14.728423459879384 ], [ -92.432918138756634, 14.728754190723169 ], [ -92.433020678674737, 14.728779316248382 ], [ -92.433277660565679, 14.728810248878657 ], [ -92.433487052622397, 14.728781694812037 ], [ -92.433791623869467, 14.728724587995444 ], [ -92.433993878464506, 14.728619891952908 ], [ -92.43404146831881, 14.72851519622461 ], [ -92.434055743913532, 14.728422397219601 ], [ -92.433798762400471, 14.728203486119584 ], [ -92.433739276028533, 14.72814637942647 ], [ -92.43371310186744, 14.728086892897664 ], [ -92.433741654933144, 14.728027406419452 ], [ -92.433779726790434, 14.727984575579779 ], [ -92.433858248808576, 14.727958401840532 ], [ -92.433943909677637, 14.728008371096156 ], [ -92.434465012198487, 14.728422397210347 ], [ -92.434662507230513, 14.728593717754203 ], [ -92.435366826813649, 14.729288521216118 ], [ -92.435495317626433, 14.729426529152255 ], [ -92.435538147643044, 14.729507431150488 ], [ -92.435504836141689, 14.729569297131235 ], [ -92.435447728795026, 14.729612127359971 ], [ -92.435376345314253, 14.729631163168929 ], [ -92.435323997119482, 14.729588333213359 ], [ -92.435093188584545, 14.72932897107234 ], [ -92.435038461688976, 14.729419391160571 ], [ -92.43496231908226, 14.729657336860134 ], [ -92.434955180612633, 14.729835797250949 ], [ -92.435005148586484, 14.730126091099415 ], [ -92.435174091261004, 14.730378313807703 ], [ -92.43535968898361, 14.730613879698993 ], [ -92.436387616280911, 14.731679878788945 ], [ -92.436994379358595, 14.732291400380236 ], [ -92.437018049323854, 14.732314032569468 ], [ -92.437030819244669, 14.73232453073631 ], [ -92.437419679125341, 14.732644247707638 ], [ -92.438381549390627, 14.73348723086953 ], [ -92.438813079751739, 14.733865419663529 ], [ -92.439905149561639, 14.734806849844766 ], [ -92.440444536922413, 14.73531858797225 ], [ -92.440604020718197, 14.735458463164894 ], [ -92.441032324367868, 14.735836797050947 ], [ -92.441490225715341, 14.736236861827019 ], [ -92.441685794342135, 14.736407726707567 ], [ -92.443400920093595, 14.737387719867597 ], [ -92.446129679985447, 14.73972029069474 ], [ -92.44711303033354, 14.740444001015964 ], [ -92.447575650025158, 14.740896230635272 ], [ -92.449201279887987, 14.742243172231566 ], [ -92.450299939869893, 14.743148579773369 ], [ -92.452303310083167, 14.744904779572435 ], [ -92.454642137179292, 14.746944694971221 ], [ -92.454784154243939, 14.747068558959946 ], [ -92.456521290030153, 14.748583622036152 ], [ -92.45896038035535, 14.750749551564638 ], [ -92.46007834000585, 14.751756681779639 ], [ -92.462285919654548, 14.753790150548436 ], [ -92.464507020103881, 14.75588943049658 ], [ -92.466363169825769, 14.757524910209915 ], [ -92.466397089715656, 14.75755478041278 ], [ -92.469198310418889, 14.760159310280876 ], [ -92.472739170070611, 14.763417520163587 ], [ -92.475777830341684, 14.76631908008714 ], [ -92.479545520150225, 14.770059199664464 ], [ -92.483046420433752, 14.773429030422189 ], [ -92.487034880405361, 14.777271690429117 ], [ -92.490840010311516, 14.781031189862826 ], [ -92.490843960892562, 14.781034699080966 ], [ -92.490861063429051, 14.781051989300865 ], [ -92.492322449937745, 14.782495780223185 ], [ -92.493824765388183, 14.783924974468958 ], [ -92.49444646498047, 14.784487297333682 ], [ -92.494934253708848, 14.784956050129674 ], [ -92.495517221798892, 14.785489050001898 ], [ -92.49598121684366, 14.78594114692501 ], [ -92.496228680997746, 14.786193370371988 ], [ -92.49630781648564, 14.786287083098909 ], [ -92.497115140218767, 14.787055061056419 ], [ -92.497283590212604, 14.787208507544372 ], [ -92.497540641960498, 14.787442662413429 ], [ -92.498168259262869, 14.788014371148973 ], [ -92.498884046582305, 14.788746809207275 ], [ -92.498898436260674, 14.788760809116521 ], [ -92.499298185920495, 14.789124866252729 ], [ -92.49976218040851, 14.789548410277547 ], [ -92.499997746570443, 14.789776837697366 ], [ -92.500304697941615, 14.790074271261986 ], [ -92.500525986806736, 14.790283664138634 ], [ -92.500749657004874, 14.790464503008714 ], [ -92.501089919595032, 14.790735761185951 ], [ -92.501508704630538, 14.791140269571569 ], [ -92.501741891820842, 14.791390113037295 ], [ -92.501794239863273, 14.791485291429483 ], [ -92.501948904973915, 14.791666130178703 ], [ -92.50215591843984, 14.791866004712089 ], [ -92.50254614964031, 14.79221816480664 ], [ -92.502948279455367, 14.792577463921441 ], [ -92.503064871808633, 14.792682159901242 ], [ -92.503229054911614, 14.79283682476191 ], [ -92.503545523139863, 14.793162811035334 ], [ -92.503721604307486, 14.793353167976768 ], [ -92.504114215240662, 14.793726744002806 ], [ -92.50446637482284, 14.794050350112881 ], [ -92.505204008429359, 14.794709460656856 ], [ -92.505594238627552, 14.795021169611879 ], [ -92.506419912224814, 14.795830186645205 ], [ -92.506986224134096, 14.796389360734207 ], [ -92.507485911466574, 14.796822421801755 ], [ -92.50796180297813, 14.797215033869737 ], [ -92.508369248645067, 14.797664838117138 ], [ -92.50913997982596, 14.798375030301147 ], [ -92.50950711998189, 14.798725739652681 ], [ -92.509581169686982, 14.79880196996033 ], [ -92.510450379687768, 14.799696950204087 ], [ -92.51234998005809, 14.801541659870329 ], [ -92.512537830548965, 14.801730673022515 ], [ -92.512599372602793, 14.801771700883299 ], [ -92.512839698173607, 14.801973956386602 ], [ -92.513137131196473, 14.802311838817513 ], [ -92.513272759629814, 14.802466503896675 ], [ -92.513289273061858, 14.802486760630607 ], [ -92.513730510242254, 14.802930719723044 ], [ -92.514249220092722, 14.803443769558859 ], [ -92.514574510370394, 14.803792289920112 ], [ -92.514743169876056, 14.803966919900706 ], [ -92.51501411001469, 14.80423005009796 ], [ -92.515227509889186, 14.80445437019098 ], [ -92.515465689761157, 14.804668580276225 ], [ -92.515528174694552, 14.804728037399546 ], [ -92.515557043124659, 14.804741268923282 ], [ -92.515671256724914, 14.804831687613783 ], [ -92.515785471299125, 14.804929245762304 ], [ -92.515875793085002, 14.805019568337537 ], [ -92.515898050120057, 14.805035690094456 ], [ -92.515931961881819, 14.805114183387275 ], [ -92.515949654390724, 14.805145776604142 ], [ -92.516103912814557, 14.805342930950717 ], [ -92.516196229975961, 14.805429249894233 ], [ -92.5163744798853, 14.805639600384179 ], [ -92.51671336956926, 14.80596557960788 ], [ -92.517451939869616, 14.806652219930291 ], [ -92.518084045651705, 14.807391077591635 ], [ -92.51822917729244, 14.807529997025242 ], [ -92.518452846824175, 14.807770322977541 ], [ -92.518563324277466, 14.807891972839954 ], [ -92.519272564018721, 14.808625466300759 ], [ -92.519385594581976, 14.808736384018072 ], [ -92.519890041054495, 14.809231311708716 ], [ -92.520011393920953, 14.809347904691215 ], [ -92.520201751095669, 14.809540642065716 ], [ -92.52039686568304, 14.809747654956851 ], [ -92.520549152326211, 14.809930872840845 ], [ -92.520599371767815, 14.809997620751414 ], [ -92.520812219704538, 14.810217740189152 ], [ -92.520910402616877, 14.810388347035873 ], [ -92.521013146878502, 14.810511462365913 ], [ -92.521707948963893, 14.811168192630888 ], [ -92.522526484040014, 14.812105701390067 ], [ -92.523176077029589, 14.812781466635693 ], [ -92.524137379354883, 14.81382129169253 ], [ -92.524558544281447, 14.814275768850521 ], [ -92.524832181779303, 14.814527991564798 ], [ -92.525134372992355, 14.814846840420303 ], [ -92.526001687066156, 14.815811116388389 ], [ -92.526560859595989, 14.816341736205903 ], [ -92.526877328400815, 14.816624891758398 ], [ -92.527115274276099, 14.81686283838758 ], [ -92.527603064127973, 14.817393458431374 ], [ -92.528200309069859, 14.818004979292375 ], [ -92.528657165060721, 14.818495148250676 ], [ -92.529306758358459, 14.819194710390313 ], [ -92.529587533817335, 14.819487382601299 ], [ -92.529730302338564, 14.819613495374945 ], [ -92.530320408044716, 14.820296399553735 ], [ -92.530513145293583, 14.820536725934849 ], [ -92.531093733104328, 14.821126831718299 ], [ -92.532254909865642, 14.822195210344539 ], [ -92.533011579344532, 14.822963775619678 ], [ -92.533558854797249, 14.823549123063987 ], [ -92.534884214695865, 14.824933969831495 ], [ -92.535369624633233, 14.825428897541054 ], [ -92.535821721747553, 14.825876236016635 ], [ -92.536357101175781, 14.826404477062402 ], [ -92.536564114260429, 14.826616248849401 ], [ -92.536935309886701, 14.827120693758562 ], [ -92.537185152667007, 14.827444300559419 ], [ -92.537430237936874, 14.827691764849906 ], [ -92.537903751174923, 14.828158138692963 ], [ -92.538346330087435, 14.828591201299288 ], [ -92.539450399611397, 14.82963578478885 ], [ -92.540190413188952, 14.830356760591442 ], [ -92.540525916612992, 14.830770787711167 ], [ -92.540718652641118, 14.830977800865933 ], [ -92.541016085719761, 14.831222885327488 ], [ -92.541444389132067, 14.831670224396097 ], [ -92.542148709354635, 14.832419754268651 ], [ -92.542484213456646, 14.832733842592246 ], [ -92.542938690136438, 14.83315024897929 ], [ -92.543252778594919, 14.833480994095334 ], [ -92.544107006045749, 14.834397085999695 ], [ -92.544604312889277, 14.83487535757652 ], [ -92.54488746937102, 14.835127580723286 ], [ -92.545046892874865, 14.83528462475801 ], [ -92.545463297731629, 14.835734342580409 ], [ -92.546041506927651, 14.836441042737016 ], [ -92.546474569103822, 14.836924073658652 ], [ -92.546938563882605, 14.837392827069406 ], [ -92.547514393940062, 14.837909170842831 ], [ -92.547930799300346, 14.838318438276852 ], [ -92.548235369777657, 14.838646803101286 ], [ -92.548604187313543, 14.839046552999196 ], [ -92.549398926762478, 14.839891262306523 ], [ -92.5499557214427, 14.840440916735098 ], [ -92.550407817800206, 14.840900153427027 ], [ -92.550662421094529, 14.841204724070431 ], [ -92.550828983222061, 14.841416496023927 ], [ -92.55115021025, 14.841771035767044 ], [ -92.551559477010969, 14.842199339314234 ], [ -92.551906878610794, 14.842553878202802 ], [ -92.552820591573223, 14.843477109261139 ], [ -92.553270309945475, 14.843945862661045 ], [ -92.554088844198461, 14.844854816976675 ], [ -92.555138187271226, 14.84600171702751 ], [ -92.555266678439963, 14.846130208117158 ], [ -92.555342820207343, 14.846203971879175 ], [ -92.555835130939741, 14.8467012790593 ], [ -92.556263433659026, 14.847134341085768 ], [ -92.556977272426181, 14.847869594434826 ], [ -92.557584035116975, 14.848437095602524 ], [ -92.55804565013166, 14.84886777758795 ], [ -92.558250283743178, 14.849060514593496 ], [ -92.558395430629545, 14.849203282099674 ], [ -92.558469194178883, 14.849281804355094 ], [ -92.558880841188426, 14.849724384226773 ], [ -92.55970413364301, 14.850609544080122 ], [ -92.560463183373074, 14.851428078311331 ], [ -92.560998560699474, 14.852032461354636 ], [ -92.561959862674115, 14.85295807193762 ], [ -92.562571385335744, 14.853495829981382 ], [ -92.562963996084008, 14.853888440876458 ], [ -92.56318290614621, 14.854116869095845 ], [ -92.563344710385124, 14.854323881598871 ], [ -92.563582655585833, 14.854599899691188 ], [ -92.563694490795868, 14.854728391109894 ], [ -92.564065686053397, 14.855101966393093 ], [ -92.564784284186018, 14.855784870812247 ], [ -92.56551239916493, 14.856541539611136 ], [ -92.565686099013803, 14.856717619684284 ], [ -92.566276205549315, 14.857302967142514 ], [ -92.566554602690701, 14.857652748147306 ], [ -92.567451658743948, 14.858680674818771 ], [ -92.567532561162295, 14.858766335664944 ], [ -92.567879962343639, 14.859125635218678 ], [ -92.567948967388404, 14.85918750102328 ], [ -92.568046524925364, 14.859242228390711 ], [ -92.568874576839022, 14.860032208648596 ], [ -92.569795428931599, 14.861079171720354 ], [ -92.570245147176109, 14.861583617740111 ], [ -92.570380775901612, 14.861724006160093 ], [ -92.570459297685673, 14.861802527947223 ], [ -92.570923292860456, 14.862230831071015 ], [ -92.571560989270623, 14.862918495466134 ], [ -92.57227482719756, 14.863658508306118 ], [ -92.572634125978695, 14.864017805684076 ], [ -92.573088603145237, 14.864553185438785 ], [ -92.573823855702003, 14.865352684360097 ], [ -92.574242641249171, 14.865866647671259 ], [ -92.574542452575699, 14.866206910947245 ], [ -92.575144457142315, 14.866839846609652 ], [ -92.575420474019154, 14.867094449074148 ], [ -92.575501376180782, 14.867168213260424 ], [ -92.575784531800636, 14.867415676923246 ], [ -92.576020098812165, 14.867610793396548 ], [ -92.576122414633858, 14.867694074090126 ], [ -92.576231871272782, 14.867779734388355 ], [ -92.576327049065668, 14.867872533421616 ], [ -92.576710142364675, 14.868267524348429 ], [ -92.577088477242299, 14.86868630944247 ], [ -92.577578645701337, 14.869245481984366 ], [ -92.578499496683591, 14.87011398587169 ], [ -92.578727924794023, 14.870349552007673 ], [ -92.579246647667915, 14.87089206915585 ], [ -92.579506009089954, 14.871179983744019 ], [ -92.579791544207055, 14.871532144332678 ], [ -92.579946209429067, 14.871717742115468 ], [ -92.580062803016588, 14.871850992255816 ], [ -92.58016273976736, 14.871943791266055 ], [ -92.580250780380268, 14.872015175123479 ], [ -92.580569627846032, 14.872257879550656 ], [ -92.580895613716862, 14.872600521917791 ], [ -92.581478581745969, 14.873214422844194 ], [ -92.582173384781214, 14.874023439888878 ], [ -92.583336941269636, 14.875208412328272 ], [ -92.584105507125827, 14.875924628658531 ], [ -92.584612332277217, 14.876555185714535 ], [ -92.584926420993568, 14.876933520819799 ], [ -92.585085844883807, 14.877107221071032 ], [ -92.585264305026058, 14.877288060364311 ], [ -92.585319032407469, 14.877335649820724 ], [ -92.585783027262082, 14.877709225450714 ], [ -92.586342200050524, 14.87825650110331 ], [ -92.586639632737089, 14.878637215272251 ], [ -92.586937066165021, 14.879003651638323 ], [ -92.587060798315434, 14.87914879939547 ], [ -92.587165494063612, 14.879220182757294 ], [ -92.587298744185915, 14.879263012613865 ], [ -92.587429613792835, 14.879348674020427 ], [ -92.587655662582605, 14.87956044602943 ], [ -92.587734184975915, 14.879650865400153 ], [ -92.58786029713518, 14.879800771134354 ], [ -92.588443264419254, 14.880452743602149 ], [ -92.588552720062822, 14.880547922443432 ], [ -92.588695487160564, 14.880674032949504 ], [ -92.589042889027553, 14.88102143476085 ], [ -92.589490226534494, 14.881468773203284 ], [ -92.589885217751444, 14.881868523397092 ], [ -92.590127922570417, 14.882218304278133 ], [ -92.590308761980694, 14.882491942286991 ], [ -92.590606194761392, 14.882836964343387 ], [ -92.590744202999801, 14.882977352146199 ], [ -92.591162393758069, 14.883336649946731 ], [ -92.591409263216477, 14.883574596344369 ], [ -92.591947615689506, 14.884107000750614 ], [ -92.592631710847243, 14.88482678791417 ], [ -92.593425855625767, 14.885647701600574 ], [ -92.594124823195116, 14.886349643116047 ], [ -92.594238165413145, 14.886471751772525 ], [ -92.595240194668847, 14.887551270719152 ], [ -92.59555844815047, 14.887881421140685 ], [ -92.595927263604793, 14.888211571347517 ], [ -92.596415053918292, 14.888684488741267 ], [ -92.596798742116931, 14.889059254192462 ], [ -92.597399555926216, 14.889710631290574 ], [ -92.598050932896271, 14.890430418074468 ], [ -92.598526825163404, 14.89096579686154 ], [ -92.599065177539629, 14.891498202161237 ], [ -92.599900963980758, 14.892360755922786 ], [ -92.601649868234347, 14.894166171811767 ], [ -92.602054375911379, 14.894526065566707 ], [ -92.602539190876712, 14.895007906761091 ], [ -92.603523692920007, 14.896034049353476 ], [ -92.604368402111589, 14.896914450097317 ], [ -92.604772910703332, 14.897336804114586 ], [ -92.605341006894307, 14.897955464390694 ], [ -92.605775257755937, 14.898315357031057 ], [ -92.605992384446367, 14.898523559707046 ], [ -92.606152998044337, 14.898752583364086 ], [ -92.606435558713457, 14.899055964778929 ], [ -92.606730017415174, 14.899344473896528 ], [ -92.607366522567801, 14.899966108313084 ], [ -92.608026823242014, 14.900673998359405 ], [ -92.60844025505591, 14.90108148118237 ], [ -92.609127324237178, 14.901759627334371 ], [ -92.609519935123387, 14.90214926397997 ], [ -92.610052339621831, 14.902678694266134 ], [ -92.610189158550654, 14.902818487181504 ], [ -92.61068884477919, 14.903344942571708 ], [ -92.611500836750579, 14.904162883365704 ], [ -92.611902371284373, 14.904617954811057 ], [ -92.612476416363151, 14.905272305838224 ], [ -92.612863077705228, 14.905676814640019 ], [ -92.613273534554096, 14.905986145226478 ], [ -92.613330047291726, 14.906009938811462 ], [ -92.613561919854433, 14.906222549909783 ], [ -92.614331199704068, 14.906919619612919 ], [ -92.614971219728901, 14.907515859722928 ], [ -92.615628349864679, 14.908060290234992 ], [ -92.616128490188515, 14.908713740024373 ], [ -92.616686349738501, 14.909317970347722 ], [ -92.617061690420314, 14.909804750351082 ], [ -92.61744325016403, 14.910199370338052 ], [ -92.617913399776924, 14.910692199611983 ], [ -92.618410660304022, 14.911186770040045 ], [ -92.61902908038563, 14.91182962997587 ], [ -92.619800309566457, 14.912649379608039 ], [ -92.620422459976538, 14.913303860271716 ], [ -92.620713490132857, 14.913605120109748 ], [ -92.621102830293623, 14.913970399771875 ], [ -92.621560599894764, 14.914422570287451 ], [ -92.622155970131217, 14.915038280272945 ], [ -92.622472719577175, 14.915378289949517 ], [ -92.622699220167945, 14.915415570044999 ], [ -92.622919939564071, 14.915557539972115 ], [ -92.62311058003263, 14.915755150142777 ], [ -92.623303079579614, 14.916023250028887 ], [ -92.623474079723735, 14.916219599577513 ], [ -92.62361705017176, 14.916343829879633 ], [ -92.62373649033924, 14.916524120444235 ], [ -92.623845089616609, 14.916767689905328 ], [ -92.624018680229099, 14.916925849725526 ], [ -92.624238109633851, 14.917086910283381 ], [ -92.624262910409698, 14.91725004967199 ], [ -92.624445180027408, 14.917512570210413 ], [ -92.624783260378507, 14.917891030284196 ], [ -92.625277520198978, 14.918430340054911 ], [ -92.625416849897817, 14.918603770394453 ], [ -92.625568259604421, 14.918733489911334 ], [ -92.625853660004609, 14.918911779605896 ], [ -92.625997749630272, 14.919014349735134 ], [ -92.626238750135741, 14.919246820363982 ], [ -92.62644281967134, 14.919444549861952 ], [ -92.626596219953342, 14.919611820168758 ], [ -92.626747050074457, 14.919758259903915 ], [ -92.626952859683854, 14.919985629652016 ], [ -92.627152649687247, 14.920194280063601 ], [ -92.627253949692275, 14.920306550408567 ], [ -92.627411460365096, 14.920473150412448 ], [ -92.627550950017223, 14.920668480384187 ], [ -92.627645250297149, 14.920782909769946 ], [ -92.627722799591709, 14.92088234032998 ], [ -92.627797060219677, 14.920998350396156 ], [ -92.627877510145296, 14.921118970176856 ], [ -92.627983860169877, 14.921235110055603 ], [ -92.628105769803227, 14.921333089662284 ], [ -92.628222969774455, 14.921448120317198 ], [ -92.628356780411238, 14.921581549623909 ], [ -92.628560940165542, 14.921889490341572 ], [ -92.628902859947814, 14.922178510285807 ], [ -92.62925747956848, 14.922449999598321 ], [ -92.629444940407865, 14.922601680422423 ], [ -92.629608290096414, 14.922778020446433 ], [ -92.629918850232826, 14.923103479991752 ], [ -92.630665510130683, 14.923960060355855 ], [ -92.630729999572736, 14.924122320205457 ], [ -92.63077268637501, 14.924592776257043 ], [ -92.630898796875996, 14.92472602575044 ], [ -92.631005872729574, 14.92482834307944 ], [ -92.631007873646055, 14.924830336494336 ], [ -92.631638810423155, 14.925458900384159 ], [ -92.632507312605313, 14.92633692078812 ], [ -92.633137869703347, 14.927019826881761 ], [ -92.633837432113893, 14.927786013364132 ], [ -92.634315703002216, 14.928297596684374 ], [ -92.634439434873769, 14.928368980923365 ], [ -92.634515578042652, 14.928418949646316 ], [ -92.634617895410571, 14.928490332992498 ], [ -92.634694038078706, 14.928564096826653 ], [ -92.635022402609877, 14.928901980336329 ], [ -92.635724280299442, 14.929737362326465 ], [ -92.635961960162234, 14.930024431834754 ], [ -92.63614022002038, 14.930311501848495 ], [ -92.636318478827903, 14.930598570835357 ], [ -92.636496739112445, 14.93082822570892 ], [ -92.636615579088371, 14.930943053970458 ], [ -92.636853258765171, 14.931172709348106 ], [ -92.637209777922038, 14.931459777154863 ], [ -92.637744558019932, 14.931861672212731 ], [ -92.638338756589846, 14.932378392385461 ], [ -92.638695277377167, 14.932722872416273 ], [ -92.638814117088529, 14.932837699206926 ], [ -92.638932955591784, 14.93300993752689 ], [ -92.639289476239341, 14.933411829982166 ], [ -92.639645995748751, 14.933698896423206 ], [ -92.639943095400625, 14.933985959997319 ], [ -92.640240195232963, 14.934273024910629 ], [ -92.640359034770498, 14.934387850718259 ], [ -92.640477874598048, 14.934560089229397 ], [ -92.640715554019195, 14.934847153309146 ], [ -92.640953233556843, 14.93513421625293 ], [ -92.641309753527153, 14.935536104264735 ], [ -92.641547433082934, 14.935765753674774 ], [ -92.642260473431463, 14.936569527081199 ], [ -92.643062642043304, 14.937367554741671 ], [ -92.643490465296821, 14.937780920634795 ], [ -92.643597420769453, 14.937884262608426 ], [ -92.6442391564415, 14.938710991990252 ], [ -92.644453067543452, 14.938986568346211 ], [ -92.644666980139078, 14.939193250444443 ], [ -92.644952195252785, 14.93946882458564 ], [ -92.645166106761707, 14.939641058925636 ], [ -92.645593931304575, 14.939985527790506 ], [ -92.645629583024785, 14.940019973823979 ], [ -92.645665234702392, 14.940054420748607 ], [ -92.646093058229368, 14.940536676072204 ], [ -92.646627838260017, 14.941225608963714 ], [ -92.646948705394067, 14.941638966849245 ], [ -92.647091312737132, 14.94181119999762 ], [ -92.647233921415108, 14.941983432242623 ], [ -92.647447833006254, 14.942224557607384 ], [ -92.647946960258665, 14.94281014632891 ], [ -92.648410436374306, 14.943533518159036 ], [ -92.648624347468498, 14.943843533647126 ], [ -92.648980866529712, 14.944222442375914 ], [ -92.64905217100015, 14.944291334237827 ], [ -92.64912347461879, 14.944360226018341 ], [ -92.649230431070848, 14.944463564153361 ], [ -92.64937303777171, 14.944566901851102 ], [ -92.649515646408403, 14.94467024134806 ], [ -92.649586950449759, 14.944739132968683 ], [ -92.649800861953182, 14.944945809428702 ], [ -92.649836514136041, 14.94498025474773 ], [ -92.64997912225239, 14.945186930927754 ], [ -92.650121729929438, 14.945393606119318 ], [ -92.650299989245568, 14.945600281623346 ], [ -92.650549552611864, 14.945806956757394 ], [ -92.651191288072397, 14.946426982314764 ], [ -92.65133389592765, 14.94656476516997 ], [ -92.651512156395398, 14.946805884584906 ], [ -92.651547808145068, 14.946874776287537 ], [ -92.651547807796263, 14.94690922209195 ], [ -92.651547808081148, 14.946978112871216 ], [ -92.651547807732427, 14.947012558684357 ], [ -92.651547808366189, 14.94704700366213 ], [ -92.651547807608466, 14.947115896199842 ], [ -92.651547807893337, 14.947184787014093 ], [ -92.651547808467058, 14.947219232903235 ], [ -92.651547807829587, 14.947288123676406 ], [ -92.651547808054417, 14.947357015416578 ], [ -92.651547807705626, 14.947391461261727 ], [ -92.651547808339544, 14.947425906271546 ], [ -92.651547807990667, 14.947460352122516 ], [ -92.651547807641862, 14.947494797976436 ], [ -92.651547808275723, 14.947529242995003 ], [ -92.651547807638252, 14.947598133820508 ], [ -92.651547808028525, 14.94761937745724 ], [ -92.653931919839664, 14.95018416990346 ], [ -92.65426429563297, 14.950541316568744 ], [ -92.654275890750682, 14.950541316338773 ], [ -92.654305518667471, 14.950541316290748 ], [ -92.65433514658416, 14.950541316236764 ], [ -92.654364775423389, 14.950541316235288 ], [ -92.654394403340092, 14.95054131616938 ], [ -92.654453659173484, 14.950541316019672 ], [ -92.654512915929431, 14.950541315904673 ], [ -92.654542543846034, 14.950541315809053 ], [ -92.654572171762808, 14.950541315707463 ], [ -92.654601799679511, 14.950541315599848 ], [ -92.654631427536088, 14.950541316383216 ], [ -92.654661056375247, 14.950541316322285 ], [ -92.654720313131179, 14.950541316124001 ], [ -92.654809197084418, 14.950569940616278 ], [ -92.654838825156062, 14.950598566282123 ], [ -92.655016594082866, 14.950770316606999 ], [ -92.655164735231153, 14.951027943608688 ], [ -92.655342504391697, 14.951314195283937 ], [ -92.655668412595006, 14.951772196009877 ], [ -92.655727668752078, 14.951829446205924 ], [ -92.656379488680997, 14.952545069632318 ], [ -92.65709056424835, 14.95320344318332 ], [ -92.657149819812801, 14.95326069199516 ], [ -92.657238705215818, 14.953375192183984 ], [ -92.657357217190764, 14.953546939922859 ], [ -92.657564614190406, 14.953890437892829 ], [ -92.657623869958115, 14.954004936818245 ], [ -92.657772011187248, 14.954291184255958 ], [ -92.657794308573088, 14.954334269191447 ], [ -92.65839005965023, 14.954974370317457 ], [ -92.659545332166815, 14.956182716059258 ], [ -92.662369633155663, 14.959136655809353 ], [ -92.663583364634263, 14.960406048679822 ], [ -92.665121860222641, 14.962015059746454 ], [ -92.666130660104812, 14.963013180406463 ], [ -92.666859294809356, 14.96375243888348 ], [ -92.667540140616481, 14.964443203492918 ], [ -92.669192030164425, 14.966119120336952 ], [ -92.669824446899725, 14.966760734933789 ], [ -92.670480282796547, 14.967426102739775 ], [ -92.670884568343382, 14.967836258917929 ], [ -92.67183961242165, 14.968805161211092 ], [ -92.671864540241472, 14.968830450309289 ], [ -92.672379632799391, 14.969354152796662 ], [ -92.673125302110037, 14.970112277139778 ], [ -92.673480395317668, 14.970473298039622 ], [ -92.67482825013856, 14.97184363039119 ], [ -92.67541935306032, 14.972474818520759 ], [ -92.676050079603073, 14.973148309760688 ], [ -92.677351029647397, 14.97453746039462 ], [ -92.681431429901309, 14.978889460130295 ], [ -92.683348727463468, 14.980696418100914 ], [ -92.68340761973441, 14.980751919899092 ], [ -92.683910693556541, 14.981272120595607 ], [ -92.683963006154983, 14.98132621354576 ], [ -92.687753780225776, 14.985245880350776 ], [ -92.69166279994387, 14.989367600069976 ], [ -92.69396847975878, 14.991616969558413 ], [ -92.695977643032222, 14.993813683689872 ], [ -92.696061129916174, 14.993869018645988 ], [ -92.696206276877362, 14.993995130273488 ], [ -92.696396634243001, 14.994171209601133 ], [ -92.697669646125604, 14.995489432265751 ], [ -92.699304335985019, 14.997219300364797 ], [ -92.700251360952663, 14.998240089428345 ], [ -92.700870021328427, 14.998818298136527 ], [ -92.700931886795829, 14.998853394786002 ], [ -92.701105588291071, 14.999038993314064 ], [ -92.701474403764195, 14.999457778310205 ], [ -92.701660002251231, 14.999686206266103 ], [ -92.701916130226039, 14.999968300853482 ], [ -92.703003458468444, 15.001002233410142 ], [ -92.703119397289527, 15.001112478621287 ], [ -92.703701420303418, 15.001665909711125 ], [ -92.703847193004123, 15.001816871387684 ], [ -92.704029944870584, 15.001984764991596 ], [ -92.704184609821624, 15.002127532677049 ], [ -92.704401140573395, 15.002346442619173 ], [ -92.704496080112463, 15.002488851632826 ], [ -92.705686553582268, 15.003721671128972 ], [ -92.706556933110036, 15.004495097363183 ], [ -92.707018548471794, 15.004944814850004 ], [ -92.707396907557907, 15.005344088794942 ], [ -92.707437117615342, 15.005386521627024 ], [ -92.70749206061538, 15.005444501633857 ], [ -92.707544408590479, 15.005544439006798 ], [ -92.707627098048775, 15.005676294327964 ], [ -92.708272520281966, 15.006294430069474 ], [ -92.708603400286179, 15.006651830401452 ], [ -92.708609238692773, 15.006658485195546 ], [ -92.708905461006253, 15.00695307977114 ], [ -92.709826311591883, 15.007883448639387 ], [ -92.710115734060366, 15.008217045902823 ], [ -92.710858614662996, 15.008962937405746 ], [ -92.711106461626571, 15.009194531724004 ], [ -92.711653737686746, 15.009756085376152 ], [ -92.712453237448926, 15.010515133122729 ], [ -92.713650106116219, 15.011638238573306 ], [ -92.71377383780279, 15.011754831623723 ], [ -92.714109342324434, 15.012116510059698 ], [ -92.71419738161525, 15.012223585890379 ], [ -92.714835078414566, 15.012904111825 ], [ -92.715346662347855, 15.013444250287952 ], [ -92.715858246123744, 15.013979627562614 ], [ -92.716293686651397, 15.014327029732897 ], [ -92.716631571357624, 15.01471488181355 ], [ -92.716904605672454, 15.015011808137826 ], [ -92.717800230388193, 15.015797170294693 ], [ -92.717836746423515, 15.015877216744915 ], [ -92.717914099755575, 15.015952201210256 ], [ -92.71803783219481, 15.01608069210371 ], [ -92.718206774165992, 15.016280567038759 ], [ -92.718344782779184, 15.016439990937135 ], [ -92.718409028257568, 15.01650185709749 ], [ -92.718646973770234, 15.016694592641864 ], [ -92.718920612184093, 15.016915883251581 ], [ -92.71984384280367, 15.01788194397867 ], [ -92.720350932593661, 15.0184218006479 ], [ -92.720695089653134, 15.018711509721967 ], [ -92.720814852434771, 15.018905907482681 ], [ -92.720834310194462, 15.018937490240289 ], [ -92.720876862126147, 15.018968852616963 ], [ -92.721225689626181, 15.019225949754567 ], [ -92.722583608472576, 15.020694143650678 ], [ -92.722907202140988, 15.021044011425134 ], [ -92.722942621550033, 15.021082306485345 ], [ -92.723126450386331, 15.021281059826752 ], [ -92.72408471858158, 15.022205511997736 ], [ -92.724310050158138, 15.022422889692239 ], [ -92.724692818326929, 15.022813368839357 ], [ -92.725812459701459, 15.023955549696591 ], [ -92.72699347594849, 15.02502029466002 ], [ -92.727129830256672, 15.025157813842849 ], [ -92.727544916761659, 15.025595625288755 ], [ -92.72796105291161, 15.026034540567577 ], [ -92.728323770222985, 15.026417109955048 ], [ -92.730945230290331, 15.029073949976398 ], [ -92.732240290107924, 15.030421460219721 ], [ -92.732634229979595, 15.030831350057987 ], [ -92.736029940099314, 15.034364460379896 ], [ -92.740087749898748, 15.038632919999026 ], [ -92.744827660219116, 15.043572140188365 ], [ -92.747315170000775, 15.046235520431354 ], [ -92.748813279602629, 15.047876249630862 ], [ -92.750893510156104, 15.050032679772848 ], [ -92.754168540065919, 15.053500719556302 ], [ -92.756847119754738, 15.05625348977215 ], [ -92.7573415198151, 15.056713740384293 ], [ -92.758568149822651, 15.057964179932892 ], [ -92.758942541231349, 15.058378776945579 ], [ -92.759448479504883, 15.058939041236233 ], [ -92.75974901971351, 15.059271850118238 ], [ -92.760909419553045, 15.060374230079864 ], [ -92.762382199799504, 15.061949650225092 ], [ -92.763443155306419, 15.063045514514963 ], [ -92.763498823216196, 15.063116092711214 ], [ -92.763601138879608, 15.063237445186859 ], [ -92.763770081142241, 15.063392110437007 ], [ -92.763838032370003, 15.063453378150813 ], [ -92.764350669852902, 15.063915591821024 ], [ -92.764738522096081, 15.06426299292373 ], [ -92.76508354402624, 15.064629430283132 ], [ -92.765395330675091, 15.064979396504938 ], [ -92.765410830184535, 15.064994380173612 ], [ -92.76571894277231, 15.065335271599713 ], [ -92.766575465866623, 15.06625936068164 ], [ -92.767403518351188, 15.067056479690615 ], [ -92.768100700284265, 15.067746523953167 ], [ -92.768738395799673, 15.068348527994381 ], [ -92.768871646227467, 15.068507952340783 ], [ -92.769019172326821, 15.06867927341276 ], [ -92.76912624824115, 15.068803005050302 ], [ -92.769454613738816, 15.069159924037855 ], [ -92.769533135692214, 15.06922892825307 ], [ -92.769623554798713, 15.069290793639517 ], [ -92.769978094750485, 15.069635815626956 ], [ -92.770166072170085, 15.069838070036358 ], [ -92.770189866703106, 15.069909454219573 ], [ -92.770237456395151, 15.070011770993114 ], [ -92.770320736932575, 15.070121226310841 ], [ -92.770503956035839, 15.070292547118493 ], [ -92.770582478002893, 15.070352033698784 ], [ -92.770737142806766, 15.070461489231297 ], [ -92.771034575840503, 15.070654225021633 ], [ -92.771531882642691, 15.071215777727474 ], [ -92.771807900779876, 15.071444205973073 ], [ -92.772100574149533, 15.071734501455291 ], [ -92.772474149844641, 15.072141388624859 ], [ -92.772743028573927, 15.072453098314526 ], [ -92.773104707249686, 15.072864745070365 ], [ -92.773475903369459, 15.073266874214758 ], [ -92.77389230841969, 15.073690418298106 ], [ -92.774232570795519, 15.074030680984416 ], [ -92.77488974973609, 15.074759799212142 ], [ -92.774970749952061, 15.074826430037314 ], [ -92.775339449803909, 15.075201570205177 ], [ -92.775380036069379, 15.075251535351216 ], [ -92.775427061445612, 15.075296553816763 ], [ -92.775910091077179, 15.075703441889118 ], [ -92.776238456635653, 15.076024668767483 ], [ -92.77656920177813, 15.076350654871884 ], [ -92.776721487253866, 15.07657194487561 ], [ -92.776802388593353, 15.076669502647331 ], [ -92.77687377318091, 15.076736128248665 ], [ -92.777283040101267, 15.077078769808976 ], [ -92.777844593396864, 15.077540385687412 ], [ -92.778108713232868, 15.07786399170625 ], [ -92.77838473141783, 15.078185219203993 ], [ -92.778927248053606, 15.078720598430831 ], [ -92.779219921607478, 15.078934749590573 ], [ -92.779324618115496, 15.078996616434257 ], [ -92.779407898671266, 15.079058482335519 ], [ -92.779553045660862, 15.079189352196311 ], [ -92.779802888813236, 15.079482026168112 ], [ -92.780047974299407, 15.079798493902876 ], [ -92.780452482076981, 15.080167311382715 ], [ -92.780540522430414, 15.080226796900899 ], [ -92.780635701437348, 15.080302940114754 ], [ -92.78075229400666, 15.080402877245522 ], [ -92.781004516630063, 15.080636063547425 ], [ -92.781385230850475, 15.081066746697102 ], [ -92.781837328551489, 15.081590228334463 ], [ -92.781982476000465, 15.081785344232591 ], [ -92.782363189518904, 15.082173196353382 ], [ -92.78251547499562, 15.082327860584137 ], [ -92.782627310154311, 15.082437315572962 ], [ -92.783307835771723, 15.083117841587455 ], [ -92.783521987326225, 15.083372444012724 ], [ -92.783638580992999, 15.083489037605446 ], [ -92.783947910657162, 15.083788850311864 ], [ -92.784202512781036, 15.083983966258687 ], [ -92.784292932032642, 15.084060109051364 ], [ -92.784471391931262, 15.084231430250908 ], [ -92.78487114116254, 15.08467638924974 ], [ -92.78547314517985, 15.085292669571237 ], [ -92.786482036715412, 15.086306320197751 ], [ -92.786793745740084, 15.086648962418627 ], [ -92.78740764662345, 15.087262863038331 ], [ -92.788418917671251, 15.088278892822736 ], [ -92.788959054721317, 15.088790477391569 ], [ -92.789399255632404, 15.0892449543671 ], [ -92.790115472800466, 15.08999686412117 ], [ -92.790707959381848, 15.090579831926444 ], [ -92.791350413752269, 15.091250839685063 ], [ -92.791988108743325, 15.091898053175495 ], [ -92.792506832200132, 15.092400120161301 ], [ -92.792694808840253, 15.092590475789718 ], [ -92.793418164523501, 15.093332868283136 ], [ -92.794262874149354, 15.094156162093787 ], [ -92.794760180744419, 15.094677264034619 ], [ -92.795267006989121, 15.095241195781108 ], [ -92.795702447771987, 15.095612391577866 ], [ -92.796187857663824, 15.096123976288244 ], [ -92.796816036141095, 15.096611765560006 ], [ -92.796899316705947, 15.096687907717355 ], [ -92.797011151293091, 15.096840193648941 ], [ -92.797161058317798, 15.097099555444094 ], [ -92.797529874176661, 15.097504062877912 ], [ -92.797694056616393, 15.097587345175594 ], [ -92.797753542726866, 15.097618278203816 ], [ -92.797805891044533, 15.097663487276789 ], [ -92.798050975653112, 15.097894294820023 ], [ -92.798505452866607, 15.098334495205661 ], [ -92.798800505850053, 15.098708070977658 ], [ -92.799221671270871, 15.09907926728072 ], [ -92.799347782354644, 15.099148270959679 ], [ -92.799431062846892, 15.099202998869622 ], [ -92.79950482707207, 15.099286279753438 ], [ -92.799807018152606, 15.099709824448945 ], [ -92.800056862059648, 15.100073881164771 ], [ -92.800152039693572, 15.100183335884456 ], [ -92.800316222725982, 15.10027137712537 ], [ -92.800501821025762, 15.10036893441273 ], [ -92.800587480665783, 15.100445077420209 ], [ -92.800884914413643, 15.100763924867364 ], [ -92.801013405052501, 15.100932867222992 ], [ -92.801060993642139, 15.101004251331171 ], [ -92.801134756907828, 15.101099428793585 ], [ -92.801541644802086, 15.101520593658007 ], [ -92.801629685349454, 15.101596736093136 ], [ -92.801729623389079, 15.101656223220642 ], [ -92.801846215757223, 15.101713330261553 ], [ -92.80220075566352, 15.102001245345887 ], [ -92.802310211088553, 15.102091664082192 ], [ -92.802403009904097, 15.102186843046384 ], [ -92.802817036011845, 15.102612766039041 ], [ -92.803038326260449, 15.102903059886415 ], [ -92.803626053238617, 15.103557411712567 ], [ -92.803954418627072, 15.103845326690578 ], [ -92.804584976316931, 15.104433053906845 ], [ -92.804846716773724, 15.104763798867435 ], [ -92.805427304930731, 15.105370561402994 ], [ -92.805806826221968, 15.105731644638643 ], [ -92.806338020127924, 15.10619906009501 ], [ -92.807165053472701, 15.107065265630569 ], [ -92.807295181764346, 15.107145638867671 ], [ -92.807426052405233, 15.107226541206893 ], [ -92.807530748685281, 15.107324099326343 ], [ -92.807782971434591, 15.10757870136297 ], [ -92.808342145257313, 15.108178324718336 ], [ -92.80883231419854, 15.108713704312699 ], [ -92.80930369535163, 15.109240003605386 ], [ -92.80932248287138, 15.109260980119631 ], [ -92.809424799518013, 15.109368056332126 ], [ -92.809459361603217, 15.109401344213001 ], [ -92.809941143235434, 15.109865363393762 ], [ -92.810036320604013, 15.109941506037169 ], [ -92.810193364924231, 15.110055719770902 ], [ -92.810914342126992, 15.110610134782565 ], [ -92.811423546910461, 15.111107442147814 ], [ -92.811806640324932, 15.111552400727486 ], [ -92.812192113041306, 15.111952150592526 ], [ -92.812577585042845, 15.112335244091568 ], [ -92.813929119407717, 15.113734367209013 ], [ -92.814407391104353, 15.114134115832639 ], [ -92.814795242593732, 15.114441066550841 ], [ -92.815233064350096, 15.114869369581896 ], [ -92.815340139843997, 15.11497644625106 ], [ -92.815556671296534, 15.115197734861541 ], [ -92.815618537372217, 15.115321467111363 ], [ -92.815804135108408, 15.115545136942362 ], [ -92.816189607341258, 15.115954404028168 ], [ -92.816425174164479, 15.116166176415186 ], [ -92.817486412817487, 15.117127478055334 ], [ -92.817693426762347, 15.117317835101197 ], [ -92.817802881928543, 15.117434428899676 ], [ -92.817978961814561, 15.11763430432122 ], [ -92.818295430222278, 15.117974565787621 ], [ -92.81857501718487, 15.118260102075505 ], [ -92.819821853703999, 15.119511697633456 ], [ -92.820340577430585, 15.120113701700074 ], [ -92.820523795214427, 15.120308817909258 ], [ -92.820847401972088, 15.120522969342909 ], [ -92.821235254273205, 15.120846576167986 ], [ -92.82149937420273, 15.121101178040549 ], [ -92.822110896023275, 15.121755529784155 ], [ -92.8225249224474, 15.122136243979885 ], [ -92.822772385927493, 15.122364672044112 ], [ -92.823262554936207, 15.122826287423415 ], [ -92.823697995724828, 15.123295040577782 ], [ -92.824302378638947, 15.123899423820392 ], [ -92.824787789984356, 15.124420526088938 ], [ -92.824906763241216, 15.124539499413041 ], [ -92.825199435589909, 15.124772687357238 ], [ -92.825568252884054, 15.125065359850966 ], [ -92.825946587020056, 15.125505560562509 ], [ -92.826629492216355, 15.126076631193776 ], [ -92.827155352592953, 15.126588214702016 ], [ -92.827298120895762, 15.126771433774136 ], [ -92.827379497817105, 15.126899924674921 ], [ -92.827438508797897, 15.127023657050517 ], [ -92.827508940762897, 15.127120739033657 ], [ -92.827724044343924, 15.127288252855703 ], [ -92.828218971673735, 15.127632799190964 ], [ -92.828582554302756, 15.12800780190979 ], [ -92.829452484808513, 15.12888344270589 ], [ -92.830261502242791, 15.12965058179272 ], [ -92.831100975326279, 15.130431045114559 ], [ -92.83153498894751, 15.13084031225768 ], [ -92.832422052343261, 15.131700725071243 ], [ -92.832873198054585, 15.132212785409706 ], [ -92.833514701202986, 15.132880937803915 ], [ -92.833609878546952, 15.132939948324857 ], [ -92.833855439763283, 15.133078908934483 ], [ -92.8341067113208, 15.1332940124522 ], [ -92.835050880784578, 15.134103029154243 ], [ -92.835323091402017, 15.134438057260482 ], [ -92.835846572763359, 15.134917755889665 ], [ -92.836269165205195, 15.135418395458453 ], [ -92.836379572167161, 15.135547837787307 ], [ -92.836819296106498, 15.135911418559887 ], [ -92.836920184720356, 15.135962816142694 ], [ -92.837030591872974, 15.136019923001134 ], [ -92.837116253013221, 15.136078932971765 ], [ -92.837219046082865, 15.136179823022866 ], [ -92.837599758646618, 15.136590992987077 ], [ -92.83767780582123, 15.136699496780009 ], [ -92.837721587729945, 15.136813711139769 ], [ -92.837828187733933, 15.136939347140357 ], [ -92.838429715210765, 15.137449503324074 ], [ -92.839160685643279, 15.138127172545103 ], [ -92.839986835133217, 15.13892096196038 ], [ -92.840666409201191, 15.139577692753024 ], [ -92.840955750602504, 15.139872746380165 ], [ -92.841258419177166, 15.140129728075253 ], [ -92.841673396624984, 15.14045714194037 ], [ -92.842006520756257, 15.140767423229413 ], [ -92.842929752362181, 15.141668287006635 ], [ -92.843372331925025, 15.142089451595185 ], [ -92.843626934054242, 15.142336916305775 ], [ -92.843936264032848, 15.142665281602676 ], [ -92.844107584616339, 15.142877054360675 ], [ -92.844262249874703, 15.143069790106502 ], [ -92.844788110534935, 15.14358613340524 ], [ -92.845283038662956, 15.144021574271697 ], [ -92.846253859113617, 15.144866283364829 ], [ -92.846932005139791, 15.145511116780337 ], [ -92.847448347591197, 15.146058392639082 ], [ -92.847802887885948, 15.146429589415863 ], [ -92.848595248921328, 15.147221948666962 ], [ -92.849121110234123, 15.147714497577994 ], [ -92.849968198073086, 15.148499720334344 ], [ -92.85019900505948, 15.148718630272603 ], [ -92.850505956356827, 15.149058893386801 ], [ -92.850943777060394, 15.149503852094815 ], [ -92.851364940772001, 15.149898843135816 ], [ -92.851502949841915, 15.150048749406684 ], [ -92.851664753201376, 15.150229587987411 ], [ -92.851769450302086, 15.150379494383355 ], [ -92.851933631895562, 15.150617440144481 ], [ -92.852514221230905, 15.151312242835909 ], [ -92.852621296939859, 15.151407420667359 ], [ -92.85267840372218, 15.15149784074922 ], [ -92.8527894569484, 15.151704569381319 ], [ -92.852805289997747, 15.15172202997822 ], [ -92.85334252567074, 15.152229980641064 ], [ -92.853471579962658, 15.1523520003536 ], [ -92.853756689862763, 15.152794419592883 ], [ -92.853889460399472, 15.153176419939365 ], [ -92.853979289842272, 15.153706170202801 ], [ -92.853960380107409, 15.154309820267402 ], [ -92.853928280249008, 15.155114260334754 ], [ -92.853819980311428, 15.155813169624285 ], [ -92.853662140041862, 15.157082229605079 ], [ -92.853427595841083, 15.157341998625011 ], [ -92.853172569898589, 15.157624450018956 ], [ -92.853315378893981, 15.157830589871716 ], [ -92.853463120380141, 15.158043850359437 ], [ -92.85397770965055, 15.158786600064792 ], [ -92.854007366944273, 15.158782285206787 ], [ -92.855155449640151, 15.15861524958912 ], [ -92.856013533660146, 15.15863773105168 ], [ -92.856408265957114, 15.158648071546802 ], [ -92.856544964765632, 15.15857117808725 ], [ -92.856747219577954, 15.158516449855732 ], [ -92.857158866319466, 15.158445066262544 ], [ -92.857339704792579, 15.158421271116204 ], [ -92.857508646866478, 15.158402235581748 ], [ -92.857973831664509, 15.158393907786401 ], [ -92.858191552447735, 15.158408183892867 ], [ -92.858434257299791, 15.158475998974767 ], [ -92.858594871146948, 15.158622336255844 ], [ -92.858766192290929, 15.158750826579123 ], [ -92.858933944422034, 15.158854333335103 ], [ -92.859426493092059, 15.159364728018538 ], [ -92.860008270902426, 15.160057151092909 ], [ -92.8602509763206, 15.160385516633511 ], [ -92.860579341629759, 15.160849510588125 ], [ -92.860849409748553, 15.161267106671509 ], [ -92.860945778750832, 15.161427719674892 ], [ -92.860960055438071, 15.161495534978169 ], [ -92.860952916902534, 15.161588334319571 ], [ -92.860913655861367, 15.161645441098415 ], [ -92.860877964238924, 15.161695410055266 ], [ -92.860849410404114, 15.161756086363553 ], [ -92.860835134023816, 15.161823900950873 ], [ -92.860825228980119, 15.161879602156382 ], [ -92.861410770039925, 15.162468120115294 ], [ -92.86196604972892, 15.163187999920524 ], [ -92.862109729358821, 15.163550658123004 ], [ -92.86212004327453, 15.163562096596852 ], [ -92.862455547207361, 15.163804802372201 ], [ -92.862855296290164, 15.164208120958396 ], [ -92.863094431858897, 15.164550763126359 ], [ -92.863329997743207, 15.164861283170069 ], [ -92.863779716704983, 15.165250324967129 ], [ -92.86387251623691, 15.165453767698548 ], [ -92.863947469107757, 15.165653643060054 ], [ -92.864104512967657, 15.16586422509209 ], [ -92.864233003863873, 15.166028407778672 ], [ -92.864614906756998, 15.166413880815801 ], [ -92.864975395867006, 15.166867168200344 ], [ -92.86517170063847, 15.167127718912129 ], [ -92.86537514477051, 15.167420392787459 ], [ -92.8657998786382, 15.16791294113219 ], [ -92.866335258103021, 15.168484011880357 ], [ -92.867066942204858, 15.169376310202658 ], [ -92.867427430058711, 15.169672552779003 ], [ -92.867673704835354, 15.169875997155518 ], [ -92.867998501209186, 15.170268607904058 ], [ -92.868298312698116, 15.170596972626612 ], [ -92.869747404605178, 15.17212815669861 ], [ -92.870147153891637, 15.172549321279552 ], [ -92.870653978915257, 15.173141806784615 ], [ -92.870782469651715, 15.173370235293891 ], [ -92.871189357929708, 15.173766414621559 ], [ -92.871392802232933, 15.173898476462531 ], [ -92.871699752666558, 15.17423041024119 ], [ -92.872270823248215, 15.174890710878483 ], [ -92.872627742417095, 15.175322582876678 ], [ -92.873059615126891, 15.17575088588762 ], [ -92.873420103355116, 15.176086389904222 ], [ -92.873951911728625, 15.176621769264461 ], [ -92.87469787303317, 15.177392714417936 ], [ -92.875129746379073, 15.17786027811356 ], [ -92.87562943160745, 15.178377811364054 ], [ -92.876293302230721, 15.179191586750949 ], [ -92.876578836969301, 15.179484259985061 ], [ -92.8769863171445, 15.179892115765222 ], [ -92.87736227531785, 15.180288517772997 ], [ -92.877886810709768, 15.180849737937207 ], [ -92.878121234382974, 15.181088502720613 ], [ -92.878166776172563, 15.181134790645759 ], [ -92.878403289156282, 15.181311685591366 ], [ -92.878647183612017, 15.181457427763137 ], [ -92.878867284271919, 15.181662656859118 ], [ -92.878989231107951, 15.181838142366122 ], [ -92.879051692402257, 15.181971987139331 ], [ -92.87912307624832, 15.182076087643374 ], [ -92.879311019344456, 15.182298030863489 ], [ -92.880003349623948, 15.183001280284161 ], [ -92.882060180204604, 15.184905350067003 ], [ -92.88344980031718, 15.186181860463222 ], [ -92.884191880013447, 15.186891910001107 ], [ -92.885156140313171, 15.187933570151143 ], [ -92.885992498523933, 15.188706833933468 ], [ -92.886259992152873, 15.188954145465072 ], [ -92.886322505360454, 15.189011942134476 ], [ -92.886461277766358, 15.189140242630216 ], [ -92.886702803795927, 15.189363544382296 ], [ -92.886774449773696, 15.189429783700659 ], [ -92.887038814844686, 15.189674199204815 ], [ -92.887207509882046, 15.189830164173838 ], [ -92.887401279809865, 15.190009309652671 ], [ -92.887496078094188, 15.19008515052953 ], [ -92.887642757899584, 15.190202497149084 ], [ -92.887739059793034, 15.190279540067488 ], [ -92.887921978849008, 15.190546504624267 ], [ -92.887963641703465, 15.190607309988824 ], [ -92.888069180312186, 15.190761340280211 ], [ -92.888252269444678, 15.190923430912097 ], [ -92.888612714789843, 15.19124253465684 ], [ -92.888636297217786, 15.19126341250454 ], [ -92.888800113421269, 15.19138485178922 ], [ -92.88914765739311, 15.191724694265949 ], [ -92.889614030778716, 15.19220058558847 ], [ -92.889805931710868, 15.192417187250634 ], [ -92.890079496199604, 15.192638505785061 ], [ -92.890084780148669, 15.19264277998631 ], [ -92.890238909706554, 15.192858079984783 ], [ -92.890298103956468, 15.192884470650172 ], [ -92.890516079938592, 15.192981650233005 ], [ -92.890629048020543, 15.193128716487079 ], [ -92.890819350166439, 15.19337646041765 ], [ -92.890850111010863, 15.193420445543845 ], [ -92.890874187557614, 15.193454872307454 ], [ -92.891265377204718, 15.193823377826829 ], [ -92.891272346849505, 15.193832292370201 ], [ -92.89151357020269, 15.193944430402571 ], [ -92.891705375900003, 15.194153837795179 ], [ -92.89176684045357, 15.194220943158966 ], [ -92.892289114714387, 15.194791140697848 ], [ -92.89232634152512, 15.194817338329305 ], [ -92.89311133220653, 15.19552301715448 ], [ -92.893437585900344, 15.195825573815389 ], [ -92.893521105654685, 15.195903027351887 ], [ -92.893541583639035, 15.195922318828222 ], [ -92.894177836700905, 15.196521686540567 ], [ -92.894604443838389, 15.196986385628902 ], [ -92.894922697338316, 15.197340331169601 ], [ -92.895446178814879, 15.197854889407635 ], [ -92.895782277138565, 15.19815529575208 ], [ -92.896121350733893, 15.198452729330752 ], [ -92.896679414164439, 15.199033853362605 ], [ -92.896797059723852, 15.199140350214952 ], [ -92.896859304664375, 15.199199189155445 ], [ -92.897060281011107, 15.199389168270745 ], [ -92.897943797328168, 15.200224330138685 ], [ -92.898611860387362, 15.200855820164501 ], [ -92.899953862414293, 15.202041903306505 ], [ -92.899999230140367, 15.202081999680454 ], [ -92.900672599804537, 15.202696920250586 ], [ -92.90067560885791, 15.202698047579005 ], [ -92.901058150351545, 15.202841350092028 ], [ -92.901319719732143, 15.203091649555722 ], [ -92.901579920367325, 15.20336316993567 ], [ -92.901814110031282, 15.203696939629275 ], [ -92.902111890128353, 15.204176540144465 ], [ -92.902896860250522, 15.204700399638485 ], [ -92.904014980438191, 15.205875169764985 ], [ -92.904948727038359, 15.20675412703207 ], [ -92.905036203916552, 15.206836471005662 ], [ -92.905268910303562, 15.207055520336915 ], [ -92.906161479519923, 15.207889860420345 ], [ -92.907295770036129, 15.208889379780125 ], [ -92.908239717776624, 15.209743762514847 ], [ -92.908803734732246, 15.210254255054419 ], [ -92.909480510120886, 15.210866800417097 ], [ -92.91086348971082, 15.212239940356184 ], [ -92.91182837027597, 15.213106260210411 ], [ -92.912287797300451, 15.21354403268611 ], [ -92.912729988210202, 15.213853790183572 ], [ -92.912845987171835, 15.213943019630108 ], [ -92.913024446870097, 15.214115530658123 ], [ -92.913125574118126, 15.214285067240954 ], [ -92.913231562492967, 15.21444330261146 ], [ -92.914144579820046, 15.215313260312076 ], [ -92.914940475047842, 15.216166114032841 ], [ -92.915102816627794, 15.216309285138065 ], [ -92.91572623619561, 15.216851802240656 ], [ -92.916206985368405, 15.217338719188552 ], [ -92.916654879876532, 15.217712850146768 ], [ -92.917082002469783, 15.218127591685237 ], [ -92.9171443947113, 15.218174781544256 ], [ -92.9173633052459, 15.218336585170977 ], [ -92.917469764749782, 15.218421019285561 ], [ -92.918104596349536, 15.219008296894017 ], [ -92.918381207670663, 15.219270038197797 ], [ -92.918889817716448, 15.219781621660337 ], [ -92.919282429215286, 15.220221821930203 ], [ -92.919725604139131, 15.220644177254981 ], [ -92.920302622837966, 15.22115873513474 ], [ -92.92085584779629, 15.221714934316521 ], [ -92.921150305990352, 15.221935034412956 ], [ -92.921423944322996, 15.222202724249506 ], [ -92.921751119686377, 15.222529899544396 ], [ -92.922441164450348, 15.223160456847612 ], [ -92.923363204750046, 15.224037882657379 ], [ -92.924655438339954, 15.225205127169193 ], [ -92.925005032730098, 15.225545866232633 ], [ -92.925749804241789, 15.226273981714133 ], [ -92.926106723037492, 15.226624951602544 ], [ -92.927668244760952, 15.228121037599701 ], [ -92.927929984833895, 15.228344112701604 ], [ -92.928200648856517, 15.228516623631542 ], [ -92.92842967218165, 15.228721852114294 ], [ -92.928908449775264, 15.229210721910468 ], [ -92.929374824367557, 15.22965806081841 ], [ -92.929646083060732, 15.229834141297575 ], [ -92.930093421917633, 15.230276721137358 ], [ -92.930321850328539, 15.230514667050855 ], [ -92.931040837898351, 15.231167227726102 ], [ -92.931197491118169, 15.231309407207833 ], [ -92.931468750389513, 15.231542594112694 ], [ -92.931775789314457, 15.231910329977799 ], [ -92.932013734985091, 15.232201813866713 ], [ -92.93226357932393, 15.232448682682493 ], [ -92.932447987145352, 15.232618218701274 ], [ -92.932537652118839, 15.232673570635777 ], [ -92.933039877812661, 15.233004881636299 ], [ -92.933828074378567, 15.233840668444687 ], [ -92.933973815875149, 15.233989383576924 ], [ -92.934119558436976, 15.234135125619225 ], [ -92.934506220837903, 15.234462302329655 ], [ -92.935647083906318, 15.235425873659612 ], [ -92.936827295562225, 15.236572775193757 ], [ -92.937265117089837, 15.236991559638573 ], [ -92.937598241952287, 15.237305648982353 ], [ -92.938587591094162, 15.23821649624537 ], [ -92.939435184990501, 15.239028378004216 ], [ -92.939901559812228, 15.239475717032015 ], [ -92.940120469896016, 15.239685110168308 ], [ -92.941164547127912, 15.240664961671984 ], [ -92.941778448000321, 15.241214617065076 ], [ -92.942271502537736, 15.241641027325535 ], [ -92.942504690130079, 15.241836142157522 ], [ -92.942913957269681, 15.242193061823029 ], [ -92.943527858366693, 15.242740338223042 ], [ -92.943941885172819, 15.243173398999982 ], [ -92.944498330180139, 15.243699847250152 ], [ -92.945540376076494, 15.244651748971062 ], [ -92.946107193980069, 15.245115040039984 ], [ -92.946759165848036, 15.245790807315592 ], [ -92.947235058826521, 15.246257181134684 ], [ -92.94753317474833, 15.246489881602253 ], [ -92.948002116811836, 15.246898477926575 ], [ -92.94824081490512, 15.24715554487868 ], [ -92.948621777676195, 15.24757491573455 ], [ -92.949199986880274, 15.248181678588191 ], [ -92.949581891160477, 15.248531459986797 ], [ -92.949828671027518, 15.24869374916026 ], [ -92.95010004944946, 15.248919604958843 ], [ -92.950420651358314, 15.249252435608305 ], [ -92.950816830531465, 15.249662893256263 ], [ -92.951405747829028, 15.250233964331311 ], [ -92.951691282722919, 15.250490946335448 ], [ -92.952478885182828, 15.251132211097346 ], [ -92.952878633832739, 15.251428453763545 ], [ -92.953042817058844, 15.251585498200694 ], [ -92.953420765139398, 15.251991279652398 ], [ -92.953763023568783, 15.252376517638606 ], [ -92.95382006743101, 15.252486585453374 ], [ -92.953934154076663, 15.252596653221506 ], [ -92.954162325786925, 15.252761754086899 ], [ -92.955017973179338, 15.253367125136094 ], [ -92.955531361390427, 15.253697327423595 ], [ -92.955702490812499, 15.253862426839618 ], [ -92.955816577241421, 15.253972494239447 ], [ -92.955987705689168, 15.25424766143113 ], [ -92.956044750285699, 15.254357727862615 ], [ -92.956101793123125, 15.254467794187315 ], [ -92.956101793296696, 15.25452282783394 ], [ -92.956158835796316, 15.254522827762601 ], [ -92.956272921577494, 15.254687927638813 ], [ -92.956444052350875, 15.255183226006682 ], [ -92.956444051734977, 15.255238259689534 ], [ -92.956444052043906, 15.255293293436349 ], [ -92.956444052411214, 15.255348326292587 ], [ -92.956444051853765, 15.255403359099308 ], [ -92.956444052221087, 15.255458391969892 ], [ -92.956444051663709, 15.255513424791001 ], [ -92.956444052030946, 15.255568457675871 ], [ -92.956444052339904, 15.255623491465617 ], [ -92.956444052281739, 15.255666241436922 ], [ -92.956592510315787, 15.255714260303192 ], [ -92.956919110193809, 15.25588905980076 ], [ -92.957288030182042, 15.256166259566703 ], [ -92.958061709739596, 15.256796739891568 ], [ -92.958420934823522, 15.257109377053434 ], [ -92.958440560812676, 15.257109376655148 ], [ -92.958497604313536, 15.257109376578363 ], [ -92.958554647756088, 15.257109377377207 ], [ -92.958611691256948, 15.257109377256421 ], [ -92.958725776753838, 15.257164409871097 ], [ -92.958839862788864, 15.257274474557224 ], [ -92.959068035669688, 15.257439573421971 ], [ -92.959638466577218, 15.2578798333899 ], [ -92.959866639593727, 15.258099961551663 ], [ -92.960037769214949, 15.25837512420301 ], [ -92.960094812289952, 15.258485188849505 ], [ -92.960151854630766, 15.258650284822842 ], [ -92.960494114076482, 15.259090542612746 ], [ -92.961428127266331, 15.260132581340429 ], [ -92.961728534487619, 15.260447859615505 ], [ -92.962308526775459, 15.260971340721378 ], [ -92.96298369909448, 15.261494823330381 ], [ -92.963367386709692, 15.261869588117241 ], [ -92.963813535594483, 15.262351428611836 ], [ -92.964039585278897, 15.262628040640312 ], [ -92.96435486365769, 15.26297901176574 ], [ -92.96447681065348, 15.263047421242437 ], [ -92.964652295701853, 15.263139625226261 ], [ -92.964946755231296, 15.263341879285727 ], [ -92.965050856128201, 15.263419211906214 ], [ -92.965265006700591, 15.263618492409782 ], [ -92.96534233990667, 15.263698799205457 ], [ -92.965574336692086, 15.264022999852049 ], [ -92.966019177053496, 15.264517597901342 ], [ -92.966048702071546, 15.264547967154941 ], [ -92.966381827182175, 15.264809708204563 ], [ -92.966695657954588, 15.265069962670617 ], [ -92.966883040714862, 15.265242473818338 ], [ -92.966972270825721, 15.265352524045941 ], [ -92.967287549033699, 15.265694570659248 ], [ -92.967771432143635, 15.266151724129967 ], [ -92.968459434039374, 15.266687996107764 ], [ -92.968831225016913, 15.267086556083209 ], [ -92.969087017189807, 15.267410758455306 ], [ -92.969809777614941, 15.26800562329286 ], [ -92.970111740679883, 15.268226939327651 ], [ -92.970728844623665, 15.26874028198683 ], [ -92.971069364780917, 15.269111773421503 ], [ -92.971469114442399, 15.269540076267763 ], [ -92.971658659531585, 15.269711608019866 ], [ -92.971921649812174, 15.269903049559774 ], [ -92.97198370392826, 15.270005760379968 ], [ -92.972620773963371, 15.270582279549123 ], [ -92.973344130079383, 15.271253288212097 ], [ -92.973676192819369, 15.271564689762123 ], [ -92.97370104939931, 15.27160068897342 ], [ -92.973805745023171, 15.271752975287413 ], [ -92.974224530406659, 15.272147965444463 ], [ -92.974914573955019, 15.272766625305565 ], [ -92.975466947346206, 15.273276128975128 ], [ -92.975767353117618, 15.273549767079217 ], [ -92.976687083714481, 15.274345779298947 ], [ -92.977432975657294, 15.274962572218039 ], [ -92.977661999088866, 15.275152929077825 ], [ -92.977769075151514, 15.275274876367009 ], [ -92.977979656701777, 15.275521150810908 ], [ -92.978467447272351, 15.276011319756128 ], [ -92.97896917567131, 15.276473825261091 ], [ -92.979825781978008, 15.277254288578037 ], [ -92.980315950698198, 15.277706385979474 ], [ -92.980553896990912, 15.277930055610843 ], [ -92.98164402683237, 15.279118896271491 ], [ -92.981727307933795, 15.279235489094029 ], [ -92.981803450597909, 15.279304493703114 ], [ -92.982000608574765, 15.279471946424035 ], [ -92.982157652901421, 15.279600436761259 ], [ -92.982409875782409, 15.279771758129128 ], [ -92.982633546117796, 15.279905008339478 ], [ -92.982838179211882, 15.280028740033309 ], [ -92.983090401990424, 15.280209578666325 ], [ -92.983295035657036, 15.280395176896421 ], [ -92.983490150701442, 15.280609328762129 ], [ -92.983632918578948, 15.280809203283297 ], [ -92.984432417586405, 15.281684844899978 ], [ -92.984855961657473, 15.282094111611432 ], [ -92.985084390181655, 15.282236880066623 ], [ -92.985279506384998, 15.282370129708035 ], [ -92.985427032589342, 15.282479584595999 ], [ -92.986065034523449, 15.283136831358346 ], [ -92.986295874247389, 15.283399546218813 ], [ -92.986398190224264, 15.283568488167704 ], [ -92.986607583354825, 15.283787398164518 ], [ -92.98700578198347, 15.284192361042159 ], [ -92.987319042383874, 15.284389401730392 ], [ -92.987509399167521, 15.284508374698941 ], [ -92.988180584227791, 15.28511169210512 ], [ -92.988644402351539, 15.285531542782671 ], [ -92.988958490325331, 15.285867047314614 ], [ -92.989505766338169, 15.286388149460226 ], [ -92.989980031587891, 15.286867478686739 ], [ -92.990300506072401, 15.287180508972122 ], [ -92.990409962329977, 15.287251892770302 ], [ -92.990536072821286, 15.287316139402972 ], [ -92.990616975211637, 15.287354210289417 ], [ -92.990769680581906, 15.287435180655516 ], [ -92.990880756885076, 15.287524041645081 ], [ -92.991080631647378, 15.287728675760789 ], [ -92.99140423895561, 15.288133184022154 ], [ -92.991746880692332, 15.288509139273303 ], [ -92.991913442964062, 15.288675700876068 ], [ -92.992118076730478, 15.28881846886544 ], [ -92.992360782012298, 15.288942200965836 ], [ -92.992522585295049, 15.289065933308398 ], [ -92.99267963001671, 15.289203941667074 ], [ -92.992855710157201, 15.289437128977628 ], [ -92.993007996351309, 15.289637004095233 ], [ -92.993155521600983, 15.289817842576889 ], [ -92.99352913835402, 15.290140558699981 ], [ -92.993781359924, 15.29031663874974 ], [ -92.994121623108271, 15.290628348236689 ], [ -92.994414296973758, 15.290947195856608 ], [ -92.994557065394417, 15.291089964398324 ], [ -92.994657001705761, 15.291166107267598 ], [ -92.994878251638028, 15.29131690338391 ], [ -92.995670651996321, 15.291858529796777 ], [ -92.995742036030393, 15.291908499247935 ], [ -92.995789625562097, 15.291994159082712 ], [ -92.995946669690213, 15.292296350652137 ], [ -92.996006156439421, 15.29240580597668 ], [ -92.996068021972803, 15.292498605400024 ], [ -92.9962179294142, 15.292624716091796 ], [ -92.996327383720427, 15.292707996563228 ], [ -92.996427320583649, 15.292755587180949 ], [ -92.99707426581827, 15.293264727106203 ], [ -92.997567042817721, 15.293729677321506 ], [ -92.998104801455028, 15.294343577931791 ], [ -92.998528344817046, 15.294790916117119 ], [ -92.999470612302645, 15.295666558034187 ], [ -92.999772843415172, 15.2958774393562 ], [ -92.999963200122693, 15.295984515127312 ], [ -93.000196387190812, 15.296117764637382 ], [ -93.000291565808098, 15.296241496570708 ], [ -93.000391502652036, 15.296405679767918 ], [ -93.000460506565091, 15.296565104014089 ], [ -93.000546167633686, 15.296667420933341 ], [ -93.000943537630562, 15.29700530399778 ], [ -93.001345667198436, 15.297336048741078 ], [ -93.002283175173403, 15.298161721890517 ], [ -93.00289707561015, 15.298742311264904 ], [ -93.003389624298393, 15.299268170910715 ], [ -93.003789372662681, 15.299660781998009 ], [ -93.003898828926609, 15.299765479122195 ], [ -93.004310474835606, 15.300148571912617 ], [ -93.004938652749686, 15.300588771637592 ], [ -93.005593004604037, 15.301095597314651 ], [ -93.00615693694526, 15.301671427381144 ], [ -93.006892191299656, 15.302418577887682 ], [ -93.007246729708157, 15.302754081587413 ], [ -93.007951050775986, 15.303456023149257 ], [ -93.008091439231251, 15.303544063399741 ], [ -93.008300830912447, 15.303672554321951 ], [ -93.008438839780439, 15.303796286429833 ], [ -93.008553053587747, 15.303900982168324 ], [ -93.008667268380492, 15.304048509273896 ], [ -93.008743410675748, 15.304162723137638 ], [ -93.00909795091988, 15.304469673266674 ], [ -93.009278790160621, 15.304621959452005 ], [ -93.009716187881523, 15.304910851022752 ], [ -93.010306717358745, 15.3054285963129 ], [ -93.010713614171792, 15.305876819739286 ], [ -93.010915858563052, 15.306099604076005 ], [ -93.011729635464789, 15.306920517886025 ], [ -93.012046102900456, 15.307239366043039 ], [ -93.0121936298208, 15.307384512581434 ], [ -93.012464888056527, 15.307615320968264 ], [ -93.012947918570362, 15.308043624355497 ], [ -93.012985990202964, 15.308134043429742 ], [ -93.013033579339719, 15.308222083062404 ], [ -93.0131082400666, 15.308326077959515 ], [ -93.01321057625151, 15.308416476250576 ], [ -93.013804525163977, 15.308878813931658 ], [ -93.014189996893705, 15.309150072845675 ], [ -93.014849108209205, 15.309666415927422 ], [ -93.014927629735112, 15.309806803626799 ], [ -93.015022809356154, 15.309956710425025 ], [ -93.01507035846771, 15.310014707866728 ], [ -93.015636669703696, 15.310462045683225 ], [ -93.016360025752661, 15.311109260321462 ], [ -93.017580728862825, 15.312274304995135 ], [ -93.01799951484449, 15.312662157061006 ], [ -93.018399264435757, 15.313057148151014 ], [ -93.018556307996334, 15.313233228227466 ], [ -93.018794255379362, 15.313418825837466 ], [ -93.019006027231299, 15.313573490965657 ], [ -93.019491396747824, 15.313926542253478 ], [ -93.02051456476778, 15.314859289839509 ], [ -93.021295067930836, 15.315597223068087 ], [ -93.021569895539344, 15.315822081942384 ], [ -93.021805462063583, 15.315982695089556 ], [ -93.022041028648502, 15.316168292903173 ], [ -93.022237294733429, 15.316358350691244 ], [ -93.022427651443095, 15.316634367936482 ], [ -93.02291782040021, 15.317191161839554 ], [ -93.023189079142213, 15.317386277801575 ], [ -93.023484131976915, 15.317567116720987 ], [ -93.023836292243956, 15.317790786258243 ], [ -93.024155140462412, 15.318119151972374 ], [ -93.024750004730919, 15.318704499382578 ], [ -93.025077220566814, 15.319115255572168 ], [ -93.025266388157547, 15.319332975958783 ], [ -93.025484109233076, 15.319543558803453 ], [ -93.025616168914866, 15.319657772616193 ], [ -93.025882629395184, 15.319875193602151 ], [ -93.026679788078027, 15.320625024438709 ], [ -93.027771960947305, 15.321595843620289 ], [ -93.028268079263782, 15.321970609185625 ], [ -93.028792749651728, 15.322363220380529 ], [ -93.029342365076644, 15.322801931208923 ], [ -93.029751632245905, 15.323130297460148 ], [ -93.029884882012738, 15.323273063800254 ], [ -93.030037168421103, 15.323482457323456 ], [ -93.030192082123989, 15.323647932730147 ], [ -93.030680851961833, 15.324019325076007 ], [ -93.031369666295802, 15.32454845563338 ], [ -93.031874111895817, 15.325043383312291 ], [ -93.032311932003168, 15.325500239892653 ], [ -93.032893411862958, 15.326118921244976 ], [ -93.033360719864703, 15.326645417289857 ], [ -93.033988898144756, 15.327077288589663 ], [ -93.034299416788883, 15.327327133025555 ], [ -93.034549261140015, 15.327616237135992 ], [ -93.035144022270103, 15.328084198693253 ], [ -93.035634294952047, 15.328615610961249 ], [ -93.036223211958969, 15.32930803392904 ], [ -93.036976311162988, 15.329943350436492 ], [ -93.037522396947097, 15.33033596064713 ], [ -93.038054207238062, 15.330817802112646 ], [ -93.038967919619381, 15.331617301348805 ], [ -93.039496160170103, 15.332063450439371 ], [ -93.040127907136977, 15.332613105108587 ], [ -93.040499103359409, 15.332987869612188 ], [ -93.040802775712052, 15.333299492563352 ], [ -93.043318450135416, 15.335422220070162 ], [ -93.047464349577481, 15.339136109757421 ], [ -93.048730880392313, 15.340326879706662 ], [ -93.049921880433615, 15.341560119986974 ], [ -93.051149579665704, 15.342768860158699 ], [ -93.051773931164462, 15.343358800455 ], [ -93.055501182694229, 15.346880485065707 ], [ -93.055843109251185, 15.347203540627678 ], [ -93.056252919128767, 15.347568018116187 ], [ -93.056835886865784, 15.348109344574105 ], [ -93.057000400774271, 15.348297739332457 ], [ -93.057041529115864, 15.348336630168331 ], [ -93.057279061852981, 15.348516828275464 ], [ -93.057671672759383, 15.348796414081519 ], [ -93.058411298074645, 15.349367582807879 ], [ -93.059230219910873, 15.350117015221171 ], [ -93.059613639662302, 15.350497072284911 ], [ -93.05970645339444, 15.350638555402657 ], [ -93.060205799023578, 15.351030133216023 ], [ -93.060515128835732, 15.351268079046177 ], [ -93.060735229039125, 15.351464385362222 ], [ -93.060976149670324, 15.351690433639085 ], [ -93.061410400905899, 15.352160376775029 ], [ -93.061657269914548, 15.352320990588215 ], [ -93.062008241425957, 15.352651140584404 ], [ -93.062231315347503, 15.352868267095518 ], [ -93.062338772993471, 15.353043080662095 ], [ -93.062531721931947, 15.353278723736487 ], [ -93.062906487043179, 15.353635642903436 ], [ -93.063159305130824, 15.353787333888704 ], [ -93.063397250568116, 15.353939023640057 ], [ -93.063653043164436, 15.354111535036116 ], [ -93.064078371579797, 15.354441686303685 ], [ -93.064414470954418, 15.354745067365579 ], [ -93.064881439907637, 15.355176344176762 ], [ -93.065500100214535, 15.355780131627384 ], [ -93.065990863700549, 15.356214383561529 ], [ -93.066386448736694, 15.356580226366024 ], [ -93.066660086698874, 15.356841966755075 ], [ -93.066868289668321, 15.357073963941072 ], [ -93.067017005609486, 15.357294063567716 ], [ -93.067230125355579, 15.357531185879736 ], [ -93.067387168870525, 15.357677523392386 ], [ -93.067950945272415, 15.358168515729909 ], [ -93.068279467087251, 15.358523420576244 ], [ -93.068397250280697, 15.358648343069534 ], [ -93.068472203372224, 15.358726864753677 ], [ -93.0687042008405, 15.358912462958099 ], [ -93.068975458925379, 15.359123045308541 ], [ -93.069606508890928, 15.359629725240344 ], [ -93.070928244813686, 15.360824590268072 ], [ -93.071524696670437, 15.361346647786972 ], [ -93.072168538593161, 15.361895346863401 ], [ -93.072620636731799, 15.362335546648801 ], [ -93.072790172764115, 15.362546725354326 ], [ -93.073304732115844, 15.363043437135488 ], [ -93.073542677944076, 15.363207025313908 ], [ -93.073973954641247, 15.363522303934683 ], [ -93.074188106728286, 15.363694815082194 ], [ -93.074613434945803, 15.364069580010735 ], [ -93.0748335357803, 15.364268858799493 ], [ -93.075175582618073, 15.364634701991768 ], [ -93.075380811909952, 15.364842903749484 ], [ -93.075553321929192, 15.364985671954541 ], [ -93.075663373195255, 15.365071928423248 ], [ -93.075916189554206, 15.365244438398353 ], [ -93.076198750621188, 15.365479409701971 ], [ -93.076401005011022, 15.365687613435727 ], [ -93.076454542614357, 15.365779817058028 ], [ -93.076519978725585, 15.365889866885155 ], [ -93.076585413575785, 15.365996942848563 ], [ -93.076635976608785, 15.366068326859256 ], [ -93.076731155790171, 15.36613376230398 ], [ -93.076885820628263, 15.366217043047101 ], [ -93.077013716684348, 15.366285452910757 ], [ -93.077174329536064, 15.366389554210325 ], [ -93.077352789843829, 15.366538269968114 ], [ -93.077858424879921, 15.367011187902884 ], [ -93.078019039181513, 15.367204520088062 ], [ -93.078245088029178, 15.367442466347152 ], [ -93.078701558599505, 15.367900868848087 ], [ -93.078982140534166, 15.368175886152464 ], [ -93.079139008940174, 15.368327146155615 ], [ -93.079153270373297, 15.368340897426533 ], [ -93.079253096030143, 15.368437153323681 ], [ -93.079295877825714, 15.368464653946367 ], [ -93.079509790350826, 15.368629664025637 ], [ -93.079795004711386, 15.368877179023825 ], [ -93.079809266265869, 15.368890930249115 ], [ -93.079880569602508, 15.368973434605252 ], [ -93.079937613231479, 15.36904218873577 ], [ -93.079994655991399, 15.369110942799384 ], [ -93.080508044080361, 15.369674724867838 ], [ -93.08062213145638, 15.369770979969477 ], [ -93.080650652195885, 15.369798481251117 ], [ -93.080778998873342, 15.369922237616601 ], [ -93.080807521468145, 15.369949739887389 ], [ -93.081320909051641, 15.370472266942359 ], [ -93.081477778153356, 15.370637275365336 ], [ -93.081563341588705, 15.370733530143456 ], [ -93.081677429444781, 15.370884787871038 ], [ -93.082391299260948, 15.37148457505991 ], [ -93.082916721062787, 15.372000688083171 ], [ -93.083330748056014, 15.372364746421994 ], [ -93.083773327099124, 15.372721665407337 ], [ -93.084123108058108, 15.373050030949479 ], [ -93.084851065764653, 15.373751011601255 ], [ -93.085395368236277, 15.374238800659532 ], [ -93.085660964894444, 15.374443160796437 ], [ -93.086183564966433, 15.374765256894626 ], [ -93.086701097094135, 15.375080535095831 ], [ -93.086834941608629, 15.375175713666485 ], [ -93.087135349393236, 15.375479095360404 ], [ -93.087884879248634, 15.376172113412576 ], [ -93.088452975091201, 15.376695595430766 ], [ -93.088878303633493, 15.37716553756516 ], [ -93.089610099211058, 15.377972937913418 ], [ -93.089860480739375, 15.378222833314915 ], [ -93.090079391869466, 15.37838463699371 ], [ -93.090292732245302, 15.378491305654874 ], [ -93.090588103712435, 15.378733372876896 ], [ -93.090754665758183, 15.378918971245566 ], [ -93.090911709563656, 15.37911884631192 ], [ -93.091101169594253, 15.379340555156178 ], [ -93.091706888088297, 15.379833509245756 ], [ -93.093033437826946, 15.380892368715795 ], [ -93.094104194724679, 15.381859024587769 ], [ -93.094654446154536, 15.382400351604494 ], [ -93.095240387895942, 15.382929781586784 ], [ -93.095386129794548, 15.383048755217933 ], [ -93.095828115016332, 15.383408053776707 ], [ -93.096245710261826, 15.383704296877275 ], [ -93.096388477894536, 15.383822079731919 ], [ -93.096463430806196, 15.384025523614758 ], [ -93.096591921793845, 15.384178999085286 ], [ -93.096788226730098, 15.384357458792788 ], [ -93.096998809623798, 15.384482381335381 ], [ -93.097205823122749, 15.384575179730287 ], [ -93.097444959083546, 15.38473579283326 ], [ -93.097655540968859, 15.38496065189179 ], [ -93.097862553680187, 15.38518908070199 ], [ -93.09829329133693, 15.385718134800886 ], [ -93.098711583875911, 15.38629530008847 ], [ -93.099588851479055, 15.387068749663127 ], [ -93.100182528633638, 15.387562593264493 ], [ -93.100658478794045, 15.388005786375409 ], [ -93.100726907035011, 15.388071760900555 ], [ -93.100816074216624, 15.38813481626512 ], [ -93.100839841684675, 15.388157730602053 ], [ -93.10083984181847, 15.38820356332727 ], [ -93.100839842377098, 15.388226479270601 ], [ -93.100839841642866, 15.388272311049297 ], [ -93.100839841834414, 15.388318142888776 ], [ -93.100839842392801, 15.38834105883819 ], [ -93.100839842083232, 15.388363973835002 ], [ -93.100839842152197, 15.388369326686044 ], [ -93.101286519872403, 15.388768821675821 ], [ -93.101309774397876, 15.388757611944092 ], [ -93.101428613587629, 15.388757611856137 ], [ -93.101458324281793, 15.388757612324031 ], [ -93.101517743860711, 15.388786256020222 ], [ -93.10169600429154, 15.388929480069624 ], [ -93.102045645688136, 15.389282942908528 ], [ -93.102455043078066, 15.389723640075951 ], [ -93.102630993723153, 15.389943244299907 ], [ -93.102748213301453, 15.390076092640447 ], [ -93.102791607368687, 15.390125272603298 ], [ -93.102859421627983, 15.390185949327149 ], [ -93.102893074730005, 15.39020564867346 ], [ -93.103005759368116, 15.390271609329483 ], [ -93.103129518062843, 15.390315943249044 ], [ -93.103676767220605, 15.390778435104048 ], [ -93.104461989187214, 15.391385196729978 ], [ -93.104622603109448, 15.391506549668101 ], [ -93.105125859243486, 15.391977683360231 ], [ -93.105873575097988, 15.392739310097486 ], [ -93.106503567213608, 15.39340179040861 ], [ -93.107063305080231, 15.393791031658278 ], [ -93.107370880232139, 15.3940942134158 ], [ -93.107627862067957, 15.394372610405076 ], [ -93.107802751708647, 15.394601039061492 ], [ -93.108580836383652, 15.395279185387979 ], [ -93.109134061237711, 15.395846685877457 ], [ -93.109754820629206, 15.39637212225624 ], [ -93.109963302606701, 15.396473080178982 ], [ -93.110112018619674, 15.396586104029467 ], [ -93.110433246994205, 15.396832972923841 ], [ -93.11052247556313, 15.39695491986577 ], [ -93.110590856182327, 15.397056842032667 ], [ -93.111203568127053, 15.39762196359972 ], [ -93.11159617902814, 15.397901550327676 ], [ -93.111816279288433, 15.398062164198281 ], [ -93.11208991687478, 15.398389340255523 ], [ -93.112666965737048, 15.398903103896 ], [ -93.113071473673557, 15.399206484614329 ], [ -93.113235061614489, 15.399340329763158 ], [ -93.113348086259151, 15.399435508726068 ], [ -93.113431366808612, 15.399512841193827 ], [ -93.113544391795315, 15.399706171730051 ], [ -93.113999464240493, 15.400116629262149 ], [ -93.114870941132168, 15.400898877099291 ], [ -93.115531242347814, 15.401517536741425 ], [ -93.116039852114341, 15.401859583559881 ], [ -93.116462205576568, 15.40228193884678 ], [ -93.11663769116214, 15.402490142086203 ], [ -93.116845893942724, 15.402704292739475 ], [ -93.117217684988887, 15.40307608367451 ], [ -93.117415025070542, 15.403270546321556 ], [ -93.118017267624069, 15.403831922553868 ], [ -93.118829770269159, 15.404587042201404 ], [ -93.119249150019769, 15.404955858002877 ], [ -93.119481146962414, 15.405172983811013 ], [ -93.119677453366577, 15.405402006958735 ], [ -93.119811297316716, 15.40556559543489 ], [ -93.120471598026157, 15.406267536121158 ], [ -93.120617339557455, 15.406407329086955 ], [ -93.120769183635346, 15.406495383912919 ], [ -93.121072411673467, 15.406579840162681 ], [ -93.121506634261905, 15.407032732341868 ], [ -93.121634558712032, 15.407252037939696 ], [ -93.121845736082406, 15.407522702184774 ], [ -93.122045015798037, 15.407716033363812 ], [ -93.122244296426899, 15.407852851861419 ], [ -93.122470315969736, 15.408020208365844 ], [ -93.122940258832045, 15.408400921663029 ], [ -93.123247740386333, 15.408661440451651 ], [ -93.123520281631428, 15.40892360927158 ], [ -93.12363121760167, 15.409081794626392 ], [ -93.123697629902026, 15.409133479559127 ], [ -93.123776979814735, 15.409195230278399 ], [ -93.123994269204417, 15.409406036452847 ], [ -93.124082969971823, 15.409446443811779 ], [ -93.124284684239754, 15.409512526375476 ], [ -93.124635653600436, 15.409830779396993 ], [ -93.124772443651395, 15.410001109814372 ], [ -93.125337566372977, 15.410584078324199 ], [ -93.125572566590606, 15.410705230710313 ], [ -93.12584323130929, 15.410934254275725 ], [ -93.126393481156654, 15.411511272760563 ], [ -93.126717682627941, 15.411850345851562 ], [ -93.127303624992564, 15.412338136429977 ], [ -93.12809774084532, 15.413064665758581 ], [ -93.128448710638722, 15.413409687596806 ], [ -93.128835402942499, 15.413759864185687 ], [ -93.128942478700878, 15.413783658309079 ], [ -93.129085246305877, 15.413792580880425 ], [ -93.129198270606381, 15.413852068226344 ], [ -93.129427294191274, 15.41403647637064 ], [ -93.129590881859158, 15.414217909664808 ], [ -93.129745546850188, 15.414396370058768 ], [ -93.129861546002246, 15.414539136770722 ], [ -93.129977543536882, 15.414699751221805 ], [ -93.130090538848989, 15.414855209899285 ], [ -93.130572380023068, 15.415283513139492 ], [ -93.131089913121301, 15.415741559235803 ], [ -93.131595578292433, 15.416139325143686 ], [ -93.131809729120533, 15.416335630114663 ], [ -93.132009009150948, 15.416523012939816 ], [ -93.132208288569089, 15.416713369567765 ], [ -93.132434337596436, 15.416930496386275 ], [ -93.13317256554987, 15.417646832200536 ], [ -93.133577074390416, 15.418039442861014 ], [ -93.133879265587055, 15.418351152584886 ], [ -93.134269496596147, 15.418715210162256 ], [ -93.13459786337728, 15.418991228350661 ], [ -93.134876260118119, 15.419176825772857 ], [ -93.135216485965273, 15.419421959588202 ], [ -93.135274818560788, 15.419464622166803 ], [ -93.1358310181093, 15.419952411158528 ], [ -93.136194821950212, 15.420345038880132 ], [ -93.136390161695246, 15.420601608273458 ], [ -93.137612639630717, 15.421825165917713 ], [ -93.13796819829453, 15.422103385831953 ], [ -93.138281834090577, 15.422308872047459 ], [ -93.138795232220616, 15.422684150801631 ], [ -93.139133114551328, 15.423050587945637 ], [ -93.139204499335818, 15.423155284853516 ], [ -93.139323443106605, 15.423383241818701 ], [ -93.139441821035362, 15.423510498996581 ], [ -93.139756533556408, 15.423802497819869 ], [ -93.140070623295301, 15.424088032721075 ], [ -93.140340586607607, 15.424310294397104 ], [ -93.140663108669827, 15.424547269136147 ], [ -93.141238151445407, 15.425018473109404 ], [ -93.141443572344855, 15.425237312622469 ], [ -93.141651269877485, 15.425436663356033 ], [ -93.141945638105682, 15.425594232227263 ], [ -93.142438187004359, 15.426079641718458 ], [ -93.143576135417248, 15.427180818345754 ], [ -93.143790285949109, 15.427383071585259 ], [ -93.144379203262162, 15.427936297277325 ], [ -93.144974067576001, 15.428465726774695 ], [ -93.145348832651194, 15.428792902538863 ], [ -93.14565221379813, 15.428983259730408 ], [ -93.145943698282323, 15.429262846260517 ], [ -93.146276823384824, 15.429625713692857 ], [ -93.146449333533241, 15.429833917125682 ], [ -93.147504059470961, 15.430810010734875 ], [ -93.148731861167462, 15.431878388797807 ], [ -93.148981705086982, 15.432049709902195 ], [ -93.149095919244544, 15.432137749988033 ], [ -93.149212511965715, 15.432251964206367 ], [ -93.150192850082561, 15.433241820372846 ], [ -93.150280377569402, 15.433375497881444 ], [ -93.150327854771561, 15.433420954879576 ], [ -93.150631236609428, 15.433629156844441 ], [ -93.150975692916703, 15.433850961604712 ], [ -93.151265986794073, 15.434103185123075 ], [ -93.152213269313222, 15.435024400243831 ], [ -93.152969680839249, 15.435794981309867 ], [ -93.153098172014438, 15.435913953778757 ], [ -93.153516956737931, 15.436175695056496 ], [ -93.15399047030958, 15.436677760822155 ], [ -93.154406521385923, 15.437169902334166 ], [ -93.154881516124959, 15.437616846338537 ], [ -93.155003921105475, 15.437711314229666 ], [ -93.155727476247066, 15.438212514302982 ], [ -93.155984457816189, 15.438412389395443 ], [ -93.156236681311398, 15.438612263129237 ], [ -93.156453212122273, 15.438819275870205 ], [ -93.156643568537859, 15.43901915121978 ], [ -93.156686398892276, 15.439130986348937 ], [ -93.15675302418542, 15.439259477031584 ], [ -93.157005246595773, 15.439504561003446 ], [ -93.157366925397824, 15.439732988587458 ], [ -93.157619148061571, 15.439920967121756 ], [ -93.158028415017398, 15.440356407660904 ], [ -93.158701802896204, 15.44097268872116 ], [ -93.158955083392883, 15.441256340937102 ], [ -93.159215141824674, 15.441546813998558 ], [ -93.159244129000243, 15.441577149025699 ], [ -93.159446573577895, 15.44169842371789 ], [ -93.159672622808003, 15.441848329720552 ], [ -93.159810631561655, 15.441983959665601 ], [ -93.159952631379298, 15.442139098046301 ], [ -93.160248452266032, 15.442421779877687 ], [ -93.160952149016055, 15.443051822983255 ], [ -93.161642817024457, 15.443711447661279 ], [ -93.162278132710654, 15.444242067776477 ], [ -93.162563668204726, 15.444456219274665 ], [ -93.162953900452081, 15.444813138926611 ], [ -93.164219773471274, 15.446043319806451 ], [ -93.164291157467417, 15.446178948643814 ], [ -93.164507688344457, 15.446424034265808 ], [ -93.164700423688018, 15.446623907627 ], [ -93.164890781399677, 15.446773815117306 ], [ -93.165083517351675, 15.446911822617748 ], [ -93.165204869535614, 15.447009381049984 ], [ -93.165796860102532, 15.447500519338631 ], [ -93.16582409518098, 15.447531157828966 ], [ -93.166020400791126, 15.447757207218956 ], [ -93.16618696287739, 15.447959461305203 ], [ -93.166698546962962, 15.448429404805008 ], [ -93.167061415247005, 15.448714939877609 ], [ -93.167299361045181, 15.448893399698006 ], [ -93.167805621047165, 15.449322217038558 ], [ -93.168322528904085, 15.449797595006617 ], [ -93.168786523567761, 15.45022589785882 ], [ -93.169024469992195, 15.450451946778957 ], [ -93.169256467584432, 15.450689892775266 ], [ -93.169530106269036, 15.450862403909175 ], [ -93.169750206167578, 15.451023016972735 ], [ -93.169994099615323, 15.451219323360458 ], [ -93.170172560385808, 15.451397781874926 ], [ -93.1704045566334, 15.451677369406305 ], [ -93.170606812275679, 15.451879623281577 ], [ -93.171110691894327, 15.452213262235032 ], [ -93.171408124896544, 15.452505935625577 ], [ -93.171648449619255, 15.45275340008199 ], [ -93.171819770639829, 15.452931860241609 ], [ -93.172619270332078, 15.453629042246863 ], [ -93.172988086554057, 15.45391933603827 ], [ -93.17396128575416, 15.454752146969346 ], [ -93.174482388037305, 15.455216141765188 ], [ -93.175010627561491, 15.455694414081686 ], [ -93.175429413837563, 15.456148890675809 ], [ -93.1758077484306, 15.456522466066444 ], [ -93.17618132291436, 15.456862729087037 ], [ -93.176440685472528, 15.457093536733366 ], [ -93.176904678808611, 15.457393348969228 ], [ -93.177392468607835, 15.457697919896541 ], [ -93.177611378608376, 15.457878759410855 ], [ -93.1778064952249, 15.458116704683629 ], [ -93.178013508236745, 15.458364168757587 ], [ -93.178444190751392, 15.458878132597894 ], [ -93.17890342675075, 15.459384958373526 ], [ -93.179058092439377, 15.459537243305769 ], [ -93.179217516049818, 15.459649078241922 ], [ -93.179867108018854, 15.460051207005053 ], [ -93.180452455659037, 15.460572309304343 ], [ -93.181014009099428, 15.461052959604331 ], [ -93.181266231157494, 15.461229039834327 ], [ -93.181656462681417, 15.46169303462565 ], [ -93.18183492337711, 15.461940499268794 ], [ -93.182101612154895, 15.46221888763213 ], [ -93.182601675097899, 15.462685945273309 ], [ -93.183674245619187, 15.463618019295044 ], [ -93.184648010709935, 15.46438131134793 ], [ -93.184856213628976, 15.464547874344019 ], [ -93.185016828164549, 15.464738231393664 ], [ -93.185038650167471, 15.464766289176463 ], [ -93.18526667139794, 15.46505945823569 ], [ -93.185286132094589, 15.465078918218442 ], [ -93.185419950228948, 15.46519390997438 ], [ -93.186044310100144, 15.465766170782743 ], [ -93.186613454363354, 15.466287819370482 ], [ -93.187630399517971, 15.467219883035392 ], [ -93.188152050073114, 15.467631120096298 ], [ -93.188616044696218, 15.468009454687111 ], [ -93.188958385377703, 15.468363796295932 ], [ -93.189561597650965, 15.468908235828565 ], [ -93.189957498839391, 15.469263732941194 ], [ -93.190322118107602, 15.469437130863319 ], [ -93.190669519601784, 15.469601313623828 ], [ -93.190769457035472, 15.46967983605972 ], [ -93.191116858154274, 15.47001296060818 ], [ -93.191595130132043, 15.470441264416706 ], [ -93.1917450359458, 15.470564995921199 ], [ -93.191925874647907, 15.470731558368767 ], [ -93.192092436867227, 15.470898120375967 ], [ -93.192232825073049, 15.471059924358684 ], [ -93.192349418839299, 15.471212209427115 ], [ -93.192442218263849, 15.471309767038981 ], [ -93.19255405286917, 15.471407324579911 ], [ -93.192827690770102, 15.471635753145765 ], [ -93.193001391206209, 15.471749966977026 ], [ -93.193441592188663, 15.472097368572131 ], [ -93.1936509835744, 15.472290104580415 ], [ -93.194310809288865, 15.472936129153021 ], [ -93.194996094444264, 15.473567874921692 ], [ -93.195702793125548, 15.474128238306244 ], [ -93.196213188447246, 15.47460294096016 ], [ -93.196866349652538, 15.475195426787522 ], [ -93.197623018194136, 15.475823604367825 ], [ -93.198204796572753, 15.476269753205493 ], [ -93.198625961308935, 15.47663381090109 ], [ -93.198722329269259, 15.476776578722633 ], [ -93.19880442099165, 15.476887223761768 ], [ -93.198947189192296, 15.477029991102796 ], [ -93.199457583401937, 15.477472571050116 ], [ -93.199775241106252, 15.477693861388541 ], [ -93.200142868371941, 15.477893736151772 ], [ -93.200674677400428, 15.478386283867721 ], [ -93.200838859658802, 15.478543328322992 ], [ -93.200928090166698, 15.478682526928916 ], [ -93.201035165693554, 15.478825295022205 ], [ -93.201499160041237, 15.479250028219898 ], [ -93.201708745641525, 15.47941355599621 ], [ -93.202684132320883, 15.48013161915642 ], [ -93.203305171444285, 15.480599182896572 ], [ -93.203890518640449, 15.481170253152639 ], [ -93.204311683434995, 15.481580710068567 ], [ -93.204511557778247, 15.48177344706863 ], [ -93.204718571209483, 15.481969751962497 ], [ -93.204979121607963, 15.482208888225829 ], [ -93.205775051790553, 15.482826358143155 ], [ -93.206531719699484, 15.483500934731442 ], [ -93.207306234771295, 15.484214773643036 ], [ -93.20764530777241, 15.484518155191051 ], [ -93.207987951293049, 15.484771568306076 ], [ -93.20849120680694, 15.485221286434081 ], [ -93.208637543084365, 15.485378329941565 ], [ -93.209304981710602, 15.485863739684065 ], [ -93.209565532793548, 15.486035061205023 ], [ -93.20971543898024, 15.486163551960253 ], [ -93.21001882085514, 15.486434810731273 ], [ -93.210575614410047, 15.486959481997705 ], [ -93.211168099571282, 15.487484152774792 ], [ -93.211496466048345, 15.487837503113616 ], [ -93.211592833728787, 15.48793387117157 ], [ -93.211831970279277, 15.488162298574686 ], [ -93.212674299358838, 15.48891539911193 ], [ -93.213066909574124, 15.489261610141403 ], [ -93.213898532383269, 15.489961172375891 ], [ -93.214573109335902, 15.490450151237852 ], [ -93.215029965035313, 15.490946269078934 ], [ -93.215354761790678, 15.491263926718654 ], [ -93.215601035565498, 15.491456663384438 ], [ -93.215911555768173, 15.491685091779345 ], [ -93.216571855820504, 15.492216900999674 ], [ -93.217000159247931, 15.492563112926121 ], [ -93.217489138129352, 15.493080644978546 ], [ -93.217886134856087, 15.493492566008758 ], [ -93.217963841307323, 15.493573194079504 ], [ -93.21800146401165, 15.493591080391511 ], [ -93.218181561944533, 15.49367670015436 ], [ -93.218338605907689, 15.493765929770591 ], [ -93.21858131081639, 15.493922975266146 ], [ -93.21885257020287, 15.494137125716936 ], [ -93.218984629881177, 15.494279894196698 ], [ -93.219095275307012, 15.494411954080443 ], [ -93.219609237958323, 15.494861671583349 ], [ -93.219884066002095, 15.495050839120536 ], [ -93.220637165223707, 15.495682586136727 ], [ -93.221622694404317, 15.496428606061473 ], [ -93.222045047658028, 15.496827165682381 ], [ -93.222342172011309, 15.497009765581383 ], [ -93.222935724989966, 15.497592102962084 ], [ -93.22358174791276, 15.498188158154077 ], [ -93.223781623019661, 15.498363049021703 ], [ -93.223985067300589, 15.498545078081621 ], [ -93.224256326456782, 15.498809197638797 ], [ -93.224309081764446, 15.498865302921642 ], [ -93.224359451223023, 15.498938625696052 ], [ -93.224399857252166, 15.498998176421779 ], [ -93.224401499375873, 15.499000663316068 ], [ -93.226408170203868, 15.500659079760529 ], [ -93.227051880455278, 15.501191459715537 ], [ -93.228880140204197, 15.502408799626854 ], [ -93.230405569691683, 15.503650049932824 ], [ -93.231167949654974, 15.504478940372532 ], [ -93.232373170460917, 15.505734799585577 ], [ -93.232377759799689, 15.505739169058108 ], [ -93.233587784792277, 15.506891202078592 ], [ -93.234455538842568, 15.507717352097089 ], [ -93.235520819779651, 15.508731539952747 ], [ -93.236284223064985, 15.509488764950879 ], [ -93.237127949554051, 15.510325650182667 ], [ -93.237401648975336, 15.510617173396438 ], [ -93.237515820109294, 15.510738779573554 ], [ -93.240006970180389, 15.512923819609831 ], [ -93.240879332389767, 15.513683754164353 ], [ -93.241183340137482, 15.5139485798066 ], [ -93.242583097089195, 15.515167155063546 ], [ -93.242759059928261, 15.515320340012295 ], [ -93.242980281600467, 15.515499338848796 ], [ -93.24454191021492, 15.516762889649307 ], [ -93.246372419959911, 15.518398030421785 ], [ -93.247830889769347, 15.519677089739993 ], [ -93.248636000110139, 15.520392110261625 ], [ -93.249318073726215, 15.520997979222827 ], [ -93.24950074380844, 15.521132009897453 ], [ -93.249725812547481, 15.521302758390659 ], [ -93.24994303387858, 15.521473370912211 ], [ -93.250152734719791, 15.52164410490243 ], [ -93.250778298195911, 15.522170857960479 ], [ -93.250882756257212, 15.522261899828441 ], [ -93.250940647441837, 15.52231459751718 ], [ -93.252660740220662, 15.523624979913487 ], [ -93.255076319704486, 15.525711860079982 ], [ -93.259871539801622, 15.529800859668494 ], [ -93.265174966106088, 15.534465073054037 ], [ -93.26528687091438, 15.534545362712681 ], [ -93.265363688764921, 15.53460409778471 ], [ -93.265434031815474, 15.534660906343078 ], [ -93.265499111702283, 15.534716768033173 ], [ -93.26555954227014, 15.534772215083635 ], [ -93.265601183672175, 15.534813731950354 ], [ -93.265645767314425, 15.534862015044023 ], [ -93.265704951773571, 15.534931154581852 ], [ -93.265781709616135, 15.535020824933738 ], [ -93.265828945830293, 15.535074093380489 ], [ -93.265873611967677, 15.535120963833695 ], [ -93.265916062476123, 15.535161508643787 ], [ -93.265962288552217, 15.53520102688014 ], [ -93.266012629603267, 15.535239593605992 ], [ -93.266067518275904, 15.535277546378969 ], [ -93.26612778437989, 15.535315459033821 ], [ -93.266189632994781, 15.535351309252986 ], [ -93.266219249668481, 15.535367348251837 ], [ -93.266259593052737, 15.535389196160436 ], [ -93.266536345296288, 15.535529083232166 ], [ -93.266652016039245, 15.535591250424421 ], [ -93.266713117259357, 15.535627142817377 ], [ -93.266768642703255, 15.535662488302879 ], [ -93.266819687069955, 15.535697981879531 ], [ -93.266866781046076, 15.535733999368178 ], [ -93.26692345320339, 15.535781977737559 ], [ -93.266983108828029, 15.535837281092219 ], [ -93.267051107235091, 15.535905052988666 ], [ -93.26719355784941, 15.536053733584586 ], [ -93.267256656904863, 15.536117584691159 ], [ -93.267325395545427, 15.53618264104289 ], [ -93.267389676285873, 15.536237789321545 ], [ -93.267467556002941, 15.536296423874619 ], [ -93.267558901691586, 15.53635681457504 ], [ -93.267648657010014, 15.53641091926265 ], [ -93.267861473298822, 15.536533723359181 ], [ -93.267962539370686, 15.536596335707427 ], [ -93.268050910686739, 15.536657797386002 ], [ -93.26809009363545, 15.536688155907742 ], [ -93.268126483432141, 15.53671867937058 ], [ -93.268175426844437, 15.536763723591784 ], [ -93.268224151521963, 15.536813090243548 ], [ -93.268273139746782, 15.536867259580584 ], [ -93.26832326981301, 15.536927203242433 ], [ -93.268415297756775, 15.537047403845543 ], [ -93.268581157985182, 15.537279580089766 ], [ -93.268649236577858, 15.537371720971713 ], [ -93.26872241789529, 15.537463888360531 ], [ -93.26875395167454, 15.53749977299185 ], [ -93.268791987451976, 15.537543057980569 ], [ -93.269128278357741, 15.537919568422817 ], [ -93.269234899424546, 15.538035721271882 ], [ -93.269300614916915, 15.5381041707814 ], [ -93.269363090174195, 15.538166434289927 ], [ -93.26942352518688, 15.538223707128886 ], [ -93.269482531231233, 15.538276562833335 ], [ -93.269548417606302, 15.538331779055481 ], [ -93.269613549769019, 15.538382245605412 ], [ -93.269678298389792, 15.538428250387051 ], [ -93.269742917221549, 15.538469973405149 ], [ -93.269807697253256, 15.538507594158965 ], [ -93.270566410378052, 15.539079478128231 ], [ -93.270893399943134, 15.539325945774106 ], [ -93.271335717582872, 15.539725959346763 ], [ -93.271475942208113, 15.539852772228318 ], [ -93.271550277267707, 15.539930244001301 ], [ -93.271629437177623, 15.540007532784145 ], [ -93.271703562776352, 15.54007342325108 ], [ -93.271775629894009, 15.540132229120839 ], [ -93.271852587279938, 15.540191423929096 ], [ -93.271935157816202, 15.54025156704674 ], [ -93.272024735908843, 15.54031367680366 ], [ -93.272071682809795, 15.540344413687253 ], [ -93.27220612102407, 15.540432432747908 ], [ -93.272856980342993, 15.540849016770803 ], [ -93.273414430063852, 15.541216414271585 ], [ -93.273484154231724, 15.541264391274856 ], [ -93.273543885574156, 15.541310085562355 ], [ -93.273579765306479, 15.541340563311017 ], [ -93.273612358585851, 15.541371002949091 ], [ -93.273641894794608, 15.541401617303496 ], [ -93.273668511651067, 15.541432553372545 ], [ -93.273692350208691, 15.541463979090793 ], [ -93.273713444201675, 15.541495949652795 ], [ -93.273731851279095, 15.541528554126671 ], [ -93.273747609131306, 15.541561858760932 ], [ -93.273756327248549, 15.541585656624228 ], [ -93.273763720003686, 15.54161347988286 ], [ -93.27378155420125, 15.541712543322209 ], [ -93.273790202430064, 15.541749635444456 ], [ -93.273802756800279, 15.541784808589981 ], [ -93.273817739875128, 15.541811645514878 ], [ -93.273818912753711, 15.541813747232297 ], [ -93.273836306802849, 15.541835949298504 ], [ -93.273858554143672, 15.541859158455171 ], [ -93.273937752960435, 15.54192824205724 ], [ -93.273998056027096, 15.54197674542624 ], [ -93.274069303979118, 15.542024979008955 ], [ -93.2740771715562, 15.542029645601746 ], [ -93.27414660600256, 15.542070830702139 ], [ -93.274301560954399, 15.542155871234883 ], [ -93.274365013948184, 15.542192216101135 ], [ -93.274429304991642, 15.542232528353823 ], [ -93.274484416184791, 15.542271724987474 ], [ -93.274536949466764, 15.54231365483402 ], [ -93.274589910548002, 15.542359582854129 ], [ -93.274643841431242, 15.542409972071782 ], [ -93.274699749002892, 15.542465762013611 ], [ -93.274801719376327, 15.542575130207737 ], [ -93.274982229942552, 15.542779656066244 ], [ -93.27502174758628, 15.542823360911205 ], [ -93.275053577227879, 15.542858563116125 ], [ -93.275128041806326, 15.542936753407682 ], [ -93.275197455377096, 15.543004485853567 ], [ -93.275284521947285, 15.543083851232973 ], [ -93.275377397031122, 15.543164463061837 ], [ -93.275476962395857, 15.543247091155889 ], [ -93.275584928559752, 15.543333156604783 ], [ -93.275801269189088, 15.543497847043518 ], [ -93.275835291698542, 15.54352281523397 ], [ -93.276221479671065, 15.543806222116503 ], [ -93.276391965385585, 15.543933723897606 ], [ -93.276566084817432, 15.544069348941472 ], [ -93.276718605954599, 15.544195218985109 ], [ -93.276871046845585, 15.544329937157961 ], [ -93.277036206324652, 15.544485108455374 ], [ -93.277192710301392, 15.544638548608692 ], [ -93.277509050389156, 15.544954871384148 ], [ -93.277575296764439, 15.545021113856539 ], [ -93.277682956462854, 15.545125960585963 ], [ -93.277781146597647, 15.545218975942765 ], [ -93.277889416877869, 15.545317897367983 ], [ -93.277992945610222, 15.545408301685773 ], [ -93.278093553690638, 15.545491777902583 ], [ -93.278192220065577, 15.545569133130769 ], [ -93.278268942870525, 15.545624909884275 ], [ -93.27835174338108, 15.545680136421211 ], [ -93.278407337310796, 15.545714365656735 ], [ -93.278441445407253, 15.545735365414906 ], [ -93.278539709927159, 15.54579162275596 ], [ -93.278629371652627, 15.545840031402836 ], [ -93.278730478605212, 15.545892219241257 ], [ -93.27908348510708, 15.546066747367643 ], [ -93.27921956072835, 15.546135970847624 ], [ -93.279355294429621, 15.546209322813464 ], [ -93.279473980689687, 15.546279031022831 ], [ -93.279539184377271, 15.546320369847839 ], [ -93.279600530744816, 15.546361754213688 ], [ -93.27965841884992, 15.546403450238268 ], [ -93.279713102025667, 15.546445645104384 ], [ -93.2797648559511, 15.546488555266318 ], [ -93.279813762463803, 15.546532254989282 ], [ -93.279859950147937, 15.546576859169178 ], [ -93.279903513670021, 15.546622459960192 ], [ -93.279968284088909, 15.546697794756236 ], [ -93.280103304012513, 15.546869389129519 ], [ -93.280164962282129, 15.546943037046704 ], [ -93.280213376576597, 15.546995676083029 ], [ -93.280266126183491, 15.547048820724212 ], [ -93.280323765133645, 15.547103039279689 ], [ -93.280387442164653, 15.547159413062479 ], [ -93.280507824435389, 15.547259281111975 ], [ -93.280790593005108, 15.547483815792631 ], [ -93.280859076157071, 15.547540712863757 ], [ -93.280919761794351, 15.547593434713159 ], [ -93.280975003716904, 15.547644031883095 ], [ -93.281025673834421, 15.54769331327129 ], [ -93.281072443646892, 15.547741931673578 ], [ -93.281115681434883, 15.547790273118729 ], [ -93.281147785356879, 15.54782971137473 ], [ -93.281181502859383, 15.547875375613792 ], [ -93.281294919728069, 15.548044216559282 ], [ -93.281342264625039, 15.548109989748081 ], [ -93.28136903873451, 15.548143564316598 ], [ -93.281395361403654, 15.548173647845111 ], [ -93.281421735187038, 15.548200813722531 ], [ -93.28144843187863, 15.548225340385397 ], [ -93.281500505934858, 15.548265733301973 ], [ -93.281563030000825, 15.548305715739847 ], [ -93.281626932930791, 15.548341188864732 ], [ -93.281791471424782, 15.548426552199603 ], [ -93.281836792728697, 15.548452411242481 ], [ -93.281876255933895, 15.548477218587289 ], [ -93.281924002647401, 15.548510433552336 ], [ -93.281972437585566, 15.548547161626471 ], [ -93.282022067043243, 15.548587783449774 ], [ -93.282073860744816, 15.548633091136718 ], [ -93.282166702386348, 15.548720250987893 ], [ -93.282381894976368, 15.548931970926967 ], [ -93.282439391407522, 15.548985550987679 ], [ -93.282492460178219, 15.549032317917598 ], [ -93.282548049779706, 15.549077957620879 ], [ -93.282602023664836, 15.549118590319255 ], [ -93.282655225612785, 15.549154851009147 ], [ -93.282708134940137, 15.549187061027304 ], [ -93.282775463758469, 15.549224424720579 ], [ -93.282843928664889, 15.549260108777492 ], [ -93.282913528674882, 15.549294114039864 ], [ -93.282984264882458, 15.549326437865169 ], [ -93.283056137116745, 15.549357082946457 ], [ -93.283182305972716, 15.54939314393641 ], [ -93.283269932842515, 15.549436539867777 ], [ -93.283353434583645, 15.549484735718153 ], [ -93.283403738348298, 15.549519146178485 ], [ -93.283452786880957, 15.549559121029258 ], [ -93.283501103577748, 15.549605079789799 ], [ -93.283549648937907, 15.549657932149458 ], [ -93.283589787879492, 15.54970643735672 ], [ -93.283612145766412, 15.549735621200051 ], [ -93.283632742922407, 15.549762507291328 ], [ -93.283769178586311, 15.549953823862191 ], [ -93.283820635570464, 15.550023140201917 ], [ -93.283873342137483, 15.550088405771577 ], [ -93.283923866772483, 15.55014419899114 ], [ -93.284022707124308, 15.550244639672073 ], [ -93.284123426766968, 15.550343431895765 ], [ -93.284225908454374, 15.550440457829682 ], [ -93.284330028113857, 15.550535604649335 ], [ -93.284435666306223, 15.550628759803629 ], [ -93.284542703953719, 15.550719819780236 ], [ -93.284651020938611, 15.5508086828094 ], [ -93.284760498770297, 15.550895250824373 ], [ -93.284841656881611, 15.550954948011894 ], [ -93.284935314283956, 15.551017600610477 ], [ -93.285028292151424, 15.551075712578886 ], [ -93.285679687481348, 15.551547264655126 ], [ -93.286147635125815, 15.551983110175836 ], [ -93.286704346736329, 15.552435590147748 ], [ -93.287430984144848, 15.55290235016893 ], [ -93.287562353380764, 15.552975989603057 ], [ -93.287631542842234, 15.553018971373834 ], [ -93.28769395832316, 15.553061530267204 ], [ -93.287750844049441, 15.55310451693996 ], [ -93.287802800009459, 15.553148390585312 ], [ -93.287869695907162, 15.553212038027834 ], [ -93.287939988576241, 15.553286409758266 ], [ -93.288009876083819, 15.553366350980902 ], [ -93.288199640246035, 15.553591635062766 ], [ -93.288259962613139, 15.55365846023607 ], [ -93.28831618781652, 15.553716252003062 ], [ -93.288373581434868, 15.553770840273343 ], [ -93.288435081601008, 15.553825625544695 ], [ -93.288501159336548, 15.553881032340671 ], [ -93.288572661395477, 15.553937767934258 ], [ -93.288652331223176, 15.553997932768743 ], [ -93.288741834413301, 15.554062704391685 ], [ -93.289113431737576, 15.554320126793908 ], [ -93.28927273567318, 15.554435331974688 ], [ -93.289357493563031, 15.554500637780105 ], [ -93.289434584135179, 15.554563627690582 ], [ -93.289505547664888, 15.554625563859302 ], [ -93.289571137108368, 15.554687106560644 ], [ -93.289641641239044, 15.554759096913331 ], [ -93.289717083853844, 15.55484254985932 ], [ -93.289786707859335, 15.554923961836526 ], [ -93.290403525049499, 15.555538427978398 ], [ -93.290922137068478, 15.555972352346465 ], [ -93.291280046448122, 15.556351894268197 ], [ -93.291827737644923, 15.556726783691799 ], [ -93.292332958252558, 15.557004768015673 ], [ -93.292727523594621, 15.557324877805424 ], [ -93.293110947186918, 15.557720907110735 ], [ -93.293547497003971, 15.558210214867879 ], [ -93.294278834658897, 15.558728362153508 ], [ -93.294804528006651, 15.559163971401716 ], [ -93.296002433245278, 15.560317974968436 ], [ -93.296087380976559, 15.560392985857611 ], [ -93.296179064028991, 15.560467204034508 ], [ -93.296277991391747, 15.560541042703919 ], [ -93.296385042545779, 15.56061516322643 ], [ -93.296499211098364, 15.560689014861168 ], [ -93.296624772595109, 15.560765503227456 ], [ -93.296764667926709, 15.560846476936158 ], [ -93.29693413788732, 15.560940768866667 ], [ -93.297017448768642, 15.560983580997174 ], [ -93.297644482662406, 15.561419395852687 ], [ -93.298854775349312, 15.562556590197952 ], [ -93.298937258052376, 15.562633900936088 ], [ -93.299026588777153, 15.562711932271236 ], [ -93.299123888386177, 15.56279166545492 ], [ -93.299226231775521, 15.562870999416933 ], [ -93.29934070686879, 15.562955687982518 ], [ -93.299468673673388, 15.563046949197187 ], [ -93.299653194382245, 15.563175481602009 ], [ -93.299725657296946, 15.563223871107359 ], [ -93.299808280818141, 15.563275416135617 ], [ -93.30008372646833, 15.563436562762845 ], [ -93.300182273421854, 15.563496256299455 ], [ -93.300275377630911, 15.563556854811434 ], [ -93.300356726308706, 15.563615093873356 ], [ -93.300408438572106, 15.563655585828878 ], [ -93.300460872480585, 15.563699511705385 ], [ -93.300514508648874, 15.563747277627014 ], [ -93.300570238232368, 15.563799670976561 ], [ -93.300678951832651, 15.563908460239974 ], [ -93.300886610752286, 15.564126903617524 ], [ -93.300974021703013, 15.56421638125321 ], [ -93.301067848386268, 15.564306918243057 ], [ -93.301155330127443, 15.564384414890183 ], [ -93.301285257913207, 15.564491722123647 ], [ -93.301417451440301, 15.564596498878638 ], [ -93.301551908683834, 15.564698747733429 ], [ -93.301688630680843, 15.564798466937864 ], [ -93.302331454659864, 15.565329733103468 ], [ -93.30313010594115, 15.565797963202773 ], [ -93.303621000903476, 15.566166940021887 ], [ -93.30385810114646, 15.566455166386254 ], [ -93.304246230728367, 15.566790857534038 ], [ -93.304740979990271, 15.567113182344725 ], [ -93.305131152999408, 15.56748181711497 ], [ -93.305648496752028, 15.56784359629799 ], [ -93.305971905099724, 15.568129927348437 ], [ -93.306355099135629, 15.568530543252425 ], [ -93.306808245406657, 15.568880453371188 ], [ -93.307294191174023, 15.569322162849796 ], [ -93.307695729158723, 15.569694422723096 ], [ -93.307747585213775, 15.569744381150187 ], [ -93.307796101131316, 15.569786975971452 ], [ -93.30787164781789, 15.569848081191328 ], [ -93.307953000230341, 15.569910527906705 ], [ -93.308041135166135, 15.569975074223038 ], [ -93.308138360101637, 15.570043408665875 ], [ -93.308220229254545, 15.570095865368808 ], [ -93.308315264836153, 15.570149094627476 ], [ -93.308409657989046, 15.57019699816548 ], [ -93.308644755229679, 15.570310801791688 ], [ -93.308708748779878, 15.570343781384324 ], [ -93.308765326385398, 15.570374854035604 ], [ -93.308825118150139, 15.570410445015044 ], [ -93.30887943606723, 15.570446066626499 ], [ -93.308929234383172, 15.570482346708891 ], [ -93.309423214886777, 15.570866239574483 ], [ -93.309713184219078, 15.571102064640311 ], [ -93.309782111229055, 15.571179911217419 ], [ -93.310307382786789, 15.571640112061333 ], [ -93.311198682177917, 15.572340715969911 ], [ -93.311757230342835, 15.572764281808524 ], [ -93.311885576062792, 15.57286273266358 ], [ -93.311956880308983, 15.572917680996301 ], [ -93.31204957599077, 15.572990947244326 ], [ -93.3124013410131, 15.573329798623512 ], [ -93.312465514828205, 15.57339390693167 ], [ -93.312581978135114, 15.573526700128301 ], [ -93.312648529374215, 15.57361141172729 ], [ -93.312719833439985, 15.573682387581547 ], [ -93.312814904178481, 15.573753363705855 ], [ -93.313009352372148, 15.573891702212247 ], [ -93.313071740252923, 15.573932722207198 ], [ -93.313460009419714, 15.57417806234908 ], [ -93.313494654401225, 15.574207413961833 ], [ -93.313526084341703, 15.574237105920588 ], [ -93.313567655321776, 15.574280216069596 ], [ -93.313608241544941, 15.574325327042256 ], [ -93.313647643847489, 15.574372217023242 ], [ -93.313685668317348, 15.574420654587104 ], [ -93.313722124441085, 15.574470398588597 ], [ -93.313756853836779, 15.574521229610152 ], [ -93.31378970216663, 15.574572923061144 ], [ -93.313820531551968, 15.574625258925634 ], [ -93.313849126876676, 15.574677853937951 ], [ -93.313875486875247, 15.574730683677753 ], [ -93.313899519085496, 15.574783560556423 ], [ -93.313921143823876, 15.57483631577117 ], [ -93.313940290592413, 15.574888767533039 ], [ -93.313956915181365, 15.574940789703296 ], [ -93.313970972089422, 15.574992247049602 ], [ -93.313982428875477, 15.5750430186336 ], [ -93.314000085287574, 15.57514262784607 ], [ -93.314012050624584, 15.575237825717362 ], [ -93.314018284128807, 15.575328267182147 ], [ -93.3140187694204, 15.575413723130543 ], [ -93.314005679555763, 15.575628483724827 ], [ -93.313999775681921, 15.575700521120293 ], [ -93.314204999652418, 15.575872949866968 ], [ -93.314558690013428, 15.576172549726389 ], [ -93.314759019986553, 15.57634653969175 ], [ -93.31494208009093, 15.576505400089633 ], [ -93.315066540197961, 15.576611460258084 ], [ -93.315253229816577, 15.576770520100366 ], [ -93.315693879696923, 15.577122970022209 ], [ -93.316345480038521, 15.577846249602342 ], [ -93.316713659846556, 15.578205259846838 ], [ -93.317086310035705, 15.578492979562306 ], [ -93.317752550254625, 15.578981969732926 ], [ -93.318349850036867, 15.579511770185961 ], [ -93.319024489696432, 15.57991548955755 ], [ -93.319634019784942, 15.580298909978847 ], [ -93.32029661991308, 15.580620919738637 ], [ -93.3210868299021, 15.580873489865619 ], [ -93.321875139827853, 15.581694310176653 ], [ -93.322635919791509, 15.582369279590083 ], [ -93.323435240680723, 15.583190077947673 ], [ -93.323436079980226, 15.583190939720739 ], [ -93.324342090316421, 15.584024620458186 ], [ -93.325255636889395, 15.584854313925419 ], [ -93.325867579676427, 15.585410079943989 ], [ -93.326832555387398, 15.586332456556669 ], [ -93.328165539636558, 15.587606570120011 ], [ -93.330438949859385, 15.589520860425447 ], [ -93.332345549989057, 15.591124579619265 ], [ -93.333434369839011, 15.591987540291273 ], [ -93.335340709885855, 15.593498380322904 ], [ -93.336674550137701, 15.59457728033505 ], [ -93.338699710250907, 15.596144600137576 ], [ -93.339821352666405, 15.59705319488296 ], [ -93.340058238120434, 15.59724508309292 ], [ -93.340121859986297, 15.597296619590665 ], [ -93.341044710153, 15.597958200268403 ], [ -93.341747120273723, 15.598473509716843 ], [ -93.342256850162116, 15.598888620270627 ], [ -93.34272359957194, 15.599256750335035 ], [ -93.343029980088275, 15.599496969721443 ], [ -93.343346350224621, 15.599760110310232 ], [ -93.343570236003885, 15.599919973034792 ], [ -93.343619250320373, 15.5999549703475 ], [ -93.343862279748024, 15.600138420419441 ], [ -93.343993980293945, 15.60023503037187 ], [ -93.344132489626602, 15.600358110024795 ], [ -93.344282020073976, 15.60049975017848 ], [ -93.344463090022245, 15.600643230024486 ], [ -93.344796230045674, 15.60088762035447 ], [ -93.345049033996716, 15.601110257122961 ], [ -93.345206520329256, 15.601248949944562 ], [ -93.345358254382262, 15.601354945525042 ], [ -93.345711660307003, 15.601601820180994 ], [ -93.345839856011551, 15.601736037821926 ], [ -93.345957960604792, 15.601829493715536 ], [ -93.346843120102761, 15.602500502305217 ], [ -93.34732996034252, 15.602969311586843 ], [ -93.348441483897744, 15.603862796545938 ], [ -93.348755349598463, 15.60411509037637 ], [ -93.349230024613107, 15.604480811914797 ], [ -93.350807199826832, 15.605695950096585 ], [ -93.351951700051728, 15.606610435349536 ], [ -93.351963569745863, 15.606619919787924 ], [ -93.35375482003333, 15.608044780304459 ], [ -93.353845171275466, 15.608117568046136 ], [ -93.355097169608243, 15.60912617998107 ], [ -93.356170249933939, 15.609989289734903 ], [ -93.357690339807476, 15.611132750224566 ], [ -93.359081050254503, 15.612280510103423 ], [ -93.36084720028812, 15.61368297969701 ], [ -93.361547859914722, 15.6142208903495 ], [ -93.361747820381169, 15.614325549773417 ], [ -93.361925479860645, 15.614480059745334 ], [ -93.362115289969424, 15.614593429614205 ], [ -93.362300289818307, 15.614783290339332 ], [ -93.363292279968888, 15.615614369695088 ], [ -93.365599379472201, 15.617465160507834 ], [ -93.366395934608235, 15.618104151303704 ], [ -93.366418424350016, 15.618122192005343 ], [ -93.366869490216871, 15.618484030165503 ], [ -93.368210890255313, 15.61951962019825 ], [ -93.368297498533522, 15.619588663508315 ], [ -93.370403029781343, 15.621267140005745 ], [ -93.370866585904039, 15.621644785112249 ], [ -93.371107790667011, 15.621841286022459 ], [ -93.373094909914727, 15.623460089645533 ], [ -93.377436229947534, 15.62697386004135 ], [ -93.377632577388894, 15.627126338645827 ], [ -93.378988916825278, 15.628179625295532 ], [ -93.379273139957661, 15.62840033970201 ], [ -93.380922539804331, 15.629739459740534 ], [ -93.383587347251336, 15.631918017798771 ], [ -93.384233835858907, 15.632446524510959 ], [ -93.384553170122217, 15.632707579710178 ], [ -93.385024894894585, 15.63308204448485 ], [ -93.38808622006556, 15.635512110237347 ], [ -93.388301220807321, 15.635674436159256 ], [ -93.388814121261305, 15.636061671928529 ], [ -93.389908048198748, 15.636887568627019 ], [ -93.391686149888216, 15.638229970440561 ], [ -93.3939426803706, 15.639825770348828 ], [ -93.395264939773895, 15.641003020084176 ], [ -93.395620970600447, 15.641297217773428 ], [ -93.395640875672328, 15.64131366562575 ], [ -93.396883910285013, 15.642340800281517 ], [ -93.397254265831521, 15.642655548360857 ], [ -93.397823230261281, 15.64313908036703 ], [ -93.398003013674725, 15.643287484838337 ], [ -93.398354888067587, 15.643577941098252 ], [ -93.39880190301696, 15.643932469634086 ], [ -93.39933430758019, 15.644345901036202 ], [ -93.399673380725446, 15.644607641914684 ], [ -93.400268245777752, 15.645059739766742 ], [ -93.400654909247251, 15.645363121211576 ], [ -93.400866085957674, 15.645559426181434 ], [ -93.400926375732681, 15.645657545620008 ], [ -93.401080237333716, 15.645797372868254 ], [ -93.402374069004253, 15.646710491183965 ], [ -93.402742885698686, 15.646972231141982 ], [ -93.402906473384448, 15.647106075623242 ], [ -93.403084932920223, 15.647269663657129 ], [ -93.403554877038118, 15.647721761661025 ], [ -93.404158664993389, 15.648188731247641 ], [ -93.40479747173157, 15.64867674343342 ], [ -93.405523880758565, 15.649318974767436 ], [ -93.405957759066254, 15.649617475044488 ], [ -93.406740380005857, 15.650241016193876 ], [ -93.408756973183515, 15.651856074588789 ], [ -93.409566556758463, 15.65255554929146 ], [ -93.410154907265039, 15.653036883388879 ], [ -93.410849957392259, 15.653544054700644 ], [ -93.411313952078245, 15.653847436110555 ], [ -93.412143788966802, 15.654540454078354 ], [ -93.413146136825844, 15.655352445427232 ], [ -93.41383618136561, 15.6559026958834 ], [ -93.414532172749702, 15.656470791762388 ], [ -93.415109191580086, 15.656949658340908 ], [ -93.415297157200882, 15.657157262144088 ], [ -93.415374740023225, 15.657219819817181 ], [ -93.418549550361448, 15.659671850442535 ], [ -93.419360109848967, 15.660355180261451 ], [ -93.420550969854418, 15.661352969583639 ], [ -93.422968769666966, 15.663133829658886 ], [ -93.424058769593373, 15.664039739646919 ], [ -93.424482289992298, 15.664373859611663 ], [ -93.424710179958652, 15.66456765041684 ], [ -93.424964090436788, 15.66477154968136 ], [ -93.425658709775547, 15.665319150302249 ], [ -93.426496940220161, 15.665986889968723 ], [ -93.427253860138165, 15.666619180340403 ], [ -93.427940489713365, 15.667229539825746 ], [ -93.428717134546289, 15.667877457305632 ], [ -93.42895399955286, 15.668075060088269 ], [ -93.429371430123453, 15.668407567327234 ], [ -93.429900889636841, 15.668829309889871 ], [ -93.430674259684849, 15.669468569562779 ], [ -93.431207490011872, 15.669901600174356 ], [ -93.431469504694874, 15.670122001527968 ], [ -93.431685112254655, 15.670277613987691 ], [ -93.431830854404978, 15.670396586988156 ], [ -93.432166952937152, 15.670676174205541 ], [ -93.432395976103564, 15.670884376968074 ], [ -93.43249497413909, 15.670977464378391 ], [ -93.432784861662284, 15.671216066733484 ], [ -93.433080018876069, 15.671440708393153 ], [ -93.433425092738574, 15.671702316752139 ], [ -93.433775631297749, 15.67196578235599 ], [ -93.433946428235089, 15.672131069811927 ], [ -93.434022180404753, 15.672233701995447 ], [ -93.434977704208976, 15.673004830910875 ], [ -93.435158534079847, 15.673095245174322 ], [ -93.43580455356819, 15.67349583455459 ], [ -93.436447009236474, 15.674069880393029 ], [ -93.436604647919751, 15.674194801831437 ], [ -93.436845568933833, 15.674391107787462 ], [ -93.437098386464157, 15.674602284989849 ], [ -93.437232230988002, 15.674742077675353 ], [ -93.437304926311612, 15.674825768960774 ], [ -93.437365725917502, 15.674928868735639 ], [ -93.437366075727397, 15.674929460808588 ], [ -93.437389298087666, 15.674947822096977 ], [ -93.437493971659748, 15.675030588196995 ], [ -93.437775583087401, 15.675227450804758 ], [ -93.438100733602241, 15.675446992846522 ], [ -93.438463601910499, 15.675676017432865 ], [ -93.43876698338893, 15.675899091302339 ], [ -93.43957302591204, 15.676547493742886 ], [ -93.439816920334493, 15.676773543304426 ], [ -93.440096506642476, 15.677035284180457 ], [ -93.440232923120647, 15.677189837309536 ], [ -93.440337534682399, 15.677277012928004 ], [ -93.440530370115368, 15.677425772135612 ], [ -93.440577969463121, 15.677460388839739 ], [ -93.440908498274482, 15.677609329388973 ], [ -93.441164290351907, 15.677772916844601 ], [ -93.442145818115648, 15.678617624757244 ], [ -93.442574121426929, 15.679025108008753 ], [ -93.443133988275264, 15.679449416211977 ], [ -93.443502111037702, 15.679694331363255 ], [ -93.443708041828216, 15.679837468043461 ], [ -93.444574397736929, 15.680555210321733 ], [ -93.445078504011647, 15.680982214836179 ], [ -93.445726907386558, 15.681484875753588 ], [ -93.446009468243304, 15.681651438213033 ], [ -93.446167106811203, 15.681773385049359 ], [ -93.44648707582283, 15.682060179285333 ], [ -93.446845252918592, 15.682389070840912 ], [ -93.44705940540787, 15.682561582066548 ], [ -93.447405167257799, 15.682778674604604 ], [ -93.447930881838943, 15.683221881597701 ], [ -93.448433543570189, 15.68366208337077 ], [ -93.449087895053097, 15.68414987220695 ], [ -93.449212816588229, 15.684277768263533 ], [ -93.449727574182958, 15.68470698298229 ], [ -93.450965505665508, 15.685695644228122 ], [ -93.451835775782641, 15.68638450338587 ], [ -93.452114173333698, 15.686589136635792 ], [ -93.452237695788099, 15.686677354736627 ], [ -93.453054060354674, 15.687150690103085 ], [ -93.453568896982745, 15.687454421970287 ], [ -93.45362275196257, 15.687486193655765 ], [ -93.453825005804362, 15.687626582253445 ], [ -93.454188592029752, 15.68791517115498 ], [ -93.454614986690075, 15.688302349426323 ], [ -93.454722280088632, 15.688410868353076 ], [ -93.454881486362837, 15.688568847790275 ], [ -93.455029013069833, 15.688706857006409 ], [ -93.456011730220283, 15.689492079166282 ], [ -93.456192568652042, 15.689594395872287 ], [ -93.45635913190317, 15.689675298106289 ], [ -93.456578041790181, 15.689810927341103 ], [ -93.456856439079161, 15.690013181224813 ], [ -93.457344229109111, 15.690370100407735 ], [ -93.457746356868356, 15.690727020337857 ], [ -93.458122312393755, 15.69107680027526 ], [ -93.458793319979691, 15.69168356316491 ], [ -93.459716550931375, 15.692459267374755 ], [ -93.460230515152219, 15.692878052359125 ], [ -93.460815861650559, 15.693313494014955 ], [ -93.461565391895846, 15.693934533200151 ], [ -93.461993695151079, 15.694286693307761 ], [ -93.462331579347108, 15.694560330690159 ], [ -93.46326194814732, 15.695283687133678 ], [ -93.463759254734313, 15.695666780946389 ], [ -93.464546856819254, 15.696221194816287 ], [ -93.46506082122832, 15.696580493947048 ], [ -93.465655685708498, 15.697023072623805 ], [ -93.46599119032571, 15.697356197682987 ], [ -93.466055434727949, 15.697413305260312 ], [ -93.466271965831183, 15.697584625718132 ], [ -93.466483737598978, 15.697741671153111 ], [ -93.467035773034155, 15.698086692246456 ], [ -93.467528321836568, 15.69833415577769 ], [ -93.467656813040009, 15.6984269547764 ], [ -93.468218364881253, 15.6988671563798 ], [ -93.468439655340262, 15.699047995356668 ], [ -93.468551490406327, 15.699145552893835 ], [ -93.468848921907579, 15.699404913872314 ], [ -93.469258189951773, 15.699752314981133 ], [ -93.469434270027875, 15.699887944350785 ], [ -93.469567519511955, 15.699990261383485 ], [ -93.46991968004636, 15.700213931227349 ], [ -93.470167144195628, 15.700337663205143 ], [ -93.470374156661833, 15.700423323346728 ], [ -93.470547858089446, 15.700549434844783 ], [ -93.471221245303127, 15.701115746371098 ], [ -93.471687618805177, 15.701522634090995 ], [ -93.471937462903611, 15.701734406183911 ], [ -93.47295825165935, 15.70253866398194 ], [ -93.473491250645424, 15.702907479819917 ], [ -93.474274093778718, 15.703447617673287 ], [ -93.475181101845848, 15.704031012183076 ], [ -93.475896886144042, 15.70447078630294 ], [ -93.475996822851556, 15.70451837612781 ], [ -93.47644432667451, 15.704958339987014 ], [ -93.476679728570446, 15.705246491357483 ], [ -93.477638651225078, 15.706034092169894 ], [ -93.478171651443859, 15.706424324198345 ], [ -93.478573780037621, 15.706657510844558 ], [ -93.479249547429518, 15.707200027737299 ], [ -93.479822997319417, 15.70773302744295 ], [ -93.481003208672803, 15.708794266598167 ], [ -93.48159331593682, 15.709327265842767 ], [ -93.481786051569145, 15.709441479777659 ], [ -93.482081104804521, 15.709615180925866 ], [ -93.482554618302288, 15.709838850263575 ], [ -93.482733076600866, 15.709945926018376 ], [ -93.483451675106878, 15.710459890083072 ], [ -93.483515919733051, 15.710507478816551 ], [ -93.483646790142743, 15.71066214393494 ], [ -93.483677723276486, 15.710704973989927 ], [ -93.483696758851721, 15.710773977805374 ], [ -93.483746727843481, 15.710919126021544 ], [ -93.483801454571193, 15.711011925395159 ], [ -93.483856183389648, 15.711064273244553 ], [ -93.484289244995622, 15.711430709962238 ], [ -93.484486740169658, 15.71153302707571 ], [ -93.484598574615887, 15.711592513397914 ], [ -93.484705651184285, 15.711668655711392 ], [ -93.484884110021326, 15.711806664980621 ], [ -93.485267202988268, 15.712106476864074 ], [ -93.486000390337452, 15.712654514776485 ], [ -93.486432543878308, 15.712988067160914 ], [ -93.487039306695024, 15.713514522576608 ], [ -93.487988117022041, 15.714287847820435 ], [ -93.488695605234554, 15.714785143028791 ], [ -93.489352871158658, 15.715280172757895 ], [ -93.490352245232344, 15.716077292193706 ], [ -93.491179108356874, 15.716630516611025 ], [ -93.491940534889039, 15.71724322817575 ], [ -93.492797140891966, 15.717945169387646 ], [ -93.493516927885906, 15.718468650068957 ], [ -93.494070152574082, 15.718920747646459 ], [ -93.494349740366673, 15.719152746341365 ], [ -93.494914862096692, 15.719592946277494 ], [ -93.495783365356488, 15.720259194610566 ], [ -93.496717302558636, 15.720925443753927 ], [ -93.497550114577962, 15.721532207385032 ], [ -93.498400771859963, 15.722281737393857 ], [ -93.499281172925308, 15.722924191029657 ], [ -93.500090188742604, 15.72350121089157 ], [ -93.500798078912567, 15.7240603836731 ], [ -93.50119663943336, 15.724334021981623 ], [ -93.501975911576395, 15.724946733387371 ], [ -93.502933644840923, 15.725672469199793 ], [ -93.504022249032772, 15.726487434441655 ], [ -93.504926444203548, 15.727213169797091 ], [ -93.505788998029928, 15.727891315934778 ], [ -93.506705091407667, 15.728498079380199 ], [ -93.507392622100596, 15.728954844982972 ], [ -93.508183791640491, 15.729555658779386 ], [ -93.508683478969431, 15.729992885198914 ], [ -93.509373522629232, 15.730510418227208 ], [ -93.510801199345465, 15.73159307266425 ], [ -93.511628062175689, 15.732250398688803 ], [ -93.51278804917068, 15.733098082381753 ], [ -93.514402687275336, 15.734311441937967 ], [ -93.514602388027413, 15.73444545111426 ], [ -93.514840335200631, 15.734623911446223 ], [ -93.515304328925808, 15.734974881559477 ], [ -93.515708837529004, 15.735322878324505 ], [ -93.515854619700988, 15.735518798117734 ], [ -93.516849362594499, 15.736286915244207 ], [ -93.5170264635628, 15.73631927658842 ], [ -93.517219795691091, 15.736438249667891 ], [ -93.517433947289064, 15.736586966055304 ], [ -93.51760348394275, 15.736705938719131 ], [ -93.517817635177195, 15.736869526929755 ], [ -93.518019889008656, 15.737024191811789 ], [ -93.518308398655364, 15.737256190098012 ], [ -93.518918135757076, 15.737732081682358 ], [ -93.519221516861407, 15.737952182067472 ], [ -93.519855049329024, 15.73843699703106 ], [ -93.520322017568645, 15.738796891051043 ], [ -93.520634321789032, 15.739046733747879 ], [ -93.520883253320221, 15.739316265434764 ], [ -93.521329503353954, 15.739659310873039 ], [ -93.521832975813254, 15.739944980847252 ], [ -93.522228560660849, 15.740248361618564 ], [ -93.52322198592185, 15.741021687318943 ], [ -93.524090488820988, 15.741664141230316 ], [ -93.52461991857659, 15.742006189277554 ], [ -93.525354578312317, 15.742547516114199 ], [ -93.525690676859838, 15.742853871949038 ], [ -93.525973237656004, 15.743100741251295 ], [ -93.526422360642357, 15.743475506330874 ], [ -93.526716819454577, 15.743716426159468 ], [ -93.527362247853176, 15.744207190338514 ], [ -93.528061214902849, 15.744730671584001 ], [ -93.528858333521015, 15.745295794301462 ], [ -93.529572171633177, 15.745733020329492 ], [ -93.529863656024276, 15.745866864342975 ], [ -93.530482315533902, 15.74635762833892 ], [ -93.530693493228355, 15.746527165024951 ], [ -93.530895747678969, 15.746738342199436 ], [ -93.531422202708342, 15.74710715805479 ], [ -93.531728559220156, 15.747315360672381 ], [ -93.532037888764123, 15.747565205401521 ], [ -93.53271008690642, 15.748127351966309 ], [ -93.533033992702698, 15.748441764785282 ], [ -93.533258759634975, 15.748615931375125 ], [ -93.533533975361451, 15.748686525998394 ], [ -93.534018790357663, 15.749010726904565 ], [ -93.534729653989231, 15.749507440415039 ], [ -93.535202572182371, 15.749778103290037 ], [ -93.535535696912135, 15.75006958690923 ], [ -93.535684413241412, 15.750227227066169 ], [ -93.536071074803999, 15.750640658246844 ], [ -93.536622163408367, 15.751121953808209 ], [ -93.537572649396921, 15.751798950672528 ], [ -93.538129094341954, 15.752232593789898 ], [ -93.538507048668095, 15.752446073617561 ], [ -93.539131656569651, 15.752865453526153 ], [ -93.539664060601112, 15.753293757229196 ], [ -93.540076233704738, 15.753673396165766 ], [ -93.540466334218607, 15.753961276779048 ], [ -93.541305890026337, 15.754471590338486 ], [ -93.542052445179124, 15.75496532792025 ], [ -93.54261756698267, 15.755325222142915 ], [ -93.542790077852544, 15.755453117964095 ], [ -93.542974487323363, 15.755625628589964 ], [ -93.543158895372457, 15.755807062821066 ], [ -93.543370072055723, 15.756009317336304 ], [ -93.543756734077903, 15.756294851986381 ], [ -93.544066063757299, 15.756452491058051 ], [ -93.544324831190679, 15.756607156245533 ], [ -93.54455087983736, 15.756773718612196 ], [ -93.544744210989208, 15.756940281377405 ], [ -93.544857235217975, 15.757077100263519 ], [ -93.545059488936332, 15.757246637065434 ], [ -93.545285538145365, 15.75742509640178 ], [ -93.545413433734893, 15.757523249183732 ], [ -93.545582971152783, 15.75764519634655 ], [ -93.545814967959728, 15.757793912669225 ], [ -93.546332500538568, 15.75809432008605 ], [ -93.546674547685868, 15.75827277922872 ], [ -93.547076083169259, 15.758561289188805 ], [ -93.547941610827564, 15.759191846196181 ], [ -93.54847104170436, 15.759527944630866 ], [ -93.548914215957367, 15.759840248927517 ], [ -93.550600658756792, 15.761074593808955 ], [ -93.551293677247784, 15.761568333194667 ], [ -93.551403726957133, 15.761654587801917 ], [ -93.551519725745337, 15.761749765993706 ], [ -93.551647622290702, 15.761904430850398 ], [ -93.551748748835536, 15.762056121696551 ], [ -93.551956952061246, 15.762279197198449 ], [ -93.552191924429991, 15.762392221304822 ], [ -93.55236740945675, 15.762475501784994 ], [ -93.552771917284403, 15.762701550670581 ], [ -93.553738572538009, 15.76337374933849 ], [ -93.554086569655084, 15.763623591852502 ], [ -93.555291172408801, 15.764492094990892 ], [ -93.555457733649433, 15.76462891440065 ], [ -93.555951472136769, 15.765110755434186 ], [ -93.556448185013537, 15.765485519713998 ], [ -93.557515967955467, 15.766154744083268 ], [ -93.558432060437241, 15.766910223069873 ], [ -93.558726518075616, 15.767160065643946 ], [ -93.558937695907758, 15.767305807725378 ], [ -93.55911913040508, 15.767395038014474 ], [ -93.559394355206933, 15.767484147677672 ], [ -93.560121477341895, 15.76789769875843 ], [ -93.560769881142917, 15.768430103117449 ], [ -93.561107073824871, 15.768750568623991 ], [ -93.561230901018476, 15.768903020779049 ], [ -93.56137366878842, 15.769016046341509 ], [ -93.561578897453757, 15.769152865185383 ], [ -93.56169192223031, 15.769227222958998 ], [ -93.561940223012698, 15.769356496180475 ], [ -93.56213807135201, 15.76954547619097 ], [ -93.56234032472365, 15.76974773027753 ], [ -93.562575297256302, 15.769985675759619 ], [ -93.562914369875926, 15.770283108960474 ], [ -93.563692166887719, 15.770953145732314 ], [ -93.56405528870404, 15.771214600050067 ], [ -93.564925013917929, 15.771692939307718 ], [ -93.565261113453175, 15.771868424155508 ], [ -93.566090950324366, 15.772388931699536 ], [ -93.566911863841156, 15.772983796644928 ], [ -93.568476360155088, 15.774108091770406 ], [ -93.568601281923392, 15.774173527418487 ], [ -93.568818406812341, 15.774307372406215 ], [ -93.568943415630429, 15.774385359585857 ], [ -93.569142608639183, 15.774509626063262 ], [ -93.570067623795396, 15.775372181381917 ], [ -93.570870693085453, 15.776017609693341 ], [ -93.572238882624305, 15.777100264098131 ], [ -93.572485751616298, 15.777290621051733 ], [ -93.573089539742824, 15.777695129803192 ], [ -93.573715216923631, 15.778194766218288 ], [ -93.575007519273271, 15.779138956825513 ], [ -93.576667192877551, 15.780364380089948 ], [ -93.578451789140132, 15.781631442669756 ], [ -93.579052800770739, 15.782080683559203 ], [ -93.579344547656234, 15.782171490919316 ], [ -93.579752031393639, 15.782424307722964 ], [ -93.580010796735493, 15.782647383011284 ], [ -93.580323100824629, 15.782888302595255 ], [ -93.58058484188517, 15.783087582603212 ], [ -93.581893546338449, 15.78399177819596 ], [ -93.582330772370113, 15.784259468226159 ], [ -93.582533025977668, 15.784393311593572 ], [ -93.582925637308321, 15.784726437078941 ], [ -93.583383683209803, 15.785116074140392 ], [ -93.583618654589287, 15.785279661751151 ], [ -93.583850652075455, 15.785374839936848 ], [ -93.584049932292857, 15.785461095122876 ], [ -93.584204597050174, 15.78553545391796 ], [ -93.584380082133549, 15.785660375135867 ], [ -93.58450797834152, 15.785767451343201 ], [ -93.584588285455681, 15.785835860743935 ], [ -93.585200995958672, 15.786305803792864 ], [ -93.58551330054479, 15.786508058179537 ], [ -93.585920783267341, 15.786859029360995 ], [ -93.586025301394997, 15.787055064614171 ], [ -93.586455947053381, 15.787370115565647 ], [ -93.586792261230613, 15.787510406397558 ], [ -93.587158103265864, 15.78775132723676 ], [ -93.587535843074207, 15.788019015718843 ], [ -93.588428139710544, 15.788646598817005 ], [ -93.588716650278926, 15.788899417436321 ], [ -93.58894567310189, 15.78911951680756 ], [ -93.58912115788074, 15.789277156161772 ], [ -93.589413314212919, 15.789536435077233 ], [ -93.589801818191731, 15.789792994038848 ], [ -93.591175956926207, 15.790810213946502 ], [ -93.591905783156179, 15.791320447032499 ], [ -93.592497018917385, 15.791668513630237 ], [ -93.592782553544907, 15.791894563323217 ], [ -93.59322395114053, 15.792249257930692 ], [ -93.593697149997311, 15.792584961380481 ], [ -93.594281615318167, 15.792944500027243 ], [ -93.594516585584984, 15.793018858068395 ], [ -93.594778326693344, 15.793158651817954 ], [ -93.595129298217032, 15.793485827578149 ], [ -93.59530775733235, 15.793688081938807 ], [ -93.595428760179686, 15.793816736786157 ], [ -93.595670719399905, 15.793988992180815 ], [ -93.596238720869891, 15.794321613407307 ], [ -93.597476041294456, 15.795094938465224 ], [ -93.597904343612029, 15.795404267912255 ], [ -93.5982365525185, 15.79562949541819 ], [ -93.598755122459522, 15.795908526697165 ], [ -93.599754494979649, 15.796600950835446 ], [ -93.600057877293239, 15.79681153318899 ], [ -93.600414796150218, 15.797154175433661 ], [ -93.600675346786389, 15.797361188399881 ], [ -93.601307093617137, 15.797807337342563 ], [ -93.602345728159946, 15.798581851672965 ], [ -93.603052428259602, 15.799067262136827 ], [ -93.603327255782077, 15.799256429236328 ], [ -93.603677036651888, 15.799591932572511 ], [ -93.603969711343154, 15.799823931152051 ], [ -93.604537212099274, 15.800177280240108 ], [ -93.605326002651879, 15.800669829350758 ], [ -93.605565139238522, 15.800834011721697 ], [ -93.606211163273201, 15.801337268111011 ], [ -93.60670728002259, 15.801665632628945 ], [ -93.607156999052577, 15.802029690681044 ], [ -93.607460876403934, 15.802340018836437 ], [ -93.608113541882943, 15.802672144591311 ], [ -93.608481169175349, 15.802979096159282 ], [ -93.609219990618811, 15.803496629193921 ], [ -93.609505526568981, 15.803660810928621 ], [ -93.610037336447533, 15.80394634701131 ], [ -93.610679790887616, 15.80441391128867 ], [ -93.611315106783849, 15.804892182314772 ], [ -93.611746979311505, 15.805241962994563 ], [ -93.61183977768107, 15.805288362937246 ], [ -93.612011099061547, 15.805366884835879 ], [ -93.612188844969111, 15.805400911379095 ], [ -93.612422031996132, 15.80552226389225 ], [ -93.613100178291774, 15.805993396938129 ], [ -93.613407128723608, 15.806259896957719 ], [ -93.613852088106754, 15.806647748692269 ], [ -93.613954405321309, 15.806721512144566 ], [ -93.614589721177353, 15.807040360238881 ], [ -93.615156033332866, 15.807306858972328 ], [ -93.61525121119692, 15.807352069186548 ], [ -93.615310698044638, 15.80740441691127 ], [ -93.61547487983114, 15.807654260698291 ], [ -93.615517710586417, 15.807732783036649 ], [ -93.615615269432368, 15.807804166637757 ], [ -93.615729483348858, 15.807870791652842 ], [ -93.616193477693329, 15.808108738312278 ], [ -93.616310070768918, 15.808163465267988 ], [ -93.616419525733164, 15.808237229209141 ], [ -93.616893038534712, 15.808570353252529 ], [ -93.617188091856534, 15.808808299438047 ], [ -93.61753073483635, 15.809120009108513 ], [ -93.617840065117235, 15.809365093133961 ], [ -93.617963796558115, 15.809453133416021 ], [ -93.618101804776288, 15.80953403468591 ], [ -93.618280265344779, 15.809605418590335 ], [ -93.618394479366003, 15.809662526114137 ], [ -93.618556282120252, 15.809755325111261 ], [ -93.619036933816503, 15.810081310903312 ], [ -93.619201115833945, 15.810224078886908 ], [ -93.619348643346626, 15.810369225926115 ], [ -93.619465236796145, 15.810492958187009 ], [ -93.620081516599299, 15.8108736717209 ], [ -93.620229044178814, 15.810949813880052 ], [ -93.620345636568203, 15.811018819212023 ], [ -93.620926225575928, 15.811466156890253 ], [ -93.621166551066622, 15.81175645202511 ], [ -93.621261729685756, 15.811849250932436 ], [ -93.621392599562967, 15.811942050052687 ], [ -93.621732862843089, 15.812170477702834 ], [ -93.621920839580937, 15.812275173892813 ], [ -93.622239688420095, 15.812472669300114 ], [ -93.622470496171829, 15.812620195954731 ], [ -93.622632299257219, 15.81279151700886 ], [ -93.6232105076393, 15.813210302164617 ], [ -93.623950520774088, 15.813624327550404 ], [ -93.624688153444907, 15.814074047042928 ], [ -93.624942756231107, 15.814290578130045 ], [ -93.625263982896257, 15.814566594926106 ], [ -93.626137244849403, 15.815140045171932 ], [ -93.626815391844545, 15.815627834754487 ], [ -93.627614889605127, 15.816163213426607 ], [ -93.628181201797219, 15.816477301998201 ], [ -93.628350144232058, 15.81658437767501 ], [ -93.628679237915975, 15.816846915710022 ], [ -93.629294789736619, 15.817288698384312 ], [ -93.629821884327413, 15.817615998805826 ], [ -93.630548765863836, 15.818150063387639 ], [ -93.63099610525768, 15.818604540245753 ], [ -93.631160286702809, 15.81874492915478 ], [ -93.631471996617066, 15.818947183105658 ], [ -93.631593348925037, 15.819004290353741 ], [ -93.631774187969825, 15.81911136581178 ], [ -93.631981200954982, 15.819239855654001 ], [ -93.633263730993178, 15.82004411411301 ], [ -93.633368427025005, 15.820125015584997 ], [ -93.63352785089144, 15.820265403741651 ], [ -93.633689654285945, 15.820451002344782 ], [ -93.633815766231493, 15.820541422135713 ], [ -93.63571457565584, 15.821745428986333 ], [ -93.636718707632497, 15.822402160172743 ], [ -93.63736116292948, 15.822801909661017 ], [ -93.63800123773261, 15.823289698813605 ], [ -93.638572307696819, 15.823672792136655 ], [ -93.63868176384581, 15.823720382416814 ], [ -93.638788839369653, 15.823770349658746 ], [ -93.639069616438306, 15.823903599796544 ], [ -93.639217142229384, 15.823986881327036 ], [ -93.639359910211411, 15.824143926197898 ], [ -93.639490780132562, 15.824320005993119 ], [ -93.63976917669109, 15.82456509043034 ], [ -93.639900048438591, 15.82465075121732 ], [ -93.640002364433315, 15.824710236951816 ], [ -93.64020937840364, 15.824788165467149 ], [ -93.640397355419097, 15.824899998765027 ], [ -93.640559157886997, 15.824999937080783 ], [ -93.640818519760117, 15.825199810771775 ], [ -93.640932733585629, 15.825306886569093 ], [ -93.641751267811088, 15.825847025055474 ], [ -93.642619771921659, 15.826391921063738 ], [ -93.644021274282807, 15.827398432808026 ], [ -93.644677483276411, 15.827781068417099 ], [ -93.644865983092828, 15.827890981742657 ], [ -93.645061098911626, 15.827995677782477 ], [ -93.645439432688178, 15.828200311574523 ], [ -93.645560784707783, 15.82827645384371 ], [ -93.645663102086061, 15.828352596761599 ], [ -93.64573924486649, 15.828457294364648 ], [ -93.64634124927889, 15.828999811256434 ], [ -93.647278756449978, 15.829578020247881 ], [ -93.648006871030006, 15.829951594993217 ], [ -93.648175813118755, 15.830046772634368 ], [ -93.648356651999222, 15.830172884982105 ], [ -93.648530352859197, 15.8303085143122 ], [ -93.64864932642881, 15.830425107649997 ], [ -93.648739745055039, 15.830544081443493 ], [ -93.648830165065931, 15.830674951022774 ], [ -93.649113320550128, 15.83093193317757 ], [ -93.649272745379349, 15.831058044085051 ], [ -93.649465480723478, 15.831122290414935 ], [ -93.649641560616629, 15.831198433351917 ], [ -93.65008414083897, 15.831455414388762 ], [ -93.650267359335984, 15.831579146372604 ], [ -93.65049102933952, 15.831736190889467 ], [ -93.650664729372465, 15.831862302018655 ], [ -93.650824152982722, 15.831997930804578 ], [ -93.651509437896394, 15.832454787862465 ], [ -93.652051955023794, 15.832764118260531 ], [ -93.652523088324457, 15.83305441193105 ], [ -93.65263730159181, 15.833132933724512 ], [ -93.652730100805627, 15.83319955883702 ], [ -93.653006118872426, 15.833458921136966 ], [ -93.653465354804084, 15.833777768015176 ], [ -93.653810376665518, 15.833951468572836 ], [ -93.654017389701863, 15.834068063373403 ], [ -93.654136363321655, 15.83415610325266 ], [ -93.65426961264798, 15.834370253786306 ], [ -93.654419519318438, 15.83449398604734 ], [ -93.654586080701932, 15.834617718252025 ], [ -93.654800232076852, 15.834767624310912 ], [ -93.655180945562947, 15.835003190751561 ], [ -93.655385580454521, 15.835088850961418 ], [ -93.655687771347772, 15.835229239646178 ], [ -93.655937400108726, 15.835348516287711 ], [ -93.656023275029199, 15.835441011732266 ], [ -93.656106557328286, 15.835574261116532 ], [ -93.656296912942224, 15.835755099928216 ], [ -93.65654913563057, 15.835931180899745 ], [ -93.657341497418571, 15.836426107861483 ], [ -93.658769172739909, 15.837308887949392 ], [ -93.659352141322273, 15.837668187239178 ], [ -93.659761409358936, 15.837879958779711 ], [ -93.659889900449997, 15.837953721815223 ], [ -93.659985078339872, 15.83802272674985 ], [ -93.660092153972528, 15.838198807384661 ], [ -93.660177813604577, 15.838327298336241 ], [ -93.660272993033871, 15.838443891266669 ], [ -93.660391965813858, 15.838527172097622 ], [ -93.660522836023617, 15.838605694986891 ], [ -93.66067274219499, 15.838667561203184 ], [ -93.66081788857467, 15.838696113805431 ], [ -93.660983023108983, 15.838702727036543 ], [ -93.661168963668231, 15.838816014748245 ], [ -93.661409181727066, 15.838962372768295 ], [ -93.661987634057326, 15.839314808427707 ], [ -93.662369298211871, 15.839576514969817 ], [ -93.662493030295167, 15.839719282056613 ], [ -93.662581070012578, 15.839888223598232 ], [ -93.662719079159018, 15.840007197439535 ], [ -93.663123586845828, 15.840273696792554 ], [ -93.663763661853253, 15.840673446177131 ], [ -93.664865352898545, 15.841418218031134 ], [ -93.665200857294138, 15.841646646230197 ], [ -93.665676749147536, 15.841934561212737 ], [ -93.665833792996267, 15.842020221053456 ], [ -93.66601463161517, 15.842070190427807 ], [ -93.66609315385692, 15.842082086757223 ], [ -93.666243059902826, 15.842179645241456 ], [ -93.666726091400349, 15.842503251752531 ], [ -93.666847444089726, 15.842603189422238 ], [ -93.666973555232516, 15.842762613148871 ], [ -93.667182948169838, 15.842950590207474 ], [ -93.66784681710287, 15.843416965164 ], [ -93.66814900886871, 15.843645392611975 ], [ -93.668370298889798, 15.843764366252017 ], [ -93.668563034847949, 15.843842888333912 ], [ -93.668872364764979, 15.843959482001914 ], [ -93.669305427002271, 15.844109387948231 ], [ -93.669452952622024, 15.844173633027506 ], [ -93.669560029266819, 15.84430212431907 ], [ -93.669648068716654, 15.844435373793342 ], [ -93.669907429969669, 15.844718530391917 ], [ -93.67014061835107, 15.844875574254004 ], [ -93.670261970142548, 15.84493982041001 ], [ -93.670897285854991, 15.845346707600017 ], [ -93.671682507872973, 15.845870188583358 ], [ -93.672120329272005, 15.846077201850573 ], [ -93.672800855356414, 15.846467434341658 ], [ -93.673333854282049, 15.846800557838121 ], [ -93.673959653172844, 15.847200307651553 ], [ -93.675014977311207, 15.847895113595431 ], [ -93.675275494290887, 15.848073570124688 ], [ -93.675765663092875, 15.848387659028527 ], [ -93.676198725113451, 15.848642261386511 ], [ -93.677135926077142, 15.849181907792826 ], [ -93.677250446931325, 15.849360857546145 ], [ -93.677390834766811, 15.84948696984182 ], [ -93.677533603298741, 15.84959166561849 ], [ -93.677800103095933, 15.849739193132867 ], [ -93.678028530887801, 15.849836751393951 ], [ -93.678185574798334, 15.849898617320942 ], [ -93.678414004368776, 15.85002710802322 ], [ -93.678780441298997, 15.850338816956192 ], [ -93.679292024753835, 15.85066480323319 ], [ -93.679889268978258, 15.851035999437105 ], [ -93.680341522675164, 15.851341695880098 ], [ -93.680624523380871, 15.851557101312574 ], [ -93.681443056602618, 15.852125791955723 ], [ -93.681616757730097, 15.852225728804125 ], [ -93.681833288687997, 15.852344702557705 ], [ -93.682052198977914, 15.85245653725522 ], [ -93.682218762409889, 15.852539817683347 ], [ -93.682896908151392, 15.852944326901605 ], [ -93.683103921375633, 15.85308471496111 ], [ -93.683539363078324, 15.853398804085447 ], [ -93.683810620594173, 15.853582021779857 ], [ -93.684058085433605, 15.853720030831033 ], [ -93.684464972552263, 15.853924665223495 ], [ -93.684871861262792, 15.854174507878103 ], [ -93.684976556756595, 15.854269686172673 ], [ -93.685055822190719, 15.854375935446948 ], [ -93.685185949745176, 15.85449811481026 ], [ -93.6855112812013, 15.854709068367441 ], [ -93.685846409553051, 15.854919414102721 ], [ -93.686255218812448, 15.85515033763601 ], [ -93.686942112578095, 15.855596179709272 ], [ -93.687918976926511, 15.856293521205483 ], [ -93.687999788252426, 15.856355252843406 ], [ -93.688085352782252, 15.856439848431897 ], [ -93.688731841060928, 15.857105178280438 ], [ -93.689059839109731, 15.857457275398728 ], [ -93.689171549197326, 15.857583024085097 ], [ -93.689223837663334, 15.857658473563099 ], [ -93.689364069712724, 15.857884821720049 ], [ -93.689441537539594, 15.858033860086003 ], [ -93.690014059782044, 15.858308479734697 ], [ -93.690588170125736, 15.858692079707197 ], [ -93.691927479703807, 15.859589430233326 ], [ -93.693447097609607, 15.860842283372167 ], [ -93.694055060077062, 15.861343510445451 ], [ -93.69766379992204, 15.864029919706811 ], [ -93.702007170401018, 15.86693059980376 ], [ -93.706085000046244, 15.869554219666162 ], [ -93.707208379775579, 15.870321369625652 ], [ -93.709130519534753, 15.871591770004075 ], [ -93.713074349782843, 15.874108090025564 ], [ -93.71839813977185, 15.877546859954116 ], [ -93.720544649800686, 15.878950199579883 ], [ -93.722467260183024, 15.880207119816239 ], [ -93.725838280325547, 15.882312850031644 ], [ -93.728046340409577, 15.88349295019912 ], [ -93.730960909943875, 15.885228980331613 ], [ -93.737367200275401, 15.889127229771297 ], [ -93.742348889689367, 15.892310319818408 ], [ -93.745231680121861, 15.894080089621381 ], [ -93.748981289785391, 15.896515019672687 ], [ -93.756302689975058, 15.900991400238931 ], [ -93.758138859657564, 15.902109879996299 ], [ -93.761156649581295, 15.903938520329389 ], [ -93.76323221981238, 15.90517661956132 ], [ -93.767183679763747, 15.90753360039249 ], [ -93.772640719834286, 15.910800480067884 ], [ -93.775808879885446, 15.912676690145643 ], [ -93.778919939919746, 15.914506419913625 ], [ -93.779514109649611, 15.914884509814744 ], [ -93.78017483045268, 15.915234919677115 ], [ -93.781318020371998, 15.91590170993058 ], [ -93.782516769787492, 15.916606149593209 ], [ -93.78691833991229, 15.919166909917303 ], [ -93.792570380138429, 15.922169659605796 ], [ -93.796439144727472, 15.924437875641349 ], [ -93.796519680470908, 15.924485089764735 ], [ -93.7977411797294, 15.925157319588196 ], [ -93.802290079257958, 15.927660600152295 ], [ -93.808007858915417, 15.930850051284292 ], [ -93.810108912416169, 15.931980720815792 ], [ -93.812158089367074, 15.933083430679435 ], [ -93.813898948949216, 15.934059689713694 ], [ -93.822051918620971, 15.938473370197563 ], [ -93.822525715665378, 15.938731378556655 ], [ -93.822797640494557, 15.93887945524517 ], [ -93.822851050357201, 15.93890854080238 ], [ -93.822893959385382, 15.938931906941415 ], [ -93.824312324927121, 15.939704293712007 ], [ -93.827148567533413, 15.941248739158871 ], [ -93.827889660415892, 15.941652280002186 ], [ -93.83096165007413, 15.943181800265988 ], [ -93.831905034891619, 15.94372635213468 ], [ -93.834627459692939, 15.945297770099891 ], [ -93.840766940203309, 15.948678429803387 ], [ -93.842523939872478, 15.94948317025878 ], [ -93.844058480348323, 15.950224480088593 ], [ -93.846193910284697, 15.951292350359068 ], [ -93.849349689980826, 15.952971180321409 ], [ -93.850593980079736, 15.953600340177003 ], [ -93.855211579541816, 15.955922139878355 ], [ -93.858051719720038, 15.957345480106568 ], [ -93.866140220251552, 15.961325429785985 ], [ -93.868402110334245, 15.962510569954057 ], [ -93.875175029591233, 15.965685819990686 ], [ -93.877108783313105, 15.966547088842837 ], [ -93.881516720404207, 15.96851019998279 ], [ -93.887057140375759, 15.970998879781737 ], [ -93.887277412020595, 15.971095690452751 ], [ -93.888671041045583, 15.971708192027942 ], [ -93.890755909593992, 15.972624459572438 ], [ -93.899810369992679, 15.976507779573787 ], [ -93.906780630107264, 15.979407919746503 ], [ -93.91157152002782, 15.981163749730646 ], [ -93.914139580113655, 15.982019539643723 ], [ -93.916018811125184, 15.982682437342145 ], [ -93.91710489137499, 15.98289995584746 ], [ -93.917564800792903, 15.982947940122463 ], [ -93.918459665199151, 15.982968503959727 ], [ -93.918588011547016, 15.982968504094496 ], [ -93.918680707207798, 15.982968504331867 ], [ -93.918812619045795, 15.982965076787973 ], [ -93.91915487839006, 15.982941085442064 ], [ -93.919718178727209, 15.98288281994917 ], [ -93.920028350967186, 15.982848546110446 ], [ -93.920477566235633, 15.982790280004968 ], [ -93.920823389815183, 15.982732014979302 ], [ -93.921001649918352, 15.982701168446461 ], [ -93.921386691225621, 15.982574355049531 ], [ -93.922014164602302, 15.982351575049115 ], [ -93.922859117080151, 15.982091092778679 ], [ -93.923308330567139, 15.981964279658056 ], [ -93.923682676698931, 15.981885449872243 ], [ -93.925304840663458, 15.981618112202847 ], [ -93.925508057236357, 15.981590692865005 ], [ -93.926142661776097, 15.981515289793336 ], [ -93.926688137073199, 15.981453596739774 ], [ -93.928017955158381, 15.981299364268722 ], [ -93.928542039239474, 15.981285653805774 ], [ -93.928641864727183, 15.981289081847141 ], [ -93.929704293076696, 15.981446741598559 ], [ -93.930527852808012, 15.981597547611047 ], [ -93.931016285163835, 15.981720934243155 ], [ -93.93124089235269, 15.981775773285417 ], [ -93.931551064107936, 15.981844321157807 ], [ -93.931690107470203, 15.981854602870747 ], [ -93.931825584569111, 15.981861457983877 ], [ -93.931978888099209, 15.981882022442713 ], [ -93.932224886322174, 15.981928862852852 ], [ -93.932727579231468, 15.982028257596443 ], [ -93.932912968766658, 15.982069386253608 ], [ -93.933322966688934, 15.982134506698083 ], [ -93.934271309098733, 15.98221676399961 ], [ -93.934716958367147, 15.982247611060378 ], [ -93.934873827124107, 15.982254466051202 ], [ -93.93539434626021, 15.98230587569158 ], [ -93.935708082559756, 15.982347005293185 ], [ -93.935911298576485, 15.982425835175121 ], [ -93.935993298839534, 15.982463535894306 ], [ -93.936153731641156, 15.982559503156244 ], [ -93.936385469807348, 15.982713734888902 ], [ -93.936442512561854, 15.982778855901817 ], [ -93.936517381734177, 15.982878250229625 ], [ -93.936606511787261, 15.982974216020185 ], [ -93.936713467637773, 15.98306332802548 ], [ -93.936799032791257, 15.983131875924936 ], [ -93.93732668220116, 15.983532877665374 ], [ -93.937437203255158, 15.983608279962754 ], [ -93.937493564568001, 15.983645972879035 ], [ -93.938037199996799, 15.983643600145893 ], [ -93.938967920161687, 15.983405520047539 ], [ -93.939961419992429, 15.983041950334854 ], [ -93.941232890030221, 15.983006740423185 ], [ -93.942723149995231, 15.983477369807018 ], [ -93.943910109958935, 15.984184799944131 ], [ -93.945534629781818, 15.984967250393723 ], [ -93.946878219782178, 15.98585545021678 ], [ -93.947079080281711, 15.986677969758988 ], [ -93.949236041283157, 15.987878651472011 ], [ -93.94974872420218, 15.987632224968067 ], [ -93.94989133212853, 15.98756367891858 ], [ -93.950176548273149, 15.987495133313688 ], [ -93.950461764135781, 15.98742658717012 ], [ -93.950675675200259, 15.987426586833561 ], [ -93.95088958695294, 15.987358041223034 ], [ -93.950960890623094, 15.987358040639512 ], [ -93.951032195171223, 15.987358040971801 ], [ -93.951103498789138, 15.987358041219235 ], [ -93.951174803389407, 15.987358040583365 ], [ -93.951388714243635, 15.987358041017062 ], [ -93.951460017861649, 15.987358041093026 ], [ -93.951531322409679, 15.987358041185201 ], [ -93.951602626027764, 15.987358041192628 ], [ -93.95174523419378, 15.987358041155113 ], [ -93.95181653781178, 15.987358041059567 ], [ -93.951887842359824, 15.987358040980359 ], [ -93.952173057709686, 15.987358041068369 ], [ -93.952244361327772, 15.987358040767175 ], [ -93.952386969441562, 15.987358041011907 ], [ -93.952600881173268, 15.987358040646702 ], [ -93.952672184739271, 15.987358041039304 ], [ -93.952814792853076, 15.98735804087247 ], [ -93.952886097348795, 15.987358041212635 ], [ -93.954026958690605, 15.98756367890941 ], [ -93.954953909805255, 15.987769317333479 ], [ -93.955117651660373, 15.987821786527068 ], [ -93.95519213966115, 15.986843659930733 ], [ -93.955549290420947, 15.985946170044254 ], [ -93.95613150965734, 15.985302719789431 ], [ -93.957150150356853, 15.984601969815346 ], [ -93.957868030286889, 15.985064889767036 ], [ -93.96003579996848, 15.985637980151091 ], [ -93.961786540060885, 15.986647620424071 ], [ -93.964544510396806, 15.987831260253625 ], [ -93.970261689804332, 15.990252629789534 ], [ -93.97631359954876, 15.992859509866278 ], [ -93.981027539950773, 15.994936880287003 ], [ -93.98968068970639, 15.998664939972404 ], [ -93.990062505290553, 15.998826816491574 ], [ -93.990827892932444, 15.999151310373655 ], [ -93.993654715612834, 16.000349724568242 ], [ -93.99486166039469, 16.000861380169439 ], [ -93.996717720142954, 16.001676079702282 ], [ -93.998448820375401, 16.002356120066931 ], [ -93.998965492238341, 16.002569971439566 ], [ -94.000218830020572, 16.003088719715628 ], [ -94.000216849801149, 16.006177980389737 ], [ -94.000216680270825, 16.006585259798978 ], [ -94.002002400468129, 16.007031109832123 ], [ -94.003029950004546, 16.007246739912155 ], [ -94.00371865008583, 16.008125320384959 ], [ -94.004405179851645, 16.008563020097409 ], [ -94.005431649982114, 16.008558220225982 ], [ -94.006458679778646, 16.008663619962583 ], [ -94.007258150260753, 16.008880319777244 ], [ -94.007715460415127, 16.009098630351644 ], [ -94.008970059720241, 16.009092740253692 ], [ -94.009426819700835, 16.00920082030294 ], [ -94.010340889896398, 16.009527179656665 ], [ -94.010571219578225, 16.009967000116912 ], [ -94.011143150172686, 16.010294980435621 ], [ -94.012170750281967, 16.0105105800153 ], [ -94.012855600273454, 16.010617580236165 ], [ -94.013655090301683, 16.010834259910393 ], [ -94.014571419560255, 16.011601509791191 ], [ -94.014916349609678, 16.012150970164015 ], [ -94.015146170466551, 16.012480549798312 ], [ -94.015777919954516, 16.012895620144434 ], [ -94.018082339769535, 16.014038089969251 ], [ -94.02131720023101, 16.015603310252494 ], [ -94.024637259698054, 16.016527280240837 ], [ -94.026941320284834, 16.017584229700077 ], [ -94.030308919926156, 16.019148660361616 ], [ -94.032880260082848, 16.020588720444415 ], [ -94.033794090302308, 16.021379179598409 ], [ -94.034679739558129, 16.021673940421092 ], [ -94.035431660435549, 16.021755769898043 ], [ -94.036008109714459, 16.022094720227692 ], [ -94.036365920346611, 16.022904629908997 ], [ -94.036813490365532, 16.023970429792573 ], [ -94.036949830051981, 16.024695970293898 ], [ -94.037109630039637, 16.024957680081815 ], [ -94.037261919602486, 16.025207079989645 ], [ -94.037927250298594, 16.025631029655646 ], [ -94.038549430454495, 16.026268800092318 ], [ -94.039081219602195, 16.02652254034864 ], [ -94.039437950047926, 16.027118850168463 ], [ -94.039441279545414, 16.027759620128275 ], [ -94.039364830034799, 16.030066750220115 ], [ -94.039632479640957, 16.030535350097939 ], [ -94.100787650216546, 16.139015279563679 ], [ -94.102763690100048, 16.142515919582589 ], [ -94.102895874711578, 16.143226828149583 ], [ -94.102898458249612, 16.143240721296706 ], [ -94.102995940519477, 16.143764986807753 ], [ -94.103004056151775, 16.14380863443424 ], [ -94.103051449658992, 16.144063519971834 ], [ -94.103431858633698, 16.146109462104508 ], [ -94.103538275114389, 16.146681785719977 ], [ -94.103659154711636, 16.147331893765525 ], [ -94.103717579926027, 16.147646109730101 ], [ -94.103746603714043, 16.147802199061736 ], [ -94.103808795292011, 16.148136663585717 ], [ -94.106530109804027, 16.162770419657665 ], [ -94.107042279873255, 16.165524290029644 ], [ -94.107596250010204, 16.16850277993823 ], [ -94.108604179694623, 16.173921880364489 ], [ -94.109490089725952, 16.178684580284521 ], [ -94.109567599615701, 16.17910124969427 ], [ -94.103932169955399, 16.181620629928759 ], [ -94.102538149905556, 16.182243800397686 ], [ -94.095409510418833, 16.185534170000935 ], [ -94.093727429864444, 16.18666674017264 ], [ -94.090595289562515, 16.188752420083809 ], [ -94.084815340347745, 16.192651169808585 ], [ -94.083608779944754, 16.193403119789082 ], [ -94.073853339657248, 16.199482280240108 ], [ -94.067569380054223, 16.203435980221361 ], [ -94.066464479957006, 16.204131279946317 ], [ -94.065768980095541, 16.204576909852889 ], [ -94.062652250164007, 16.206544249860283 ], [ -94.057901460094556, 16.209223429878641 ], [ -94.056708320437664, 16.21009022031788 ], [ -94.054060170338616, 16.212052340252249 ], [ -94.052919229945743, 16.212878949903455 ], [ -94.05140914961494, 16.213988859752881 ], [ -94.049731289965379, 16.215232420284309 ], [ -94.04953336956747, 16.215379109772673 ], [ -94.049439549867273, 16.21544768956689 ], [ -94.049320549565621, 16.215496780309319 ], [ -94.049287510263397, 16.215556059850471 ], [ -94.049279540063253, 16.215570379795995 ], [ -94.049204249912748, 16.215615910101732 ], [ -94.049156979756262, 16.215654510185455 ], [ -94.048861709931032, 16.215869060349643 ], [ -94.048756399799885, 16.215945579952017 ], [ -94.048626999563581, 16.216039630064873 ], [ -94.048504830116741, 16.216142169995397 ], [ -94.048469920188523, 16.216171479896701 ], [ -94.048469550233719, 16.216192820003535 ], [ -94.048421090276605, 16.216355999612709 ], [ -94.046951740290837, 16.220701579609301 ], [ -94.038500379938085, 16.230201749853652 ], [ -94.035195550456748, 16.239553679740311 ], [ -94.035138979962369, 16.248278920134013 ], [ -94.043534370370267, 16.255686920338263 ], [ -94.040853020031349, 16.260751339946921 ], [ -94.037485920444581, 16.267110710070337 ], [ -94.036062260292269, 16.269890320439632 ], [ -94.035812000128033, 16.270378939893064 ], [ -94.035755509995951, 16.270489230390965 ], [ -94.033412169996083, 16.275064199743902 ], [ -94.032960999901661, 16.27594496998503 ], [ -94.037208600257273, 16.289653909754715 ], [ -94.039686799720812, 16.296116949955902 ], [ -94.043237580397346, 16.305449340054889 ], [ -94.04561835031484, 16.311763119809505 ], [ -94.045822199643055, 16.312303689836682 ], [ -94.045972540060291, 16.312702379888112 ], [ -94.049163290064726, 16.321207319972881 ], [ -94.05077634010938, 16.325306459874465 ], [ -94.051636510206649, 16.327492280336784 ], [ -94.050664849720036, 16.329713919689627 ], [ -94.089612629892812, 16.38821255000363 ], [ -94.102480059851786, 16.407527539849777 ], [ -94.138319598840084, 16.461295110488557 ], [ -94.138793140030657, 16.461231599936873 ], [ -94.139156000009237, 16.461786430468972 ], [ -94.139143860086037, 16.461816709594938 ], [ -94.138013909749347, 16.464637260504574 ], [ -94.13347484970275, 16.47596636968667 ], [ -94.133366380119952, 16.476237079600207 ], [ -94.126321970249137, 16.493815829681029 ], [ -94.045586600048367, 16.69498569010095 ], [ -94.042914419984186, 16.701634600318389 ], [ -94.035156595586031, 16.720934224093437 ], [ -94.032525961039411, 16.727477466617785 ], [ -93.994172949829874, 16.822807569675451 ], [ -93.993109290185345, 16.825449659787054 ], [ -93.969857449334356, 16.883181880720315 ], [ -93.955694140128443, 16.918325740097323 ], [ -93.945433950284738, 16.943774080997144 ], [ -93.943892875579849, 16.947595658452592 ], [ -93.943197566485949, 16.949319819629817 ], [ -93.942591495530678, 16.950822653643648 ], [ -93.942136150405204, 16.951951722157311 ], [ -93.939889199138563, 16.957523031193134 ], [ -93.933551918963374, 16.973233980425814 ], [ -93.93012229040059, 16.981735090030966 ], [ -93.912572050313727, 17.025221719796239 ], [ -93.912566279078163, 17.025236030448482 ], [ -93.889236800125133, 17.083002400736476 ], [ -93.869053927727165, 17.132940372040636 ], [ -93.867426770742426, 17.136964912862933 ], [ -93.867506709864131, 17.137251973029134 ], [ -93.870123279862241, 17.146647418957901 ], [ -93.867478779497077, 17.148306251387996 ], [ -93.865422369142195, 17.149596140181554 ], [ -93.86402823023279, 17.150470582164505 ], [ -93.863951492068665, 17.150518713093568 ], [ -93.86365684997574, 17.150703521667079 ], [ -93.862316849897013, 17.151544020270489 ], [ -93.862270449784745, 17.15194792272418 ], [ -93.862005060251434, 17.154258352897433 ], [ -93.861878060155078, 17.155363978994508 ], [ -93.861694689795002, 17.156960429482154 ], [ -93.861544139846259, 17.158271090499142 ], [ -93.861450310128006, 17.159087890311614 ], [ -93.86114201975461, 17.161771711582617 ], [ -93.860915770332795, 17.163741140085964 ], [ -93.857808550008798, 17.164469859203745 ], [ -93.85676867869563, 17.164713719372443 ], [ -93.855301579790293, 17.164739721632031 ], [ -93.854812659596377, 17.164834691274507 ], [ -93.854550339282014, 17.164885647091804 ], [ -93.853659019803828, 17.165058770366457 ], [ -93.853338319808856, 17.165121059709673 ], [ -93.853230049929664, 17.165210942555859 ], [ -93.851979819329571, 17.166248629367818 ], [ -93.851203491137298, 17.16652552201138 ], [ -93.850346310184648, 17.166831251849633 ], [ -93.850307400319679, 17.166830620064221 ], [ -93.848739080338518, 17.166805088727465 ], [ -93.846921719901573, 17.167949120325563 ], [ -93.846897479977471, 17.167964379766449 ], [ -93.844980249450643, 17.168272942900678 ], [ -93.844003288288519, 17.168600245318174 ], [ -93.843968939410388, 17.168611749200544 ], [ -93.843948230927197, 17.168638450590304 ], [ -93.843784538799596, 17.168849548589041 ], [ -93.841184680472736, 17.172202279311481 ], [ -93.839045220035302, 17.172946879253221 ], [ -93.837549180369166, 17.172891226027005 ], [ -93.83402255056032, 17.172759967964101 ], [ -93.833746514923959, 17.172749690934829 ], [ -93.831815623443021, 17.17267778466519 ], [ -93.830753049791539, 17.172638203043352 ], [ -93.827137689853174, 17.172503480762188 ], [ -93.826992550787722, 17.178526679842321 ], [ -93.826899059060295, 17.182406429846768 ], [ -93.826824093376274, 17.185516969798808 ], [ -93.826752751786003, 17.188477320369827 ], [ -93.826732519887031, 17.189316882946592 ], [ -93.826630169820646, 17.190494030361815 ], [ -93.826511493852962, 17.19072014218931 ], [ -93.826482118645146, 17.190776119119306 ], [ -93.825940750115763, 17.191410112671811 ], [ -93.825081420231911, 17.191901709512447 ], [ -93.823681489299858, 17.192815341092409 ], [ -93.823663150135474, 17.192829317775129 ], [ -93.82283367870339, 17.193455201004529 ], [ -93.822660818903032, 17.193587083748266 ], [ -93.822613338363197, 17.193623504108619 ], [ -93.822565658306829, 17.193660051000752 ], [ -93.822477860267739, 17.193732673195143 ], [ -93.822475618766305, 17.193734382807087 ], [ -93.821715679383999, 17.19436286054917 ], [ -93.820119970058713, 17.195323372925927 ], [ -93.819589579568557, 17.196279220514029 ], [ -93.819155154731376, 17.197122712254252 ], [ -93.818983798754047, 17.197455435325733 ], [ -93.81892785146421, 17.197564058520651 ], [ -93.81849153878386, 17.198411152109507 ], [ -93.818289439545552, 17.198857487617012 ], [ -93.818255497114194, 17.198932449403031 ], [ -93.818075549385256, 17.199329852948633 ], [ -93.818679110439291, 17.200498941050562 ], [ -93.818794417694804, 17.20202352097019 ], [ -93.818604969516244, 17.202655909794963 ], [ -93.818359568445132, 17.203475122716085 ], [ -93.817390999930595, 17.205018148156949 ], [ -93.81718873509368, 17.205183887265491 ], [ -93.815962548486993, 17.206188632756565 ], [ -93.815951202818937, 17.206206385037245 ], [ -93.814656397947758, 17.208209463180541 ], [ -93.813914019146281, 17.209384535788676 ], [ -93.813361371098324, 17.210259264256475 ], [ -93.813349889510533, 17.21027723337264 ], [ -93.811773618970562, 17.212414785613412 ], [ -93.811671584553054, 17.212583092585447 ], [ -93.810491449557887, 17.214529803079319 ], [ -93.810311540416279, 17.214781891007696 ], [ -93.809638089558476, 17.215725540700468 ], [ -93.809284369136648, 17.216221171571931 ], [ -93.808548229091457, 17.217426723443168 ], [ -93.807533710375935, 17.219088140632845 ], [ -93.807164769694865, 17.219599858633977 ], [ -93.807160690231896, 17.219605523267845 ], [ -93.806663845017241, 17.220294647730203 ], [ -93.806662518468102, 17.220296488016562 ], [ -93.80666119961289, 17.220298309729454 ], [ -93.806197462223466, 17.220941512105682 ], [ -93.80617881972131, 17.220967371707509 ], [ -93.804836275029331, 17.22311704705988 ], [ -93.8043296892466, 17.223928169893675 ], [ -93.804203718478718, 17.224136922517793 ], [ -93.803762489313684, 17.22486817253526 ], [ -93.803889829605325, 17.225402106929696 ], [ -93.803889909965235, 17.225402180096992 ], [ -93.804273768484776, 17.225741321456265 ], [ -93.80427384841569, 17.225741401836597 ], [ -93.804764219959395, 17.225672484194913 ], [ -93.805131027887327, 17.225862166041406 ], [ -93.805398569778816, 17.226381150265638 ], [ -93.805411999048104, 17.226689999133104 ], [ -93.805418995097838, 17.226850750464493 ], [ -93.805421109670164, 17.226899342195601 ], [ -93.805554690496393, 17.227561428382788 ], [ -93.805556489818841, 17.227976202002974 ], [ -93.805218519339206, 17.228617785493988 ], [ -93.805315089536222, 17.229018503313927 ], [ -93.805315098541087, 17.229018541802105 ], [ -93.805681799475508, 17.229231723939591 ], [ -93.805681881285849, 17.22923180442281 ], [ -93.80599919899349, 17.22953898486244 ], [ -93.805947579617424, 17.230221750829706 ], [ -93.805652629481287, 17.230456220049586 ], [ -93.805382350128681, 17.230643659593234 ], [ -93.804989180017941, 17.23092488272146 ], [ -93.804693779207483, 17.231277088807008 ], [ -93.804422358255295, 17.232120002107038 ], [ -93.804422249769729, 17.232120338083774 ], [ -93.804421058254462, 17.232124003171343 ], [ -93.804359712358561, 17.232986269498848 ], [ -93.804353999477215, 17.233065379872741 ], [ -93.803707090505597, 17.233275372220877 ], [ -93.803252250278533, 17.233507600859127 ], [ -93.803240179935628, 17.233514280812514 ], [ -93.802699108923193, 17.233813451561527 ], [ -93.802152109373225, 17.234341490005054 ], [ -93.801891620157974, 17.235125948995982 ], [ -93.801887861422557, 17.235152600190688 ], [ -93.801867170918428, 17.235299435019535 ], [ -93.801852795424395, 17.23540144630255 ], [ -93.801774990165143, 17.235953690158567 ], [ -93.801751934431763, 17.236117333991277 ], [ -93.801679332421557, 17.236558888552555 ], [ -93.801611660203591, 17.236970450697338 ], [ -93.801948089740065, 17.237955620292805 ], [ -93.80157815166541, 17.238566611233768 ], [ -93.801640745936695, 17.23900834101762 ], [ -93.801328671975782, 17.239719684252503 ], [ -93.801523374600222, 17.24007361990034 ], [ -93.801448682639489, 17.240379502756941 ], [ -93.801105227746376, 17.240472485773889 ], [ -93.800320920187815, 17.240493252762331 ], [ -93.7995128274341, 17.240325536044313 ], [ -93.799196396207435, 17.240476174448002 ], [ -93.798972683215439, 17.240582669563835 ], [ -93.798786294992027, 17.241047659978282 ], [ -93.798786234038161, 17.241047814029319 ], [ -93.798774729224746, 17.241076511688597 ], [ -93.798552721791467, 17.241452522773955 ], [ -93.798305842673699, 17.24192264128467 ], [ -93.797594957592537, 17.241967220443367 ], [ -93.797105632465659, 17.241753517108403 ], [ -93.796126804338499, 17.241373225767045 ], [ -93.795783797786029, 17.241348453375135 ], [ -93.79485426118633, 17.240897674904424 ], [ -93.794047532741416, 17.240376685051217 ], [ -93.793436771802419, 17.239903555136777 ], [ -93.793436743281404, 17.239903528237363 ], [ -93.79294909834023, 17.239265959569437 ], [ -93.792706478112692, 17.238629233215264 ], [ -93.792706404319034, 17.238629160401718 ], [ -93.791924832513104, 17.237967014052604 ], [ -93.79192474780767, 17.237966950588845 ], [ -93.791289660693081, 17.237446612168238 ], [ -93.791024029234109, 17.236433025077858 ], [ -93.791035729388241, 17.236076405574529 ], [ -93.791035758746162, 17.236075565898112 ], [ -93.791051829387285, 17.235585309629784 ], [ -93.791096738763613, 17.235179462824174 ], [ -93.791153419767056, 17.234667219727061 ], [ -93.791253909091907, 17.234031734956879 ], [ -93.791775928685254, 17.233230204987763 ], [ -93.791227339946673, 17.232130215827166 ], [ -93.791227228892069, 17.232129994415075 ], [ -93.791227185263722, 17.232129905170289 ], [ -93.791221299218435, 17.232118078049908 ], [ -93.791221267336979, 17.232118123334107 ], [ -93.791218685398945, 17.232121246805185 ], [ -93.790811083450336, 17.232614355997711 ], [ -93.79075018173593, 17.232688061643568 ], [ -93.790304711591233, 17.23321533447816 ], [ -93.790290844157695, 17.23322006270962 ], [ -93.789859547128174, 17.233367232859635 ], [ -93.788609596277681, 17.232327413647745 ], [ -93.788609504555225, 17.232327341654369 ], [ -93.78800471951709, 17.233794185000225 ], [ -93.787745558301353, 17.233994529574819 ], [ -93.787494707527316, 17.234188451118186 ], [ -93.786560288314618, 17.23491082089533 ], [ -93.781304579482395, 17.238975916285174 ], [ -93.77553689018346, 17.243436552264559 ], [ -93.772583135161028, 17.245720760580358 ], [ -93.772450197735736, 17.245823558744025 ], [ -93.770092024328605, 17.244124463216021 ], [ -93.769817228621136, 17.243180198380642 ], [ -93.769817156713742, 17.243180125658807 ], [ -93.769342829048611, 17.242591662674851 ], [ -93.767884588586924, 17.242266654727114 ], [ -93.766787571181212, 17.241863747648289 ], [ -93.765917738280024, 17.24149793187684 ], [ -93.765917724518332, 17.241497878647994 ], [ -93.765710448998888, 17.240704060304548 ], [ -93.765710379089995, 17.240704032922917 ], [ -93.764487889298167, 17.240269738394424 ], [ -93.763965024600623, 17.24006980993147 ], [ -93.763964928851578, 17.240069773884397 ], [ -93.763964902494038, 17.240069710913328 ], [ -93.763964814296742, 17.240069548634882 ], [ -93.763964752381767, 17.240069434849342 ], [ -93.76362053012646, 17.239439531190957 ], [ -93.763620483535206, 17.23943952318913 ], [ -93.762976481424133, 17.239344492353972 ], [ -93.76214286690616, 17.239435572464441 ], [ -93.760989615476177, 17.239784509651319 ], [ -93.759343739272097, 17.24074390167031 ], [ -93.754990931797181, 17.243203469509169 ], [ -93.754209852580559, 17.24364480417626 ], [ -93.751709895106586, 17.243682434619139 ], [ -93.750405418922725, 17.243667856080304 ], [ -93.749295302187264, 17.243655452713526 ], [ -93.746182609984274, 17.24368899900254 ], [ -93.745866313132609, 17.243893351835798 ], [ -93.742611737323259, 17.245995983109051 ], [ -93.742078415025986, 17.24613486959111 ], [ -93.73679311315864, 17.247511138707651 ], [ -93.735643736285297, 17.247471843741767 ], [ -93.730458506343467, 17.247294453077107 ], [ -93.72965643033686, 17.24726700313418 ], [ -93.724369107517035, 17.24708591153146 ], [ -93.721620269612956, 17.247992146810347 ], [ -93.720099422285557, 17.248493518134577 ], [ -93.718681552353715, 17.248960912869638 ], [ -93.71752158417442, 17.249343299516738 ], [ -93.717375806345402, 17.249329212117107 ], [ -93.715731911768827, 17.249170358756636 ], [ -93.714138878326764, 17.249016407197352 ], [ -93.712405454726948, 17.248848867308038 ], [ -93.710440097185113, 17.248658885351563 ], [ -93.706582455256992, 17.248285906933692 ], [ -93.706016907618931, 17.248231221401763 ], [ -93.703351344227528, 17.24797342290443 ], [ -93.695668946262643, 17.247230178101052 ], [ -93.693119188153801, 17.25077103863681 ], [ -93.69308635585007, 17.250828411266323 ], [ -93.692777473277275, 17.251258763881086 ], [ -93.69275553049988, 17.251289327948371 ], [ -93.691351681961578, 17.253245189209341 ], [ -93.689872255429222, 17.255306268800528 ], [ -93.689423593407312, 17.255324122059637 ], [ -93.685654747013643, 17.25547400565285 ], [ -93.681181639082268, 17.255651767657703 ], [ -93.680221956911993, 17.255684274984311 ], [ -93.677486873642465, 17.255776876417627 ], [ -93.67609951587292, 17.255823827997602 ], [ -93.67528277057977, 17.2558514616194 ], [ -93.668623249099355, 17.256076626685772 ], [ -93.666857456195061, 17.256136273078809 ], [ -93.666824419938962, 17.256137395820275 ], [ -93.664905878999392, 17.256202214081313 ], [ -93.664866282831269, 17.256203555901244 ], [ -93.662694364997805, 17.256276901944688 ], [ -93.662787127937364, 17.25789337800753 ], [ -93.662788246289423, 17.257912844501803 ], [ -93.662857505289111, 17.259119665381721 ], [ -93.662859181020337, 17.259148941983067 ], [ -93.662860463644364, 17.259171355264741 ], [ -93.662901003078659, 17.259877762147187 ], [ -93.663045687431236, 17.262398784904683 ], [ -93.663119426544228, 17.263683653987634 ], [ -93.663134075634275, 17.263938881239483 ], [ -93.663139166290648, 17.264027582025406 ], [ -93.663227291773225, 17.265563177854933 ], [ -93.663300378296782, 17.266836606222107 ], [ -93.663463151648031, 17.269672740505875 ], [ -93.663472432350773, 17.269834431010359 ], [ -93.663542276160229, 17.271051206633715 ], [ -93.663676555166816, 17.2733908369411 ], [ -93.663895259750134, 17.277201031500887 ], [ -93.663898109086233, 17.277250633285934 ], [ -93.664036218026311, 17.279656646329851 ], [ -93.664111485454654, 17.280967857643368 ], [ -93.664139717555599, 17.281459668079684 ], [ -93.664331291590116, 17.284796992120778 ], [ -93.664331382630337, 17.284798583219334 ], [ -93.6643341074072, 17.28484594035222 ], [ -93.664344031054952, 17.285018899686975 ], [ -93.664411458491386, 17.286193385205468 ], [ -93.661876064603547, 17.286652320037895 ], [ -93.658552566982593, 17.287253829871553 ], [ -93.658309845696422, 17.287297749822255 ], [ -93.658268712969232, 17.287305196598123 ], [ -93.653236780601418, 17.288215866390988 ], [ -93.64965923319393, 17.288863216705519 ], [ -93.644833091243115, 17.289736357600919 ], [ -93.638799274564946, 17.290827741708277 ], [ -93.638132333843274, 17.29094836300569 ], [ -93.635442678013064, 17.293085162112206 ], [ -93.635386527975839, 17.293129775947055 ], [ -93.63513532725851, 17.293329344548066 ], [ -93.625573734813543, 17.300925010035542 ], [ -93.61450013434245, 17.30972011874255 ], [ -93.614475306720266, 17.30973982897574 ], [ -93.614450139032883, 17.309759817763375 ], [ -93.613933581200044, 17.310170062650851 ], [ -93.613209002565171, 17.310745514671481 ], [ -93.611492050340132, 17.312109062981403 ], [ -93.611196181665349, 17.312344029623993 ], [ -93.611195480207186, 17.31234458100457 ], [ -93.611155935510936, 17.31237598730301 ], [ -93.607939816028789, 17.31493002067845 ], [ -93.60375329068269, 17.320309036022582 ], [ -93.603282548218957, 17.320913844880359 ], [ -93.601667801355802, 17.323027274765465 ], [ -93.601532997729961, 17.32320593931567 ], [ -93.601159705753659, 17.323700665165081 ], [ -93.597711971015656, 17.328269820832947 ], [ -93.594327955844705, 17.333145232345 ], [ -93.593350305990924, 17.334553705668668 ], [ -93.590075223460858, 17.339317024614314 ], [ -93.589706720924681, 17.339852956158868 ], [ -93.587970549034367, 17.342068367286075 ], [ -93.586260430436482, 17.344250452042974 ], [ -93.586233849949593, 17.344284371791431 ], [ -93.584971578423747, 17.345894954279501 ], [ -93.584172912864929, 17.346913980811461 ], [ -93.584087183478289, 17.347023362774333 ], [ -93.583774186987768, 17.347467514690429 ], [ -93.582089887399206, 17.349857534921892 ], [ -93.581554596347161, 17.350617094022056 ], [ -93.581426210468521, 17.350799265886675 ], [ -93.581415318588768, 17.350814720863301 ], [ -93.581389917779205, 17.350850755491212 ], [ -93.580574907351561, 17.352007218845671 ], [ -93.580534460796656, 17.352064602669191 ], [ -93.580072279241179, 17.35272040622025 ], [ -93.575809952920238, 17.358674821972265 ], [ -93.575374263210449, 17.359282321848003 ], [ -93.575362123511098, 17.359299250865771 ], [ -93.57358400327044, 17.361778491190968 ], [ -93.571052124302597, 17.365261801168231 ], [ -93.567261861297297, 17.370324124761289 ], [ -93.563496445388495, 17.375315892583291 ], [ -93.560586462653717, 17.379427259082636 ], [ -93.560105372994371, 17.380106943582849 ], [ -93.559444196051501, 17.381041056374986 ], [ -93.559331710518137, 17.381199973595837 ], [ -93.558975750789187, 17.381663784709758 ], [ -93.558305358276556, 17.38253728593428 ], [ -93.558268265961743, 17.382585615501373 ], [ -93.557525083145194, 17.383553945738782 ], [ -93.557292439403525, 17.383857065051206 ], [ -93.557142197557823, 17.384052819796654 ], [ -93.556985573311408, 17.384256889832624 ], [ -93.555650071584353, 17.385996920794057 ], [ -93.555393087480866, 17.386331740459333 ], [ -93.55443071542112, 17.387755926580319 ], [ -93.554131722840467, 17.388198404156022 ], [ -93.553705378630724, 17.388829320329453 ], [ -93.553367369340023, 17.389329520545669 ], [ -93.552366829065292, 17.390810140458843 ], [ -93.547510090274784, 17.397278120788592 ], [ -93.546793619588797, 17.398239379673726 ], [ -93.545663799993548, 17.399755179767755 ], [ -93.543544849216488, 17.402597940053393 ], [ -93.542015169317864, 17.404833030208724 ], [ -93.542003150050448, 17.404850580518932 ], [ -93.54154090960003, 17.40552597079726 ], [ -93.541007769434628, 17.406304941308953 ], [ -93.540235428673327, 17.407433380336808 ], [ -93.539960250138023, 17.407835450291014 ], [ -93.539228479058508, 17.408904580686926 ], [ -93.53778119981348, 17.410879089649722 ], [ -93.536046908611482, 17.413245080588595 ], [ -93.535311650167827, 17.414248140189724 ], [ -93.534943029967039, 17.414727109745016 ], [ -93.534654109524226, 17.41510252063971 ], [ -93.531669109557612, 17.418981061001546 ], [ -93.531384658934087, 17.419371250980017 ], [ -93.529847619516104, 17.421479600802428 ], [ -93.529652450105345, 17.421747289623333 ], [ -93.528371478696954, 17.423504340526627 ], [ -93.526623429136563, 17.425964821169291 ], [ -93.526040090132895, 17.42678588029343 ], [ -93.525868568571028, 17.427039320508698 ], [ -93.525665600379014, 17.427339250252501 ], [ -93.525176448854239, 17.428062059895066 ], [ -93.524104430078708, 17.429646141109945 ], [ -93.524211968867121, 17.429698690974206 ], [ -93.524406520391707, 17.429657370799703 ], [ -93.524761398974761, 17.429938600480469 ], [ -93.524848949531517, 17.430032630291944 ], [ -93.525035048912557, 17.430232480529305 ], [ -93.52525076882003, 17.430542059518306 ], [ -93.52532005043679, 17.430802290490497 ], [ -93.52531574897759, 17.431059580940207 ], [ -93.525314548661541, 17.431132050268591 ], [ -93.525286479809111, 17.431343650491414 ], [ -93.525183619255344, 17.431624780877861 ], [ -93.525107260296082, 17.431788519883739 ], [ -93.524880139488175, 17.432161979622286 ], [ -93.524579400197069, 17.432534320924947 ], [ -93.524474231839548, 17.432696631912318 ], [ -93.524352679811784, 17.432884230953626 ], [ -93.524127909352558, 17.433116370291327 ], [ -93.523780079835788, 17.433370171252982 ], [ -93.523488769273811, 17.43348720056424 ], [ -93.523384719177017, 17.433529000738119 ], [ -93.522770108875676, 17.43359023008102 ], [ -93.522450339805388, 17.433632430568935 ], [ -93.521787058569203, 17.43366934056489 ], [ -93.521416248978824, 17.433828540820517 ], [ -93.521284258935665, 17.4339149511698 ], [ -93.521267509383947, 17.433925920570911 ], [ -93.520994378688215, 17.434104749927787 ], [ -93.520819090127574, 17.434314089718701 ], [ -93.520444740222942, 17.434685290701953 ], [ -93.519916779575823, 17.435432119735275 ], [ -93.519736829286543, 17.435923049673477 ], [ -93.519702214303663, 17.436054768502714 ], [ -93.519525849199042, 17.436725801269219 ], [ -93.519422310221259, 17.437119750271592 ], [ -93.51942071954079, 17.437213969786608 ], [ -93.519514549145057, 17.437474570092967 ], [ -93.519607978951967, 17.437758720239 ], [ -93.519683690330083, 17.43794133961044 ], [ -93.519725938800008, 17.438043259750422 ], [ -93.519720829886637, 17.438349461305968 ], [ -93.519694379393485, 17.438482739747101 ], [ -93.519613620106441, 17.438889681230467 ], [ -93.519558249026389, 17.439265781194102 ], [ -93.519431229290262, 17.439522980650889 ], [ -93.519134419150745, 17.439659771204486 ], [ -93.518935749522882, 17.439798080274521 ], [ -93.518515059214153, 17.440003630285776 ], [ -93.51831796910821, 17.440047710781723 ], [ -93.517820170095774, 17.440115260417805 ], [ -93.517063370162816, 17.440216850244688 ], [ -93.516326049649678, 17.440276150630567 ], [ -93.515835289529335, 17.440268581033088 ], [ -93.515441489020745, 17.440333180187022 ], [ -93.515242429170669, 17.440495029830728 ], [ -93.51523887879361, 17.440707020099822 ], [ -93.515285198716484, 17.440872649521321 ], [ -93.515235999581705, 17.440985420677098 ], [ -93.515157378718939, 17.441176950117821 ], [ -93.51495714019039, 17.44140945988012 ], [ -93.514656770348779, 17.441758230821581 ], [ -93.514358370378829, 17.441989220768541 ], [ -93.51410628023639, 17.442385850822589 ], [ -93.513804720209578, 17.442805260684448 ], [ -93.51364748008703, 17.443151739621463 ], [ -93.513549878886707, 17.443366770868021 ], [ -93.513472310173867, 17.443601170707666 ], [ -93.513469149483328, 17.443789600696068 ], [ -93.513538049001767, 17.444073380557313 ], [ -93.513579460389423, 17.444253140738827 ], [ -93.513585720163945, 17.444280351231583 ], [ -93.51365244935127, 17.444569910555771 ], [ -93.513744289050337, 17.444948280148449 ], [ -93.513739949040229, 17.445207371183695 ], [ -93.513685349930142, 17.445536350485394 ], [ -93.513606620021477, 17.445690490727856 ], [ -93.51358437006752, 17.445734050792602 ], [ -93.513482339317534, 17.445933740389279 ], [ -93.513331569508367, 17.446143450465836 ], [ -93.513034339610783, 17.446303780669961 ], [ -93.512787769169165, 17.446370659537681 ], [ -93.512539998641827, 17.446508179547106 ], [ -93.512265738891443, 17.446763110980793 ], [ -93.512116539452194, 17.446878599636115 ], [ -93.511795949462751, 17.446967890332719 ], [ -93.511583780215261, 17.447268000866977 ], [ -93.511468258629108, 17.447481149964375 ], [ -93.511366938856497, 17.447668060233863 ], [ -93.511314308935965, 17.447879290989132 ], [ -93.511113258969033, 17.448158890035963 ], [ -93.511011550370526, 17.448369371165416 ], [ -93.5110095786806, 17.4484871404877 ], [ -93.51102552040112, 17.44868082016616 ], [ -93.51105037031752, 17.448982519854585 ], [ -93.511094319906704, 17.44928948016274 ], [ -93.511162019569355, 17.449643920344457 ], [ -93.511207539648055, 17.449856659791326 ], [ -93.511301349722828, 17.450117261132284 ], [ -93.511278710462463, 17.450350719843165 ], [ -93.51127168967264, 17.450423079858346 ], [ -93.511201889318812, 17.450712880532201 ], [ -93.511316459473633, 17.450731799823284 ], [ -93.51143905893062, 17.450794750592706 ], [ -93.511486278699195, 17.45083982007931 ], [ -93.511505290468378, 17.450903049870693 ], [ -93.511496290056357, 17.45105671998871 ], [ -93.511496679147641, 17.451192310751871 ], [ -93.511515819170356, 17.451300721136363 ], [ -93.511600849987559, 17.451399940329107 ], [ -93.51169540008604, 17.451535280539623 ], [ -93.511771060454009, 17.451652580165113 ], [ -93.511846679814525, 17.451751819702626 ], [ -93.511912850107123, 17.451842030561824 ], [ -93.512016820206455, 17.451977350664464 ], [ -93.512101878965211, 17.452085600102684 ], [ -93.512158599256423, 17.452166800292094 ], [ -93.512224799768617, 17.452266059747245 ], [ -93.512243888606363, 17.45235640048568 ], [ -93.512263049689906, 17.452473860932994 ], [ -93.51223511872486, 17.452591430883093 ], [ -93.512197778990611, 17.452709030536656 ], [ -93.512103889502256, 17.452808710597427 ], [ -93.511981650380093, 17.452872290110971 ], [ -93.511849949397003, 17.452926860054468 ], [ -93.511819310081535, 17.452953970861742 ], [ -93.511737229979985, 17.453026580460552 ], [ -93.511709199204603, 17.453108000263171 ], [ -93.511718860272651, 17.453198369783671 ], [ -93.511794429820426, 17.4532795199876 ], [ -93.511832179220946, 17.453306539773806 ], [ -93.51192658024037, 17.45338765129787 ], [ -93.512039859750431, 17.453486780960969 ], [ -93.512106019654439, 17.453567949792305 ], [ -93.512123019204438, 17.45360846050875 ], [ -93.512115798681677, 17.453703521210894 ], [ -93.512050218898494, 17.453821180371882 ], [ -93.51195639938318, 17.453947971169573 ], [ -93.51188128038946, 17.454029520674311 ], [ -93.511787418904163, 17.45413822951183 ], [ -93.511702889447832, 17.454219801290026 ], [ -93.511641819503751, 17.454289449894354 ], [ -93.511599619567733, 17.454337570456211 ], [ -93.511534029533294, 17.454455230787598 ], [ -93.511562659254494, 17.45459075049606 ], [ -93.511600658679427, 17.454708149754321 ], [ -93.511657539663872, 17.45484358014436 ], [ -93.511695568909857, 17.454970029944931 ], [ -93.511742968583448, 17.455087420807629 ], [ -93.511780949231436, 17.455195781064429 ], [ -93.511828509143086, 17.455367399836067 ], [ -93.511819319080644, 17.455448780088116 ], [ -93.511800858619878, 17.455584400405346 ], [ -93.511772969571155, 17.455711020365957 ], [ -93.511735710111196, 17.455855740920178 ], [ -93.511707779332184, 17.455973320577446 ], [ -93.511661088782645, 17.456118060530134 ], [ -93.51162379887262, 17.456253739640449 ], [ -93.51157701887675, 17.45636232079023 ], [ -93.511502058746345, 17.456498091221526 ], [ -93.511455279337241, 17.456606690523444 ], [ -93.511399148990236, 17.45674242046843 ], [ -93.511352339003068, 17.456841951093665 ], [ -93.511296139627945, 17.456950570380613 ], [ -93.511230649860281, 17.457104399761604 ], [ -93.511174488784135, 17.45723109000949 ], [ -93.511118319967821, 17.457348740012741 ], [ -93.511052800072036, 17.457493520669146 ], [ -93.511006018647592, 17.457602110889269 ], [ -93.510959279493605, 17.457728770498175 ], [ -93.510903149522505, 17.45786450964302 ], [ -93.510865858949046, 17.458000179950226 ], [ -93.510859348791357, 17.458022230036825 ], [ -93.510828539342384, 17.458126819663331 ], [ -93.510810078868914, 17.458262449604824 ], [ -93.510810458575961, 17.45839803068294 ], [ -93.510829679953162, 17.458533570219714 ], [ -93.510876969046535, 17.458605751137778 ], [ -93.51095257909472, 17.458704980736385 ], [ -93.511037659636528, 17.458822280155676 ], [ -93.511122709247473, 17.458921479998939 ], [ -93.511217148671918, 17.459020659941615 ], [ -93.51132103010768, 17.459119830173826 ], [ -93.51141547865133, 17.459219019578178 ], [ -93.511519319332322, 17.459309140285644 ], [ -93.511609029284216, 17.459414520484543 ], [ -93.511642148577508, 17.459453450388516 ], [ -93.511632980295147, 17.459543850584733 ], [ -93.511520229512968, 17.459634519776976 ], [ -93.511407419152562, 17.459707120295107 ], [ -93.511285318857873, 17.459824950994363 ], [ -93.511163198782981, 17.459933720736441 ], [ -93.511059879916914, 17.460033421117711 ], [ -93.510938118827951, 17.460125740650163 ], [ -93.510824969934916, 17.460223850044283 ], [ -93.510731058637035, 17.460323509718904 ], [ -93.510646618784236, 17.460432179555241 ], [ -93.510571449422699, 17.460495659621927 ], [ -93.510458659274391, 17.460577289756888 ], [ -93.510317630365535, 17.46065900066446 ], [ -93.510223630147166, 17.460722520926737 ], [ -93.51011084911508, 17.460804149561557 ], [ -93.509998058983413, 17.460885801144428 ], [ -93.509885279563306, 17.460967429738599 ], [ -93.509763020114789, 17.46103102030904 ], [ -93.509650259253647, 17.461121689696839 ], [ -93.509603278643127, 17.461157969811449 ], [ -93.509499919903462, 17.461248630908326 ], [ -93.509424890357892, 17.461357290766134 ], [ -93.509368739709089, 17.461483971181337 ], [ -93.509321999609881, 17.461610631225071 ], [ -93.509256548863277, 17.461782539600417 ], [ -93.509209819836116, 17.46190920031512 ], [ -93.509134880094621, 17.46205402125754 ], [ -93.509078689440798, 17.462171659571268 ], [ -93.509022539352245, 17.462298350962488 ], [ -93.50895694032819, 17.462416029694324 ], [ -93.50884414941676, 17.462497660789104 ], [ -93.508778258891311, 17.462506880245975 ], [ -93.508636919507609, 17.462480120623415 ], [ -93.508495649783271, 17.462480480924388 ], [ -93.508382888779323, 17.462571149687182 ], [ -93.508317288966765, 17.462688829996871 ], [ -93.508251689042282, 17.46280651030143 ], [ -93.508139379983547, 17.463059879688807 ], [ -93.508073859874258, 17.463204660772217 ], [ -93.508045829940642, 17.463286090643525 ], [ -93.508046078655312, 17.463376480466909 ], [ -93.508046479016699, 17.463521089507601 ], [ -93.508046778981807, 17.463629551272145 ], [ -93.508069089773272, 17.46376286074856 ], [ -93.508075508904767, 17.463801230219172 ], [ -93.508075888592913, 17.463936800066971 ], [ -93.508104488767714, 17.46406328110211 ], [ -93.508161349133033, 17.464189681097441 ], [ -93.508255799658386, 17.464288860730889 ], [ -93.508359520126348, 17.464333779609699 ], [ -93.508382450447357, 17.46435385007921 ], [ -93.5084728188979, 17.464432919990877 ], [ -93.508463648856363, 17.464523340710247 ], [ -93.508341369297511, 17.464577880587093 ], [ -93.508228449673041, 17.464614320908805 ], [ -93.508087349458535, 17.464677950266378 ], [ -93.507955629305471, 17.464723490246623 ], [ -93.507776850303827, 17.464778180269878 ], [ -93.507757549180994, 17.464792149896979 ], [ -93.507701659669763, 17.464832600317418 ], [ -93.507664289626703, 17.464941170896633 ], [ -93.507655140366538, 17.465040620136499 ], [ -93.507664939938579, 17.465176170533308 ], [ -93.507646369693688, 17.465275650374352 ], [ -93.507618518758633, 17.465420339580305 ], [ -93.507612970425029, 17.465503720414361 ], [ -93.507609480214086, 17.465555949595956 ], [ -93.507591019331144, 17.465691581074164 ], [ -93.507515999007836, 17.465809279696444 ], [ -93.507469108740963, 17.465881710059325 ], [ -93.507403459065742, 17.465981289900594 ], [ -93.507337779226248, 17.466071860636429 ], [ -93.507253398770544, 17.466207649637028 ], [ -93.507240649027807, 17.466227370014096 ], [ -93.50715962891654, 17.466352510932474 ], [ -93.507131750412512, 17.46648816967469 ], [ -93.507132119112612, 17.46662375043481 ], [ -93.507170140160667, 17.466750199895955 ], [ -93.507170538943029, 17.466894820594618 ], [ -93.507180289469233, 17.467012290529901 ], [ -93.507190140060374, 17.467165940592377 ], [ -93.507218630081653, 17.467256250866377 ], [ -93.507313249752116, 17.46740966116025 ], [ -93.507398309044092, 17.467517910397348 ], [ -93.507473949775772, 17.467626181244356 ], [ -93.507559029331162, 17.467743480609261 ], [ -93.507634679822345, 17.467851750147531 ], [ -93.50771973952881, 17.467960001087125 ], [ -93.507795380199255, 17.468068280872252 ], [ -93.507880520386536, 17.468203630970272 ], [ -93.507937280228191, 17.468293880629524 ], [ -93.508022339234827, 17.468402120548621 ], [ -93.5080791086489, 17.468492370719176 ], [ -93.508173629174692, 17.468618680385358 ], [ -93.508258748799278, 17.468745000042272 ], [ -93.508286829218534, 17.468819849838521 ], [ -93.508306179415968, 17.468871420127179 ], [ -93.50832539868999, 17.46900694967573 ], [ -93.508316349886357, 17.469142550903108 ], [ -93.508269620140197, 17.469269231166958 ], [ -93.50816628963689, 17.469368911080156 ], [ -93.508025149518048, 17.469414480596821 ], [ -93.507921630160453, 17.469441851233359 ], [ -93.507799200211608, 17.469442169884768 ], [ -93.507648429441716, 17.4694154303481 ], [ -93.507507149394769, 17.469415780485754 ], [ -93.5073658889077, 17.469416149704639 ], [ -93.507205860251787, 17.469443680608595 ], [ -93.507102458845324, 17.469516250255388 ], [ -93.507048368592834, 17.469563690973889 ], [ -93.506999109209403, 17.469606910074308 ], [ -93.506933509956923, 17.469724569757233 ], [ -93.506934259695342, 17.469995740770873 ], [ -93.506953600290885, 17.470176459774009 ], [ -93.506982090223005, 17.470266779576047 ], [ -93.507020249713293, 17.47043841975508 ], [ -93.507067688616573, 17.470564850152087 ], [ -93.507114849449394, 17.47059184967307 ], [ -93.507199570386717, 17.470573550520289 ], [ -93.507255909343826, 17.470510139668747 ], [ -93.507330998740173, 17.470419549620406 ], [ -93.507424769082121, 17.470274690713143 ], [ -93.507509228905434, 17.470166019709847 ], [ -93.507574909805797, 17.470075460892922 ], [ -93.50764998006764, 17.469975829663625 ], [ -93.507772249648454, 17.469912250781309 ], [ -93.507913380406748, 17.469866689949331 ], [ -93.508045289672395, 17.469884431181722 ], [ -93.50816302943015, 17.469962220688366 ], [ -93.50822481947651, 17.470091879987912 ], [ -93.508196909830659, 17.470218490738837 ], [ -93.508150088740152, 17.470318029652219 ], [ -93.508093910118433, 17.470435681039994 ], [ -93.508037779769253, 17.47057142067667 ], [ -93.507991019197689, 17.470689030453329 ], [ -93.507953568893257, 17.470770481213833 ], [ -93.507897459521047, 17.470915251261232 ], [ -93.507858249117817, 17.471004400154538 ], [ -93.507805259537264, 17.471124859608231 ], [ -93.507782648630794, 17.471296430978288 ], [ -93.507745950170488, 17.471501769943671 ], [ -93.507707830171086, 17.471730089825417 ], [ -93.507743628932559, 17.471928029964822 ], [ -93.507835109010372, 17.472002370901109 ], [ -93.507963178772314, 17.472067280690727 ], [ -93.508154629752994, 17.472078170822488 ], [ -93.508361600330261, 17.472032320054755 ], [ -93.508451738814671, 17.471933740785364 ], [ -93.50849827903879, 17.471763539529572 ], [ -93.508582119266322, 17.471572400348769 ], [ -93.50864205006539, 17.471379890181467 ], [ -93.50866322980842, 17.471231289946139 ], [ -93.508698549266697, 17.47111204970874 ], [ -93.508754738813579, 17.470994400403416 ], [ -93.508801630034228, 17.470921970809236 ], [ -93.508900598687035, 17.47088755058682 ], [ -93.509013949407603, 17.470801820719242 ], [ -93.509090709629589, 17.470725511211661 ], [ -93.509232879127111, 17.470756651081999 ], [ -93.509277200229207, 17.47081678116777 ], [ -93.509333659946336, 17.470854780808629 ], [ -93.509404338755871, 17.470902350517058 ], [ -93.509397478928648, 17.47100802049739 ], [ -93.509392509105012, 17.47108840119073 ], [ -93.509444539990625, 17.471218120472045 ], [ -93.5094479799223, 17.471356601210164 ], [ -93.509488048769256, 17.471485650957991 ], [ -93.509465399798415, 17.471574860800523 ], [ -93.509456319411669, 17.471610600397518 ], [ -93.509489819939091, 17.471692720527368 ], [ -93.509518889762219, 17.471763970109361 ], [ -93.509535909497131, 17.47188206057892 ], [ -93.509542019381414, 17.471944569757884 ], [ -93.509550448563743, 17.472030821071812 ], [ -93.509567279613862, 17.472147020075958 ], [ -93.50958128040719, 17.472309139934389 ], [ -93.509633510059487, 17.47238602058265 ], [ -93.509662878864432, 17.472429251096898 ], [ -93.509682118903712, 17.472573820616585 ], [ -93.509701340049645, 17.472709350843701 ], [ -93.509720539889543, 17.472844890746671 ], [ -93.509749229211309, 17.472998480355429 ], [ -93.509768420266866, 17.47312497069834 ], [ -93.509787479179678, 17.473206260455459 ], [ -93.509816030156784, 17.473314660029438 ], [ -93.509854109000401, 17.473459180760678 ], [ -93.509873320484374, 17.473594719654884 ], [ -93.509883120413193, 17.473730280795984 ], [ -93.509844509901271, 17.47387985077378 ], [ -93.509837420374851, 17.473994680456723 ], [ -93.509771219628178, 17.474094629735465 ], [ -93.509752858866065, 17.474197291078415 ], [ -93.509700739072301, 17.474263481160282 ], [ -93.509623280201055, 17.474351260977389 ], [ -93.509498659745162, 17.474424850801952 ], [ -93.509367310225358, 17.474517969864827 ], [ -93.509226029469971, 17.474518339989949 ], [ -93.509084749939319, 17.474518690139107 ], [ -93.508952768819995, 17.474473850932263 ], [ -93.508830149742479, 17.474410890166027 ], [ -93.508716890120468, 17.47432078030382 ], [ -93.508641449932711, 17.474284830355067 ], [ -93.508537688647934, 17.474230859881771 ], [ -93.508405679750524, 17.474176949558249 ], [ -93.508245418831152, 17.474123140691216 ], [ -93.508141719921511, 17.474087250041904 ], [ -93.508000368658472, 17.474060491092544 ], [ -93.507858998748716, 17.474024690860482 ], [ -93.507727020382163, 17.47397985071591 ], [ -93.507595109000647, 17.473962110989483 ], [ -93.507453830036809, 17.473962459596482 ], [ -93.507312599681185, 17.473980891010115 ], [ -93.507252519877198, 17.474033601256679 ], [ -93.507209260099856, 17.47407155060926 ], [ -93.507171949770878, 17.474207230320371 ], [ -93.507162850370918, 17.474315720466411 ], [ -93.507300399159661, 17.474438080898164 ], [ -93.507403120250757, 17.474524580149637 ], [ -93.507446250215096, 17.474622320697737 ], [ -93.50755935028279, 17.474658180130326 ], [ -93.507691338740003, 17.474703049978157 ], [ -93.507832689280349, 17.474729800122951 ], [ -93.507964650234442, 17.474765620823231 ], [ -93.508058879837264, 17.474783450240174 ], [ -93.508181399233564, 17.474810251051114 ], [ -93.508322719300949, 17.474827969756326 ], [ -93.508464048691351, 17.474845690667024 ], [ -93.508605369388675, 17.474863400086718 ], [ -93.508737279773143, 17.474881140645596 ], [ -93.508869259987122, 17.474925999916245 ], [ -93.508991909706666, 17.474998000708148 ], [ -93.509086379622843, 17.475106220579715 ], [ -93.509113969275944, 17.475209629570099 ], [ -93.50909561991817, 17.475312309814413 ], [ -93.509125050283671, 17.47540711108465 ], [ -93.509135678865761, 17.475441350866021 ], [ -93.509138419094484, 17.475591311078098 ], [ -93.509142579335645, 17.475718310146735 ], [ -93.509134779451799, 17.475844630723763 ], [ -93.509079260213923, 17.475928771034301 ], [ -93.508947649706357, 17.47601949119224 ], [ -93.508816019592061, 17.476101180889593 ], [ -93.508703799202394, 17.476147680214307 ], [ -93.508684310163602, 17.476155751061803 ], [ -93.508562049937595, 17.476219341241592 ], [ -93.508439829738265, 17.476301001178019 ], [ -93.508272248924513, 17.476394820961893 ], [ -93.508137080159727, 17.476444740826171 ], [ -93.508000579222454, 17.476321739969499 ], [ -93.507921479983892, 17.476175780349944 ], [ -93.507836429871048, 17.47607657078072 ], [ -93.507779659256173, 17.475986321261885 ], [ -93.507637980014394, 17.475842059839405 ], [ -93.507506148876047, 17.475851450420926 ], [ -93.507412279120246, 17.475960150270531 ], [ -93.507346680394974, 17.476077820642004 ], [ -93.507252819065741, 17.476195570101385 ], [ -93.507152419311566, 17.476250430561279 ], [ -93.507086200381664, 17.476350379982993 ], [ -93.506986920248082, 17.476402349816976 ], [ -93.50686157958242, 17.476487420626416 ], [ -93.50674751041025, 17.476584650978978 ], [ -93.506646109837092, 17.476671060282413 ], [ -93.506545419576838, 17.476746000709685 ], [ -93.506396858539901, 17.476818220808259 ], [ -93.506303629136013, 17.476948221079105 ], [ -93.506190828612731, 17.477029850604183 ], [ -93.506086580016813, 17.477159200253329 ], [ -93.506059519327366, 17.477229031189164 ], [ -93.506041020177449, 17.477346581075032 ], [ -93.506041419906481, 17.477491200888149 ], [ -93.50607002933809, 17.477626709564955 ], [ -93.506098658833352, 17.477762230267199 ], [ -93.506117879835003, 17.477897749633087 ], [ -93.506146510102369, 17.478033259565567 ], [ -93.50617517893177, 17.478186861078544 ], [ -93.506175449223477, 17.478277250877291 ], [ -93.506167138728898, 17.478312171097603 ], [ -93.506147510035731, 17.478394819562091 ], [ -93.506166649962196, 17.478503230253761 ], [ -93.506232909726151, 17.478620570996281 ], [ -93.506327340319018, 17.478710719746886 ], [ -93.506431219058655, 17.478809879618581 ], [ -93.506535079221194, 17.478900000013351 ], [ -93.506629538892355, 17.478999179554275 ], [ -93.506733379862155, 17.479089309593899 ], [ -93.506846659137949, 17.47917942084986 ], [ -93.506950508573368, 17.479269540370886 ], [ -93.507054369422761, 17.479359660475289 ], [ -93.507139420443437, 17.479458880063628 ], [ -93.507224579607723, 17.479603281293326 ], [ -93.507300279658963, 17.479729630573974 ], [ -93.507413349518657, 17.479747420793046 ], [ -93.507497970259863, 17.479692970758787 ], [ -93.507535199061806, 17.479530169907719 ], [ -93.507537778725947, 17.479491219829683 ], [ -93.507544230187023, 17.479394570669616 ], [ -93.507544018991652, 17.479314690550311 ], [ -93.507543829541916, 17.47924993956854 ], [ -93.507562280122869, 17.479105280395668 ], [ -93.507580709988744, 17.47896062007981 ], [ -93.507627489874594, 17.478852029941908 ], [ -93.507730830324363, 17.478752339878142 ], [ -93.507870578594833, 17.478815050804606 ], [ -93.507977569983751, 17.478832661338188 ], [ -93.50808313941701, 17.478873231179012 ], [ -93.508152089424357, 17.478923259578242 ], [ -93.508268429844762, 17.479022120579668 ], [ -93.508325279798683, 17.479139480810232 ], [ -93.508382169425303, 17.47927492000327 ], [ -93.508429539266089, 17.479374230819044 ], [ -93.508495860381998, 17.479518680111358 ], [ -93.508543280052521, 17.479636059615437 ], [ -93.50860016877634, 17.479771489713649 ], [ -93.508631620182896, 17.479876060567353 ], [ -93.50863819867611, 17.479897940044665 ], [ -93.508638569118858, 17.480033520292004 ], [ -93.508554109325388, 17.480142201296747 ], [ -93.508431858710424, 17.480214830922314 ], [ -93.508300149064013, 17.480269399548153 ], [ -93.508187338888405, 17.480342001259292 ], [ -93.508083859722362, 17.480387461066641 ], [ -93.507952198579218, 17.480460110737557 ], [ -93.507829919711043, 17.480523690909692 ], [ -93.507707689720377, 17.480596310343088 ], [ -93.507594860167572, 17.480668910577936 ], [ -93.507529259465713, 17.48078658016928 ], [ -93.507543949917093, 17.480848229968561 ], [ -93.507560548612474, 17.480917830169759 ], [ -93.507552049857793, 17.481055650408667 ], [ -93.5075928189747, 17.481173200667268 ], [ -93.507662489071038, 17.481211741161296 ], [ -93.507794120151644, 17.481219229768143 ], [ -93.507939139957841, 17.481204430512463 ], [ -93.508035569655547, 17.481198379837011 ], [ -93.508158079058404, 17.481159261221745 ], [ -93.508338998547202, 17.481146511083242 ], [ -93.508471339250917, 17.481142510228846 ], [ -93.508629019060933, 17.481116910308508 ], [ -93.508762780298511, 17.481089940593897 ], [ -93.508906379206437, 17.481098110809853 ], [ -93.509045718886554, 17.481175179603099 ], [ -93.50917885970118, 17.481261420998432 ], [ -93.509302599481501, 17.481293510910042 ], [ -93.509465879384479, 17.481371941037221 ], [ -93.509579859176384, 17.48147061992233 ], [ -93.50966991985733, 17.481567940075479 ], [ -93.50975854942277, 17.481688220969076 ], [ -93.50985002900039, 17.481762570499399 ], [ -93.509891519333053, 17.481868630117791 ], [ -93.509995659116314, 17.481932181253246 ], [ -93.510090688884446, 17.481949109891577 ], [ -93.510209649080082, 17.481967401299148 ], [ -93.510338450121353, 17.482020820102395 ], [ -93.510493290342623, 17.4820411500741 ], [ -93.51062243025946, 17.482161600152864 ], [ -93.510661308883186, 17.48223485120046 ], [ -93.510726649087687, 17.482378261263541 ], [ -93.510741569603283, 17.482493180383674 ], [ -93.510673228724244, 17.48262757964671 ], [ -93.510570419801724, 17.482736980081057 ], [ -93.510432398715579, 17.482832850438161 ], [ -93.510354220348603, 17.482932120502859 ], [ -93.51023800031858, 17.483063800299465 ], [ -93.510136309775518, 17.483161311304784 ], [ -93.509984939903617, 17.483229821031117 ], [ -93.50990991041067, 17.483347520657812 ], [ -93.509919478826873, 17.483401719689994 ], [ -93.509976088762656, 17.483437740524487 ], [ -93.510107878896591, 17.483410280754441 ], [ -93.510239579553883, 17.483355709602261 ], [ -93.510361860270393, 17.483292119936579 ], [ -93.510408879596611, 17.483264891078015 ], [ -93.510521769085997, 17.483219399750823 ], [ -93.510644048882639, 17.483155820692353 ], [ -93.510785169281846, 17.483101220028743 ], [ -93.510907460347397, 17.483046679824501 ], [ -93.511039179025531, 17.482992110874253 ], [ -93.511180510187103, 17.483009820015262 ], [ -93.511321379489402, 17.483021690157827 ], [ -93.511412149950146, 17.483107520494457 ], [ -93.511559909948687, 17.483242690411124 ], [ -93.511647139049259, 17.483385940208571 ], [ -93.511661138562602, 17.483548080799913 ], [ -93.511665309002311, 17.483675080142273 ], [ -93.511653259921772, 17.483870311114345 ], [ -93.511629600012995, 17.483963421041555 ], [ -93.51162152038755, 17.483995261310458 ], [ -93.511567979640105, 17.484084420197718 ], [ -93.51154963038681, 17.484187080541112 ], [ -93.511519319113873, 17.484289080600984 ], [ -93.511489550240043, 17.484389199927381 ], [ -93.511438950406273, 17.484491519827483 ], [ -93.511448749116454, 17.484627079559328 ], [ -93.511451459773951, 17.484639879893386 ], [ -93.511477399858933, 17.484762579947311 ], [ -93.511458939988941, 17.484898219949375 ], [ -93.511402749736661, 17.485015860536762 ], [ -93.511318260182478, 17.485115511189647 ], [ -93.511271549210704, 17.485169570976844 ], [ -93.511224369867151, 17.48522421959732 ], [ -93.511177478919493, 17.485296650125548 ], [ -93.511102459386848, 17.485414340475959 ], [ -93.511112260379406, 17.485549889726162 ], [ -93.511178508843372, 17.485667230417821 ], [ -93.511282398653833, 17.485766380982525 ], [ -93.511405049897519, 17.485838380587985 ], [ -93.511537018561526, 17.485874200401181 ], [ -93.511668998728595, 17.485919061004985 ], [ -93.511810420275651, 17.485963889936325 ], [ -93.511942349962169, 17.485990659674112 ], [ -93.512083738641564, 17.486026460700849 ], [ -93.512215679719816, 17.486053230841481 ], [ -93.512357050092859, 17.486079981258982 ], [ -93.512479578600278, 17.486115821025056 ], [ -93.512658220016078, 17.486070920072809 ], [ -93.512790549957145, 17.486066919916734 ], [ -93.512911649709352, 17.48605076995096 ], [ -93.513010219854195, 17.486010280380189 ], [ -93.513200970183689, 17.486032650841594 ], [ -93.513380480299574, 17.486042850919166 ], [ -93.513486750293609, 17.486071940228634 ], [ -93.513651459713756, 17.486127401289579 ], [ -93.51376088896204, 17.486230020220273 ], [ -93.513916059040326, 17.486315310604489 ], [ -93.514022350035205, 17.486344400722125 ], [ -93.514064540346936, 17.486438981089524 ], [ -93.514095479158399, 17.486521419690863 ], [ -93.514114140260673, 17.486601800875579 ], [ -93.514132719096452, 17.486696380407025 ], [ -93.514127049340075, 17.486788260049366 ], [ -93.514062949072795, 17.486853770368477 ], [ -93.513995318712048, 17.486976679534585 ], [ -93.513976279236999, 17.487090850599007 ], [ -93.513910060269879, 17.487190801280416 ], [ -93.513848600113079, 17.487278291165097 ], [ -93.51381422912921, 17.487381259752347 ], [ -93.513723369041216, 17.48749134075695 ], [ -93.513646619289119, 17.487567650372455 ], [ -93.513558769055763, 17.487628910445864 ], [ -93.513468420181795, 17.487779350484988 ], [ -93.513373348651598, 17.487860380371743 ], [ -93.513295688602852, 17.487951031251409 ], [ -93.513280630353321, 17.487969291179812 ], [ -93.513227549919677, 17.488033601298621 ], [ -93.513123510259533, 17.488114110363927 ], [ -93.513007829687126, 17.488237180397277 ], [ -93.512930179350093, 17.488327849825222 ], [ -93.512879460071815, 17.488420030461111 ], [ -93.512942818912848, 17.488414979751916 ], [ -93.513017278680678, 17.488376020953034 ], [ -93.513143460325509, 17.48837454000773 ], [ -93.513271249764841, 17.488347229684326 ], [ -93.513387919286643, 17.488353860653298 ], [ -93.513533648741699, 17.488327580871641 ], [ -93.513668818953917, 17.488326619533471 ], [ -93.513812949919398, 17.488326171092567 ], [ -93.513924120300032, 17.488315510890974 ], [ -93.51403053933555, 17.488335370694227 ], [ -93.514101170358416, 17.488472200487141 ], [ -93.514165520328774, 17.488596859663634 ], [ -93.514174950393851, 17.488735690036187 ], [ -93.514192308700018, 17.488892249771144 ], [ -93.514228689004483, 17.489032621242181 ], [ -93.514211738809763, 17.489161290172476 ], [ -93.51418687979114, 17.489272250805232 ], [ -93.514177309910082, 17.489427279947503 ], [ -93.514161979682171, 17.489455109732148 ], [ -93.514126570384192, 17.489519460003361 ], [ -93.514036229732056, 17.489669910422972 ], [ -93.514094279178067, 17.489750999618007 ], [ -93.514138420313543, 17.489853600255593 ], [ -93.514270428697259, 17.489907489649383 ], [ -93.514430488898853, 17.48999482997273 ], [ -93.514533940131059, 17.490069850493004 ], [ -93.51463108019739, 17.490101310973962 ], [ -93.514710229299226, 17.490140660546345 ], [ -93.514787849595777, 17.490188000442807 ], [ -93.514849619120412, 17.490208800993972 ], [ -93.514901859066882, 17.490237691055928 ], [ -93.514878598641189, 17.490322820292729 ], [ -93.514835779461109, 17.490432740465558 ], [ -93.514802479782944, 17.490534550629782 ], [ -93.514692119758138, 17.490571509716343 ], [ -93.514553769334682, 17.490624140103673 ], [ -93.514428649943952, 17.490608380511016 ], [ -93.514300619349271, 17.49059437055811 ], [ -93.514160970284181, 17.490567251055136 ], [ -93.514027398815927, 17.490542370411355 ], [ -93.513893309707328, 17.490526089614185 ], [ -93.513748629652184, 17.490535150927116 ], [ -93.513601829291147, 17.490578679745912 ], [ -93.513474579454922, 17.49059737012638 ], [ -93.513328319793246, 17.490632260205491 ], [ -93.513180000277728, 17.490687649828892 ], [ -93.513057719486397, 17.490751250136192 ], [ -93.51294487944233, 17.490814800573055 ], [ -93.512860228900422, 17.490860220208013 ], [ -93.51278499970276, 17.490905599786096 ], [ -93.512653309634871, 17.49096922059681 ], [ -93.512578110045382, 17.491023651150805 ], [ -93.512493779814619, 17.491186549775428 ], [ -93.512409319089755, 17.491295249665367 ], [ -93.512287049906632, 17.491358830206021 ], [ -93.512134739747026, 17.491437371280167 ], [ -93.511999029191557, 17.491446940962412 ], [ -93.511863218682265, 17.491368950771353 ], [ -93.511787779324692, 17.491342049572161 ], [ -93.511655769771082, 17.491288139708196 ], [ -93.511533140115404, 17.491225179679276 ], [ -93.511391770145394, 17.491198430373132 ], [ -93.51125977869809, 17.491153579624669 ], [ -93.511118379103266, 17.491117780793473 ], [ -93.511024090029139, 17.491081880274777 ], [ -93.510892049393945, 17.491018951158356 ], [ -93.510741139561389, 17.490947030893924 ], [ -93.510609120060707, 17.49089314125403 ], [ -93.510486479767252, 17.490821141231908 ], [ -93.510373258625904, 17.490758150508217 ], [ -93.510241218598992, 17.490695220851329 ], [ -93.510071479871286, 17.490623349628894 ], [ -93.509958340268525, 17.490587480607232 ], [ -93.509864048657604, 17.490551570155699 ], [ -93.509807488638586, 17.490533630701858 ], [ -93.509703768768844, 17.490497750529954 ], [ -93.509581229452351, 17.490461909597389 ], [ -93.509439859211668, 17.490435151157115 ], [ -93.50929856974723, 17.490435519984548 ], [ -93.509166829882034, 17.490481050616648 ], [ -93.50906347935539, 17.490571710435614 ], [ -93.509016720031539, 17.490698370713549 ], [ -93.508979458825593, 17.490843079901779 ], [ -93.508960888838772, 17.490942549930068 ], [ -93.508942348990729, 17.491051060222251 ], [ -93.50892396886357, 17.491213819884891 ], [ -93.508905459112853, 17.491331370476164 ], [ -93.508896419257624, 17.491466970210833 ], [ -93.50889679960801, 17.49160255005172 ], [ -93.508887750215919, 17.491738151117531 ], [ -93.508888118610898, 17.491873741202856 ], [ -93.508869678573163, 17.492009371180345 ], [ -93.508804059950918, 17.492127050067481 ], [ -93.508710138801121, 17.492226711028628 ], [ -93.508625679992051, 17.49233538032372 ], [ -93.508541180173822, 17.492435030432489 ], [ -93.508466089798333, 17.4925346509519 ], [ -93.508391050233385, 17.492643311096725 ], [ -93.508193769994577, 17.492833631130836 ], [ -93.508109289058396, 17.492942309893341 ], [ -93.507996519982328, 17.493032980422608 ], [ -93.507902570065838, 17.493123620804969 ], [ -93.507817919112313, 17.493232479883968 ], [ -93.507714770199854, 17.493331981225722 ], [ -93.50765857915151, 17.493449649577947 ], [ -93.507687218711197, 17.493585150385705 ], [ -93.507828599938506, 17.493620940613226 ], [ -93.507969818843847, 17.493593460484721 ], [ -93.50810157903598, 17.493556970206566 ], [ -93.508242829152451, 17.493538541041247 ], [ -93.508384140209742, 17.49354722007179 ], [ -93.508525429222956, 17.493546850089071 ], [ -93.50866668929865, 17.493537450615381 ], [ -93.508807909830765, 17.493509969805817 ], [ -93.508949169849316, 17.493500570065734 ], [ -93.509090490200123, 17.493509250766444 ], [ -93.509222378935263, 17.49351795063771 ], [ -93.509363769892147, 17.493553739943643 ], [ -93.509477029503813, 17.493634800095613 ], [ -93.509562079159622, 17.493734000122114 ], [ -93.50959499997488, 17.493807179992913 ], [ -93.509618949697042, 17.493860400322674 ], [ -93.509628749941356, 17.493995949811843 ], [ -93.509610220262005, 17.494104481234171 ], [ -93.509563540362464, 17.494258250069525 ], [ -93.509507380065799, 17.49438493965236 ], [ -93.509451219554066, 17.49451163104537 ], [ -93.509404398848119, 17.494611171286216 ], [ -93.509338779442743, 17.494728850928027 ], [ -93.50926381876495, 17.494864630393856 ], [ -93.509207600014349, 17.494973230462303 ], [ -93.509141969555927, 17.495081860024438 ], [ -93.509076379876802, 17.495208579958266 ], [ -93.50902013939718, 17.495308151062893 ], [ -93.508945229000147, 17.495471051012366 ], [ -93.508870258687438, 17.495606820897589 ], [ -93.508795259949821, 17.495733550562001 ], [ -93.508729689739724, 17.495869290322723 ], [ -93.508673458904411, 17.49596888008929 ], [ -93.508589019070826, 17.496086580826695 ], [ -93.508495090188859, 17.496186260148136 ], [ -93.508391650183682, 17.496249799712867 ], [ -93.508269368880036, 17.496313380788646 ], [ -93.508137719732829, 17.496395060080093 ], [ -93.507987169735898, 17.496449679665922 ], [ -93.507883749884371, 17.496522260510361 ], [ -93.507630029722748, 17.496677260437249 ], [ -93.507517258772481, 17.496765250270752 ], [ -93.50741814974532, 17.496776780690201 ], [ -93.507342168699765, 17.496703800537365 ], [ -93.507358478891916, 17.496584570618229 ], [ -93.507371619108994, 17.496516649584013 ], [ -93.507403110353806, 17.496441200940414 ], [ -93.507435659972899, 17.49634865126 ], [ -93.507465290205033, 17.496248940674199 ], [ -93.507480829607033, 17.496196720756512 ], [ -93.507533850109965, 17.49606241986487 ], [ -93.507576370195366, 17.495953250836223 ], [ -93.507580138834157, 17.495747479717117 ], [ -93.507599618549492, 17.495576941175472 ], [ -93.50760337896962, 17.495371149809543 ], [ -93.507621280374366, 17.495226279709165 ], [ -93.507540079591365, 17.49509290965711 ], [ -93.507477229246675, 17.494952021004462 ], [ -93.5074227701366, 17.494820170407966 ], [ -93.507366179936852, 17.494722540898522 ], [ -93.507312778765822, 17.494573600148833 ], [ -93.507222658783789, 17.494439720814135 ], [ -93.507135719795883, 17.494254540647749 ], [ -93.507035629620063, 17.494137280570911 ], [ -93.506898849181809, 17.494035079753282 ], [ -93.506788778612432, 17.493934420150634 ], [ -93.506657739837138, 17.493884051060338 ], [ -93.506542400069833, 17.493868890174465 ], [ -93.506430150160085, 17.493827719709323 ], [ -93.506376230084783, 17.493807950504578 ], [ -93.50626662910409, 17.493844630245597 ], [ -93.506133849931075, 17.493887400491882 ], [ -93.506044798530581, 17.493960741105251 ], [ -93.505968738802693, 17.494033660517147 ], [ -93.505880059667874, 17.494165940542128 ], [ -93.505801368783651, 17.494281620439072 ], [ -93.505840650171351, 17.494369679648923 ], [ -93.505895110135938, 17.494501520004594 ], [ -93.505933319236703, 17.494606690275564 ], [ -93.505960518536284, 17.494745571021404 ], [ -93.505971478945, 17.49485776970786 ], [ -93.505919519616256, 17.494974970799031 ], [ -93.505899509437469, 17.495154061301882 ], [ -93.505647829482896, 17.495174079566436 ], [ -93.50551307956593, 17.495183569787773 ], [ -93.505386719288197, 17.495202119703741 ], [ -93.505278709412408, 17.495213151193578 ], [ -93.505178550265924, 17.495241779713574 ], [ -93.505103020102183, 17.495306141184621 ], [ -93.505054749772086, 17.495363480455477 ], [ -93.505026250067075, 17.495405370040803 ], [ -93.505015399897573, 17.495421320092731 ], [ -93.505035279423723, 17.4955340301759 ], [ -93.505090780088238, 17.495648750973817 ], [ -93.505135818668606, 17.495788650897332 ], [ -93.505175088781172, 17.495876709865485 ], [ -93.505239520398447, 17.495991949722697 ], [ -93.505320199387569, 17.496133859591364 ], [ -93.505356830396593, 17.496264689638 ], [ -93.505368478650027, 17.496429249769445 ], [ -93.505417049231525, 17.496514139602464 ], [ -93.505425278755737, 17.496528539639957 ], [ -93.505453939286639, 17.496673079688545 ], [ -93.505463718598307, 17.49680863093921 ], [ -93.50546405018703, 17.496926141212846 ], [ -93.505464518837087, 17.497097880281764 ], [ -93.505455479084077, 17.49723347954594 ], [ -93.505427569239984, 17.497360090641873 ], [ -93.50535254009398, 17.49747778062477 ], [ -93.505230180227898, 17.497514260800454 ], [ -93.505135969661495, 17.497505460454256 ], [ -93.504994549373578, 17.497460630381632 ], [ -93.504909679176862, 17.497424689704292 ], [ -93.504768259602983, 17.497379850404119 ], [ -93.504636288853106, 17.497344029753485 ], [ -93.504494970150716, 17.497335350517272 ], [ -93.504468549918059, 17.497370751043796 ], [ -93.504419139307004, 17.497437000765238 ], [ -93.504399380293009, 17.497531650159264 ], [ -93.504476429999286, 17.497596541167059 ], [ -93.504580768629069, 17.49770571998517 ], [ -93.504627889358986, 17.497769380238719 ], [ -93.504693320401643, 17.497844310447203 ], [ -93.504729979445827, 17.497911680156001 ], [ -93.504846400227962, 17.49800971084861 ], [ -93.504950048955578, 17.498093949986917 ], [ -93.505013019729574, 17.4981758797671 ], [ -93.505101509984982, 17.498285371136614 ], [ -93.505216310216468, 17.498409420638978 ], [ -93.505308450392604, 17.498562549711483 ], [ -93.505362940046396, 17.498678909607676 ], [ -93.505414520010206, 17.498747291154373 ], [ -93.505476120200711, 17.498828970834811 ], [ -93.505525539751019, 17.49891012034254 ], [ -93.505560600303639, 17.499003521143234 ], [ -93.505568518852712, 17.499095370337226 ], [ -93.505603579481786, 17.499188771157169 ], [ -93.505625879040807, 17.499268381176005 ], [ -93.505672078614637, 17.499401580972258 ], [ -93.505716659107478, 17.499560799984533 ], [ -93.505774879675371, 17.499645279704104 ], [ -93.505791579395392, 17.499669520818724 ], [ -93.505880080184411, 17.499779019755302 ], [ -93.505994879161335, 17.499903059740404 ], [ -93.506149548543519, 17.500042431018155 ], [ -93.506278720242179, 17.50015425098421 ], [ -93.506488429244925, 17.500283690465182 ], [ -93.506657478784561, 17.500410820086547 ], [ -93.506705229208904, 17.500445449972688 ], [ -93.506813770374819, 17.500524169845843 ], [ -93.506917419540187, 17.50060842049977 ], [ -93.507008319951552, 17.500678861169423 ], [ -93.507114379045177, 17.50072407993477 ], [ -93.507226980371811, 17.50085352080448 ], [ -93.507368379780402, 17.500889319766355 ], [ -93.507500378962732, 17.500934180104519 ], [ -93.507594859647824, 17.50103337028553 ], [ -93.507651719572593, 17.501159750404614 ], [ -93.507642678601968, 17.501295370471883 ], [ -93.50755819955593, 17.501404050911386 ], [ -93.507416978862111, 17.501431520512423 ], [ -93.507342949088667, 17.501426979725096 ], [ -93.507275659101225, 17.501422851274924 ], [ -93.50714368957297, 17.501387031109463 ], [ -93.50701165936286, 17.501333140837698 ], [ -93.50687962860232, 17.501279230503982 ], [ -93.506747628622605, 17.501234380414978 ], [ -93.506624969519578, 17.501162380730285 ], [ -93.50650233999481, 17.501099430377518 ], [ -93.506370338987793, 17.501054570842275 ], [ -93.506228999759159, 17.501036849928553 ], [ -93.506087720316316, 17.501046250183958 ], [ -93.505946480224907, 17.501064691244444 ], [ -93.505814749637921, 17.501119259613052 ], [ -93.505692449782543, 17.501173799662933 ], [ -93.50557021898895, 17.501255459660911 ], [ -93.50544789018862, 17.501300970046387 ], [ -93.505306579169869, 17.501301320033431 ], [ -93.50516519867378, 17.501265520165717 ], [ -93.505033169243546, 17.501211629961215 ], [ -93.50487116867302, 17.501131780105986 ], [ -93.504749940412353, 17.501111829630482 ], [ -93.504644659963574, 17.501053621269282 ], [ -93.504533379245999, 17.501014050305827 ], [ -93.504401510067368, 17.501014380963479 ], [ -93.504260260382836, 17.501032819894608 ], [ -93.50411894896753, 17.501033179582304 ], [ -93.503977710394111, 17.501051620692898 ], [ -93.503864909525149, 17.501133251179255 ], [ -93.503752089165516, 17.501214889541547 ], [ -93.503614019079762, 17.501216921277749 ], [ -93.503488538692423, 17.501287860710551 ], [ -93.503347249015277, 17.501288229972296 ], [ -93.503280980351803, 17.501170890646051 ], [ -93.503348448562818, 17.501110420479627 ], [ -93.503409920332459, 17.500996399575207 ], [ -93.503468978722509, 17.500921421111446 ], [ -93.503596650041956, 17.500837281013368 ], [ -93.503712369255865, 17.500726351020631 ], [ -93.503851979706042, 17.500669019727219 ], [ -93.503964490182057, 17.500610120714633 ], [ -93.504089739737125, 17.500565031259796 ], [ -93.504201430334987, 17.500519150176558 ], [ -93.504368168864843, 17.500463349587335 ], [ -93.504474979448901, 17.500336291315254 ], [ -93.504597279462743, 17.50027271005094 ], [ -93.504719519728724, 17.500200081179077 ], [ -93.504794549689123, 17.500082380039764 ], [ -93.504860278975556, 17.500000880057041 ], [ -93.504803319039326, 17.49984735005307 ], [ -93.504746459627682, 17.49972095087843 ], [ -93.504661379634129, 17.499612710329668 ], [ -93.504529350106964, 17.499558819724232 ], [ -93.504320020014475, 17.499481321223591 ], [ -93.504179579327925, 17.499551681096815 ], [ -93.504067890176771, 17.499597551264824 ], [ -93.503968949445621, 17.499657200739641 ], [ -93.503872429833251, 17.499677829966373 ], [ -93.503747169623367, 17.499722920333255 ], [ -93.503639510304367, 17.499703741156477 ], [ -93.503532628848816, 17.499671550492621 ], [ -93.503412199270244, 17.49963857962252 ], [ -93.503319690285963, 17.499594140258523 ], [ -93.503201679015845, 17.499522139820037 ], [ -93.503042180165735, 17.499460830021818 ], [ -93.502880650157167, 17.499463571321819 ], [ -93.502739309028911, 17.499445850549673 ], [ -93.502588539546124, 17.499428150548084 ], [ -93.502521279746531, 17.499522580062042 ], [ -93.50248771855415, 17.49962514055672 ], [ -93.502478078809432, 17.499781260083452 ], [ -93.502491519145082, 17.500004000794714 ], [ -93.502488179893831, 17.500278020143874 ], [ -93.502492908967426, 17.500421920120573 ], [ -93.502431488735965, 17.500549350396433 ], [ -93.502413029892651, 17.500684980932551 ], [ -93.502356859721431, 17.50081168003366 ], [ -93.502310109656875, 17.500938339681088 ], [ -93.502263349994863, 17.501065000610001 ], [ -93.502235458755749, 17.501200650107343 ], [ -93.502169849435191, 17.501318319967869 ], [ -93.502151378951154, 17.501453950006486 ], [ -93.502104629689967, 17.501580620658203 ], [ -93.502067310116942, 17.501707250609162 ], [ -93.502029999509105, 17.501842919817165 ], [ -93.501906618800561, 17.501981520945773 ], [ -93.501832378707121, 17.502081749903802 ], [ -93.501770089531803, 17.502208779685546 ], [ -93.501767539488654, 17.502313619956201 ], [ -93.501612309131389, 17.502566459706475 ], [ -93.501580118820357, 17.502675630143791 ], [ -93.501571079286506, 17.502811250620308 ], [ -93.50159029026284, 17.502946770389901 ], [ -93.501609509450034, 17.503082310566409 ], [ -93.5017133701798, 17.503172429956901 ], [ -93.501786198867279, 17.503215179961991 ], [ -93.501836028727624, 17.503244430309728 ], [ -93.50194926006877, 17.50331646056085 ], [ -93.502071918868538, 17.503388460737796 ], [ -93.502185199846863, 17.503478551225186 ], [ -93.50227967999308, 17.503577750712669 ], [ -93.502336538844133, 17.503704149848495 ], [ -93.502337288901984, 17.50397530992095 ], [ -93.502309378693283, 17.504101920292374 ], [ -93.502290909853002, 17.504237551095255 ], [ -93.502281859095405, 17.504373149577582 ], [ -93.502244549187282, 17.504508830383067 ], [ -93.502207229602021, 17.504635480947876 ], [ -93.502169920218336, 17.504771150971425 ], [ -93.502151429059992, 17.504897740071726 ], [ -93.502114118881039, 17.505033420965287 ], [ -93.502095649834999, 17.505169050154301 ], [ -93.502058319880248, 17.505295680338229 ], [ -93.502039848752446, 17.505431311277587 ], [ -93.502012709707884, 17.505838121077556 ], [ -93.502013079109815, 17.505973711243538 ], [ -93.502032289847477, 17.50610924972209 ], [ -93.502107969116082, 17.506226550494915 ], [ -93.502174229813789, 17.506343890811735 ], [ -93.502249889768052, 17.506452169753679 ], [ -93.502316179218028, 17.506578539610789 ], [ -93.502354219386959, 17.506704979686514 ], [ -93.50235457961584, 17.506840571319657 ], [ -93.502345540029964, 17.506976171046077 ], [ -93.502308599956024, 17.507247430296189 ], [ -93.502261849652186, 17.507374089613347 ], [ -93.502224538910554, 17.507509771103745 ], [ -93.502168370209475, 17.507636460990181 ], [ -93.502112169804349, 17.507754110268419 ], [ -93.502037139676276, 17.507871801089134 ], [ -93.501980939062847, 17.507989450365034 ], [ -93.501915339744471, 17.508116150193551 ], [ -93.501849719332995, 17.508233820864692 ], [ -93.501793549991149, 17.50836051076557 ], [ -93.501718519371479, 17.508478199743276 ], [ -93.501643448752588, 17.508586860279422 ], [ -93.501568419649672, 17.508704551137868 ], [ -93.501483938778151, 17.508813229936692 ], [ -93.501408888734673, 17.508930919582962 ], [ -93.501362138799294, 17.509057580890971 ], [ -93.501268628824008, 17.509310910225192 ], [ -93.501221878742058, 17.50943756976681 ], [ -93.501165710210969, 17.509564259797113 ], [ -93.501100108721985, 17.509690970429432 ], [ -93.501062778616188, 17.509817599637913 ], [ -93.501006600271651, 17.509944290958757 ], [ -93.500997549753137, 17.510079890781327 ], [ -93.500979090321351, 17.510215519830087 ], [ -93.500970018843304, 17.510342090525207 ], [ -93.500960970142771, 17.510477690543972 ], [ -93.500942489828958, 17.510613320306195 ], [ -93.500876910306829, 17.510740030546078 ], [ -93.500811279025015, 17.510857689925313 ], [ -93.50071734935625, 17.510957369514824 ], [ -93.500623430178678, 17.511057029753729 ], [ -93.500529490072623, 17.511156690577099 ], [ -93.500426138983372, 17.511256380411922 ], [ -93.500322769421359, 17.51134703027185 ], [ -93.500190979075214, 17.511383510542661 ], [ -93.50004963025674, 17.511365779867329 ], [ -93.499917600325077, 17.511311890061744 ], [ -93.499804350084716, 17.511239860154422 ], [ -93.499700459812942, 17.511140710595132 ], [ -93.499629449075755, 17.511104230432839 ], [ -93.499577829105036, 17.511077741083017 ], [ -93.499445820449424, 17.511032880085708 ], [ -93.499304569552734, 17.511051309769844 ], [ -93.499210630375472, 17.511150969870378 ], [ -93.499182748565673, 17.511286630992526 ], [ -93.499145420022998, 17.511413260278271 ], [ -93.49916461929503, 17.511548799838927 ], [ -93.499230889557623, 17.511666141249655 ], [ -93.499325350093031, 17.511765320941478 ], [ -93.499457379000589, 17.51181923115513 ], [ -93.499559078684115, 17.511878910931483 ], [ -93.499580049938814, 17.511891231127318 ], [ -93.499702709724843, 17.511963230365353 ], [ -93.499815949784633, 17.512035250775835 ], [ -93.4999198288114, 17.512125380744543 ], [ -93.500014319742135, 17.512233600653985 ], [ -93.500071168856451, 17.512350970213291 ], [ -93.500156278724774, 17.512468259684788 ], [ -93.500231938578352, 17.512576540664181 ], [ -93.500514540348405, 17.512575820510598 ], [ -93.500655798846012, 17.512557380936745 ], [ -93.500787549166631, 17.512511860765162 ], [ -93.500843383518017, 17.512478704476116 ], [ -93.500909820112753, 17.512439250809003 ], [ -93.501011559849786, 17.512419453718067 ], [ -93.501051048765447, 17.512411770287223 ], [ -93.50119242967537, 17.51243852078224 ], [ -93.501305679748725, 17.512510549676993 ], [ -93.501381350079967, 17.51262786046701 ], [ -93.501391148852065, 17.512763420541894 ], [ -93.501382109250102, 17.512899030696904 ], [ -93.501354178873939, 17.513025650860303 ], [ -93.501288599250657, 17.513152350974444 ], [ -93.501204078802971, 17.513251980394202 ], [ -93.50110073923193, 17.513351680818086 ], [ -93.500978448651736, 17.513415260110587 ], [ -93.500837139330031, 17.513415621167081 ], [ -93.500714859957455, 17.513488230755708 ], [ -93.500639829379665, 17.513605920427732 ], [ -93.500614701013731, 17.513645336991555 ], [ -93.500599325502151, 17.513669447679494 ], [ -93.500564779202776, 17.51372361983897 ], [ -93.500470859349264, 17.513823289575505 ], [ -93.500348540221609, 17.513877829713287 ], [ -93.500207340078276, 17.513914341221213 ], [ -93.500066029031331, 17.513914690618194 ], [ -93.500010544507447, 17.513911286467376 ], [ -93.49997151978998, 17.513908892714081 ], [ -93.499924688947033, 17.513906021034384 ], [ -93.499792909874728, 17.513942491037795 ], [ -93.499651658571082, 17.513960941198459 ], [ -93.499510399055865, 17.513979370847323 ], [ -93.49938810962108, 17.514042939993409 ], [ -93.499284749785218, 17.514142631008866 ], [ -93.499247418681435, 17.514269260825234 ], [ -93.499251077152095, 17.514295068858701 ], [ -93.499259516955661, 17.514354612890674 ], [ -93.499266629844968, 17.514404799866266 ], [ -93.499370509090042, 17.514494919647273 ], [ -93.49945558006965, 17.514603179619389 ], [ -93.49952185028269, 17.514720519596633 ], [ -93.499588109216319, 17.514837860729518 ], [ -93.499626169542609, 17.514973339742472 ], [ -93.499654799808681, 17.515108850319677 ], [ -93.499673979937157, 17.515235350575711 ], [ -93.499683769692382, 17.515370910932539 ], [ -93.499702978906143, 17.515506430112325 ], [ -93.499703349929973, 17.515642020913702 ], [ -93.499722569924174, 17.515777549815223 ], [ -93.499732350364937, 17.515913109757996 ], [ -93.49978922911771, 17.516039509858516 ], [ -93.499875229098308, 17.51629709123916 ], [ -93.499908429918577, 17.516445290140531 ], [ -93.49998239957992, 17.516620200636215 ], [ -93.500012089578675, 17.516825051209526 ], [ -93.500016509088567, 17.517028510231842 ], [ -93.50002134890147, 17.517223861257943 ], [ -93.499984000023744, 17.517416799630762 ], [ -93.49993126013571, 17.517584480313076 ], [ -93.499889940163015, 17.517704030045461 ], [ -93.499828739098547, 17.517871230885255 ], [ -93.499782458983006, 17.517933599575802 ], [ -93.499677599482226, 17.517984521065202 ], [ -93.499601079539687, 17.517988311003094 ], [ -93.499449028957244, 17.517979650490041 ], [ -93.499279600385449, 17.517839969766264 ], [ -93.499178400407985, 17.517557860914646 ], [ -93.499163119864619, 17.517256260801396 ], [ -93.499137448835199, 17.516986600824872 ], [ -93.499067539192268, 17.516608720743477 ], [ -93.498899170052525, 17.516452859676352 ], [ -93.498679519718891, 17.516440351037382 ], [ -93.498560679612183, 17.516579860408552 ], [ -93.498521818782947, 17.516797090095082 ], [ -93.498539910410429, 17.516908993797667 ], [ -93.498549377814712, 17.516967555715439 ], [ -93.498570889923684, 17.517100619627215 ], [ -93.498687770070134, 17.51740514098104 ], [ -93.498779449393524, 17.517610599959582 ], [ -93.498881888896392, 17.517854230541207 ], [ -93.498970488699854, 17.518109549933559 ], [ -93.499094400327067, 17.51832310970882 ], [ -93.499287889073884, 17.518465550954396 ], [ -93.499454369394527, 17.518611759430453 ], [ -93.499485979330927, 17.518639520202093 ], [ -93.499602404364111, 17.518784116023969 ], [ -93.499649679538308, 17.518842830130218 ], [ -93.499752608941662, 17.519000933807508 ], [ -93.499780828670083, 17.519044280383145 ], [ -93.499784950374035, 17.519188421209051 ], [ -93.499784822593597, 17.519188794104451 ], [ -93.499745089662909, 17.519305050993914 ], [ -93.499703379530231, 17.519346480999843 ], [ -93.499550339799157, 17.519394091103266 ], [ -93.499503699525931, 17.519396833207839 ], [ -93.499334140250809, 17.519406800743734 ], [ -93.499261708643502, 17.519421383923675 ], [ -93.499115999006051, 17.51945072013519 ], [ -93.498957489632332, 17.519479619792747 ], [ -93.498798690158338, 17.519528400172529 ], [ -93.498660179643451, 17.519573520146078 ], [ -93.498541458632701, 17.519624549731994 ], [ -93.498412119031386, 17.519684659899731 ], [ -93.49829013902594, 17.519788510406517 ], [ -93.498148949281301, 17.519876829542465 ], [ -93.498023148934593, 17.51996122026242 ], [ -93.49793705860661, 17.520052660506586 ], [ -93.497922488690634, 17.520067419655511 ], [ -93.497824480186438, 17.520166680725694 ], [ -93.497737849212882, 17.520267741032225 ], [ -93.497653780232724, 17.520407511061265 ], [ -93.497569479230393, 17.520605229533984 ], [ -93.497551379795652, 17.520636109700494 ], [ -93.497445289282254, 17.520817051008141 ], [ -93.49734825943635, 17.520989051073929 ], [ -93.497273338923407, 17.52110311023679 ], [ -93.4972038290325, 17.521229290004115 ], [ -93.497169379808284, 17.521387080037801 ], [ -93.497124480177902, 17.521514659559518 ], [ -93.497128369752389, 17.521650950111727 ], [ -93.497153629068933, 17.521741169683349 ], [ -93.497212199730598, 17.521791851142321 ], [ -93.497469739776378, 17.521818320910011 ], [ -93.497637249663313, 17.521804200595589 ], [ -93.497800449211866, 17.521760230095037 ], [ -93.498035259111333, 17.521655309630486 ], [ -93.498104259409047, 17.521645431220868 ], [ -93.498271848721259, 17.52162145017952 ], [ -93.498462879477501, 17.521626400582367 ], [ -93.498628549157459, 17.521641749965585 ], [ -93.498741370407103, 17.521713250256656 ], [ -93.498811550042475, 17.521776400916 ], [ -93.498886689060697, 17.521857600626568 ], [ -93.498885969108827, 17.521969971089451 ], [ -93.498866710289619, 17.522081280588743 ], [ -93.498806919162135, 17.522249460637831 ], [ -93.498698339436842, 17.522408941142366 ], [ -93.498610738658755, 17.522528170098646 ], [ -93.498472148703499, 17.522674091261269 ], [ -93.49826659979199, 17.522804379887365 ], [ -93.498164519190979, 17.52285777102432 ], [ -93.497940219206285, 17.522892321260183 ], [ -93.497693909822317, 17.522884180807058 ], [ -93.497385028587999, 17.522789711220373 ], [ -93.497116598937879, 17.522738911098042 ], [ -93.49688008030418, 17.522672220835112 ], [ -93.496691619518401, 17.522625950653556 ], [ -93.496409149554779, 17.52250340030869 ], [ -93.496126648955126, 17.522481379866964 ], [ -93.495938479013049, 17.522529801015065 ], [ -93.495763020063279, 17.522573080405973 ], [ -93.495677579906129, 17.522656949881341 ], [ -93.49561682861318, 17.522728970211514 ], [ -93.495599229307771, 17.522825460462119 ], [ -93.495510178659401, 17.52331378079537 ], [ -93.495440820207506, 17.52419798134715 ], [ -93.495426978675326, 17.524354950725154 ], [ -93.495391378598839, 17.524759050516426 ], [ -93.495359968981873, 17.525180259981795 ], [ -93.495339079096595, 17.525460401279325 ], [ -93.495296662539758, 17.525714176112725 ], [ -93.495282750427194, 17.525797420480252 ], [ -93.495226320254929, 17.526101710038869 ], [ -93.495185613734805, 17.526453276798115 ], [ -93.495140348775749, 17.526844200245669 ], [ -93.495050010775685, 17.527074191484498 ], [ -93.494948688788767, 17.527332140922415 ], [ -93.494926819098325, 17.527387820229158 ], [ -93.494922579771682, 17.527520450353425 ], [ -93.494918881686687, 17.527636025124743 ], [ -93.494908339492895, 17.527965488417937 ], [ -93.494905399951037, 17.5280573707889 ], [ -93.494902533435123, 17.528103661474752 ], [ -93.494879703300441, 17.528472490299727 ], [ -93.494871118748719, 17.528611149698207 ], [ -93.494750079243687, 17.529275019799826 ], [ -93.494719339960724, 17.529771551324586 ], [ -93.494655889073869, 17.530151219673989 ], [ -93.494610379461491, 17.530324399927686 ], [ -93.494522379441662, 17.530659290039829 ], [ -93.494325779191726, 17.531145619635527 ], [ -93.494281140074094, 17.531256091237012 ], [ -93.494102740044198, 17.531614580806352 ], [ -93.493854660295895, 17.531934520915534 ], [ -93.493470518605321, 17.532315829680261 ], [ -93.493384719562101, 17.53239306045576 ], [ -93.493025149871954, 17.532716690247568 ], [ -93.492738278890798, 17.5330804808385 ], [ -93.492472910084473, 17.533450290208666 ], [ -93.492310750432253, 17.533667450147583 ], [ -93.492127630000027, 17.533799580400046 ], [ -93.491970648657585, 17.533933199883645 ], [ -93.491839819545021, 17.53406828046035 ], [ -93.491647428618705, 17.534208280411956 ], [ -93.491542798838523, 17.534344850091177 ], [ -93.491471659140771, 17.534394170169477 ], [ -93.49144224907343, 17.534414570147764 ], [ -93.491258080264444, 17.534563420348466 ], [ -93.49101341897088, 17.534700430202779 ], [ -93.490847750027839, 17.534833521170871 ], [ -93.490726689890167, 17.534952420747132 ], [ -93.490626430023113, 17.535129051354509 ], [ -93.490510060002507, 17.53548449039689 ], [ -93.49041762972513, 17.535638310972061 ], [ -93.49029967953237, 17.535834570107802 ], [ -93.48946274967912, 17.537438079653199 ], [ -93.489336179181151, 17.537680581097426 ], [ -93.489305419291142, 17.537764660704983 ], [ -93.48910902937736, 17.538301279518446 ], [ -93.488632379132667, 17.539903461160417 ], [ -93.48844339928084, 17.541431539827933 ], [ -93.488160368632975, 17.542954259503137 ], [ -93.48771162878225, 17.544105450911882 ], [ -93.487080419694749, 17.54515572016463 ], [ -93.486338398951332, 17.54647123005352 ], [ -93.485601950050253, 17.547696550557578 ], [ -93.485081509564495, 17.548481570068081 ], [ -93.484145820099315, 17.549876549941189 ], [ -93.483437279604672, 17.550650849675201 ], [ -93.482634719240878, 17.551419770445012 ], [ -93.482296678525984, 17.551600031143249 ], [ -93.481561228759134, 17.551992199751517 ], [ -93.480598538818356, 17.552299370713502 ], [ -93.479641450206643, 17.552516340155663 ], [ -93.47868994006997, 17.552643081327659 ], [ -93.477627598641774, 17.553035081233272 ], [ -93.476852969935393, 17.55335295121737 ], [ -93.475707778730026, 17.553559149644659 ], [ -93.474009599814607, 17.553552740438402 ], [ -93.47297524993833, 17.553493679591213 ], [ -93.471769618894569, 17.553153260988637 ], [ -93.471285819401118, 17.553040019515013 ], [ -93.470746459672341, 17.552913770461263 ], [ -93.468810978792277, 17.552169549535868 ], [ -93.466897938992204, 17.551064490657307 ], [ -93.465090149361444, 17.549784379649978 ], [ -93.463829769605923, 17.548807121226194 ], [ -93.462552579629971, 17.548100450126476 ], [ -93.461375060241934, 17.54730893962023 ], [ -93.46038559940709, 17.546528180352233 ], [ -93.458649538772761, 17.545614180035702 ], [ -93.45724474006532, 17.545443311214058 ], [ -93.455928368702715, 17.545367980299829 ], [ -93.454305459976126, 17.545599971104515 ], [ -93.454119429810078, 17.545626571028482 ], [ -93.453256369309088, 17.545848741029548 ], [ -93.452398909901859, 17.545980689833574 ], [ -93.452099978735234, 17.546235149651544 ], [ -93.451707049425607, 17.546484229846055 ], [ -93.451385690239533, 17.547099490292329 ], [ -93.451163968710517, 17.547629941250321 ], [ -93.45111345881871, 17.548441750641395 ], [ -93.450957709573458, 17.549428580690151 ], [ -93.450862309309287, 17.550962020192287 ], [ -93.450678489504057, 17.552399879788386 ], [ -93.450765540396461, 17.554034290967966 ], [ -93.450835750293621, 17.555939311124707 ], [ -93.450734739616308, 17.557562970871647 ], [ -93.450760059518899, 17.560189630388511 ], [ -93.450625369309108, 17.562354520770587 ], [ -93.4502029393594, 17.564593460783435 ], [ -93.449996650392308, 17.566392170520327 ], [ -93.449496979678685, 17.568355140843167 ], [ -93.449019769364796, 17.569957280956292 ], [ -93.448961679700162, 17.570463830354949 ], [ -93.448813459101245, 17.571755999926243 ], [ -93.448487829216731, 17.576987919643106 ], [ -93.448391258800442, 17.577704949885312 ], [ -93.448136919582737, 17.579593119600549 ], [ -93.447969879079082, 17.580760430757735 ], [ -93.447586659540363, 17.582367981292929 ], [ -93.446893179100897, 17.584410431303152 ], [ -93.446355540347696, 17.585465980932838 ], [ -93.44594562024399, 17.585985690200246 ], [ -93.445247918751875, 17.586579430588081 ], [ -93.444473030088403, 17.586897150869728 ], [ -93.443991519064127, 17.587050630115879 ], [ -93.442757569121738, 17.587161000139417 ], [ -93.441811418764559, 17.587197320130429 ], [ -93.441053349907946, 17.587244421286023 ], [ -93.440300918931584, 17.587201290708794 ], [ -93.439072598996489, 17.587221420281264 ], [ -93.43783864978154, 17.587331741048747 ], [ -93.435205120126952, 17.587180751042158 ], [ -93.432754088681293, 17.587130710402104 ], [ -93.43067365033636, 17.587192420338823 ], [ -93.42906347997544, 17.587281090386526 ], [ -93.428475999335305, 17.587309780544313 ], [ -93.427359249997167, 17.587364340940955 ], [ -93.42496285875626, 17.587951020142029 ], [ -93.423130779223627, 17.588570060039661 ], [ -93.422162080190631, 17.588967080860648 ], [ -93.420489908681631, 17.590047941185507 ], [ -93.419553260291437, 17.591442619815059 ], [ -93.418827260155609, 17.592487280938837 ], [ -93.418178400090824, 17.593807970131255 ], [ -93.417606678976156, 17.59540468120003 ], [ -93.416952139248494, 17.596815570995322 ], [ -93.416308880106612, 17.598046050196164 ], [ -93.416053119605508, 17.599117739792565 ], [ -93.415370370220771, 17.600979679922855 ], [ -93.414510750321838, 17.602650379848871 ], [ -93.413705710431017, 17.604957950439207 ], [ -93.413239630331759, 17.607273350058875 ], [ -93.413021109919271, 17.608358880092862 ], [ -93.412481310061978, 17.610953320075737 ], [ -93.411779720405889, 17.61462489011657 ], [ -93.41107992011888, 17.616757479819789 ], [ -93.409599289960454, 17.619297860385242 ], [ -93.408585199749439, 17.620416509740615 ], [ -93.407670800238364, 17.621450339976683 ], [ -93.406485450330706, 17.622287510084128 ], [ -93.405599249682339, 17.62287027997472 ], [ -93.40410339971055, 17.624142260072201 ], [ -93.402652709833418, 17.624692539792697 ], [ -93.401683680361444, 17.62508944993958 ], [ -93.400338339768027, 17.62546468958152 ], [ -93.399181150248751, 17.625850750362002 ], [ -93.398577139593499, 17.626449739615889 ], [ -93.39805025020334, 17.627324769723696 ], [ -93.397759619857524, 17.62808481971507 ], [ -93.397711510218016, 17.628210630209111 ], [ -93.397495090143565, 17.628650850080955 ], [ -93.39699077999451, 17.629165029781284 ], [ -93.396586199878783, 17.629594419953754 ], [ -93.395905030100096, 17.629917339740999 ], [ -93.394941599622371, 17.630223999667088 ], [ -93.393413679838346, 17.630498139827303 ], [ -93.393118679830565, 17.630554689966196 ], [ -93.391597859758704, 17.630846199716188 ], [ -93.389488459898232, 17.631358399705455 ], [ -93.387832490009259, 17.63216831971101 ], [ -93.386270579641661, 17.632983659540709 ], [ -93.38567214000885, 17.633492379908258 ], [ -93.384968289563574, 17.634176109560755 ], [ -93.384640769763777, 17.634881519823484 ], [ -93.384412979549907, 17.635502170214753 ], [ -93.384168230144311, 17.636393430412106 ], [ -93.384117290354681, 17.637205349912797 ], [ -93.384594819570509, 17.640130139614122 ], [ -93.384675480139933, 17.641855049569578 ], [ -93.384788719983092, 17.644377939796708 ], [ -93.383262339847747, 17.644571450313833 ], [ -93.38299069080351, 17.644625720683177 ], [ -93.381929200449605, 17.644837780103135 ], [ -93.381490339622445, 17.644925451640049 ], [ -93.378945649884415, 17.645433780089842 ], [ -93.37751332099684, 17.645452867899667 ], [ -93.377512429746858, 17.645452879841894 ], [ -93.376605570261177, 17.645464949737445 ], [ -93.376356340111954, 17.645468280430801 ], [ -93.373905219683095, 17.645673290249448 ], [ -93.373159909553848, 17.645735629857647 ], [ -93.37252565966179, 17.645788660314135 ], [ -93.371990459831608, 17.645808999937454 ], [ -93.371465480144707, 17.645828950057382 ], [ -93.37140196385441, 17.645831363425625 ], [ -93.370557220453961, 17.645863460830604 ], [ -93.370541709615537, 17.645864049810825 ], [ -93.370056539562341, 17.64588247988468 ], [ -93.369078569859326, 17.645919619816084 ], [ -93.36808639993383, 17.645957290171928 ], [ -93.367587399668082, 17.645976249615615 ], [ -93.367151429848249, 17.646000420302084 ], [ -93.366118679848, 17.646057650137102 ], [ -93.365374420032779, 17.646098889705172 ], [ -93.364774799725964, 17.646132110222897 ], [ -93.364607791764328, 17.646141364261606 ], [ -93.36384387952225, 17.646183690414325 ], [ -93.363097140030249, 17.646225059703614 ], [ -93.362501260143901, 17.646258060053132 ], [ -93.361962199881816, 17.646287920170948 ], [ -93.360768080153704, 17.646655460077842 ], [ -93.360050799674937, 17.646876229581149 ], [ -93.359357710127256, 17.647089549921414 ], [ -93.358060909846913, 17.647488659639524 ], [ -93.357501950382655, 17.647660690245733 ], [ -93.356746030029285, 17.647893339638195 ], [ -93.356277769967619, 17.648037450293984 ], [ -93.356629080129892, 17.649915580060373 ], [ -93.356823400384357, 17.650954400450793 ], [ -93.357126850223551, 17.651896450060462 ], [ -93.357176600207026, 17.652050939919526 ], [ -93.357565260071226, 17.653257479569703 ], [ -93.357891860176494, 17.654271379674295 ], [ -93.358548919864035, 17.656311139558905 ], [ -93.358975449777461, 17.657782539815315 ], [ -93.360204400113432, 17.662021969899538 ], [ -93.360256519721844, 17.662582619965303 ], [ -93.36034231997607, 17.663505259807849 ], [ -93.360503860152448, 17.664894079764508 ], [ -93.360490850194054, 17.665063659805234 ], [ -93.360486820049232, 17.665116250161123 ], [ -93.360417000243217, 17.666026000417766 ], [ -93.360132320188484, 17.667041919904204 ], [ -93.359747419590292, 17.667870280348019 ], [ -93.35919045006726, 17.668700220002744 ], [ -93.358609379827882, 17.669577510101441 ], [ -93.358524260377408, 17.669728880464035 ], [ -93.357836680411594, 17.670951450210357 ], [ -93.356970170120562, 17.672773979883257 ], [ -93.356153280120239, 17.674643170436649 ], [ -93.355943060155639, 17.67512306029122 ], [ -93.355096050176968, 17.677056580260746 ], [ -93.355107479749577, 17.678187579922714 ], [ -93.354919399790433, 17.679037659767815 ], [ -93.35443777952645, 17.680031850066676 ], [ -93.354220369922089, 17.680410889668309 ], [ -93.354003180239545, 17.680813510359041 ], [ -93.35378457014977, 17.6810747499167 ], [ -93.353836580365382, 17.681357050421198 ], [ -93.353997090223629, 17.681495370009991 ], [ -93.35467923022108, 17.68203260023088 ], [ -93.354905450442871, 17.682525350269035 ], [ -93.354960320254293, 17.68309039957359 ], [ -93.355013519909932, 17.683490510153515 ], [ -93.35499345997016, 17.683938430184881 ], [ -93.354924720140687, 17.68443392021269 ], [ -93.354979830189606, 17.685022520156014 ], [ -93.355228739551976, 17.685326550134484 ], [ -93.355550430259044, 17.685535649763835 ], [ -93.355897659574794, 17.685838769819362 ], [ -93.356369460465473, 17.686305679804679 ], [ -93.356644140179142, 17.686727290025303 ], [ -93.356722169707965, 17.687150739762327 ], [ -93.356675399662564, 17.687386820090573 ], [ -93.356485419856369, 17.688048379998303 ], [ -93.356415709824503, 17.688449630073574 ], [ -93.356445060176767, 17.68892065986935 ], [ -93.356547200058344, 17.689296740300922 ], [ -93.356477970413977, 17.689745110250332 ], [ -93.356433569921592, 17.690216820161211 ], [ -93.356343109588138, 17.690995289729248 ], [ -93.356274600346424, 17.691514350030058 ], [ -93.356181750285415, 17.692057199739654 ], [ -93.356086519773541, 17.692364419749868 ], [ -93.355944030452946, 17.69286059984266 ], [ -93.355554520369736, 17.693241249631523 ], [ -93.355332680288072, 17.693494250292783 ], [ -93.35511704958968, 17.69374016960138 ], [ -93.354605089530324, 17.694169080364667 ], [ -93.354092450183657, 17.694527309944132 ], [ -93.353703170419593, 17.694931519756636 ], [ -93.353485719938178, 17.69531057029257 ], [ -93.353343709631872, 17.695853879539214 ], [ -93.353298339964709, 17.696231319932497 ], [ -93.353229830021789, 17.696750380446019 ], [ -93.353186850232319, 17.69736345970782 ], [ -93.353191830095099, 17.697858280101148 ], [ -93.353368430339202, 17.698304369929911 ], [ -93.353566750088689, 17.698467480453964 ], [ -93.353739779902256, 17.698560139931452 ], [ -93.354206860202837, 17.698555800156974 ], [ -93.354550780455668, 17.698529049578649 ], [ -93.354920250057333, 17.698596310205893 ], [ -93.355266060068615, 17.698758050398972 ], [ -93.355539819797343, 17.699085420201126 ], [ -93.355689920473367, 17.699343229594742 ], [ -93.355792540173681, 17.699766449970117 ], [ -93.355722370049151, 17.70012057022851 ], [ -93.355699920072084, 17.700332859683279 ], [ -93.35560539989882, 17.700710769935018 ], [ -93.355461480122031, 17.701065569802495 ], [ -93.355242370233555, 17.701279689961041 ], [ -93.355036020140247, 17.701408540341696 ], [ -93.354832489633296, 17.701535620354655 ], [ -93.354557369634122, 17.701615949793311 ], [ -93.354089820014195, 17.701573150226235 ], [ -93.353745650017672, 17.701576350197758 ], [ -93.353575229815903, 17.70174287973726 ], [ -93.353577369621959, 17.701954939738055 ], [ -93.353728449636094, 17.702307019728192 ], [ -93.353954219932177, 17.702752650342461 ], [ -93.353981419793925, 17.703011600164924 ], [ -93.354057769822234, 17.703270110130426 ], [ -93.354134380186991, 17.703552170053733 ], [ -93.354383549580035, 17.70387976959832 ], [ -93.354409550145121, 17.704020909973767 ], [ -93.354338429826214, 17.704280779973423 ], [ -93.354216459870599, 17.704376169784009 ], [ -93.354093780430361, 17.704400880337079 ], [ -93.353650550228238, 17.704334290149859 ], [ -93.353429539585179, 17.704359909741758 ], [ -93.353283459563514, 17.704502649823095 ], [ -93.353235969539298, 17.704668030359681 ], [ -93.353336680275078, 17.704902749798844 ], [ -93.353686800230022, 17.705488620427374 ], [ -93.3540342895474, 17.705815290238466 ], [ -93.354085619996127, 17.706026910296139 ], [ -93.354037860074641, 17.706168740009034 ], [ -93.353940000142288, 17.706216769718381 ], [ -93.353668150364172, 17.706077909669368 ], [ -93.353469350141808, 17.705867660370256 ], [ -93.353246179584346, 17.705681220059187 ], [ -93.353098690182534, 17.705682580447085 ], [ -93.35292825971591, 17.705849120074785 ], [ -93.35290629023909, 17.706108539898455 ], [ -93.35295877976553, 17.706437950413779 ], [ -93.353136109920641, 17.706954719624949 ], [ -93.353409859648139, 17.707282090145451 ], [ -93.353779819933635, 17.70739648963136 ], [ -93.354122799627163, 17.707275479705082 ], [ -93.354415909874547, 17.707084250003497 ], [ -93.354560079726397, 17.706753000178811 ], [ -93.354729080244468, 17.706445090004905 ], [ -93.354972769905388, 17.706230750186933 ], [ -93.355195690251961, 17.706393650258899 ], [ -93.355222420347985, 17.706605479696545 ], [ -93.355228849859799, 17.707241659603731 ], [ -93.355206170258043, 17.707430379760311 ], [ -93.355383490146863, 17.70794714961195 ], [ -93.355459140020486, 17.708134969839218 ], [ -93.355586349785284, 17.708557950439417 ], [ -93.355566289871859, 17.709005860067169 ], [ -93.355620460239166, 17.709500220228531 ], [ -93.355746950330996, 17.709852520284713 ], [ -93.355920949855133, 17.710039419708671 ], [ -93.356194949897144, 17.710390340136328 ], [ -93.356467750389186, 17.710623460097796 ], [ -93.356421920214672, 17.710953779992586 ], [ -93.356275369851545, 17.711049400168054 ], [ -93.35590660041575, 17.71105283007514 ], [ -93.35546337019467, 17.710986250351532 ], [ -93.355094119980919, 17.710942550318443 ], [ -93.354825830085247, 17.711157120251311 ], [ -93.354852570064665, 17.711368950143925 ], [ -93.35510294017854, 17.711814350385573 ], [ -93.355497719542441, 17.711952080135202 ], [ -93.355548780155928, 17.712140119995226 ], [ -93.355404369937716, 17.712447800351693 ], [ -93.355036319692005, 17.712521909882987 ], [ -93.354618380438438, 17.712525779814538 ], [ -93.354398060102142, 17.712622089987363 ], [ -93.354276090430943, 17.71271747977805 ], [ -93.354302350315976, 17.712882179565927 ], [ -93.354428849782707, 17.713234479618091 ], [ -93.354662969872422, 17.713600400244232 ], [ -93.355059479881035, 17.714227799792319 ], [ -93.355548350366334, 17.714647549711373 ], [ -93.356171799672794, 17.715254000402453 ], [ -93.356783170123649, 17.715918889592341 ], [ -93.357683779951927, 17.71659755030257 ], [ -93.357833429563712, 17.71680824966429 ], [ -93.357836290018625, 17.717091000110941 ], [ -93.357864219913978, 17.717420650021541 ], [ -93.357989289647634, 17.717631550002274 ], [ -93.358185739662176, 17.717606169846015 ], [ -93.358329909955756, 17.717274919665098 ], [ -93.358499380282524, 17.717014140039577 ], [ -93.358695349701662, 17.716941620132584 ], [ -93.358774830410667, 17.717506430448356 ], [ -93.358531600230918, 17.717767910169133 ], [ -93.358336349642599, 17.717911110251499 ], [ -93.358190279710627, 17.718053850348806 ], [ -93.358020549596446, 17.718291079781345 ], [ -93.358071399988248, 17.718455550219183 ], [ -93.358271660452104, 17.718807150062506 ], [ -93.358667649896717, 17.71906269014189 ], [ -93.358939519654015, 17.719201549769188 ], [ -93.35935962987655, 17.719409720212251 ], [ -93.359684489791647, 17.719925119678628 ], [ -93.359688310285691, 17.720302120140015 ], [ -93.359767320386581, 17.720819800156253 ], [ -93.35996637966025, 17.721053600279813 ], [ -93.359994799736228, 17.72143036987692 ], [ -93.35989836980356, 17.7216197695404 ], [ -93.359853489802234, 17.722044350107524 ], [ -93.360054479807019, 17.722466650281824 ], [ -93.360351890071641, 17.722699519655503 ], [ -93.360647399645856, 17.7227439102288 ], [ -93.360969650261779, 17.72300010977775 ], [ -93.361293819626624, 17.723444819744749 ], [ -93.361564740176888, 17.72348942993397 ], [ -93.361685750370754, 17.7232997803637 ], [ -93.36170842962683, 17.723111050152163 ], [ -93.361730859671681, 17.722898770083521 ], [ -93.361802479570244, 17.722686019586725 ], [ -93.36189913968812, 17.722520169990595 ], [ -93.362216619639923, 17.722305120285068 ], [ -93.362485139916359, 17.722114110371628 ], [ -93.362705460476278, 17.72201779984443 ], [ -93.362879719688621, 17.722228250270071 ], [ -93.362758690058655, 17.72241789014652 ], [ -93.362760620075647, 17.722606399669033 ], [ -93.36281121955534, 17.722747310182733 ], [ -93.363133229870684, 17.72297995001956 ], [ -93.363503459918789, 17.723117890159472 ], [ -93.363824750155402, 17.72327984961375 ], [ -93.363974419928496, 17.723490519976039 ], [ -93.363779880028233, 17.723704429691612 ], [ -93.363533309725796, 17.723636029751653 ], [ -93.363310109847106, 17.723449599804876 ], [ -93.362865419764518, 17.723241659696537 ], [ -93.362520720466946, 17.72319773981561 ], [ -93.36239994974251, 17.723410950187368 ], [ -93.362401139996621, 17.72352875003396 ], [ -93.362501649546843, 17.723739909892764 ], [ -93.362652029589782, 17.724021280212465 ], [ -93.362875940158872, 17.724278399785756 ], [ -93.36312682020916, 17.724770919985886 ], [ -93.363103909664289, 17.724936080151636 ], [ -93.362661579952999, 17.724963769906676 ], [ -93.362416920411789, 17.725083879999382 ], [ -93.362443180232631, 17.72524858007095 ], [ -93.362715059676873, 17.725387430249381 ], [ -93.363035649738507, 17.725478710074796 ], [ -93.363429260032433, 17.725498600353923 ], [ -93.363701400451163, 17.72566102021559 ], [ -93.363704980339548, 17.726014450394771 ], [ -93.3637811396747, 17.726249379544697 ], [ -93.363856320318192, 17.726390059872347 ], [ -93.363979739854045, 17.726436049699384 ], [ -93.364298649761722, 17.726362379837806 ], [ -93.364498450417557, 17.726666850207337 ], [ -93.364402490108205, 17.726903399739161 ], [ -93.364133479714354, 17.727047290001696 ], [ -93.36364246028829, 17.727122570092707 ], [ -93.363372719798988, 17.72719577009606 ], [ -93.363029480049278, 17.727293229697981 ], [ -93.36295761954959, 17.727482420151457 ], [ -93.363155979940984, 17.72764551956131 ], [ -93.363402570168859, 17.727713910449893 ], [ -93.363454139892838, 17.727949080346328 ], [ -93.363381819569781, 17.728091139726583 ], [ -93.363014920106295, 17.728283080437389 ], [ -93.362891980014865, 17.728284219658256 ], [ -93.362548970022473, 17.728405250137037 ], [ -93.362525580402831, 17.728523280447746 ], [ -93.362551849597907, 17.728687980108091 ], [ -93.362823490431111, 17.72880328004576 ], [ -93.363045020120666, 17.728824780145153 ], [ -93.363364170197002, 17.728774680253778 ], [ -93.36373201963697, 17.728676979687314 ], [ -93.364047570101263, 17.728273450146073 ], [ -93.364266710393395, 17.728059320398781 ], [ -93.364363140163135, 17.727869909671924 ], [ -93.364655539795123, 17.72760797021764 ], [ -93.364849850114339, 17.72737050975206 ], [ -93.365242279978389, 17.727272579743882 ], [ -93.365611550280846, 17.727316279693298 ], [ -93.36598275028895, 17.727548449599343 ], [ -93.36632982989596, 17.727827980087099 ], [ -93.366725860165005, 17.728083489913512 ], [ -93.366922550106295, 17.728081660185467 ], [ -93.367104850256695, 17.727947949768215 ], [ -93.367410220041549, 17.727676510020704 ], [ -93.367777820062997, 17.72755524998421 ], [ -93.368097919543914, 17.727599380271013 ], [ -93.368271479846868, 17.727739150110416 ], [ -93.368471279723437, 17.728043619717425 ], [ -93.368497780316275, 17.728231890354493 ], [ -93.368524540208981, 17.728443719820987 ], [ -93.368552000113112, 17.728726230278561 ], [ -93.368701920077285, 17.728960479742536 ], [ -93.368924650088374, 17.729099780347056 ], [ -93.369367199904417, 17.72909565036851 ], [ -93.369564619637828, 17.729164489786172 ], [ -93.369591119800489, 17.729352749583153 ], [ -93.369469400057511, 17.729471720119665 ], [ -93.369199660318515, 17.729544940091241 ], [ -93.368929919974676, 17.729618149606157 ], [ -93.368686449987266, 17.729856079824746 ], [ -93.36861556955526, 17.730139510011799 ], [ -93.368668090359748, 17.730468919785785 ], [ -93.369094000243422, 17.731242570054988 ], [ -93.369122909573434, 17.731666459608288 ], [ -93.36907876986551, 17.732161720290478 ], [ -93.369306540443802, 17.732795829955041 ], [ -93.369505379761648, 17.733006059716068 ], [ -93.369776820182551, 17.733097769735146 ], [ -93.370104059644433, 17.733008170340433 ], [ -93.370217950012787, 17.732952259903087 ], [ -93.370525370183302, 17.732656030137846 ], [ -93.370659599798458, 17.732535420382849 ], [ -93.370884539985653, 17.732456619942617 ], [ -93.371249830128505, 17.732402739615612 ], [ -93.371404800220873, 17.732413650351724 ], [ -93.371515939705873, 17.732438620261075 ], [ -93.37161252035682, 17.732494429870517 ], [ -93.371706199804933, 17.732561430089316 ], [ -93.371753229936573, 17.732687290447654 ], [ -93.371811969526334, 17.73281595018948 ], [ -93.371832710174203, 17.73294746039981 ], [ -93.37184773958279, 17.733148970381684 ], [ -93.371974060188492, 17.733368449884843 ], [ -93.37202557001622, 17.733429780399888 ], [ -93.372157909876378, 17.733469110139868 ], [ -93.372290139693135, 17.733453029936289 ], [ -93.372397490121742, 17.733401380323791 ], [ -93.372541950404965, 17.733306120275433 ], [ -93.37274424989522, 17.73319492039062 ], [ -93.372896889680348, 17.73306403022556 ], [ -93.373144540236382, 17.732893380058353 ], [ -93.373346910193149, 17.732817820013342 ], [ -93.373561830397307, 17.732821369869352 ], [ -93.373669339557878, 17.732840949889081 ], [ -93.373843109761168, 17.732931630435306 ], [ -93.373946570274398, 17.732994770126933 ], [ -93.373980769567382, 17.733105260376664 ], [ -93.374005089982006, 17.733311249780233 ], [ -93.373926920185653, 17.733485539656318 ], [ -93.373695909742608, 17.73369968011248 ], [ -93.373324460381767, 17.733953679940186 ], [ -93.372853569804121, 17.734093079713222 ], [ -93.372407369706835, 17.734184949781362 ], [ -93.37200238024451, 17.734217379788429 ], [ -93.37141145041366, 17.734265980002014 ], [ -93.371116570067784, 17.734344399911805 ], [ -93.370918369765036, 17.734439750430585 ], [ -93.370712170345143, 17.73465782035262 ], [ -93.370683510344094, 17.734792429611574 ], [ -93.370671369606072, 17.734919090178536 ], [ -93.370605679542237, 17.735128970052362 ], [ -93.370494570307486, 17.735366629644304 ], [ -93.370346149914283, 17.735548950129193 ], [ -93.370271750197745, 17.735733430352056 ], [ -93.370239019902044, 17.735891799850254 ], [ -93.370222829917424, 17.736061999842534 ], [ -93.3702315701846, 17.736291519576397 ], [ -93.370236170367789, 17.736517090373862 ], [ -93.370133110375576, 17.736647880158042 ], [ -93.369914279977735, 17.736759110207828 ], [ -93.369848430400097, 17.736897740401734 ], [ -93.369807550128343, 17.73712339961401 ], [ -93.36979485046966, 17.737236719606294 ], [ -93.369823889836013, 17.737292080411898 ], [ -93.369848879991579, 17.737383049764379 ], [ -93.369939890186558, 17.737422460302092 ], [ -93.370436029938929, 17.737492750042744 ], [ -93.370609679816553, 17.737520140324321 ], [ -93.370783449680943, 17.737602910416779 ], [ -93.370948910241424, 17.737665919804218 ], [ -93.370994520399506, 17.737737059804875 ], [ -93.371060779703569, 17.737804220220102 ], [ -93.371106459915424, 17.737903080225419 ], [ -93.371119149606869, 17.738045519526139 ], [ -93.371119999822724, 17.738461059596837 ], [ -93.371093819847701, 17.738794449717126 ], [ -93.371086340407814, 17.739088580160178 ], [ -93.371151420238647, 17.739281969953701 ], [ -93.37122442995171, 17.73940566031888 ], [ -93.371273119727135, 17.739498460436067 ], [ -93.371451120142652, 17.739575520086888 ], [ -93.371726319994622, 17.739745279971824 ], [ -93.371961259977823, 17.739934580037168 ], [ -93.372334909564358, 17.740402369789869 ], [ -93.372686109871353, 17.741082460214734 ], [ -93.3731115699008, 17.741808970235539 ], [ -93.373508849611312, 17.742182280117202 ], [ -93.373757140340217, 17.742415580013493 ], [ -93.373979399762263, 17.742507769713779 ], [ -93.374398119922702, 17.742574520024782 ], [ -93.37479225957496, 17.742641519809485 ], [ -93.375138429522067, 17.742826780286588 ], [ -93.375607309533095, 17.742987340201907 ], [ -93.376127280064097, 17.743335919620776 ], [ -93.376794549907345, 17.743659569564144 ], [ -93.37729067983237, 17.744079059864912 ], [ -93.378085229933291, 17.74482566025916 ], [ -93.378680200475586, 17.745291349596247 ], [ -93.379176799885045, 17.745757969810441 ], [ -93.380046119700395, 17.746598110250297 ], [ -93.380766450258463, 17.747298260009984 ], [ -93.381165919990352, 17.747883620317243 ], [ -93.381566119587433, 17.748539649901147 ], [ -93.38231758034226, 17.749875739587551 ], [ -93.382627140299277, 17.750798000202103 ], [ -93.382797580106441, 17.751580820101363 ], [ -93.382974829884475, 17.752394880243401 ], [ -93.383394879651064, 17.754019940299859 ], [ -93.383764919857015, 17.754985420429609 ], [ -93.383913320152814, 17.75566844976602 ], [ -93.384062199877533, 17.756728420321931 ], [ -93.384136980080754, 17.757529319575731 ], [ -93.384433090452774, 17.758353540287033 ], [ -93.384507659542038, 17.758989520294175 ], [ -93.384877660241287, 17.759907879646697 ], [ -93.385363509528375, 17.760395460005864 ], [ -93.385887030263262, 17.760896149771042 ], [ -93.386256350203467, 17.761296219942675 ], [ -93.386797940194754, 17.761790290413472 ], [ -93.386835611349127, 17.761863598931455 ], [ -93.387463489134817, 17.763085230464053 ], [ -93.387685920208696, 17.763711879917956 ], [ -93.388499998889273, 17.766005280627116 ], [ -93.388667827010366, 17.766427111607687 ], [ -93.389240088648464, 17.767865520198463 ], [ -93.389262509643871, 17.767928540445705 ], [ -93.389269320014691, 17.768587919929683 ], [ -93.389435369316587, 17.769557801214333 ], [ -93.389570679270648, 17.770099690973911 ], [ -93.389663676376927, 17.770234967287582 ], [ -93.389854739043983, 17.770512889735596 ], [ -93.39004922031242, 17.770854919652937 ], [ -93.390273659010276, 17.771268250720773 ], [ -93.390408859631421, 17.771753080883091 ], [ -93.39043853983226, 17.772415509772912 ], [ -93.390440179939603, 17.772452120215316 ], [ -93.390486635780576, 17.772816381976188 ], [ -93.39053114002634, 17.773165320375259 ], [ -93.390547830367851, 17.773399710489219 ], [ -93.390414620205334, 17.7738280002925 ], [ -93.390221890160191, 17.77429922093544 ], [ -93.390135488662153, 17.774543108941554 ], [ -93.390014509009006, 17.774884600872813 ], [ -93.390004856174272, 17.774932367343073 ], [ -93.389881819206195, 17.775541180344224 ], [ -93.389659148659021, 17.775955380318539 ], [ -93.389480708927564, 17.77614122118506 ], [ -93.389348613671658, 17.776251496710401 ], [ -93.388915369234638, 17.776613176855655 ], [ -93.388834963761639, 17.776720692996175 ], [ -93.388676419501465, 17.776932690721235 ], [ -93.388155460292751, 17.777247601128021 ], [ -93.387678918578047, 17.777434030624317 ], [ -93.387366259847795, 17.777577320099724 ], [ -93.386570549766418, 17.777565290240929 ], [ -93.386348948721803, 17.777511571084954 ], [ -93.386214255333357, 17.777476689627203 ], [ -93.386118689986304, 17.777451940968817 ], [ -93.38585167854086, 17.777332291033229 ], [ -93.385764218484709, 17.777267683824991 ], [ -93.3856421197153, 17.77717749008762 ], [ -93.385600049729874, 17.777067419836115 ], [ -93.385573549465121, 17.776907250737089 ], [ -93.385588979312303, 17.776792050524413 ], [ -93.38568054902079, 17.77667468062511 ], [ -93.385787119859785, 17.776496251292585 ], [ -93.385938419865411, 17.776315689855551 ], [ -93.38612628871158, 17.776125060338558 ], [ -93.386173109474882, 17.776027830873531 ], [ -93.38618848957222, 17.77588260115051 ], [ -93.386188139378632, 17.775722370552472 ], [ -93.38614591980641, 17.775542200964235 ], [ -93.38608265962057, 17.775317021097464 ], [ -93.385899170286024, 17.775112080435211 ], [ -93.385715720084903, 17.774937200273936 ], [ -93.385630848970408, 17.774818180349087 ], [ -93.385561318983875, 17.774669250523054 ], [ -93.385476649005895, 17.774516220842891 ], [ -93.385413629546008, 17.77437969057031 ], [ -93.385352769395865, 17.774236950999086 ], [ -93.385254479123134, 17.774051400943449 ], [ -93.385176399871199, 17.773950110669375 ], [ -93.385076665761375, 17.773838510364651 ], [ -93.384950919777253, 17.773695890720646 ], [ -93.384838119004101, 17.77353874955136 ], [ -93.384671249369035, 17.773375520591845 ], [ -93.38446702956017, 17.773151400778843 ], [ -93.384393349883553, 17.773085290518633 ], [ -93.384339230159597, 17.773058479820588 ], [ -93.384263459646263, 17.773021370995163 ], [ -93.384156849729209, 17.773007379660079 ], [ -93.383644049710909, 17.773016820978945 ], [ -93.383271818805724, 17.773188750693727 ], [ -93.382959538698813, 17.773517510336763 ], [ -93.382707079298385, 17.773946030781904 ], [ -93.382543879971095, 17.774288780651528 ], [ -93.382171580145396, 17.774432179907826 ], [ -93.381486168680752, 17.774504860424379 ], [ -93.381068858854505, 17.774505680344724 ], [ -93.380617679578165, 17.774354380957046 ], [ -93.380206968663941, 17.77396185116551 ], [ -93.3798839093281, 17.773570249839256 ], [ -93.37950897913035, 17.773217350714635 ], [ -93.379328979431747, 17.772661280510821 ], [ -93.379268339133489, 17.772176290087511 ], [ -93.378969748739877, 17.771934311004223 ], [ -93.378418089169926, 17.771821250921121 ], [ -93.37803063011151, 17.771836250516756 ], [ -93.377612890689463, 17.771823280532601 ], [ -93.377598399808932, 17.7718228306179 ], [ -93.377595090676365, 17.771819671249965 ], [ -93.377581879872281, 17.771807060617867 ], [ -93.377284799706246, 17.771523799609518 ], [ -93.376985659899233, 17.771010749750769 ], [ -93.376957170062951, 17.770968400312597 ], [ -93.37684240035712, 17.770785080334964 ], [ -93.376766690333511, 17.770676849734279 ], [ -93.376723547585328, 17.770602108913071 ], [ -93.376662540187667, 17.770496419734158 ], [ -93.376548750404183, 17.770216660157288 ], [ -93.37648235029026, 17.77004520030226 ], [ -93.376425349796108, 17.769855650125947 ], [ -93.376377719530012, 17.769638970186953 ], [ -93.376292150200953, 17.769323050085532 ], [ -93.376216310422365, 17.769142549608709 ], [ -93.376168659916615, 17.768916859866728 ], [ -93.376013350180671, 17.768458970016866 ], [ -93.375937219990234, 17.76814301964874 ], [ -93.375861000278718, 17.767790940389563 ], [ -93.375766149906994, 17.76754728003246 ], [ -93.375699650374074, 17.767321619940851 ], [ -93.375623779704156, 17.767132090078235 ], [ -93.37555737029659, 17.766951600391426 ], [ -93.375518280201035, 17.766889120420942 ], [ -93.375488049944352, 17.766864140149071 ], [ -93.375419950087959, 17.766798019757942 ], [ -93.374141030076544, 17.766540310396923 ], [ -93.370747200248545, 17.766025830010864 ], [ -93.367869879761585, 17.765628509973766 ], [ -93.3648202296215, 17.765042859711439 ], [ -93.361746090033336, 17.764527880380683 ], [ -93.359631339715577, 17.764388770267878 ], [ -93.358598519794981, 17.764295620412152 ], [ -93.357295319906029, 17.764273430005904 ], [ -93.356262540012338, 17.764203829628375 ], [ -93.355131280043665, 17.764016519904168 ], [ -93.354147579875487, 17.763876179978482 ], [ -93.352819679597815, 17.763736199912621 ], [ -93.352008289963834, 17.763760579881467 ], [ -93.351639720020103, 17.763996540283735 ], [ -93.35146788968531, 17.764255860260675 ], [ -93.351296319521651, 17.764750770194983 ], [ -93.351043050009864, 17.765406200125021 ], [ -93.350781369862091, 17.766023460348453 ], [ -93.350412690227131, 17.766165180287945 ], [ -93.35006847983081, 17.766189090088968 ], [ -93.349699800160437, 17.766330820149495 ], [ -93.349577049618048, 17.766495860386993 ], [ -93.349429649596203, 17.766613799778931 ], [ -93.349135090104966, 17.767085279991701 ], [ -93.34911090983185, 17.767462229591839 ], [ -93.349037550146534, 17.767839249767487 ], [ -93.348915049553355, 17.768239880068833 ], [ -93.348719179890224, 17.769017510023421 ], [ -93.348326939587224, 17.770101600414208 ], [ -93.347714290329904, 17.772034029798714 ], [ -93.347420109954371, 17.772858889556645 ], [ -93.347052230481765, 17.773754489722222 ], [ -93.346193600190333, 17.775616479887251 ], [ -93.345997689567767, 17.776370549797026 ], [ -93.34572826030076, 17.777360289592906 ], [ -93.345630859826784, 17.778255620038138 ], [ -93.345238849596257, 17.779598860139323 ], [ -93.345165750168718, 17.780235020268336 ], [ -93.344773740015924, 17.781578250450337 ], [ -93.344112740323695, 17.784358830087825 ], [ -93.343647089849881, 17.785843489545783 ], [ -93.343111879756506, 17.787516679800383 ], [ -93.343747230456501, 17.787516059810372 ], [ -93.344386629821457, 17.787538999537318 ], [ -93.345222709823943, 17.787514620108464 ], [ -93.345424319995132, 17.787491690211898 ], [ -93.34605871996601, 17.78741954967473 ], [ -93.347780030033306, 17.787347170169301 ], [ -93.349599849631588, 17.787392459654729 ], [ -93.351567320318168, 17.787531829621834 ], [ -93.353608459614264, 17.787576860029265 ], [ -93.354092350431841, 17.78749641962224 ], [ -93.354321480183188, 17.787458319596922 ], [ -93.355108449537965, 17.787504629995382 ], [ -93.355526660022718, 17.787645549868603 ], [ -93.356043350198206, 17.787880600290855 ], [ -93.35656002012206, 17.788092089772064 ], [ -93.357076799896717, 17.788421380031448 ], [ -93.357617949644535, 17.788538599909032 ], [ -93.358011379567955, 17.788514629941499 ], [ -93.35850308001595, 17.788396320449138 ], [ -93.359043549958017, 17.78792457958119 ], [ -93.359564230336048, 17.787307120448681 ], [ -93.359951820153142, 17.786510089678803 ], [ -93.360316740480386, 17.785992799819883 ], [ -93.360467380011016, 17.785779229896381 ], [ -93.360774110078609, 17.785417800397187 ], [ -93.361007660198226, 17.785142570109315 ], [ -93.361581909729935, 17.784528769850827 ], [ -93.361759080408177, 17.784339399700993 ], [ -93.36230936969136, 17.783751219911604 ], [ -93.363119979882512, 17.782996460099461 ], [ -93.363758540360436, 17.782312570308299 ], [ -93.363880369917609, 17.781346539704341 ], [ -93.3640262804103, 17.779956420273056 ], [ -93.364197519872121, 17.779202350036236 ], [ -93.364418709706072, 17.779084320380328 ], [ -93.364621849604774, 17.779123020065878 ], [ -93.364787650216257, 17.779154600254927 ], [ -93.36518122044815, 17.779271949630385 ], [ -93.365992980198854, 17.779506659578161 ], [ -93.366804649565452, 17.779670689890629 ], [ -93.367542519996761, 17.779811229815575 ], [ -93.36835425998693, 17.780022369866156 ], [ -93.369165879891739, 17.780139260167555 ], [ -93.369830139706352, 17.780397679579753 ], [ -93.370740400212469, 17.780750049706558 ], [ -93.371848649958537, 17.781078200284796 ], [ -93.37216716952716, 17.781172510176976 ], [ -93.373470630345309, 17.781312379595803 ], [ -93.375315089766929, 17.781451659831209 ], [ -93.37681514017541, 17.781473509968244 ], [ -93.377478999641326, 17.781402060106807 ], [ -93.378167090237469, 17.781047890121968 ], [ -93.378624800250421, 17.780712950245146 ], [ -93.378683019684445, 17.780670349627073 ], [ -93.379035649663436, 17.780557290205472 ], [ -93.37903878202718, 17.780556285376509 ], [ -93.379122977592161, 17.780529292548103 ], [ -93.379199220215639, 17.780504850452868 ], [ -93.37956814960701, 17.780575090952425 ], [ -93.379888150167204, 17.780833879990581 ], [ -93.380134540032884, 17.781210520045171 ], [ -93.380504050266026, 17.781728381188653 ], [ -93.380775341604533, 17.782364149670595 ], [ -93.380851567544866, 17.782716660417762 ], [ -93.380948488990938, 17.78316495126742 ], [ -93.380801779307447, 17.783824770695436 ], [ -93.380580910287804, 17.784178400390093 ], [ -93.380335248642865, 17.784367151085064 ], [ -93.379941850353845, 17.78441471996338 ], [ -93.379425349011058, 17.784344650025083 ], [ -93.378909059463396, 17.784439491049223 ], [ -93.378515748730607, 17.78455774047486 ], [ -93.378294740208389, 17.784793570496117 ], [ -93.378123219393544, 17.785288510938827 ], [ -93.377952050392054, 17.786066140543344 ], [ -93.377805290385595, 17.786702379686076 ], [ -93.377634768466294, 17.787998317840355 ], [ -93.377512748887739, 17.788752339978647 ], [ -93.377438719519404, 17.789403520062379 ], [ -93.377439214996869, 17.789640401951996 ], [ -93.377439598608376, 17.78982739968027 ], [ -93.377479048864828, 17.79000185971287 ], [ -93.377609689142773, 17.79018862031954 ], [ -93.377701178584161, 17.7903505208435 ], [ -93.377832170130688, 17.790699340306386 ], [ -93.377832249810908, 17.790730661199603 ], [ -93.377832689283679, 17.790948690767809 ], [ -93.377832948939485, 17.791073349739492 ], [ -93.377781065110113, 17.79117320011029 ], [ -93.377729138597061, 17.791248090955971 ], [ -93.377625059096104, 17.791310630269212 ], [ -93.37746881985251, 17.791335859572442 ], [ -93.377338578632333, 17.791336120271424 ], [ -93.377117029714285, 17.791274219832509 ], [ -93.377038748634746, 17.791212030234405 ], [ -93.376908309475482, 17.791112540510234 ], [ -93.376803970344511, 17.791050400284981 ], [ -93.376676339201637, 17.791003111018728 ], [ -93.376615889978098, 17.791003220180471 ], [ -93.376548769526707, 17.791022630941189 ], [ -93.376468219183295, 17.791042080393716 ], [ -93.376407910111311, 17.791106480265626 ], [ -93.376367800312508, 17.791196551145728 ], [ -93.376361378777816, 17.791338000919556 ], [ -93.376428889944904, 17.791505020217684 ], [ -93.376523149135593, 17.791620550781207 ], [ -93.376671279203308, 17.79179384951555 ], [ -93.376731979319445, 17.791922289554229 ], [ -93.376806139844973, 17.792050719761683 ], [ -93.376860179689231, 17.792204910115274 ], [ -93.376927620346351, 17.792333351251827 ], [ -93.377081540388716, 17.792503830228391 ], [ -93.377173079410085, 17.792585280850592 ], [ -93.377258518667503, 17.79266674010973 ], [ -93.377356119104803, 17.792736520752108 ], [ -93.377423259138709, 17.792800520256097 ], [ -93.377502580039305, 17.792870340710984 ], [ -93.377569709772999, 17.792922680582056 ], [ -93.377594168797216, 17.792975110112021 ], [ -93.377606550364717, 17.79306836961733 ], [ -93.377606829292972, 17.793196630892641 ], [ -93.377554779026426, 17.793250819546881 ], [ -93.377357478953414, 17.793383688116705 ], [ -93.377229719809307, 17.793459719633123 ], [ -93.377047138955348, 17.793530050287501 ], [ -93.376882778662363, 17.79357699957993 ], [ -93.376724459089843, 17.793600629502791 ], [ -93.376462230294706, 17.79371883081421 ], [ -93.376362540161111, 17.79384660129281 ], [ -93.376338309630626, 17.794100521053021 ], [ -93.376325598549485, 17.794407461242184 ], [ -93.376326078948239, 17.794637649902295 ], [ -93.37638004947442, 17.794893290634516 ], [ -93.37640727882696, 17.795136221077325 ], [ -93.376426820314251, 17.795328490366657 ], [ -93.376434569740837, 17.795404710113814 ], [ -93.376448380039491, 17.795622079854574 ], [ -93.37640878036288, 17.795852341121417 ], [ -93.376262089852375, 17.795980489702163 ], [ -93.376155349169665, 17.796044630345943 ], [ -93.376053178808704, 17.796069290149589 ], [ -93.375821430010461, 17.796083651006889 ], [ -93.375455280138993, 17.796007289749333 ], [ -93.375136290220368, 17.795964000748125 ], [ -93.374595279092333, 17.795988170192235 ], [ -93.374103429542714, 17.795988740172696 ], [ -93.374044259149585, 17.795972619985974 ], [ -93.37393122967363, 17.79594181978273 ], [ -93.373906340051803, 17.795706250212898 ], [ -93.374004140335884, 17.795234969733144 ], [ -93.374151080222063, 17.794740080893359 ], [ -93.374224249039699, 17.794245260289987 ], [ -93.374027049924123, 17.793868540893541 ], [ -93.373848480871573, 17.793779199397932 ], [ -93.373510289699382, 17.793609981332313 ], [ -93.372993739334802, 17.793516320975609 ], [ -93.372501878979932, 17.793493320198639 ], [ -93.371936199343921, 17.793446850027859 ], [ -93.371419940362514, 17.793588770415123 ], [ -93.37100201995095, 17.793707029909513 ], [ -93.370485969911627, 17.794037430102478 ], [ -93.370289858575006, 17.794555940150662 ], [ -93.370132800778151, 17.794857721716255 ], [ -93.369872889384851, 17.795357139768711 ], [ -93.369871884502999, 17.795359063287677 ], [ -93.369848219909684, 17.795404540227679 ], [ -93.369601219770118, 17.795942549793406 ], [ -93.369589860385645, 17.795967289836149 ], [ -93.369480289894639, 17.796205940460244 ], [ -93.369087519244985, 17.796795340797129 ], [ -93.368838120306961, 17.79688905060511 ], [ -93.368743479651783, 17.7969073497651 ], [ -93.368610939460282, 17.79691485046855 ], [ -93.368516258597552, 17.796915030916967 ], [ -93.36839124862172, 17.796897141109724 ], [ -93.368239718702483, 17.796875680850182 ], [ -93.368133660376358, 17.79686863121584 ], [ -93.368035169025646, 17.796857941168099 ], [ -93.367955619232745, 17.796847219701721 ], [ -93.367842000307718, 17.796843799693445 ], [ -93.367717049277957, 17.796854911042701 ], [ -93.367648878991602, 17.796858660839657 ], [ -93.36752771856672, 17.796877020374225 ], [ -93.367399059196956, 17.796920750155024 ], [ -93.367361308805854, 17.796982450442346 ], [ -93.367342519888481, 17.797058619769892 ], [ -93.367323800009601, 17.797160139924689 ], [ -93.367327748949947, 17.797239889658819 ], [ -93.36733550837134, 17.79733050962334 ], [ -93.367381319157687, 17.797508050079969 ], [ -93.367423199559084, 17.797613090538022 ], [ -93.36746507925848, 17.79772174986725 ], [ -93.36752591020381, 17.797837650686468 ], [ -93.367567828969115, 17.797971689928268 ], [ -93.367613658845968, 17.798210490435476 ], [ -93.367515740181744, 17.798587540452981 ], [ -93.367368459139925, 17.798823291159124 ], [ -93.367171878787971, 17.798964860624377 ], [ -93.366926059415547, 17.799059350514675 ], [ -93.366286819769456, 17.799201420890771 ], [ -93.366090109745954, 17.799225180152998 ], [ -93.365819719006723, 17.799343279580288 ], [ -93.365573890264358, 17.799437770482275 ], [ -93.365500259589723, 17.799555651169349 ], [ -93.36550053971682, 17.799791230657206 ], [ -93.365599139121983, 17.799979600008264 ], [ -93.365968379373115, 17.800285460445675 ], [ -93.366485459390944, 17.800803180442486 ], [ -93.36685514001465, 17.801462420831701 ], [ -93.366929629550114, 17.80205131131288 ], [ -93.366856569613631, 17.802663910255742 ], [ -93.366733799276105, 17.802828950220789 ], [ -93.366654814999492, 17.802889623482287 ], [ -93.366614290267336, 17.802920751787745 ], [ -93.366613157635939, 17.80292162373458 ], [ -93.366610950188075, 17.802923320250404 ], [ -93.366094599875183, 17.803018120947019 ], [ -93.365529028705069, 17.80308942016935 ], [ -93.365037178738376, 17.803113510312588 ], [ -93.3647915813943, 17.803054980735737 ], [ -93.364643580205566, 17.803019709570918 ], [ -93.363942430166546, 17.80266141971698 ], [ -93.363585430024997, 17.802478999896888 ], [ -93.362601109742158, 17.801985319777401 ], [ -93.360976779616308, 17.800974049860745 ], [ -93.36028776992039, 17.800621399953855 ], [ -93.359303310017296, 17.799986349670647 ], [ -93.358343419855075, 17.799327720025914 ], [ -93.357408140434217, 17.798669059614998 ], [ -93.356300599934542, 17.797916340432064 ], [ -93.3549933097012, 17.797218289802306 ], [ -93.354627289588478, 17.797022850274356 ], [ -93.353175249568309, 17.796058449749886 ], [ -93.352092480377394, 17.795423460438005 ], [ -93.351803659735765, 17.795403259890335 ], [ -93.351591280291004, 17.795388419996737 ], [ -93.351428419882936, 17.795377019889575 ], [ -93.350051400300657, 17.795519769737961 ], [ -93.349092550420551, 17.795756320385149 ], [ -93.348453290296817, 17.795898320099862 ], [ -93.348324460135217, 17.795917940213783 ], [ -93.347051750215869, 17.796111740229346 ], [ -93.346669779544328, 17.79620022995249 ], [ -93.346620490078919, 17.796211660393578 ], [ -93.345724080033435, 17.796419320271912 ], [ -93.344740540336403, 17.79658519987931 ], [ -93.343092889626334, 17.796633940215049 ], [ -93.341888199741817, 17.79696492036101 ], [ -93.340929719839039, 17.797578379601894 ], [ -93.340585980023818, 17.79812054971973 ], [ -93.340512859697967, 17.798756709949604 ], [ -93.340636400311084, 17.799298450180583 ], [ -93.340808939736448, 17.799675220088314 ], [ -93.341055380461555, 17.800169719679253 ], [ -93.341917379756595, 17.80134681982257 ], [ -93.342779549651794, 17.802665260094223 ], [ -93.342952249968221, 17.803183380401517 ], [ -93.343469220420531, 17.803654060237001 ], [ -93.344627479825931, 17.805867449666799 ], [ -93.345736780302332, 17.808269339613879 ], [ -93.346106399655511, 17.808928620261156 ], [ -93.346599050315959, 17.809634889662515 ], [ -93.34733826034271, 17.810906319688755 ], [ -93.348841919997824, 17.814014550104194 ], [ -93.349113179805528, 17.814673920250023 ], [ -93.349285600422903, 17.814909340462549 ], [ -93.349310769690319, 17.815427599787995 ], [ -93.349114680407752, 17.81604032042809 ], [ -93.348893720003133, 17.816417489556564 ], [ -93.348709679591096, 17.81675133990387 ], [ -93.348672800092359, 17.816818200213007 ], [ -93.348629449639773, 17.817013030213058 ], [ -93.34852595007915, 17.81747800033812 ], [ -93.348428450153435, 17.818279090430664 ], [ -93.348306149959797, 17.818915290383703 ], [ -93.347989430096916, 17.81997399963192 ], [ -93.347917480368011, 17.820214510057678 ], [ -93.347906340427556, 17.820251779764405 ], [ -93.347791509778403, 17.820635580318239 ], [ -93.347421702372671, 17.821813299119839 ], [ -93.347399320181822, 17.821884579576171 ], [ -93.347380499421163, 17.821972929775477 ], [ -93.347203549933681, 17.822803570024266 ], [ -93.347166920177671, 17.823050970241496 ], [ -93.347136956806892, 17.823253341043955 ], [ -93.347130290346541, 17.823298369645283 ], [ -93.346958550172658, 17.823699050303063 ], [ -93.346737449939084, 17.823934850020891 ], [ -93.346344460217949, 17.824453539722661 ], [ -93.346271121922342, 17.824527447261797 ], [ -93.345853059989849, 17.824948749555109 ], [ -93.344894999861665, 17.826080509616009 ], [ -93.34482162987662, 17.826180479547219 ], [ -93.344133620248996, 17.827117849603528 ], [ -93.343481200000213, 17.827978890358075 ], [ -93.343347620425845, 17.828155180446856 ], [ -93.343273970093364, 17.82829661973139 ], [ -93.343052999628313, 17.828673770105485 ], [ -93.342979630183095, 17.829074340166851 ], [ -93.342930800326201, 17.829427769727616 ], [ -93.342882309937281, 17.830087449826838 ], [ -93.342710829963409, 17.830747259654675 ], [ -93.342603220435322, 17.831143979643514 ], [ -93.342563819618391, 17.831289260422253 ], [ -93.342441279994688, 17.831713430183413 ], [ -93.342146630157373, 17.832208450219856 ], [ -93.34195033994321, 17.83267981975348 ], [ -93.341189110421368, 17.833905600436349 ], [ -93.340943520343558, 17.834282770276321 ], [ -93.340575089718783, 17.834801420084997 ], [ -93.340059079798266, 17.835320200283331 ], [ -93.339493689789734, 17.835674120383626 ], [ -93.339420419632944, 17.836168919651719 ], [ -93.339445679952348, 17.836804980001762 ], [ -93.339397150465487, 17.837464680091376 ], [ -93.339422119960545, 17.837818029952867 ], [ -93.339595029568883, 17.838501059536359 ], [ -93.339718549985975, 17.839019230247843 ], [ -93.339817569880609, 17.839608110178855 ], [ -93.339793339761712, 17.839961509712044 ], [ -93.339596859872799, 17.840267950411192 ], [ -93.339277420036169, 17.840598079609677 ], [ -93.339203969575649, 17.840927969525758 ], [ -93.339991600407686, 17.841374829650963 ], [ -93.340459220149825, 17.84160997023341 ], [ -93.340533139785705, 17.841727689710666 ], [ -93.34053350959968, 17.842081060142558 ], [ -93.340607849993987, 17.842599280005302 ], [ -93.340854109733769, 17.842858179789619 ], [ -93.3409529098533, 17.843235030129073 ], [ -93.340805680081345, 17.843588550243332 ], [ -93.340609149943404, 17.84384788984929 ], [ -93.34038793999072, 17.844013020405612 ], [ -93.339994540062605, 17.844201860051101 ], [ -93.339625630124758, 17.844272889877768 ], [ -93.33905991972064, 17.844344109964748 ], [ -93.338420259771198, 17.844274050379322 ], [ -93.338212599909525, 17.844315689993923 ], [ -93.337830019902739, 17.844392399676018 ], [ -93.337411889989198, 17.844463480094308 ], [ -93.33682187957946, 17.844817420159938 ], [ -93.33615807962731, 17.84519497010621 ], [ -93.335666649529244, 17.845737290122841 ], [ -93.335430180153367, 17.846020910024556 ], [ -93.33527351988954, 17.846208829690639 ], [ -93.334880540289433, 17.846798150453932 ], [ -93.334708859805943, 17.847316619698976 ], [ -93.334684689998795, 17.847740690286809 ], [ -93.334734290121233, 17.848141139661841 ], [ -93.334735259953803, 17.84908347982633 ], [ -93.334441820405956, 17.850827089590769 ], [ -93.334294689910251, 17.851298400444641 ], [ -93.334295110016129, 17.851698890437735 ], [ -93.33444303027342, 17.852028570021819 ], [ -93.334664820210122, 17.852405310022064 ], [ -93.335009850180313, 17.853017509793133 ], [ -93.335272580449995, 17.853650320247279 ], [ -93.335626279892139, 17.854406880117679 ], [ -93.335848350122262, 17.855066309659712 ], [ -93.336156690392158, 17.85567802016071 ], [ -93.336563149545981, 17.85640848009767 ], [ -93.337154109641858, 17.856926200100844 ], [ -93.337671230044805, 17.857420430437788 ], [ -93.338188250297165, 17.857796880229955 ], [ -93.338828379926014, 17.858291000266462 ], [ -93.339197599723775, 17.858479110002669 ], [ -93.33971457007317, 17.858808430183117 ], [ -93.340674579904373, 17.85934934974069 ], [ -93.341093180341005, 17.859702319994028 ], [ -93.341462849977276, 17.860314490025893 ], [ -93.342004629736692, 17.860832250008212 ], [ -93.342816880221505, 17.861208380103374 ], [ -93.344343050215784, 17.862031450049368 ], [ -93.344687770065576, 17.862313799669522 ], [ -93.344909569799796, 17.862666949622717 ], [ -93.345155980346675, 17.863043650447032 ], [ -93.345525420045874, 17.863420220370003 ], [ -93.345894680009607, 17.863631879765702 ], [ -93.346411979758059, 17.864243889739583 ], [ -93.346616059616409, 17.864438909832689 ], [ -93.346781379615862, 17.864596890015548 ], [ -93.347298570060715, 17.865091109812113 ], [ -93.347823080006108, 17.865780199880074 ], [ -93.348210230207357, 17.866362349584648 ], [ -93.348456650273803, 17.866715480381938 ], [ -93.34882608965377, 17.867092049585121 ], [ -93.349220140123492, 17.867468580272146 ], [ -93.349712720323495, 17.86796279982342 ], [ -93.349910280006554, 17.868622250283686 ], [ -93.350002089631303, 17.869117429940356 ], [ -93.350019600040369, 17.869211829986845 ], [ -93.350058769830795, 17.869423079749634 ], [ -93.350042229631271, 17.869754979565361 ], [ -93.350010629678437, 17.870389030102288 ], [ -93.349863659600928, 17.870978139706001 ], [ -93.349642980279981, 17.871661549991899 ], [ -93.349446909820088, 17.872344950062857 ], [ -93.349366460389831, 17.872790680273678 ], [ -93.349349090113549, 17.872886889790923 ], [ -93.349325219703459, 17.873546549534638 ], [ -93.349362889649399, 17.873785319633413 ], [ -93.349386339512179, 17.873934000406827 ], [ -93.349399539766367, 17.874017659786148 ], [ -93.349522949526545, 17.874370910420669 ], [ -93.349744820037614, 17.874771170328678 ], [ -93.350262019946385, 17.875241819737155 ], [ -93.350385289536973, 17.875489060086412 ], [ -93.350508580103394, 17.875736289843427 ], [ -93.350582769651538, 17.876066029746003 ], [ -93.350509519925751, 17.8765843996235 ], [ -93.350448430071367, 17.876961400021838 ], [ -93.350387339938464, 17.877338399717896 ], [ -93.350369909633287, 17.877566920131411 ], [ -93.350338829824878, 17.877974519953877 ], [ -93.350232979900085, 17.878364750415358 ], [ -93.350191819750407, 17.878516510346241 ], [ -93.350117600434999, 17.878902510447357 ], [ -93.350069489688451, 17.879152720232106 ], [ -93.349971750119408, 17.879765340044248 ], [ -93.349947690311993, 17.880260089911115 ], [ -93.349948230270059, 17.880754819661188 ], [ -93.350047279838066, 17.881320119769338 ], [ -93.350023369951842, 17.881956219945987 ], [ -93.34997485994954, 17.882592350347355 ], [ -93.349778450032844, 17.882969480010694 ], [ -93.349532819640132, 17.883346660312618 ], [ -93.349478970093728, 17.883401779958451 ], [ -93.349164149735657, 17.883723970176003 ], [ -93.348918549827175, 17.884124719859468 ], [ -93.348866880060598, 17.884189800228512 ], [ -93.348525420316136, 17.884619850323656 ], [ -93.348181349833141, 17.884997120425528 ], [ -93.347886649787512, 17.885492150001618 ], [ -93.34764084984603, 17.885727979845026 ], [ -93.346946540168375, 17.886040449907295 ], [ -93.346853880014422, 17.886082149747139 ], [ -93.346281830443075, 17.8865443498355 ], [ -93.345586940105761, 17.887105819626019 ], [ -93.345452619843428, 17.887214350432696 ], [ -93.345108370224835, 17.887426719854751 ], [ -93.344788849722335, 17.887756860178314 ], [ -93.344493919535665, 17.888063399876856 ], [ -93.344395710021004, 17.888263750410989 ], [ -93.344297510385815, 17.888464089757207 ], [ -93.344150860162088, 17.889383020324058 ], [ -93.3441023502821, 17.890042709991327 ], [ -93.344225939718214, 17.890560859934894 ], [ -93.344349369548141, 17.890937679863303 ], [ -93.344453370159087, 17.891482140188153 ], [ -93.344497830156712, 17.891714950044694 ], [ -93.34455967954996, 17.892021150310114 ], [ -93.344621519793151, 17.892327350152666 ], [ -93.344621940084792, 17.892716080247823 ], [ -93.344622350004514, 17.893104780090706 ], [ -93.344610419675107, 17.893446380375977 ], [ -93.34459847954983, 17.893788000208414 ], [ -93.344575850159458, 17.893888150236236 ], [ -93.344476030000152, 17.89432996972819 ], [ -93.344255119697337, 17.894848480095163 ], [ -93.344009619991596, 17.895367000078583 ], [ -93.343640950305598, 17.895767860266091 ], [ -93.34312510959478, 17.896592909628641 ], [ -93.343026969563638, 17.896875710122249 ], [ -93.342928849980225, 17.897158510072629 ], [ -93.342560580305957, 17.897936290206296 ], [ -93.342364249789881, 17.898431220401839 ], [ -93.342143650300756, 17.899232420264056 ], [ -93.342134779760244, 17.899348460277871 ], [ -93.342095089857722, 17.899868539659781 ], [ -93.341997250115512, 17.900410479898266 ], [ -93.341850120354195, 17.90090534029531 ], [ -93.341678450199865, 17.901447350365967 ], [ -93.341555970113063, 17.901965750075963 ], [ -93.341384419776901, 17.90262556993687 ], [ -93.341261919561546, 17.903143970235323 ], [ -93.341016120263447, 17.903403349890073 ], [ -93.340770079684148, 17.90342714957584 ], [ -93.340376449943776, 17.903521770054034 ], [ -93.339859769571405, 17.903592940421106 ], [ -93.339195460435661, 17.903687819997071 ], [ -93.338408119941164, 17.903782800015478 ], [ -93.337596180219776, 17.903877820093115 ], [ -93.33639100026798, 17.904444369641119 ], [ -93.336289029950905, 17.904594370385336 ], [ -93.336077859569357, 17.90490503019252 ], [ -93.336022450148164, 17.904986550179746 ], [ -93.335983379719593, 17.90528809032201 ], [ -93.335973620306603, 17.905363539939792 ], [ -93.335998879949557, 17.905999600163028 ], [ -93.336069349924415, 17.906335230257913 ], [ -93.33612282970013, 17.906894690415609 ], [ -93.336124940260319, 17.906935250357655 ], [ -93.336137569968585, 17.907178169705229 ], [ -93.336155139741152, 17.90751617019971 ], [ -93.336173030077603, 17.907860540017953 ], [ -93.33619025999387, 17.907940280109134 ], [ -93.33624185975377, 17.908178979810575 ], [ -93.33631016958779, 17.908495049919786 ], [ -93.336346109854404, 17.908661369618393 ], [ -93.336377860099674, 17.90877489012572 ], [ -93.336451889545899, 17.909028859887222 ], [ -93.33659857040972, 17.909327679740734 ], [ -93.336751820107736, 17.9096398301911 ], [ -93.336814819673322, 17.909768150214887 ], [ -93.336881750103146, 17.909972550041516 ], [ -93.337025060095826, 17.910410030301179 ], [ -93.337061660319748, 17.910521799993717 ], [ -93.337151889706533, 17.910868509676583 ], [ -93.337182909779202, 17.911019220386091 ], [ -93.337195480071955, 17.911113920276687 ], [ -93.337233369970605, 17.911225679552658 ], [ -93.337261739508719, 17.911333380364297 ], [ -93.337290079586083, 17.911423139947367 ], [ -93.337352859669494, 17.911530780396639 ], [ -93.337403999599687, 17.911650769746988 ], [ -93.337471919766514, 17.911759109932625 ], [ -93.337583340029411, 17.911840779663709 ], [ -93.337711920260361, 17.911947000109041 ], [ -93.337804279537991, 17.912016710086338 ], [ -93.337994880378361, 17.912142339780615 ], [ -93.338031770188124, 17.912403340196285 ], [ -93.338042339875074, 17.912478149639327 ], [ -93.338136749737174, 17.912881089699219 ], [ -93.338137090256097, 17.913060249675329 ], [ -93.338202080056604, 17.913142800120212 ], [ -93.338301260127395, 17.913216710013916 ], [ -93.338465349538353, 17.913328400373185 ], [ -93.338629450270304, 17.913440080342486 ], [ -93.338910600271092, 17.913551549767096 ], [ -93.338950020164887, 17.91356910982422 ], [ -93.339000520017166, 17.913761679794508 ], [ -93.339053740094471, 17.913964620272093 ], [ -93.339165800137195, 17.914391880407347 ], [ -93.339182090364375, 17.914454000025547 ], [ -93.339305650244185, 17.91494862002833 ], [ -93.339232420399014, 17.915514089797501 ], [ -93.33918370996534, 17.916008860159252 ], [ -93.339174779691334, 17.91615236953756 ], [ -93.339138020260435, 17.916742739817089 ], [ -93.339135310385615, 17.916786320253664 ], [ -93.339065939735306, 17.917142479899656 ], [ -93.339136120101415, 17.917563749989057 ], [ -93.339156799527757, 17.917740340159732 ], [ -93.339210619704531, 17.918199749656626 ], [ -93.339210649743947, 17.918235679729687 ], [ -93.339211150149595, 17.918718050220914 ], [ -93.339190449744621, 17.918770230130878 ], [ -93.339014800375097, 17.919212950046983 ], [ -93.338963940187128, 17.91944123007428 ], [ -93.338897379821901, 17.919740029822709 ], [ -93.338867829591877, 17.919872740326561 ], [ -93.338857649635486, 17.920132910375575 ], [ -93.338843849958053, 17.920485280110533 ], [ -93.33896744971878, 17.921003430418601 ], [ -93.339214079550402, 17.921521479736256 ], [ -93.339460689909288, 17.922015970107694 ], [ -93.339707289894363, 17.922486890236172 ], [ -93.340150659660551, 17.922863400301843 ], [ -93.340766740433054, 17.923640230456119 ], [ -93.340804835150095, 17.923977394332333 ], [ -93.340841260114189, 17.924299780127331 ], [ -93.340824909912598, 17.924433949620198 ], [ -93.340743659734471, 17.925100859877176 ], [ -93.340621279624102, 17.925737060083073 ], [ -93.340708553632453, 17.926317673375912 ], [ -93.340844339952028, 17.927221019601152 ], [ -93.340976618135173, 17.927797035912871 ], [ -93.341017420261878, 17.927974710400122 ], [ -93.341165890049808, 17.92875197959329 ], [ -93.341141950056581, 17.929388089866997 ], [ -93.340896850117161, 17.930330660144556 ], [ -93.340811230226436, 17.930544380438189 ], [ -93.340528649878863, 17.931249799606398 ], [ -93.340160339771344, 17.932074690172069 ], [ -93.34006634981516, 17.932405860023209 ], [ -93.339939650048549, 17.932852339811252 ], [ -93.339739570334203, 17.933188280396433 ], [ -93.339644830228636, 17.933347339569487 ], [ -93.339460569678309, 17.933653780248395 ], [ -93.339276310248295, 17.933960220054455 ], [ -93.339104220185632, 17.934148850368761 ], [ -93.338932140078725, 17.934337480238934 ], [ -93.33861261969264, 17.934761830096505 ], [ -93.33799806025786, 17.935469179807093 ], [ -93.337580059871243, 17.935846510066298 ], [ -93.337321880019701, 17.93608233967052 ], [ -93.33706368973796, 17.936318170176332 ], [ -93.336942164273779, 17.936405593925624 ], [ -93.336703450362691, 17.936577319805004 ], [ -93.336670199791286, 17.936601250424253 ], [ -93.336153380255666, 17.936648859915099 ], [ -93.335894880076694, 17.936554879941266 ], [ -93.335636350276687, 17.936460879682969 ], [ -93.335094490015138, 17.936084460150724 ], [ -93.334601450005678, 17.935283949734483 ], [ -93.33405902955387, 17.934342119921279 ], [ -93.3338124597594, 17.933894749971476 ], [ -93.333477749969759, 17.933848079642772 ], [ -93.332785139727335, 17.933380800122745 ], [ -93.331695690341235, 17.932802709725593 ], [ -93.331089689569254, 17.932483479711347 ], [ -93.330730089849908, 17.932294050102552 ], [ -93.330331380393815, 17.93185036992282 ], [ -93.330202829831819, 17.931638999650264 ], [ -93.329704690263128, 17.930819919868661 ], [ -93.329451080453182, 17.930139150046934 ], [ -93.328901580277915, 17.929414250389996 ], [ -93.32861059764312, 17.928890551650209 ], [ -93.328550050216052, 17.928781580174341 ], [ -93.328153660392047, 17.928549950392423 ], [ -93.327657799550877, 17.928225060185785 ], [ -93.327139380477831, 17.928088889892305 ], [ -93.326473309775437, 17.927954199971413 ], [ -93.32628937015096, 17.927942510253192 ], [ -93.325832860187859, 17.927913509768818 ], [ -93.325828010680482, 17.92791376038727 ], [ -93.325267030148282, 17.927942739563978 ], [ -93.324702489876032, 17.928089779950586 ], [ -93.3241874301265, 17.928259879981368 ], [ -93.323476750133167, 17.92854974976834 ], [ -93.323282820404017, 17.928703849703602 ], [ -93.323086309876402, 17.928859980158027 ], [ -93.322719169663159, 17.929052149552167 ], [ -93.322204369958399, 17.929245820241942 ], [ -93.321810820016836, 17.929273319858744 ], [ -93.321196779772194, 17.929397279718685 ], [ -93.320314487513926, 17.929332727788125 ], [ -93.320063580090704, 17.929314369751996 ], [ -93.319694380146188, 17.929318060370363 ], [ -93.319085129998513, 17.929541020794002 ], [ -93.319032420357019, 17.929560310154212 ], [ -93.318854917623199, 17.92964340875848 ], [ -93.318518119793211, 17.929801079722001 ], [ -93.317980230234099, 17.93013633988765 ], [ -93.317589000420199, 17.930375859779637 ], [ -93.317221340424595, 17.930520910012834 ], [ -93.316556539580887, 17.930503999859962 ], [ -93.316063769651947, 17.930461780077128 ], [ -93.315646370188119, 17.930560199666395 ], [ -93.315253600416852, 17.930658369933226 ], [ -93.314859779779241, 17.930662310277025 ], [ -93.314465720332095, 17.930642680149226 ], [ -93.314298791775045, 17.930665681402946 ], [ -93.31411849329487, 17.930690525232219 ], [ -93.314097049997855, 17.930693480077615 ], [ -93.313912216865702, 17.930749348331101 ], [ -93.313532740107561, 17.930864050232923 ], [ -93.313116110131219, 17.931033140065956 ], [ -93.312724089721783, 17.931201979876501 ], [ -93.31235618037617, 17.931323460463037 ], [ -93.311939820368536, 17.931516110466003 ], [ -93.311402170431947, 17.931874909745517 ], [ -93.311012709823387, 17.932279340346668 ], [ -93.310504260151632, 17.933061970039851 ], [ -93.310335721652081, 17.933264221933428 ], [ -93.310000289222998, 17.933666748345612 ], [ -93.309969679969711, 17.933703480365917 ], [ -93.309410720126351, 17.93436880005077 ], [ -93.308900750456971, 17.935010060054161 ], [ -93.308720387435869, 17.935175313170735 ], [ -93.308702336062808, 17.935191851911391 ], [ -93.308612902807582, 17.935273793558316 ], [ -93.308603425452887, 17.935282477389485 ], [ -93.308510770094429, 17.935367369733033 ], [ -93.308507879652694, 17.93536925542648 ], [ -93.308496597133924, 17.93537661784843 ], [ -93.30847392245613, 17.935391415131562 ], [ -93.308471378467431, 17.935393075460176 ], [ -93.308385280164217, 17.935449259814522 ], [ -93.308070780237529, 17.935654489929004 ], [ -93.30770388035603, 17.935870220198176 ], [ -93.307335449570047, 17.935944550164628 ], [ -93.306965447305757, 17.93597038452311 ], [ -93.306941880018528, 17.935972030185329 ], [ -93.306935403813824, 17.935970079606669 ], [ -93.306642364160041, 17.935881824728344 ], [ -93.306035321557331, 17.935698998092473 ], [ -93.305805830261988, 17.935629880089717 ], [ -93.30568441523549, 17.935613895277918 ], [ -93.305566604121168, 17.935598385166983 ], [ -93.305140230468609, 17.935542250009792 ], [ -93.304426949853664, 17.935596449818163 ], [ -93.303764768497288, 17.935697072338048 ], [ -93.303763398436089, 17.935697277160532 ], [ -93.303407205033352, 17.935752561017491 ], [ -93.303014232847829, 17.93581354859953 ], [ -93.302952430371221, 17.935823139773877 ], [ -93.302698340726877, 17.935895365679958 ], [ -93.302437079643028, 17.935969630150542 ], [ -93.302186701560146, 17.936052275429699 ], [ -93.302133505921205, 17.936069834407867 ], [ -93.302069140333018, 17.936091079572833 ], [ -93.302015782826416, 17.936115560720836 ], [ -93.301953625447993, 17.936144079587404 ], [ -93.301794764426077, 17.936216965528789 ], [ -93.301701710041542, 17.936259659595567 ], [ -93.301532480366347, 17.936544089915895 ], [ -93.301413479694418, 17.936922280237869 ], [ -93.301122179707008, 17.937302149952405 ], [ -93.300706289905207, 17.93754190996831 ], [ -93.300192969791851, 17.937876859792031 ], [ -93.299654000376606, 17.938117820447697 ], [ -93.299237340378227, 17.938286879571468 ], [ -93.298869150357348, 17.938384779588915 ], [ -93.298475079659028, 17.93836512034984 ], [ -93.298278920077706, 17.938437740242808 ], [ -93.298009690060184, 17.938581780303238 ], [ -93.297912628558308, 17.938772484570947 ], [ -93.297877019220792, 17.938842448068861 ], [ -93.297758412122107, 17.93907548414148 ], [ -93.297744519680379, 17.939102779774238 ], [ -93.297553824631763, 17.939363978552265 ], [ -93.297458672744781, 17.939494309371202 ], [ -93.29741912747977, 17.939548474903482 ], [ -93.29738064966962, 17.939601179750625 ], [ -93.297114219771828, 17.940004379812027 ], [ -93.296698819723474, 17.940291249560222 ], [ -93.295893150359873, 17.940911830032864 ], [ -93.295527489818056, 17.941245320011426 ], [ -93.295431570178337, 17.941481889922724 ], [ -93.295361020301513, 17.94178891009064 ], [ -93.295368460510574, 17.94181223050364 ], [ -93.295381954766526, 17.941854528596977 ], [ -93.295399221174335, 17.941908651170518 ], [ -93.295432911212657, 17.942014251085556 ], [ -93.295615799561773, 17.942587509803165 ], [ -93.296441029697974, 17.943781049889402 ], [ -93.297710939257428, 17.94630857237237 ], [ -93.297925320442076, 17.94673524958483 ], [ -93.298044619811549, 17.946974659867788 ], [ -93.298237650476196, 17.947362059661145 ], [ -93.298252429969821, 17.947391750268828 ], [ -93.2983806000708, 17.94786174035746 ], [ -93.297893119891668, 17.94831424986981 ], [ -93.29738026043546, 17.948696319934452 ], [ -93.296670480167407, 17.949080340302142 ], [ -93.29600965969496, 17.949440309697671 ], [ -93.295470909670655, 17.949704820183108 ], [ -93.295220630219774, 17.950300787660066 ], [ -93.294822120069526, 17.951249710353661 ], [ -93.294654970386304, 17.951647719610168 ], [ -93.294655398591189, 17.951907360308631 ], [ -93.294657206540705, 17.953002544695607 ], [ -93.294657819558523, 17.953373589635738 ], [ -93.294657859872444, 17.953398280042425 ], [ -93.29458194029435, 17.955605630401347 ], [ -93.293549829738296, 17.957129419743637 ], [ -93.292201807847221, 17.957968507301274 ], [ -93.291918921579295, 17.958144590173482 ], [ -93.290608079887193, 17.958960510314022 ], [ -93.288381049594477, 17.960537829654044 ], [ -93.287811293864962, 17.960941351185081 ], [ -93.287707459698026, 17.961014890078793 ], [ -93.287657160396677, 17.961096547602303 ], [ -93.286988370238902, 17.962182280427868 ], [ -93.286959050146137, 17.962226140306896 ], [ -93.286907851700448, 17.962302704108847 ], [ -93.286648019017832, 17.962691263005389 ], [ -93.286276090442485, 17.963247449728406 ], [ -93.286216328824906, 17.96333681898685 ], [ -93.285243689593756, 17.9647913101409 ], [ -93.284466519833359, 17.965788570329959 ], [ -93.283836310231067, 17.966713689614288 ], [ -93.283225649569573, 17.967167370411786 ], [ -93.283021180111547, 17.967478720264904 ], [ -93.283007619583074, 17.967499379699714 ], [ -93.282960880074043, 17.967658220069712 ], [ -93.282722539538511, 17.968468249992338 ], [ -93.282657419528363, 17.968751520336937 ], [ -93.282510820268129, 17.969389249908172 ], [ -93.28232218014314, 17.970168660313174 ], [ -93.282238770031753, 17.97036286021752 ], [ -93.282057939887792, 17.970783879553291 ], [ -93.281843169864516, 17.971422169734744 ], [ -93.281652020236237, 17.97196598036431 ], [ -93.281658569951858, 17.972578539934311 ], [ -93.281673719649902, 17.972936000162495 ], [ -93.281691510251775, 17.973355770299978 ], [ -93.281772679759001, 17.974038290438685 ], [ -93.281782778036245, 17.974117838464405 ], [ -93.281853340245846, 17.974673680106758 ], [ -93.281906620083831, 17.975050149917674 ], [ -93.281861830346429, 17.975305180223238 ], [ -93.281790569669866, 17.975711050088979 ], [ -93.281556479680006, 17.976844339993374 ], [ -93.281195750158233, 17.977649000164714 ], [ -93.280981489907887, 17.97833440013202 ], [ -93.280889820149511, 17.978971489910165 ], [ -93.280971480450077, 17.979701119728393 ], [ -93.281252630396096, 17.98066443022357 ], [ -93.281333289941827, 17.981299820231172 ], [ -93.281336289558823, 17.981499419776569 ], [ -93.281437319717085, 17.981817169584929 ], [ -93.281423516263104, 17.982215004535973 ], [ -93.281418510227837, 17.982359290330677 ], [ -93.281127090211086, 17.982739139964107 ], [ -93.280858779526284, 17.982977400320625 ], [ -93.280468379682631, 17.983311090009984 ], [ -93.279955399703908, 17.983693120148626 ], [ -93.279672629819999, 17.983838419568588 ], [ -93.27944113994549, 17.983957350155926 ], [ -93.279075860408042, 17.984337920445089 ], [ -93.278954989101507, 17.984527262207639 ], [ -93.278833680008745, 17.984717289599875 ], [ -93.278638719532424, 17.984907710404045 ], [ -93.278444779720985, 17.985192349791589 ], [ -93.278408418123362, 17.985220777523136 ], [ -93.278322689637278, 17.985287800791049 ], [ -93.278322023441234, 17.985283094595562 ], [ -93.278296059044507, 17.985099550374919 ], [ -93.278317398666175, 17.984793046723485 ], [ -93.278436738924839, 17.984438435309276 ], [ -93.278529919364018, 17.983942710887408 ], [ -93.278525904232467, 17.983565750058656 ], [ -93.278471629590854, 17.983095046803562 ], [ -93.278344749346701, 17.982742850876665 ], [ -93.278219889170956, 17.982579120397599 ], [ -93.278046048900123, 17.982439460154659 ], [ -93.277725009892208, 17.982348360485187 ], [ -93.277724968908799, 17.982348349943656 ], [ -93.277475887344735, 17.982299821577556 ], [ -93.277379538224693, 17.982281050250311 ], [ -93.277378006658466, 17.982281345116963 ], [ -93.277354764938124, 17.982285817711251 ], [ -93.277237177297906, 17.982308443617132 ], [ -93.276863519594755, 17.982380341234496 ], [ -93.276376195781424, 17.982547126950674 ], [ -93.276299462554022, 17.98257338873308 ], [ -93.276293828218925, 17.98257531704294 ], [ -93.276236138704135, 17.98259506070664 ], [ -93.276225649057608, 17.982598651082736 ], [ -93.2762143903485, 17.982604671644584 ], [ -93.275956337732481, 17.982742660370963 ], [ -93.275415949256711, 17.98286574836342 ], [ -93.274923288489077, 17.982847000522863 ], [ -93.274922382728519, 17.982846625214901 ], [ -93.274255538103944, 17.982570780052441 ], [ -93.273735250630594, 17.98226955042135 ], [ -93.273362679237238, 17.981966880437685 ], [ -93.272715780217382, 17.981337020434601 ], [ -93.27161519495111, 17.979721950380601 ], [ -93.270940427994958, 17.978786030280109 ], [ -93.270845441659162, 17.978655402971672 ], [ -93.270140828089538, 17.977686399944506 ], [ -93.269490949440552, 17.976773801175163 ], [ -93.268159598926161, 17.974289150371906 ], [ -93.267135918961074, 17.973249286221314 ], [ -93.266964878390013, 17.973075540520519 ], [ -93.265971118671928, 17.972236969655643 ], [ -93.265521479497181, 17.971628720350214 ], [ -93.265098968846274, 17.971255829663267 ], [ -93.264965884771541, 17.971214806659017 ], [ -93.264357909651565, 17.971027399588337 ], [ -93.263543000086131, 17.970799710261396 ], [ -93.262630349155486, 17.970643631117646 ], [ -93.261865177581839, 17.970462550274526 ], [ -93.261467799921689, 17.970136541183575 ], [ -93.261242489418393, 17.96978528990417 ], [ -93.261038818998031, 17.969151080500566 ], [ -93.260884620269636, 17.968539950994703 ], [ -93.260849779028661, 17.967574230210854 ], [ -93.260793819095269, 17.966938580329931 ], [ -93.26066524883376, 17.966421458297983 ], [ -93.26048916817912, 17.966069740041686 ], [ -93.259695658749379, 17.96553549078719 ], [ -93.259149089164126, 17.965069540995994 ], [ -93.258383451028891, 17.964841336059489 ], [ -93.257838373443676, 17.96451674327815 ], [ -93.257462649440782, 17.963907751266941 ], [ -93.257063280381445, 17.963393251121321 ], [ -93.256714910187242, 17.963043181076284 ], [ -93.256628795067456, 17.962992450768414 ], [ -93.256357688292255, 17.962832739617408 ], [ -93.256302176210426, 17.962800032705996 ], [ -93.256251319534059, 17.962770068168695 ], [ -93.256046003731797, 17.962649096638049 ], [ -93.255502430104599, 17.962465860475287 ], [ -93.254984220023758, 17.962353060499513 ], [ -93.254365799747021, 17.962076289743543 ], [ -93.254359965727218, 17.962075776717956 ], [ -93.25315830990165, 17.961970150001022 ], [ -93.251066315549295, 17.962037479735248 ], [ -93.251062203979501, 17.962036852565884 ], [ -93.249759369010562, 17.961838022689829 ], [ -93.248082407611918, 17.961571434443268 ], [ -93.247266820825573, 17.961272975982688 ], [ -93.247266697995371, 17.96127292803321 ], [ -93.247266579052678, 17.961272878499347 ], [ -93.246613399491352, 17.960988480843071 ], [ -93.246401249057442, 17.960904310067452 ], [ -93.246303050080243, 17.960828249652476 ], [ -93.245968871116048, 17.960569412294713 ], [ -93.245952357526306, 17.960556621526468 ], [ -93.245830349658576, 17.960462119844024 ], [ -93.245309429667742, 17.960090139552559 ], [ -93.244377430430816, 17.959108739876559 ], [ -93.242941510201092, 17.956674970138693 ], [ -93.242223549859631, 17.955458089692108 ], [ -93.24190742009273, 17.95324254946841 ], [ -93.241821799752131, 17.952642479667496 ], [ -93.241341399859778, 17.950511939732639 ], [ -93.240920979597618, 17.950094689752998 ], [ -93.240133279581684, 17.950102250142084 ], [ -93.239448594861727, 17.949981064018665 ], [ -93.238480169845204, 17.949809652059908 ], [ -93.236976289600634, 17.949543450392536 ], [ -93.233769120022913, 17.948890819951291 ], [ -93.232586579981302, 17.948807879593524 ], [ -93.230961219818596, 17.948752709891423 ], [ -93.229979520243035, 17.949044830064029 ], [ -93.228975430381894, 17.949549229587149 ], [ -93.227724919839645, 17.950032400336756 ], [ -93.225399369883348, 17.95130334980572 ], [ -93.222930739531193, 17.953023340339008 ], [ -93.221121319882329, 17.954218660039057 ], [ -93.21953077005243, 17.955152690095904 ], [ -93.218970397256385, 17.955667574676269 ], [ -93.218793050752566, 17.95583052358711 ], [ -93.218701600041086, 17.955914550056203 ], [ -93.21854733954541, 17.956030480066168 ], [ -93.217431259579797, 17.956869110296694 ], [ -93.216990599985976, 17.957108909571456 ], [ -93.21653441967328, 17.957332629932715 ], [ -93.216451710121447, 17.957373200448703 ], [ -93.216033939699869, 17.957447829753686 ], [ -93.215717090032115, 17.957492850290123 ], [ -93.215672119984987, 17.957474369890456 ], [ -93.215655988756126, 17.957467742052685 ], [ -93.215392939712913, 17.957359660190871 ], [ -93.21502027981461, 17.957033309851894 ], [ -93.214821629644661, 17.956870250042051 ], [ -93.214211109928627, 17.95673209026053 ], [ -93.213995220124943, 17.956768740175761 ], [ -93.213411449746516, 17.957030949883091 ], [ -93.212658750032617, 17.957220580102721 ], [ -93.211090309976598, 17.957918720390605 ], [ -93.210003250075005, 17.958693579670065 ], [ -93.208784909918407, 17.959410860164052 ], [ -93.207358770230314, 17.960637939926901 ], [ -93.206680319677162, 17.960203659960989 ], [ -93.206319282579258, 17.959997268439071 ], [ -93.2061005403487, 17.959872220345186 ], [ -93.205529690012625, 17.959758180388416 ], [ -93.204988169994095, 17.959625750229161 ], [ -93.204319780167992, 17.9593622500404 ], [ -93.203897849519834, 17.959162430259738 ], [ -93.203801740096509, 17.959102859932678 ], [ -93.203694020354575, 17.959036089920204 ], [ -93.203499309715539, 17.958936140412497 ], [ -93.202800349849539, 17.958215920026284 ], [ -93.202213970182029, 17.957864079971383 ], [ -93.201517429895162, 17.957288090121512 ], [ -93.20099053954894, 17.956619120376335 ], [ -93.20074339986958, 17.956371430441937 ], [ -93.200295400479547, 17.956251739718795 ], [ -93.199889339882077, 17.956290109857168 ], [ -93.199524950382511, 17.956287339803531 ], [ -93.199026479658301, 17.956116800127734 ], [ -93.198411619539087, 17.955991770032522 ], [ -93.197121369984885, 17.956093659629175 ], [ -93.195703999915494, 17.955589369793781 ], [ -93.194506259979136, 17.955594060115693 ], [ -93.19361734981787, 17.955856679667491 ], [ -93.19280422025075, 17.956035659614273 ], [ -93.192281491940477, 17.956100818653852 ], [ -93.192241288419751, 17.9561058313964 ], [ -93.192241067040712, 17.956105859134588 ], [ -93.192214115988833, 17.956109222101116 ], [ -93.192099437683169, 17.956123518635529 ], [ -93.192099180065028, 17.956123550582252 ], [ -93.192001579532274, 17.956135720321388 ], [ -93.191953753906517, 17.956113073957592 ], [ -93.191213539635854, 17.95576256960031 ], [ -93.190635660402833, 17.955381370388039 ], [ -93.190271120402713, 17.955092509654918 ], [ -93.190261422211364, 17.95508736927361 ], [ -93.190214741935094, 17.955062625515254 ], [ -93.189733678731187, 17.954807631094837 ], [ -93.18917307898316, 17.954399120674704 ], [ -93.1887273687761, 17.954002850623237 ], [ -93.188619019315794, 17.953845401023248 ], [ -93.188459109631367, 17.953634987349051 ], [ -93.188231449328015, 17.953081850896183 ], [ -93.188157619001515, 17.952969150647611 ], [ -93.188113178820302, 17.952854540876466 ], [ -93.187750976879698, 17.951933861361088 ], [ -93.187550830316908, 17.951060917464986 ], [ -93.187550818826693, 17.951060860621226 ], [ -93.187181245878207, 17.950296741193661 ], [ -93.187048585539188, 17.949355539971094 ], [ -93.187048578995856, 17.949355479795003 ], [ -93.187106913958104, 17.948635750303886 ], [ -93.187106918671887, 17.948635691696747 ], [ -93.187214567364705, 17.948215270765502 ], [ -93.18721458010053, 17.948215219878133 ], [ -93.186553060052518, 17.947563430054668 ], [ -93.186011019212472, 17.947041180817639 ], [ -93.185475419043144, 17.946598800632653 ], [ -93.185045653887883, 17.946144631300218 ], [ -93.18497667912429, 17.945664321181273 ], [ -93.184923127913535, 17.945249879419723 ], [ -93.184886888973594, 17.944969420558738 ], [ -93.184447626130435, 17.944253231324812 ], [ -93.184318685610833, 17.943331491309994 ], [ -93.184318679069065, 17.943331431134386 ], [ -93.183834539650064, 17.942783849569338 ], [ -93.183332149651562, 17.942195430075358 ], [ -93.183046800482316, 17.941507179612351 ], [ -93.183039062361061, 17.941298989396227 ], [ -93.183029459679446, 17.941040629715825 ], [ -93.183076740408836, 17.940624800060515 ], [ -93.18314389019055, 17.940309050244203 ], [ -93.182726720430395, 17.940143880192366 ], [ -93.182068049868889, 17.939874520132509 ], [ -93.181378459561699, 17.939584889840738 ], [ -93.181040049648672, 17.939468000271525 ], [ -93.180348939199206, 17.93928591018188 ], [ -93.180348739778893, 17.939285891181402 ], [ -93.179511089245779, 17.939199451364569 ], [ -93.178992385346817, 17.938902859367911 ], [ -93.178992318725292, 17.938902821016349 ], [ -93.178992214704877, 17.938902863803708 ], [ -93.178990903201111, 17.938903404325089 ], [ -93.178635396351496, 17.939049855503409 ], [ -93.178243659832589, 17.939211230221822 ], [ -93.177247380257427, 17.939185859756062 ], [ -93.1764684289233, 17.939146490355256 ], [ -93.176468228922772, 17.939146480374472 ], [ -93.176468028269824, 17.939146465825651 ], [ -93.175673649489582, 17.939083537588505 ], [ -93.175673448894813, 17.939083522136094 ], [ -93.175673289490931, 17.939083572526371 ], [ -93.174825288312775, 17.939355769118315 ], [ -93.174825089554233, 17.93935582805776 ], [ -93.173997520320569, 17.939597690455859 ], [ -93.173435119652723, 17.939730649927746 ], [ -93.172663710364034, 17.939737080098503 ], [ -93.172159149641928, 17.939476679924692 ], [ -93.171531709917673, 17.939276659560321 ], [ -93.170962629762855, 17.938949170075269 ], [ -93.17051299976076, 17.938675749550701 ], [ -93.170137580380143, 17.938303799590038 ], [ -93.169941569622111, 17.937856169959776 ], [ -93.169650980277936, 17.937508310313824 ], [ -93.169098309770035, 17.937256279774424 ], [ -93.168511740319843, 17.936951460360088 ], [ -93.16836077031094, 17.936460260627484 ], [ -93.168366879808019, 17.936093950090477 ], [ -93.168372719863484, 17.935732395280837 ], [ -93.168377018834377, 17.935466230569858 ], [ -93.16837701990066, 17.93546616993698 ], [ -93.16835413590205, 17.935462069021227 ], [ -93.16785346011298, 17.935372350406027 ], [ -93.167310539745159, 17.93523597992181 ], [ -93.166546309822664, 17.935125220336673 ], [ -93.166272344608117, 17.935076304551338 ], [ -93.1659657996927, 17.935021570427594 ], [ -93.165406150029355, 17.935049140372492 ], [ -93.165195260838075, 17.935112956248844 ], [ -93.165144825847193, 17.935128218123126 ], [ -93.165129750002137, 17.935132779797851 ], [ -93.164859064165952, 17.935320708241399 ], [ -93.164767845630834, 17.935384038386612 ], [ -93.164538549689766, 17.935543229654925 ], [ -93.163348950054115, 17.936237549693587 ], [ -93.162365029898069, 17.936237459545708 ], [ -93.161668818535787, 17.936320420694098 ], [ -93.161668616993822, 17.936320464051004 ], [ -93.161400843729041, 17.936375772310647 ], [ -93.161400709406237, 17.936375800613348 ], [ -93.161400643791822, 17.936375761407266 ], [ -93.161030460090061, 17.936154597344018 ], [ -93.160842139856086, 17.936042086737288 ], [ -93.160537775450479, 17.935860244943552 ], [ -93.160521393761044, 17.935850457310568 ], [ -93.160489680154498, 17.935831510244949 ], [ -93.160252344070585, 17.93584324720322 ], [ -93.160204723972441, 17.935845602368868 ], [ -93.159932179760432, 17.935859080100659 ], [ -93.159221769957156, 17.935928260044943 ], [ -93.158305799576581, 17.936308049620806 ], [ -93.158275750296212, 17.936311830099481 ], [ -93.158244429924835, 17.936315772817547 ], [ -93.158224630032009, 17.936318266429886 ], [ -93.158222640615591, 17.936318516683389 ], [ -93.157871259631548, 17.936362780931031 ], [ -93.157843720960628, 17.936347516094333 ], [ -93.157779924427544, 17.936312156332846 ], [ -93.15763769034092, 17.936233322473978 ], [ -93.157627689219126, 17.93622778069188 ], [ -93.157599672083236, 17.936208606606986 ], [ -93.157589010856384, 17.936201310923277 ], [ -93.157506235547004, 17.936144664864958 ], [ -93.157274785737201, 17.935986272124534 ], [ -93.157124289425894, 17.935883279859173 ], [ -93.157046726341392, 17.935783639849554 ], [ -93.156951319653444, 17.935661080242159 ], [ -93.156744255994596, 17.935576619819273 ], [ -93.156555849499725, 17.935499769775859 ], [ -93.155890798961508, 17.935458740509628 ], [ -93.155356925193075, 17.93529356166276 ], [ -93.155325280400959, 17.935283770877614 ], [ -93.154590887830665, 17.935146281246922 ], [ -93.154590688186872, 17.935146265822127 ], [ -93.153958198779492, 17.935094556770327 ], [ -93.153957998193079, 17.935094541288947 ], [ -93.153957797792515, 17.935094537595401 ], [ -93.153692340176562, 17.935093893804606 ], [ -93.153452720359709, 17.935093310366327 ], [ -93.153163533027495, 17.935222478848598 ], [ -93.153056489530499, 17.935270289537936 ], [ -93.152346659204383, 17.935385800438606 ], [ -93.15170387925707, 17.935271050525586 ], [ -93.151339547788979, 17.93517720970998 ], [ -93.15115560035504, 17.935129831204705 ], [ -93.150680270922393, 17.935032673575225 ], [ -93.150503888143646, 17.93499662072815 ], [ -93.150503688966538, 17.934996598078172 ], [ -93.150304540042683, 17.934972793689031 ], [ -93.150304341866743, 17.934972770192022 ], [ -93.150304142747871, 17.93497274663935 ], [ -93.149688816483845, 17.934899196364036 ], [ -93.149688618308119, 17.934899172866331 ], [ -93.14889741791697, 17.934505622094758 ], [ -93.148615993397712, 17.93413123316892 ], [ -93.148490178422463, 17.933963861050945 ], [ -93.147938772076657, 17.933358321093198 ], [ -93.147606827215554, 17.932778627428188 ], [ -93.147592827825875, 17.932754182121208 ], [ -93.147049688912773, 17.932594201141562 ], [ -93.146409710571007, 17.932576485553099 ], [ -93.146409509348103, 17.932576479988811 ], [ -93.146409308718304, 17.932576479895129 ], [ -93.146360917446827, 17.932576922412764 ], [ -93.146015690244141, 17.93258006056428 ], [ -93.14544862950811, 17.932490979931039 ], [ -93.145220836614982, 17.932406150891719 ], [ -93.145078028588898, 17.932352969883461 ], [ -93.144983978467991, 17.932196426862689 ], [ -93.144852770367748, 17.93197803060907 ], [ -93.144702279277567, 17.931696650198841 ], [ -93.144403169943089, 17.931322369713147 ], [ -93.144394330892879, 17.931223268999524 ], [ -93.144348720110202, 17.93071188098402 ], [ -93.144383572627035, 17.930501714221144 ], [ -93.144430448762137, 17.930219030797794 ], [ -93.144483381256507, 17.930031273771728 ], [ -93.144590949437742, 17.92964972040064 ], [ -93.144759134628814, 17.929428424037258 ], [ -93.144867619499166, 17.929285681693155 ], [ -93.144917428918916, 17.928934170254401 ], [ -93.144897350011092, 17.928670620396272 ], [ -93.144943950175815, 17.928296290746744 ], [ -93.144802199524619, 17.927828259814632 ], [ -93.144815029096449, 17.926996370622849 ], [ -93.144840163683739, 17.926539879881393 ], [ -93.14486767988312, 17.926040120427714 ], [ -93.145148879349208, 17.925554020495511 ], [ -93.145675410217891, 17.924962531935982 ], [ -93.145681509917637, 17.924955680091955 ], [ -93.145688354107619, 17.92494881794822 ], [ -93.146293089540947, 17.924342540469262 ], [ -93.146838029642041, 17.923864399668268 ], [ -93.147047931274884, 17.923795060376406 ], [ -93.147070059191321, 17.923787749947419 ], [ -93.147102420107956, 17.922682509805494 ], [ -93.146985620137784, 17.922072289725975 ], [ -93.146555419452653, 17.921039969973311 ], [ -93.146364824230702, 17.920669873578849 ], [ -93.146285404484814, 17.920515657136384 ], [ -93.145982079370611, 17.919926659788914 ], [ -93.145636219927809, 17.919656380576445 ], [ -93.145381849539078, 17.919496199853128 ], [ -93.145022778749521, 17.919346920369783 ], [ -93.144644948811973, 17.919179710970674 ], [ -93.14402205938957, 17.919018510388238 ], [ -93.143251548945614, 17.918898290088045 ], [ -93.142544650058582, 17.918714489968348 ], [ -93.142297076450888, 17.918709865968633 ], [ -93.14131530957809, 17.918691522883869 ], [ -93.141315108259136, 17.918691519117676 ], [ -93.141314908757309, 17.918691501870757 ], [ -93.140638719507081, 17.918622762981343 ], [ -93.140638519237584, 17.91862274297036 ], [ -93.139590235318678, 17.918726546998634 ], [ -93.139590199088005, 17.918726551194446 ], [ -93.139590034524545, 17.918726535108213 ], [ -93.139589998643828, 17.918726533889423 ], [ -93.138631749427631, 17.918635911119683 ], [ -93.138631549041946, 17.918635892910849 ], [ -93.138631349249096, 17.918635880172573 ], [ -93.137727199965596, 17.918589110313796 ], [ -93.136932779567815, 17.918358940015569 ], [ -93.136135780366786, 17.917721890143824 ], [ -93.135620770156891, 17.916911090221724 ], [ -93.13509742030395, 17.916256079788496 ], [ -93.134721720316207, 17.915599720159399 ], [ -93.134369739816961, 17.914848910398483 ], [ -93.133697550425893, 17.914077430033331 ], [ -93.13332327999737, 17.913562430287179 ], [ -93.13314845004075, 17.913304829596932 ], [ -93.132970600140808, 17.912740919893992 ], [ -93.132890260258236, 17.91208188961949 ], [ -93.132885149692541, 17.911563570181006 ], [ -93.132731180041247, 17.911197119769717 ], [ -93.132658320040719, 17.911023679827569 ], [ -93.132283579792016, 17.910461569767556 ], [ -93.132115050361548, 17.910310429597224 ], [ -93.132018345124663, 17.910223715272167 ], [ -93.131737279913366, 17.909971679788931 ], [ -93.131526079954227, 17.909763826978526 ], [ -93.131215350198076, 17.909458019942946 ], [ -93.130545999925729, 17.908969250280176 ], [ -93.130337554705974, 17.908773425408267 ], [ -93.130203865146981, 17.908647826431924 ], [ -93.130162086064033, 17.908608575249101 ], [ -93.130148520117203, 17.908595829643339 ], [ -93.130103324969653, 17.908573345858844 ], [ -93.129865780349377, 17.908455169722849 ], [ -93.129652149912673, 17.90827937998074 ], [ -93.129475019789439, 17.908155229754421 ], [ -93.129277690246084, 17.908004479819031 ], [ -93.129228732343392, 17.907954436729906 ], [ -93.12920194715592, 17.907927057215883 ], [ -93.12917878675681, 17.907903382076825 ], [ -93.129170255631507, 17.907894662615014 ], [ -93.129141061594112, 17.907864822113115 ], [ -93.129128889840416, 17.907852380118214 ], [ -93.12911357259658, 17.907848849413128 ], [ -93.129069604924013, 17.907838713726058 ], [ -93.128907479561178, 17.907801340230137 ], [ -93.1286424897133, 17.907610400358585 ], [ -93.12846384989173, 17.907525540009793 ], [ -93.128079879602495, 17.907284521002165 ], [ -93.128079679351629, 17.907284500974807 ], [ -93.127725999227977, 17.90724805192362 ], [ -93.127725799102294, 17.907248044585511 ], [ -93.127577748504308, 17.907244474791778 ], [ -93.127453980038695, 17.907241489682999 ], [ -93.127287979957785, 17.907212510444584 ], [ -93.127039420262008, 17.90719658039739 ], [ -93.126998146466121, 17.907184461437051 ], [ -93.126730645908594, 17.907105918919751 ], [ -93.126686170396539, 17.907092859915835 ], [ -93.126627031355696, 17.907100724078141 ], [ -93.126277539807461, 17.907147199987762 ], [ -93.125714009793597, 17.907046572897116 ], [ -93.125703630371063, 17.907044719815168 ], [ -93.125190175180279, 17.907014187758662 ], [ -93.125001708831505, 17.907002981121163 ], [ -93.125001509582404, 17.907002960243144 ], [ -93.124145858555565, 17.906912581912792 ], [ -93.124145658138602, 17.906912579081911 ], [ -93.123344419966458, 17.906913090194994 ], [ -93.122964020336411, 17.906848349915187 ], [ -93.122407059885418, 17.906822719543097 ], [ -93.122026749570907, 17.90687492012232 ], [ -93.1217808229177, 17.906910727686711 ], [ -93.12163906534586, 17.906931367419162 ], [ -93.121578539828704, 17.90694018003342 ], [ -93.121360476237527, 17.906982042060466 ], [ -93.121178366701514, 17.907017001245393 ], [ -93.121171080084281, 17.907018399620508 ], [ -93.121120759376709, 17.90704732408804 ], [ -93.121063796860085, 17.907080065845285 ], [ -93.12089948993183, 17.907174509937054 ], [ -93.120759215375358, 17.907285171436648 ], [ -93.120714666840371, 17.90732031574159 ], [ -93.120673020098081, 17.907353170052176 ], [ -93.120668710302795, 17.907356570433056 ], [ -93.120513580787403, 17.907382909857844 ], [ -93.120382887659432, 17.907405099226505 ], [ -93.120348489559234, 17.907410939829731 ], [ -93.120308719934428, 17.907440376123173 ], [ -93.120049800027758, 17.907632020426824 ], [ -93.119833783762559, 17.907731943325739 ], [ -93.119656000199299, 17.907814180339699 ], [ -93.119637812472661, 17.907819267194608 ], [ -93.119330050307596, 17.907905339966682 ], [ -93.118894588376961, 17.907975033138612 ], [ -93.118841060373811, 17.907983599674328 ], [ -93.118518077763554, 17.908061055545737 ], [ -93.11835213995802, 17.90810084957166 ], [ -93.117958289991222, 17.908231029752471 ], [ -93.117632340338332, 17.908335179954658 ], [ -93.117070110157812, 17.908437750111197 ], [ -93.117009937464644, 17.908461228322615 ], [ -93.116933758565665, 17.908490951666955 ], [ -93.116615679753934, 17.908615060024765 ], [ -93.116570251541503, 17.908640213419091 ], [ -93.11646149647305, 17.908700429572548 ], [ -93.116340289658936, 17.908767540256779 ], [ -93.116191045136759, 17.908819232837594 ], [ -93.116180752764592, 17.908822797859091 ], [ -93.116179398554792, 17.908823267325179 ], [ -93.116064305635859, 17.908863131117133 ], [ -93.116020570060655, 17.908878279665025 ], [ -93.116003800489665, 17.908881364951846 ], [ -93.115717379839225, 17.908934060316835 ], [ -93.115601676727167, 17.908953383613987 ], [ -93.11553277598388, 17.908964890729916 ], [ -93.11540499962932, 17.908986230023686 ], [ -93.115306228466224, 17.908986291064707 ], [ -93.115168186605572, 17.908986375313258 ], [ -93.114997460108114, 17.908986479712329 ], [ -93.114912542562848, 17.908953337026329 ], [ -93.114871143803171, 17.908937178741745 ], [ -93.114782588228749, 17.908902616004365 ], [ -93.114661676561909, 17.908855424951497 ], [ -93.114527740041481, 17.908803150048488 ], [ -93.114494708004656, 17.90878862815395 ], [ -93.114385440112684, 17.908740589272647 ], [ -93.114062999769416, 17.908598829841331 ], [ -93.113678540180643, 17.90860997025284 ], [ -93.113432711660266, 17.908639276926614 ], [ -93.113295891280998, 17.908655588545766 ], [ -93.113250750191185, 17.908660969742193 ], [ -93.11317800007177, 17.9086610140827 ], [ -93.113054140374501, 17.908661089020796 ], [ -93.112870400016277, 17.908661199755208 ], [ -93.112612339810852, 17.908700320402524 ], [ -93.112373511412045, 17.908695021229128 ], [ -93.11227551162645, 17.908692846858685 ], [ -93.11217828194718, 17.90869068918273 ], [ -93.112141080863296, 17.908689863484668 ], [ -93.112097140845123, 17.908688888385804 ], [ -93.112041780003693, 17.908687659683597 ], [ -93.111702170154132, 17.908661860098384 ], [ -93.11167348647102, 17.908661877270617 ], [ -93.111545362795383, 17.908661954016452 ], [ -93.111536805562267, 17.908661959286 ], [ -93.111457415433904, 17.908662006005169 ], [ -93.11139876490968, 17.908662041019621 ], [ -93.110995799549883, 17.908662279745283 ], [ -93.110884797408374, 17.90869420427746 ], [ -93.110823948270053, 17.908711704488933 ], [ -93.110774503006411, 17.908725924378611 ], [ -93.110724169635702, 17.908740400396201 ], [ -93.110648650876783, 17.908707613451135 ], [ -93.110536204392531, 17.908658793094926 ], [ -93.110425249870687, 17.908610620234978 ], [ -93.110339752895442, 17.908603233934617 ], [ -93.110255270253901, 17.908595935936393 ], [ -93.110247159078853, 17.908595234768754 ], [ -93.110126380301722, 17.908584799908535 ], [ -93.110074276663553, 17.908582984038837 ], [ -93.109759620137879, 17.908572020078129 ], [ -93.109610140339413, 17.908494119747029 ], [ -93.10958302158329, 17.908480405591771 ], [ -93.109148149901259, 17.908260490401553 ], [ -93.108831191226358, 17.908163228245439 ], [ -93.108767719838198, 17.908143749982059 ], [ -93.108346489692323, 17.907936089968036 ], [ -93.108146502693486, 17.907816676144456 ], [ -93.108020349909381, 17.907741350007878 ], [ -93.107825834052832, 17.907671237050611 ], [ -93.10776333839874, 17.907648711855167 ], [ -93.107657660026888, 17.907610619634632 ], [ -93.10759517605392, 17.907605220945317 ], [ -93.107519118577187, 17.907598650405724 ], [ -93.107518919563873, 17.907598625894778 ], [ -93.10738696227574, 17.907582232155452 ], [ -93.107386763321244, 17.907582206741885 ], [ -93.107229448731076, 17.907562661515893 ], [ -93.107229248313431, 17.907562658662489 ], [ -93.107222090646388, 17.907562663526285 ], [ -93.107189115855576, 17.907562682046041 ], [ -93.106927727884141, 17.907562825553097 ], [ -93.106864219763963, 17.907562859915966 ], [ -93.106791931913264, 17.907559604880262 ], [ -93.106599739568935, 17.907550950051 ], [ -93.106518539190887, 17.907543229004368 ], [ -93.106312691192016, 17.907523654134934 ], [ -93.106221889916085, 17.9075150197848 ], [ -93.106148471470433, 17.907511047704251 ], [ -93.106131908880073, 17.907510151919745 ], [ -93.105781089925927, 17.907491169559208 ], [ -93.105365479438674, 17.907467310862479 ], [ -93.105365280367565, 17.907467287251016 ], [ -93.105155429330338, 17.907441492999837 ], [ -93.105155230317678, 17.907441468485715 ], [ -93.104975028741947, 17.907419321844401 ], [ -93.104784954763801, 17.907342711884837 ], [ -93.104712379561207, 17.907313459568613 ], [ -93.104676136068306, 17.907290072416092 ], [ -93.104650829424699, 17.907273741976699 ], [ -93.104528879923535, 17.907195050028179 ], [ -93.104383829952198, 17.907065029980043 ], [ -93.104332559853518, 17.907006001098434 ], [ -93.104284169732551, 17.906950289601891 ], [ -93.104202170135338, 17.906792550241462 ], [ -93.104157876967122, 17.9066516322582 ], [ -93.104119090154668, 17.906528230075413 ], [ -93.103762340289222, 17.906297999565062 ], [ -93.103710339337184, 17.906285584984996 ], [ -93.103230979235235, 17.906171140571356 ], [ -93.10323077993219, 17.906171120566768 ], [ -93.103211443977557, 17.9061691328058 ], [ -93.10321124473289, 17.906169111898798 ], [ -93.103051889717307, 17.906152722908494 ], [ -93.103051690472938, 17.906152702001304 ], [ -93.102779249111734, 17.906124681564695 ], [ -93.102779050042926, 17.906124657949906 ], [ -93.102476990641023, 17.906090048135152 ], [ -93.102476791572315, 17.906090024519937 ], [ -93.10245630744582, 17.906087678493439 ], [ -93.102456108377211, 17.906087654878228 ], [ -93.102424764746402, 17.90608406333088 ], [ -93.102424565619245, 17.906084040618019 ], [ -93.102246968886533, 17.906063691526267 ], [ -93.102246768998256, 17.906063680544499 ], [ -93.102080085468288, 17.906056334827479 ], [ -93.102018977580784, 17.906053641789789 ], [ -93.101977935791567, 17.906051833216793 ], [ -93.101684289727686, 17.906038890128951 ], [ -93.101298518722373, 17.906007150483731 ], [ -93.101223490957452, 17.906011513171809 ], [ -93.100820048877907, 17.906034966266095 ], [ -93.100819464515354, 17.905986114793151 ], [ -93.100818395018322, 17.905896724789841 ], [ -93.100818304821772, 17.905889220451225 ], [ -93.100818268118033, 17.905886155447391 ], [ -93.100818204998333, 17.905880887554954 ], [ -93.100817830209607, 17.905849540425685 ], [ -93.100816874660794, 17.905769665459115 ], [ -93.100816796367127, 17.905763085839677 ], [ -93.100816540048442, 17.905741679771648 ], [ -93.100764446861092, 17.905707101459662 ], [ -93.100441000047184, 17.905492399553474 ], [ -93.100779630049757, 17.90503344989316 ], [ -93.101136690279162, 17.904723779837646 ], [ -93.10115898196598, 17.904675711167659 ], [ -93.101304196516068, 17.90436257810476 ], [ -93.101407110264233, 17.904140659680358 ], [ -93.10145154038041, 17.903645460190841 ], [ -93.10141685020308, 17.903398420232978 ], [ -93.101372229648817, 17.903080660412048 ], [ -93.101022449837401, 17.902541820298765 ], [ -93.100555350257721, 17.902090969651809 ], [ -93.100006619255922, 17.901843950652875 ], [ -93.100006420076767, 17.90184392883932 ], [ -93.099218199361289, 17.901756691639054 ], [ -93.098428649035057, 17.901551631217981 ], [ -93.097861260418483, 17.901415289579401 ], [ -93.097341279880695, 17.901090019623055 ], [ -93.096967139870657, 17.900574949823955 ], [ -93.096788719824502, 17.899940340127909 ], [ -93.096783950111814, 17.899445570069595 ], [ -93.096706479821108, 17.899069250159297 ], [ -93.095987139945905, 17.89848655033212 ], [ -93.094851709630078, 17.898143169867215 ], [ -93.093864850408337, 17.897892710210716 ], [ -93.09381386039297, 17.897891799945565 ], [ -93.092978689877143, 17.897876970249694 ], [ -93.09241292042951, 17.897905540353293 ], [ -93.091894770156827, 17.897768740131902 ], [ -93.091375939906982, 17.897561250434919 ], [ -93.090729750296887, 17.896907199725188 ], [ -93.090353830351134, 17.896203630418171 ], [ -93.090244059678753, 17.89502647955079 ], [ -93.0902661802875, 17.894767090017393 ], [ -93.090157089982881, 17.893660599929575 ], [ -93.089883910177335, 17.893403830091067 ], [ -93.089757479549988, 17.893051490147911 ], [ -93.089704630115747, 17.892674949625167 ], [ -93.089970340236263, 17.892154250455675 ], [ -93.090213019816474, 17.891798659786726 ], [ -93.090308060378916, 17.891444380346755 ], [ -93.09025271962463, 17.890808680420363 ], [ -93.090294689547321, 17.890054289691928 ], [ -93.090873260362443, 17.888800369587717 ], [ -93.091085680144303, 17.887855980112345 ], [ -93.091422460429897, 17.887051879573413 ], [ -93.091959289731108, 17.88657587966717 ], [ -93.092718279704641, 17.886168619837964 ], [ -93.09374974012799, 17.885947430265048 ], [ -93.094585479797288, 17.885845780211358 ], [ -93.095444920274502, 17.885649680416812 ], [ -93.096839580307531, 17.884812649753776 ], [ -93.097816120384906, 17.884002860288454 ], [ -93.098759719974268, 17.883475430382383 ], [ -93.099015509549233, 17.883332459871593 ], [ -93.0997144198397, 17.883092339667172 ], [ -93.100918289906573, 17.88270231033356 ], [ -93.102345340071565, 17.882094709702045 ], [ -93.103128229792119, 17.881573119821514 ], [ -93.103911120226883, 17.881051540263595 ], [ -93.104694020320053, 17.880529949819611 ], [ -93.1059921393027, 17.879523995024538 ], [ -93.107288510089489, 17.878711309632514 ], [ -93.108402089687388, 17.87840171983607 ], [ -93.10867491012003, 17.87837145045313 ], [ -93.108949519855258, 17.878319750363033 ], [ -93.109502180388205, 17.878295799620794 ], [ -93.110155739964881, 17.877736319693618 ], [ -93.110844769835865, 17.877215510018956 ], [ -93.111377819865353, 17.876761710023231 ], [ -93.11156480014111, 17.876583220426184 ], [ -93.111814689967531, 17.876673720143245 ], [ -93.112477339768617, 17.87678591974267 ], [ -93.113623999705752, 17.87709236964475 ], [ -93.114317489779694, 17.876526920420513 ], [ -93.114174280179625, 17.876083050316673 ], [ -93.114149060424964, 17.875758800061291 ], [ -93.114254250171285, 17.875379539720452 ], [ -93.114293094250641, 17.875383266565578 ], [ -93.115203510245223, 17.875470619693463 ], [ -93.116152780352053, 17.875561689655267 ], [ -93.116747770045606, 17.875684199656913 ], [ -93.117420419634257, 17.875593509866704 ], [ -93.118038949599836, 17.875733000221125 ], [ -93.118527089731998, 17.875868570005775 ], [ -93.119109620378438, 17.876038650178732 ], [ -93.119913029780605, 17.876234719547647 ], [ -93.120566940244331, 17.876447719784668 ], [ -93.121376219832072, 17.876645309925127 ], [ -93.121675549651769, 17.875599380044143 ], [ -93.121862569648599, 17.874929659676106 ], [ -93.122601419761409, 17.874719619582606 ], [ -93.123625979650058, 17.874450379848426 ], [ -93.123691369865938, 17.873595339590135 ], [ -93.12374869010975, 17.872621370080623 ], [ -93.123806000233756, 17.87164739968901 ], [ -93.123863319626963, 17.870673450400272 ], [ -93.123904719515338, 17.869397090244753 ], [ -93.124271520365014, 17.869529949996853 ], [ -93.124704019709014, 17.86817688985046 ], [ -93.123608260017235, 17.867770919902902 ], [ -93.124404709382503, 17.867160890709499 ], [ -93.124453295118684, 17.867021171948704 ], [ -93.124639149009397, 17.866486740778164 ], [ -93.124689309627357, 17.865999350055517 ], [ -93.125463659661634, 17.865123030390066 ], [ -93.126186319803452, 17.864183220956171 ], [ -93.126908980119936, 17.863243400070743 ], [ -93.127413488095428, 17.862346179669725 ], [ -93.127917979297465, 17.861448970019506 ], [ -93.128422478442303, 17.860551739977112 ], [ -93.128926952275407, 17.859654521085464 ], [ -93.129431429357027, 17.858757310509777 ], [ -93.129462194506871, 17.857587580937501 ], [ -93.129492949243186, 17.85641786019416 ], [ -93.130149920554317, 17.855325630600291 ], [ -93.13080688995494, 17.854233399622249 ], [ -93.130873259966492, 17.853883540110246 ], [ -93.130272199647735, 17.852880580239862 ], [ -93.131800320065992, 17.852316419797837 ], [ -93.130465310145766, 17.848948510115122 ], [ -93.129456150366693, 17.847099750372763 ], [ -93.12970291038738, 17.846200630427571 ], [ -93.129027888604355, 17.844741850399046 ], [ -93.12845831595429, 17.844019662035873 ], [ -93.127888750069232, 17.843297489593667 ], [ -93.127319198002525, 17.84257531175205 ], [ -93.126749645913335, 17.841853123161179 ], [ -93.126180107067, 17.841130952687728 ], [ -93.125610568198326, 17.840408771465338 ], [ -93.125041030190829, 17.839686580452273 ], [ -93.12447150971974, 17.838964399659808 ], [ -93.123649250678923, 17.837922249052372 ], [ -93.122827000397351, 17.836880080044068 ], [ -93.122221420135261, 17.836131080405121 ], [ -93.12161581992288, 17.835382080353437 ], [ -93.121010249867837, 17.834633080146638 ], [ -93.120404660205409, 17.833884059620516 ], [ -93.120176659743038, 17.833344180288837 ], [ -93.119528599902793, 17.831809579760737 ], [ -93.119162400145584, 17.83085969011038 ], [ -93.118796179958224, 17.829909800397729 ], [ -93.118450490339626, 17.829013109902657 ], [ -93.118104799925007, 17.828116399652423 ], [ -93.117759109912086, 17.827219709572255 ], [ -93.11741341970189, 17.826323019699785 ], [ -93.117067740058957, 17.825426309841859 ], [ -93.116592080385374, 17.824355079957911 ], [ -93.116116400110315, 17.823283859603265 ], [ -93.115640749621733, 17.82221263003316 ], [ -93.115115769938384, 17.823262430019792 ], [ -93.114590799844848, 17.824312249996979 ], [ -93.114013280299048, 17.825141939700391 ], [ -93.113435749891806, 17.825971629857989 ], [ -93.112858219986109, 17.826801320239138 ], [ -93.112280679920161, 17.827631000246541 ], [ -93.111703119870825, 17.828460690128871 ], [ -93.11112557992395, 17.829290369624015 ], [ -93.11054801993501, 17.830120059896075 ], [ -93.110063820149804, 17.830909599891086 ], [ -93.109579620451072, 17.831699139652375 ], [ -93.109095399995496, 17.832488679752309 ], [ -93.108611179626166, 17.833278219618091 ], [ -93.108126970349474, 17.834067749940505 ], [ -93.107642739730792, 17.834857289623983 ], [ -93.107158510081732, 17.835646830031344 ], [ -93.106734060249906, 17.836546429611758 ], [ -93.106309599790777, 17.837446019921387 ], [ -93.10588513978152, 17.838345619734685 ], [ -93.1054606603671, 17.839245199790916 ], [ -93.104988179677278, 17.840134999659625 ], [ -93.104515709824753, 17.841024800309039 ], [ -93.104043219718378, 17.841914599889741 ], [ -93.103570709586279, 17.842804380299057 ], [ -93.102882200299618, 17.843794540422479 ], [ -93.102127510321168, 17.844842019952551 ], [ -93.101645459757094, 17.845828339957951 ], [ -93.101170110000098, 17.845315430280575 ], [ -93.100699449962136, 17.844931169859564 ], [ -93.100375460285051, 17.844596950346052 ], [ -93.100058140169438, 17.844160800268519 ], [ -93.099746419690874, 17.843836380423671 ], [ -93.09942533994915, 17.843561829983557 ], [ -93.099079319539527, 17.843197419941529 ], [ -93.098687659677339, 17.842858399940209 ], [ -93.097873340370256, 17.842468819579963 ], [ -93.097307540182257, 17.842224049900242 ], [ -93.096714090195547, 17.842015019935939 ], [ -93.096195740107447, 17.84173731962748 ], [ -93.095706690223636, 17.841617179775444 ], [ -93.095268880058569, 17.841360519598201 ], [ -93.094089880192385, 17.841171750295327 ], [ -93.092412279723362, 17.841606829709587 ], [ -93.091973879685995, 17.841680679994528 ], [ -93.091590249819973, 17.841679089776139 ], [ -93.091256259567899, 17.84172430994435 ], [ -93.090762739096704, 17.84174852068945 ], [ -93.090762600127704, 17.841748505164617 ], [ -93.090762539947548, 17.841748499768119 ], [ -93.090230749058804, 17.841691521683618 ], [ -93.089260719470715, 17.841438920629738 ], [ -93.089260595111909, 17.841438927713263 ], [ -93.088843580376619, 17.84146484970821 ], [ -93.088318690373171, 17.841493449611324 ], [ -93.087901890013612, 17.841520489579583 ], [ -93.087564420199328, 17.841526179561811 ], [ -93.087256339570402, 17.841563710135937 ], [ -93.086858349794099, 17.841618140194051 ], [ -93.086370020285784, 17.841625890257419 ], [ -93.085851279781821, 17.841692219823933 ], [ -93.085463949906071, 17.84174399987198 ], [ -93.084923599874756, 17.841788890388798 ], [ -93.084476570258602, 17.841811599930491 ], [ -93.08412331015181, 17.841836350179687 ], [ -93.083744540121828, 17.8418856297756 ], [ -93.083498310115658, 17.841919220455569 ], [ -93.083255320214732, 17.841945260172004 ], [ -93.082963679738086, 17.841995999691576 ], [ -93.082783430107284, 17.841999819844805 ], [ -93.08253332002289, 17.841800430444316 ], [ -93.08179086007749, 17.841645339916944 ], [ -93.08054032039739, 17.84207614000676 ], [ -93.079702179654404, 17.842223509619309 ], [ -93.0784188203545, 17.842356019860752 ], [ -93.077135430138298, 17.842488520152546 ], [ -93.076057749646381, 17.842624909945364 ], [ -93.07562637963575, 17.84267774014064 ], [ -93.074538419578516, 17.842796260073019 ], [ -93.073450430380348, 17.842914769590656 ], [ -93.07231157973969, 17.843019459697025 ], [ -93.071172719884544, 17.843124139807735 ], [ -93.070033859590609, 17.843228820410513 ], [ -93.069624340397098, 17.843579200349119 ], [ -93.069483630390849, 17.843278430330297 ], [ -93.069358199901316, 17.843307119655211 ], [ -93.068357090432684, 17.843401649605969 ], [ -93.067355970395539, 17.843496139720152 ], [ -93.066263859621159, 17.843622719620349 ], [ -93.065171749778116, 17.843749289945912 ], [ -93.064079629856025, 17.843875860002722 ], [ -93.063115940350812, 17.843939739948841 ], [ -93.062152230045015, 17.844003599828984 ], [ -93.061188520315881, 17.844067459942504 ], [ -93.059948179554155, 17.844129080242855 ], [ -93.058707830142353, 17.844190689825417 ], [ -93.057990200162877, 17.844140449727732 ], [ -93.056896980274828, 17.843976779746711 ], [ -93.055803749155018, 17.843813110964206 ], [ -93.055803550008022, 17.843813089996299 ], [ -93.054815598493562, 17.843708451406567 ], [ -93.054815399405797, 17.843708429534988 ], [ -93.053827449278586, 17.843603771755184 ], [ -93.053827250191304, 17.84360374988222 ], [ -93.052839308812793, 17.843499090563235 ], [ -93.052839109666962, 17.843499069591324 ], [ -93.051851149126065, 17.843394401628522 ], [ -93.051850949862825, 17.843394382459842 ], [ -93.050891340038234, 17.843304739838608 ], [ -93.04993152030886, 17.84321508025635 ], [ -93.048971710370694, 17.843125399647079 ], [ -93.048011888849288, 17.843035721188766 ], [ -93.048011689528053, 17.843035702917316 ], [ -93.047034768938516, 17.842944060739512 ], [ -93.046057649272257, 17.84285238118315 ], [ -93.0450805387419, 17.842760691204383 ], [ -93.044103418740391, 17.842669000559017 ], [ -93.043126309052326, 17.842577310431675 ], [ -93.043367800042788, 17.841881180051558 ], [ -93.04433831977866, 17.841066460378315 ], [ -93.044450060162617, 17.840596399979066 ], [ -93.043695770337919, 17.839933350463415 ], [ -93.042941490209813, 17.839270289841782 ], [ -93.042187219954684, 17.838607229900852 ], [ -93.041569890166372, 17.83838327971743 ], [ -93.041306170259233, 17.838287619962927 ], [ -93.040696849661913, 17.839274350081372 ], [ -93.040276489674582, 17.840934480226725 ], [ -93.033164459678929, 17.833097259923878 ], [ -93.029237970461892, 17.829108219951024 ], [ -93.028456550371942, 17.828386950410131 ], [ -93.028239479909018, 17.828184580055357 ], [ -93.027592139866243, 17.827581089981223 ], [ -93.027376849664861, 17.827380399591519 ], [ -93.026914910043487, 17.826880310011425 ], [ -93.026806349968865, 17.826698540388893 ], [ -93.026619149776906, 17.82638512026978 ], [ -93.026224849696689, 17.825984309723552 ], [ -93.025830550199203, 17.825654220008115 ], [ -93.025436279606495, 17.825418449897622 ], [ -93.025335649744548, 17.825134080121948 ], [ -93.025312430284174, 17.824947399582211 ], [ -93.025608620327162, 17.824451570133174 ], [ -93.025830350195861, 17.824239309638759 ], [ -93.02615062972022, 17.82395629022335 ], [ -93.026520200475204, 17.823696849674029 ], [ -93.026963649795647, 17.823295890418496 ], [ -93.027283890053042, 17.822871379803033 ], [ -93.027456310369601, 17.822423310228814 ], [ -93.027510970075625, 17.821938980287722 ], [ -93.027382260146283, 17.82157437960123 ], [ -93.027283630212779, 17.821079179598414 ], [ -93.027258880420874, 17.820324570283397 ], [ -93.027037079629309, 17.81997087978764 ], [ -93.026838880285297, 17.819901889780386 ], [ -93.02674975031232, 17.819896580346352 ], [ -93.026588230380355, 17.819875280159703 ], [ -93.026343149690064, 17.819843319536023 ], [ -93.026031229097242, 17.819795400780034 ], [ -93.026031029989696, 17.819795379773293 ], [ -93.025830719116584, 17.819774091423742 ], [ -93.025680340037468, 17.819742140899827 ], [ -93.025568920049338, 17.819715490309452 ], [ -93.025435249832327, 17.81967286024198 ], [ -93.025340549685311, 17.819630230132297 ], [ -93.025262550012116, 17.819550289756094 ], [ -93.025234709711256, 17.819481000176971 ], [ -93.025217979933842, 17.819401029593962 ], [ -93.02520125976865, 17.819326420102922 ], [ -93.02519568031073, 17.819246450270185 ], [ -93.025206950162769, 17.818796430270186 ], [ -93.025007599639224, 17.818588000182988 ], [ -93.024912139710835, 17.81849945017607 ], [ -93.021484200397609, 17.815319090414324 ], [ -93.020465260196843, 17.814196690442095 ], [ -93.020189479709302, 17.813633519570164 ], [ -93.019989220153164, 17.8132582204465 ], [ -93.019666450195189, 17.812755909742947 ], [ -93.019617109668374, 17.812095629627979 ], [ -93.01961690995887, 17.810303419910984 ], [ -93.019584580329536, 17.809659650170175 ], [ -93.019482739524861, 17.809367000361664 ], [ -93.019173289573928, 17.809195119677895 ], [ -93.01857774962032, 17.809138849847944 ], [ -93.01803205003786, 17.808903739676108 ], [ -93.017526998585609, 17.808746450558154 ], [ -93.017526798136785, 17.808746450291963 ], [ -93.017029745534828, 17.808747279170522 ], [ -93.016684819805732, 17.808558649879767 ], [ -93.016413748811601, 17.808134201268107 ], [ -93.016438319591202, 17.807497491088018 ], [ -93.016505414546387, 17.80719779853446 ], [ -93.016579049537896, 17.806868879945309 ], [ -93.016861450121027, 17.806361690011173 ], [ -93.016996400327798, 17.806143969832856 ], [ -93.01740794967273, 17.805843379947291 ], [ -93.017756719564844, 17.805521399577088 ], [ -93.018043249646837, 17.805318680252739 ], [ -93.018392020209035, 17.804901310389248 ], [ -93.019064680008626, 17.804424290124597 ], [ -93.019438350441845, 17.803959229716707 ], [ -93.019571019614972, 17.803721709745961 ], [ -93.019575310127024, 17.803351090003421 ], [ -93.019550370370794, 17.803124550228109 ], [ -93.019351020227305, 17.802862229585543 ], [ -93.019139220466357, 17.802611859941671 ], [ -93.018890059878984, 17.802516490340029 ], [ -93.018503879717315, 17.802480749656166 ], [ -93.018142619635881, 17.802504650284302 ], [ -93.017893460337575, 17.802504659951886 ], [ -93.017694139965229, 17.802456979626776 ], [ -93.017482339611888, 17.802206600301275 ], [ -93.01722070964297, 17.801980079741309 ], [ -93.01704628953118, 17.801801230116425 ], [ -93.016759769945637, 17.801717779680718 ], [ -93.016520149541833, 17.801614490327587 ], [ -93.01618377991332, 17.801471449967249 ], [ -93.015916779945968, 17.801148059835263 ], [ -93.01587231037584, 17.800922970421123 ], [ -93.015834889957404, 17.800469880278495 ], [ -93.015785029608722, 17.800088310055067 ], [ -93.015735150378532, 17.799587510270747 ], [ -93.01576003012886, 17.799205939769291 ], [ -93.015837889581604, 17.798369119676572 ], [ -93.015735259403655, 17.798099030420982 ], [ -93.015735060447284, 17.798099007596814 ], [ -93.015384679163432, 17.798058140604578 ], [ -93.0149486200078, 17.798213679788851 ], [ -93.014738479806994, 17.798407119896247 ], [ -93.014402150417339, 17.798669480447145 ], [ -93.013966169918305, 17.798824520035541 ], [ -93.013567539958729, 17.798908020015993 ], [ -93.012857479611185, 17.798931909916849 ], [ -93.012496220055183, 17.798753059975454 ], [ -93.012247050374071, 17.798490770214705 ], [ -93.012060150107487, 17.798001890105347 ], [ -93.01193364987131, 17.797694970035803 ], [ -93.011933619663992, 17.797349170301295 ], [ -93.012008319752965, 17.7967649102522 ], [ -93.01205813999951, 17.796395259831655 ], [ -93.012170229596521, 17.796168709854236 ], [ -93.012456740060827, 17.796049450392388 ], [ -93.012930089653423, 17.795930169570237 ], [ -93.013303780004492, 17.795739369552567 ], [ -93.01368102031249, 17.795570979722708 ], [ -93.0139639703591, 17.795238519837905 ], [ -93.014013780140303, 17.794940420390216 ], [ -93.013939020115757, 17.794833110099788 ], [ -93.013552849729862, 17.794773520157115 ], [ -93.013129319988153, 17.794809309864632 ], [ -93.012593680485296, 17.79480934958567 ], [ -93.012257319781114, 17.794725909752927 ], [ -93.012008169543947, 17.794570919984597 ], [ -93.011958319597667, 17.794284739989926 ], [ -93.01198886021939, 17.793963030045131 ], [ -93.012013420277029, 17.793832720305844 ], [ -93.012013399899999, 17.793669030091511 ], [ -93.012047579732155, 17.793579000191333 ], [ -93.012124540314304, 17.793529890296355 ], [ -93.012184400136633, 17.79352171012647 ], [ -93.012295550451526, 17.793513510005639 ], [ -93.012363950139886, 17.793529880305353 ], [ -93.012440919757807, 17.79356262023423 ], [ -93.012509319765925, 17.793611710334027 ], [ -93.012620490155015, 17.793668999783478 ], [ -93.01270599957698, 17.793726280132908 ], [ -93.012782949796772, 17.793799940274866 ], [ -93.01288557035285, 17.793898139863735 ], [ -93.013056580397532, 17.794078180182815 ], [ -93.013159199676124, 17.794151849588662 ], [ -93.013210510266688, 17.794192770231017 ], [ -93.013364420373293, 17.794250050251073 ], [ -93.013415720207476, 17.794250050411474 ], [ -93.01346702958881, 17.794258220226311 ], [ -93.013603830192196, 17.794266399946757 ], [ -93.013945860116522, 17.794266369694206 ], [ -93.014039909775036, 17.794168149946508 ], [ -93.014048460197401, 17.794127229613192 ], [ -93.014048449892371, 17.793955350147847 ], [ -93.01406551986409, 17.793808029936933 ], [ -93.014065509742068, 17.793652519544153 ], [ -93.014091149557629, 17.793505199986654 ], [ -93.01426889031076, 17.792971829881804 ], [ -93.014502089678487, 17.792548799861201 ], [ -93.014601740445514, 17.792358019955 ], [ -93.014776119693352, 17.792202979788492 ], [ -93.015012780196287, 17.792083719983129 ], [ -93.015398939966644, 17.791988309969948 ], [ -93.015984380201473, 17.791714019849401 ], [ -93.016208579696155, 17.791499370316902 ], [ -93.016769140233947, 17.791499320372342 ], [ -93.01709299956164, 17.791511200115195 ], [ -93.01744178033556, 17.791487339718348 ], [ -93.017678480443237, 17.79148730990736 ], [ -93.018042859782028, 17.791244750369831 ], [ -93.018379149671844, 17.791006249746289 ], [ -93.018702999799132, 17.79070811973455 ], [ -93.01851614015915, 17.790398119670794 ], [ -93.01820468983621, 17.790183519826236 ], [ -93.017943079892731, 17.789992749617099 ], [ -93.017581800414945, 17.789623149886175 ], [ -93.017332650060922, 17.789372770306251 ], [ -93.017432259672887, 17.789086579546272 ], [ -93.017656460244595, 17.788764629754326 ], [ -93.017768520371078, 17.788335349581249 ], [ -93.01773108993109, 17.787751090066667 ], [ -93.017967750383079, 17.787631829773868 ], [ -93.018229339639021, 17.787619879627464 ], [ -93.018353880311381, 17.787429080103838 ], [ -93.018378579983889, 17.787052029712868 ], [ -93.018054690267618, 17.786730120246105 ], [ -93.017805539632434, 17.786575139807127 ], [ -93.017332179838263, 17.786444019816201 ], [ -93.016796550392357, 17.786300969743429 ], [ -93.01638549021304, 17.786205620093437 ], [ -93.015887219745991, 17.786026799810728 ], [ -93.015824910429544, 17.785800250450237 ], [ -93.015912060239614, 17.785347139871433 ], [ -93.016111349638635, 17.785144419649775 ], [ -93.016348020295752, 17.785072860055955 ], [ -93.016484980075745, 17.784667429807701 ], [ -93.016584619883275, 17.784440860146869 ], [ -93.016808799765386, 17.784166599923434 ], [ -93.017271599590259, 17.784114890225659 ], [ -93.017969149665149, 17.784210220287417 ], [ -93.018380199997054, 17.78421017966334 ], [ -93.018928259527002, 17.784126660371417 ], [ -93.018978049949126, 17.783661619597233 ], [ -93.01890328048384, 17.783399309739497 ], [ -93.019002889994098, 17.783160819587476 ], [ -93.019139910301078, 17.783005779678799 ], [ -93.019438829761484, 17.782791139908152 ], [ -93.019650550295239, 17.782540710188545 ], [ -93.019849830452557, 17.782373750195397 ], [ -93.019850599662192, 17.782093450100927 ], [ -93.019788289648005, 17.781771510126003 ], [ -93.019750879773156, 17.781389939992241 ], [ -93.01978821954846, 17.781079920414136 ], [ -93.019937650134196, 17.780746029709761 ], [ -93.020012370486029, 17.780650629774897 ], [ -93.02028639970716, 17.780650600149485 ], [ -93.02058536981562, 17.780865200185289 ], [ -93.020884339665258, 17.781055949595995 ], [ -93.02115836987484, 17.78107977022459 ], [ -93.021469770334718, 17.781055890158168 ], [ -93.021706420343463, 17.780924710457104 ], [ -93.021868289851497, 17.780566969779134 ], [ -93.022104939629017, 17.780292689665522 ], [ -93.022304179774125, 17.779982649576109 ], [ -93.022515920084871, 17.779827620367307 ], [ -93.022852199885193, 17.779648709712983 ], [ -93.023176029877959, 17.779457890336349 ], [ -93.023611949994446, 17.779278980423875 ], [ -93.023850679867891, 17.779119319649354 ], [ -93.023912920026461, 17.778821219941669 ], [ -93.023950249829085, 17.77854697003416 ], [ -93.023937750028935, 17.778260799727519 ], [ -93.023862979780404, 17.778034249873958 ], [ -93.023813149767349, 17.777938860136135 ], [ -93.023638720226216, 17.777640780208468 ], [ -93.023364680058151, 17.777354650054953 ], [ -93.023202710387409, 17.777056569800745 ], [ -93.023252489829886, 17.776758460392148 ], [ -93.023414400007653, 17.776591510278138 ], [ -93.023638579872923, 17.776555709611507 ], [ -93.024012259702758, 17.776591450152988 ], [ -93.024473140413448, 17.77667484968854 ], [ -93.025270209238073, 17.776793966102986 ], [ -93.025270309407077, 17.776793981173657 ], [ -93.025668708192896, 17.776782025459845 ], [ -93.025668909008104, 17.776782019399842 ], [ -93.026017659936684, 17.776781970018238 ], [ -93.026353950334524, 17.776674600426677 ], [ -93.026627939991243, 17.776448020448125 ], [ -93.026715089739383, 17.776173750012873 ], [ -93.026602939576094, 17.775923369810638 ], [ -93.026303949657731, 17.775553769629678 ], [ -93.026019910094163, 17.775138910269366 ], [ -93.025932659812611, 17.774900429573211 ], [ -93.026007370229777, 17.774578480297325 ], [ -93.02614434000472, 17.774304199981664 ], [ -93.026480580089583, 17.773946460345986 ], [ -93.027028550042189, 17.773505200244479 ], [ -93.027377249538432, 17.773123570399999 ], [ -93.027638780353755, 17.772885059602189 ], [ -93.027701000379238, 17.772491570399694 ], [ -93.027688490398546, 17.772157690207113 ], [ -93.027688430212095, 17.771823830090081 ], [ -93.027800509860171, 17.771644949742942 ], [ -93.028012229614475, 17.771477979999329 ], [ -93.028610060228132, 17.771454059673029 ], [ -93.02907092025788, 17.771477830006322 ], [ -93.029531750477574, 17.771418149891783 ], [ -93.030005030249455, 17.771263059954659 ], [ -93.030490749994385, 17.77108413997037 ], [ -93.03087437005631, 17.770910049561277 ], [ -93.031559349668896, 17.770528350200919 ], [ -93.032244339769633, 17.770253999599149 ], [ -93.032804799810464, 17.770122740152726 ], [ -93.033452490163171, 17.770241879752732 ], [ -93.03406279953208, 17.770217920295931 ], [ -93.034585890392393, 17.770038970313827 ], [ -93.035283319517433, 17.769740750416585 ], [ -93.035993229673934, 17.76952599994889 ], [ -93.036077229991989, 17.769497600275763 ], [ -93.036406770126874, 17.769386179645718 ], [ -93.036628399716406, 17.769311250210432 ], [ -93.03722618004916, 17.76898918021174 ], [ -93.037363110321991, 17.768631450280299 ], [ -93.037387940038343, 17.768261800014585 ], [ -93.037338060449756, 17.767951780305832 ], [ -93.03703908005852, 17.767641820080915 ], [ -93.036814819686612, 17.767343769859554 ], [ -93.036465999661189, 17.766986109688464 ], [ -93.036291579983256, 17.766711889629963 ], [ -93.036366260366052, 17.766485320286915 ], [ -93.036590430059135, 17.766354119577905 ], [ -93.037070449881355, 17.766409429659422 ], [ -93.037643370415452, 17.766421249729465 ], [ -93.038178919733355, 17.766385370333484 ], [ -93.03851519983499, 17.766266060216495 ], [ -93.03890128971625, 17.766265980006835 ], [ -93.039162859946686, 17.766373259577083 ], [ -93.039511690061659, 17.76674282987738 ], [ -93.039686220342404, 17.767470150241557 ], [ -93.039823370276736, 17.768149780009484 ], [ -93.039835969984921, 17.768769820302953 ], [ -93.039811149902903, 17.769246780074528 ], [ -93.039773879934572, 17.769604509657597 ], [ -93.039861139799186, 17.769926429847374 ], [ -93.040197450395979, 17.769997910050286 ], [ -93.040421580155467, 17.769818999739673 ], [ -93.040707999889619, 17.769520850122422 ], [ -93.041019310084735, 17.769222690142517 ], [ -93.041430280219501, 17.769007969791396 ], [ -93.041990719912889, 17.768864770176926 ], [ -93.042351880117835, 17.768661980004484 ], [ -93.042638279706878, 17.768411509674369 ], [ -93.042526110142134, 17.768065740266657 ], [ -93.042364089998685, 17.767672289574381 ], [ -93.042251920004091, 17.767302680049745 ], [ -93.042214429600065, 17.766789950375713 ], [ -93.042289089674696, 17.766479919539737 ], [ -93.042450920401379, 17.766181779977476 ], [ -93.042724860453632, 17.765835939930479 ], [ -93.042926880241453, 17.765592199799912 ], [ -93.043013940127253, 17.765127139919887 ], [ -93.042988939916853, 17.764709820174033 ], [ -93.043038649801318, 17.764268620213493 ], [ -93.04316312034247, 17.763910859671444 ], [ -93.043586509904785, 17.763624600428098 ], [ -93.043935180438737, 17.763374119776255 ], [ -93.044445739638292, 17.763028219592204 ], [ -93.045043479921944, 17.762694200165488 ], [ -93.045280079775083, 17.762503370107325 ], [ -93.045342279833648, 17.762229090396755 ], [ -93.045230090442899, 17.761871419891211 ], [ -93.044995659688851, 17.761652170094582 ], [ -93.044807400241879, 17.761436000172321 ], [ -93.044581510294947, 17.761234249744938 ], [ -93.044340549632494, 17.761018060377932 ], [ -93.044332950391819, 17.760700950030774 ], [ -93.044370540326497, 17.760484709975376 ], [ -93.044513519896654, 17.760318909587486 ], [ -93.044724290304927, 17.760246779639949 ], [ -93.04499528039436, 17.760116979724465 ], [ -93.045364149632562, 17.76008807980789 ], [ -93.045537280302341, 17.760008749844904 ], [ -93.045732980345633, 17.759907820203846 ], [ -93.04593064963268, 17.759765880359538 ], [ -93.046133859790018, 17.75960726039694 ], [ -93.046269340166475, 17.759455880280754 ], [ -93.046480080015115, 17.759311679611475 ], [ -93.046705879850634, 17.759080979661263 ], [ -93.046878970353362, 17.75891517966236 ], [ -93.047082200314307, 17.758770969648406 ], [ -93.0473607103023, 17.758662799861025 ], [ -93.047586510223937, 17.758511380302533 ], [ -93.047767139817935, 17.758352770346143 ], [ -93.047782149607542, 17.758179800342926 ], [ -93.047797140299991, 17.75793474015051 ], [ -93.047797059910792, 17.75761762040424 ], [ -93.047774400430541, 17.75735095001335 ], [ -93.047638799530716, 17.756976180150044 ], [ -93.047533309972522, 17.756615849971155 ], [ -93.047307400093345, 17.756392460370083 ], [ -93.046997919748051, 17.756214400212482 ], [ -93.046741979734833, 17.756286519685023 ], [ -93.046561339613902, 17.756409090372923 ], [ -93.046403290086289, 17.756531659970474 ], [ -93.046154889842995, 17.756639830386337 ], [ -93.046019380381594, 17.756618230429154 ], [ -93.045876340238564, 17.756553400449281 ], [ -93.045778399879183, 17.75630116961727 ], [ -93.045688019757677, 17.756041709552782 ], [ -93.045687919990456, 17.755702970354552 ], [ -93.045710419543965, 17.755385830098504 ], [ -93.045695229715136, 17.7548885202973 ], [ -93.045702710341757, 17.754657890304976 ], [ -93.04577792036936, 17.754383979581736 ], [ -93.045785879830248, 17.754047549946076 ], [ -93.045898710023053, 17.753752029760346 ], [ -93.04598895047944, 17.753369999666599 ], [ -93.046064150265082, 17.753067279667995 ], [ -93.046440430447021, 17.75258429021984 ], [ -93.046688779689802, 17.752353600079683 ], [ -93.046937120068975, 17.752036400295577 ], [ -93.047170399766571, 17.751769679900246 ], [ -93.047456399809008, 17.751560579537514 ], [ -93.047742419637572, 17.751394750139809 ], [ -93.048043519774893, 17.751387460368427 ], [ -93.048442509886897, 17.751365740175174 ], [ -93.048624309791805, 17.751283850151335 ], [ -93.048692020074768, 17.751089220359454 ], [ -93.048639279580215, 17.750937879716677 ], [ -93.04851125965628, 17.750772140022473 ], [ -93.048353139846, 17.750591979658683 ], [ -93.048119719831959, 17.750426280191132 ], [ -93.047939029709525, 17.750289380112299 ], [ -93.047765859606116, 17.750202939534255 ], [ -93.047457220355028, 17.750130939671582 ], [ -93.047246449867359, 17.750159820155368 ], [ -93.047013080359847, 17.750152659859207 ], [ -93.046711970348895, 17.750145520092882 ], [ -93.046614080284172, 17.75005905962157 ], [ -93.046583490185242, 17.749873679814854 ], [ -93.046598490262355, 17.749686279567594 ], [ -93.04663607993983, 17.749498880248392 ], [ -93.046711290109101, 17.749224969824763 ], [ -93.046741339568669, 17.748994339823849 ], [ -93.046786420453103, 17.748655570225704 ], [ -93.046869169865573, 17.748432120028358 ], [ -93.046982030155931, 17.748244690164388 ], [ -93.047087369566029, 17.748071690225341 ], [ -93.047365849892586, 17.747913059818625 ], [ -93.047599170469326, 17.747776079943343 ], [ -93.04789274957713, 17.747747170188568 ], [ -93.048366979577295, 17.747739849803896 ], [ -93.048931549690209, 17.747732490064681 ], [ -93.049225110312705, 17.747667550350805 ], [ -93.049511110372237, 17.747501719860907 ], [ -93.049664680226783, 17.747230249794544 ], [ -93.049754849655656, 17.746718480120013 ], [ -93.049852570378519, 17.746213940213856 ], [ -93.049942820031887, 17.745896779630993 ], [ -93.04995023007919, 17.745442719648853 ], [ -93.050017909763284, 17.745204859674988 ], [ -93.050243709564171, 17.745103889934942 ], [ -93.050477059963939, 17.745139880403805 ], [ -93.050725510008647, 17.745283949868291 ], [ -93.051019139874811, 17.745456859906433 ], [ -93.051237479896912, 17.745572120313323 ], [ -93.051568709709954, 17.745694569765082 ], [ -93.051809579715012, 17.745672879974258 ], [ -93.051990230096322, 17.745593540314761 ], [ -93.052027819521399, 17.745391720256805 ], [ -93.051982550428264, 17.745132280364125 ], [ -93.051959940229992, 17.744944879724933 ], [ -93.051862019873624, 17.744764720147177 ], [ -93.051726459916665, 17.744541339837095 ], [ -93.051502449759184, 17.744139489753088 ], [ -93.051329169953888, 17.743656649797625 ], [ -93.051344139866885, 17.743303490055901 ], [ -93.051359119767781, 17.743072830056214 ], [ -93.051577419564339, 17.743072780341254 ], [ -93.051773169790778, 17.743224089935605 ], [ -93.051908739546391, 17.74349072003054 ], [ -93.052187319556069, 17.743714080112856 ], [ -93.052556230267868, 17.743894170413057 ], [ -93.052804629732833, 17.743886890084379 ], [ -93.0530906599639, 17.743814750284198 ], [ -93.053391690299009, 17.743591230208505 ], [ -93.053813089993966, 17.743151459556362 ], [ -93.054121580197616, 17.742711719589771 ], [ -93.054279569861265, 17.742401750373151 ], [ -93.054339709903076, 17.742171109970368 ], [ -93.054204179790119, 17.742070249608517 ], [ -93.053978350051281, 17.742027060245931 ], [ -93.053654689532308, 17.742070400105078 ], [ -93.053368659716099, 17.742077679870533 ], [ -93.053075110250049, 17.742135419608719 ], [ -93.052789059653847, 17.742135489683108 ], [ -93.052593350043438, 17.742113920008389 ], [ -93.052450279734487, 17.741940979634901 ], [ -93.052337289955204, 17.741731999898626 ], [ -93.052389939661907, 17.74154459981191 ], [ -93.05259430973301, 17.741426749995227 ], [ -93.052902910160995, 17.74136180016086 ], [ -93.053188919909175, 17.741311279766286 ], [ -93.053505050214483, 17.74120307986858 ], [ -93.053610400093703, 17.741051689893865 ], [ -93.053708200394837, 17.740893089912444 ], [ -93.053738259956063, 17.740748940139806 ], [ -93.053640749940598, 17.740578230074306 ], [ -93.053460000056631, 17.740246739712642 ], [ -93.053429780048319, 17.739900779819138 ], [ -93.05345983026865, 17.739648519978061 ], [ -93.053572649969126, 17.73936018031436 ], [ -93.053745720298011, 17.73915832015533 ], [ -93.053963939807119, 17.738898800269638 ], [ -93.054129430402156, 17.738574420309483 ], [ -93.054197090166141, 17.738286110341608 ], [ -93.054099150376558, 17.738019449928291 ], [ -93.054008750246311, 17.737752799747547 ], [ -93.053790340457084, 17.737518520099041 ], [ -93.05342898015391, 17.737403310287299 ], [ -93.053218220062959, 17.737338489566298 ], [ -93.053037539657652, 17.737266460412339 ], [ -93.052962220403757, 17.737093509749059 ], [ -93.053044949990166, 17.736870060164168 ], [ -93.053217980130555, 17.736588919946435 ], [ -93.053421170103462, 17.73640868008664 ], [ -93.053639399758865, 17.736242850033484 ], [ -93.054023279756436, 17.736156250318903 ], [ -93.054453660458776, 17.735964349878547 ], [ -93.054754679541148, 17.735712020344288 ], [ -93.054957820470804, 17.735445279675965 ], [ -93.055123319977668, 17.735120910417219 ], [ -93.055228570158576, 17.734702830409098 ], [ -93.05519832045745, 17.734227150045538 ], [ -93.05511542041279, 17.733859600341866 ], [ -93.054889479871846, 17.733484859599145 ], [ -93.054527569860554, 17.733200030384364 ], [ -93.054233859596351, 17.732709999789066 ], [ -93.054105799670126, 17.732349659729625 ], [ -93.054113229614217, 17.732039739830924 ], [ -93.054158309656174, 17.731765850069902 ], [ -93.054369849593755, 17.731387000049192 ], [ -93.054663309880993, 17.73104816980376 ], [ -93.054904090128517, 17.730831879730697 ], [ -93.055062109824249, 17.730651649944658 ], [ -93.055393219547312, 17.730370460143391 ], [ -93.055242600264847, 17.730132659647253 ], [ -93.055069430212399, 17.729974139891773 ], [ -93.054828539905202, 17.729837260391783 ], [ -93.054587620443044, 17.729664350013305 ], [ -93.054248120339707, 17.729509549640618 ], [ -93.054120109780982, 17.729314979727803 ], [ -93.054150149551248, 17.729170829768321 ], [ -93.05436838002845, 17.728997779712913 ], [ -93.054541489815108, 17.728918460140967 ], [ -93.054812379954413, 17.728716570021238 ], [ -93.055060740265674, 17.728565139925994 ], [ -93.055166050017107, 17.72837771977434 ], [ -93.05514342999065, 17.728204750359655 ], [ -93.055037980192054, 17.72803180034391 ], [ -93.054879879870555, 17.727887690432674 ], [ -93.054774449953698, 17.727657090419207 ], [ -93.054662580247083, 17.727450850075684 ], [ -93.054654979757103, 17.727234630160389 ], [ -93.054692570138442, 17.727054430306026 ], [ -93.054873169537998, 17.726888620210072 ], [ -93.055053750228865, 17.726751630252203 ], [ -93.055249420316017, 17.726643459843533 ], [ -93.055437539889496, 17.726492049937132 ], [ -93.055663310074962, 17.72633341996054 ], [ -93.055798739927411, 17.726218060245838 ], [ -93.055971799570585, 17.7260666497187 ], [ -93.056047000240383, 17.725843200012687 ], [ -93.05613725024206, 17.725598120236143 ], [ -93.056280910420654, 17.725378629683828 ], [ -93.056310939617248, 17.725104740378175 ], [ -93.056371020097927, 17.724686690051211 ], [ -93.056559080294178, 17.724362310190088 ], [ -93.056769710161788, 17.723987449859219 ], [ -93.056950309864177, 17.723857679540885 ], [ -93.057176050237018, 17.723655780276204 ], [ -93.057243709744014, 17.723439549714104 ], [ -93.057198479558309, 17.723201720037117 ], [ -93.057070479812097, 17.723050399679742 ], [ -93.057009140357181, 17.722879619972488 ], [ -93.056745660019644, 17.722735539619269 ], [ -93.056391859879852, 17.722562660323383 ], [ -93.056023020193877, 17.722433030272871 ], [ -93.055563830347069, 17.722260179749579 ], [ -93.055345489975522, 17.722007980294904 ], [ -93.055352940206859, 17.721777349629416 ], [ -93.055465800223857, 17.721589919856811 ], [ -93.055721649720653, 17.721460119694324 ], [ -93.056015150292893, 17.721380749767132 ], [ -93.056459220462017, 17.721330169730194 ], [ -93.057166600062075, 17.720976800317199 ], [ -93.057625619786535, 17.720659540088626 ], [ -93.057724710246163, 17.720488749668458 ], [ -93.057732139552343, 17.720186050388531 ], [ -93.057604139929992, 17.720027510445817 ], [ -93.05737828997934, 17.719832970440816 ], [ -93.057009430392029, 17.719631280147908 ], [ -93.056633049839633, 17.719465619822973 ], [ -93.056407230105023, 17.719393600413362 ], [ -93.056076060404777, 17.719372080472819 ], [ -93.055805119898878, 17.719379350104216 ], [ -93.055458880125514, 17.719365049580002 ], [ -93.055218049854673, 17.71937231978653 ], [ -93.054826660423714, 17.719350800061687 ], [ -93.054427739626988, 17.71925001978834 ], [ -93.054081489973797, 17.719163620238241 ], [ -93.053757819702469, 17.719048380182599 ], [ -93.053547050121068, 17.718940319879881 ], [ -93.05347174037972, 17.718781799656419 ], [ -93.05347920021606, 17.718579979962239 ], [ -93.053546880101635, 17.718378149907611 ], [ -93.053757539583373, 17.718133050015577 ], [ -93.054524289781057, 17.717572199835168 ], [ -93.054908060165047, 17.717312629610834 ], [ -93.055013350174605, 17.717067539629522 ], [ -93.054840180306527, 17.716858579907257 ], [ -93.054561679637686, 17.716743340154544 ], [ -93.05417782046473, 17.716700199664828 ], [ -93.053891770344052, 17.716527310438106 ], [ -93.053726140016124, 17.716397600101288 ], [ -93.053620690047282, 17.716116539774116 ], [ -93.053628140145719, 17.715799420441385 ], [ -93.053778580284742, 17.715554320451826 ], [ -93.053974179639084, 17.715273169798866 ], [ -93.054350140055092, 17.714503999941819 ], [ -93.054613339977351, 17.713812020322834 ], [ -93.054786260265502, 17.71319932026336 ], [ -93.054665770168285, 17.712975919913777 ], [ -93.054522660224862, 17.712615600091397 ], [ -93.05428742022653, 17.712064549974905 ], [ -93.054023850103761, 17.711588939968159 ], [ -93.053843169891337, 17.71141599960853 ], [ -93.053700150370645, 17.711336770162148 ], [ -93.053527059535298, 17.711387260187781 ], [ -93.05322606025841, 17.711574739637282 ], [ -93.052767049730619, 17.711783879713888 ], [ -93.052561349947453, 17.711988420105769 ], [ -93.052124889874477, 17.712204769833157 ], [ -93.051577739665689, 17.712659969978692 ], [ -93.05119191030991, 17.71312035017684 ], [ -93.050710379821069, 17.713668250262469 ], [ -93.050319090196353, 17.713884570223634 ], [ -93.049784799705932, 17.714187419534792 ], [ -93.049461180423037, 17.714194710008236 ], [ -93.049257969870013, 17.714194770089026 ], [ -93.048896650312741, 17.713928170161843 ], [ -93.048919110225441, 17.713531750416308 ], [ -93.048994309737097, 17.713308310288454 ], [ -93.049061909919175, 17.712789350214621 ], [ -93.049091910052397, 17.712378519613399 ], [ -93.048933739836343, 17.711953319935844 ], [ -93.048599889894902, 17.711482349700532 ], [ -93.048359020203037, 17.711309429621764 ], [ -93.04814823031775, 17.711129309905843 ], [ -93.047982650303837, 17.711078889958291 ], [ -93.047862280196256, 17.711237479559756 ], [ -93.047854879774377, 17.711749220002872 ], [ -93.047824859875718, 17.712116799636387 ], [ -93.047614220303316, 17.712426780368546 ], [ -93.047283120417859, 17.712607049914702 ], [ -93.046590739843893, 17.712729740293238 ], [ -93.046094050426177, 17.712881219788422 ], [ -93.045790349984941, 17.71300563018313 ], [ -93.045331279992823, 17.713128279955789 ], [ -93.044887260184808, 17.713258109889559 ], [ -93.04463142988611, 17.71346717984067 ], [ -93.044367980005717, 17.71338794956316 ], [ -93.044352820088207, 17.712890650368355 ], [ -93.044276220408221, 17.71252796989722 ], [ -93.043975030090735, 17.711958630072793 ], [ -93.043583599920424, 17.711648800098899 ], [ -93.042740490106013, 17.710848949691162 ], [ -93.042055480040858, 17.710330170446863 ], [ -93.042303780424504, 17.71007785012219 ], [ -93.042687970116589, 17.7097560800845 ], [ -93.042996379769889, 17.709100120334131 ], [ -93.043184460033117, 17.708804579585586 ], [ -93.043334969790692, 17.708797339660237 ], [ -93.043440350338855, 17.708862179835823 ], [ -93.043568369892554, 17.709157660102104 ], [ -93.043538430163153, 17.709842379677539 ], [ -93.043591250184193, 17.71037572004148 ], [ -93.043749349549529, 17.710656780020916 ], [ -93.043908489633566, 17.710860979808544 ], [ -93.044360120209518, 17.711127549772094 ], [ -93.044623549848836, 17.711163540365757 ], [ -93.044781569625599, 17.711077019804083 ], [ -93.044871849560238, 17.71094005992423 ], [ -93.044909450090458, 17.710788680054613 ], [ -93.044916890404963, 17.710493180434554 ], [ -93.044841580212662, 17.710262550009233 ], [ -93.044781259620322, 17.709858949711229 ], [ -93.044781179722619, 17.70956344999405 ], [ -93.044848920129738, 17.709279580050399 ], [ -93.044924090368582, 17.708911980061753 ], [ -93.044969219925278, 17.708724579543677 ], [ -93.04493902968855, 17.708421880383572 ], [ -93.044901349674817, 17.708227280042053 ], [ -93.044795919714275, 17.707975050318751 ], [ -93.044592660347519, 17.707730029986976 ], [ -93.044349780416354, 17.707408449864243 ], [ -93.043905659553445, 17.707019339648934 ], [ -93.043431489560092, 17.706889710054291 ], [ -93.042836980479265, 17.70704841976541 ], [ -93.04230268990591, 17.707279149610414 ], [ -93.041949020386539, 17.707452220434845 ], [ -93.041678090453601, 17.707509939633823 ], [ -93.041497460045136, 17.707481150356443 ], [ -93.04149740001111, 17.707228879915878 ], [ -93.041602710105721, 17.706969379734264 ], [ -93.041730569980089, 17.706645030125522 ], [ -93.041918630331395, 17.706219740302764 ], [ -93.042151800008767, 17.705707969620818 ], [ -93.042467819964799, 17.705354739888659 ], [ -93.042700999933757, 17.70521359964178 ], [ -93.042964340395585, 17.704939649646175 ], [ -93.043099719672128, 17.704622489674954 ], [ -93.043144819738274, 17.704370230376643 ], [ -93.043031890052461, 17.704218910079383 ], [ -93.042760949783386, 17.704190120404988 ], [ -93.042527659890624, 17.704175750418042 ], [ -93.042111490017589, 17.704118319832542 ], [ -93.041652380178604, 17.704010309701442 ], [ -93.041298679885799, 17.704017599855522 ], [ -93.040756850102525, 17.704125819805544 ], [ -93.040485950014741, 17.704327690419273 ], [ -93.040312940154564, 17.704644849797901 ], [ -93.040290480296534, 17.705156579697132 ], [ -93.040433550417077, 17.705589000379334 ], [ -93.040454319644851, 17.705743509858557 ], [ -93.040484510365744, 17.70606783014966 ], [ -93.040266310326061, 17.706269690198685 ], [ -93.040033050334031, 17.706507580335622 ], [ -93.039626679883554, 17.706637419930299 ], [ -93.039220310401589, 17.706781649867413 ], [ -93.038851539786634, 17.706817750116294 ], [ -93.038505319603104, 17.706709710042187 ], [ -93.038309629726228, 17.706587219635257 ], [ -93.038256909700252, 17.706349380370842 ], [ -93.038437489669278, 17.706197979955029 ], [ -93.038866399901508, 17.705895180442592 ], [ -93.03912222042166, 17.70560684967986 ], [ -93.039250090177219, 17.705282479684541 ], [ -93.039438169985274, 17.704972519607661 ], [ -93.03947573958186, 17.704655379646567 ], [ -93.039400450153181, 17.704504050088133 ], [ -93.039315820378079, 17.704378770379869 ], [ -93.039067460427859, 17.70433558005589 ], [ -93.038728819940914, 17.70445097040546 ], [ -93.038570820460137, 17.704616770173487 ], [ -93.038420340282158, 17.704818619936397 ], [ -93.038262339604259, 17.705006050294692 ], [ -93.037991399732576, 17.704984459869866 ], [ -93.03775808013107, 17.704919650086303 ], [ -93.037547279814731, 17.704508860033084 ], [ -93.037381619625791, 17.704069229769608 ], [ -93.037116080366005, 17.703381910251963 ], [ -93.037108430189605, 17.70277647956172 ], [ -93.03712411043368, 17.702369220257467 ], [ -93.037221830121936, 17.701821420066743 ], [ -93.037379739962404, 17.70127362957421 ], [ -93.037545260410155, 17.700999710342849 ], [ -93.037868849593949, 17.7009275700125 ], [ -93.038184940203848, 17.701021200157946 ], [ -93.038636509854854, 17.701143650120969 ], [ -93.039027880150456, 17.701273310105748 ], [ -93.039464370332269, 17.701330880390298 ], [ -93.039833140286703, 17.701338020369423 ], [ -93.040073940419703, 17.701222649789365 ], [ -93.040231939582029, 17.701042419563471 ], [ -93.040156630137616, 17.700819000134256 ], [ -93.039930819731566, 17.700624449769979 ], [ -93.039750139593181, 17.700379429997611 ], [ -93.039343680190811, 17.700026349888262 ], [ -93.038914629620464, 17.699586769821956 ], [ -93.038508619809832, 17.699335110067732 ], [ -93.038094650187773, 17.699046890319931 ], [ -93.037966650367409, 17.698830690458969 ], [ -93.037883830036151, 17.698607280004502 ], [ -93.037906349878781, 17.698362229967984 ], [ -93.03796649004515, 17.69805229036794 ], [ -93.038056749588961, 17.697821629803506 ], [ -93.038229819603785, 17.697727909737441 ], [ -93.038478169632413, 17.697792719931485 ], [ -93.038703970354774, 17.69790798038683 ], [ -93.039095339598447, 17.698073689764794 ], [ -93.039456600263506, 17.698203349636952 ], [ -93.039750089646645, 17.69821771026341 ], [ -93.039930680428384, 17.698102350339266 ], [ -93.03997576956418, 17.69787891042467 ], [ -93.039855289651427, 17.697554599627377 ], [ -93.039816740379663, 17.697496600248083 ], [ -93.039697200258303, 17.697316780147958 ], [ -93.039599310449489, 17.696992479985941 ], [ -93.039433659883855, 17.696588880339203 ], [ -93.039486259624098, 17.696257319565124 ], [ -93.039834420341663, 17.695854489828854 ], [ -93.040157939663189, 17.695472430305934 ], [ -93.040481399628504, 17.69490297015366 ], [ -93.040737080370533, 17.694081279922209 ], [ -93.040804690035657, 17.693562310187534 ], [ -93.040721780151003, 17.692978520210886 ], [ -93.04048090984368, 17.692704690269657 ], [ -93.040276579554188, 17.692551290356796 ], [ -93.039870230456231, 17.692652280185833 ], [ -93.039313419744914, 17.69294789012848 ], [ -93.038869480373037, 17.693178629941812 ], [ -93.03854593977114, 17.693373290168218 ], [ -93.038252489723419, 17.693582369536511 ], [ -93.038041819930626, 17.69375538003867 ], [ -93.03769565997024, 17.693849150410003 ], [ -93.037447309670753, 17.69380595030395 ], [ -93.037146260097046, 17.693669079690174 ], [ -93.03715373960712, 17.693416820228691 ], [ -93.037341830241758, 17.693229369835244 ], [ -93.037635290210616, 17.693106800136928 ], [ -93.0378600904384, 17.693010489714386 ], [ -93.038010579686286, 17.692938380171281 ], [ -93.038161080192324, 17.692844659776224 ], [ -93.038304030416441, 17.692707680250145 ], [ -93.038401800332039, 17.692505860185314 ], [ -93.03834154014568, 17.692181519662178 ], [ -93.03829633956164, 17.691900450263212 ], [ -93.038175859991455, 17.691677029648599 ], [ -93.038002739824165, 17.691381569801354 ], [ -93.037897320027369, 17.69112211000007 ], [ -93.037731690460859, 17.690732950018198 ], [ -93.037648779622316, 17.690584459930676 ], [ -93.03766376957249, 17.690310570021232 ], [ -93.037731449682042, 17.690051089852574 ], [ -93.037821709778967, 17.689827629598781 ], [ -93.037979689885134, 17.689568139975144 ], [ -93.038107550462499, 17.689265399980481 ], [ -93.038115050310154, 17.689092419933445 ], [ -93.038062309530389, 17.688832969965713 ], [ -93.037964430038841, 17.688631170188735 ], [ -93.037926750269676, 17.688364510374498 ], [ -93.038001969703799, 17.688141059660019 ], [ -93.038054620100226, 17.688004110313102 ], [ -93.038265290011196, 17.687924769884962 ], [ -93.038536220312992, 17.687982379949222 ], [ -93.03874694985123, 17.688140909817946 ], [ -93.038897510106949, 17.688421970209582 ], [ -93.03891267952703, 17.688926490422922 ], [ -93.038882630379845, 17.689229220134308 ], [ -93.038799940085781, 17.689618430434102 ], [ -93.038724829677093, 17.690303149814905 ], [ -93.038687340101674, 17.690923000070686 ], [ -93.038702459998774, 17.691247339547708 ], [ -93.038696890114281, 17.691487380013793 ], [ -93.038870049733532, 17.691768450414358 ], [ -93.039118430043544, 17.691963000099015 ], [ -93.039329110110316, 17.691862060176089 ], [ -93.039494630414325, 17.691739490302432 ], [ -93.039645110283288, 17.69159530995741 ], [ -93.039840740410881, 17.691407880176989 ], [ -93.039961120168996, 17.691328579767283 ], [ -93.040247050315514, 17.691162749967887 ], [ -93.0404878203679, 17.691018550062509 ], [ -93.040706049513133, 17.69096805040234 ], [ -93.040894120012354, 17.690780620031187 ], [ -93.041119819871838, 17.690492280296176 ], [ -93.041232599903168, 17.690081420160471 ], [ -93.041354379943641, 17.68968158035057 ], [ -93.041632689594195, 17.689076090343512 ], [ -93.041715370236531, 17.688730120190399 ], [ -93.041813319709661, 17.68848987955862 ], [ -93.041850769703728, 17.687661020319045 ], [ -93.041805519859068, 17.687329479819205 ], [ -93.041888200034109, 17.686882600033218 ], [ -93.0419784495584, 17.686623110106879 ], [ -93.042031060388638, 17.686385249817793 ], [ -93.041933199948687, 17.686176249919676 ], [ -93.041790180416243, 17.68602491958368 ], [ -93.041532630184605, 17.685897250296044 ], [ -93.041209030157034, 17.685709910159972 ], [ -93.040795119669426, 17.685623510252427 ], [ -93.040411339537442, 17.685558720276568 ], [ -93.040042600180172, 17.68552274978077 ], [ -93.039741549669046, 17.685371460039498 ], [ -93.03928997978376, 17.685011169961864 ], [ -93.038544830142797, 17.684211289559066 ], [ -93.03804803032051, 17.683483449881201 ], [ -93.037880709952432, 17.683248029580579 ], [ -93.03785808038549, 17.683017379970071 ], [ -93.037865549834933, 17.682765119862065 ], [ -93.037970859723472, 17.682592120020811 ], [ -93.038256799581262, 17.682505569747207 ], [ -93.0386631497595, 17.682599200170479 ], [ -93.039062000110974, 17.682764890381222 ], [ -93.03938560001744, 17.682851320279038 ], [ -93.039874739931463, 17.682959320301752 ], [ -93.040175740179023, 17.682937650340129 ], [ -93.040363850321071, 17.682901570233621 ], [ -93.040559459624575, 17.6827790001336 ], [ -93.040672279705689, 17.682476260354044 ], [ -93.040702340357541, 17.682310479744562 ], [ -93.040544259601603, 17.68205105023711 ], [ -93.04028088014357, 17.682000650376761 ], [ -93.03995730958367, 17.682022339838475 ], [ -93.039663849673175, 17.682015180039937 ], [ -93.03906185026446, 17.682000889847124 ], [ -93.038813519831379, 17.682008139584184 ], [ -93.038640449926234, 17.681979350266758 ], [ -93.0382791996295, 17.681748779994049 ], [ -93.038091029736435, 17.681496550171843 ], [ -93.037993120019507, 17.681150619844217 ], [ -93.037903049839358, 17.680657079792283 ], [ -93.037985799641419, 17.680585000109907 ], [ -93.038143829860473, 17.680628219797875 ], [ -93.038279289552847, 17.680707460149016 ], [ -93.038452400384159, 17.680844369681324 ], [ -93.038745910175805, 17.681024509650079 ], [ -93.039227519940013, 17.681175770325456 ], [ -93.039551140042988, 17.681305450177494 ], [ -93.039867180278875, 17.681355829697655 ], [ -93.04019075033068, 17.681319719924687 ], [ -93.040536880129054, 17.681269200414551 ], [ -93.040905579702454, 17.681182629878961 ], [ -93.041334460430704, 17.681031179831255 ], [ -93.041590260210128, 17.680843739950578 ], [ -93.041815970319689, 17.680677919680221 ], [ -93.041931060383249, 17.680494860124046 ], [ -93.041908420216927, 17.680192139924927 ], [ -93.041787969679604, 17.679968739761367 ], [ -93.041569710313723, 17.679774180224317 ], [ -93.04134390954728, 17.679536380228644 ], [ -93.041103050177753, 17.679298579919642 ], [ -93.040952509679755, 17.67906077030181 ], [ -93.040854570314281, 17.678527450128229 ], [ -93.040854489854212, 17.678217510110795 ], [ -93.040846889972485, 17.677864349594252 ], [ -93.040839290118342, 17.677561630237268 ], [ -93.040620139825521, 17.676792800331842 ], [ -93.040446969666746, 17.676338770404794 ], [ -93.040318920217643, 17.675783819737433 ], [ -93.040266120345322, 17.675200030198717 ], [ -93.040401450023808, 17.674681050243699 ], [ -93.040575620398428, 17.674497740253965 ], [ -93.040838940140603, 17.674360740444776 ], [ -93.041087229555004, 17.674259780245844 ], [ -93.041455910191942, 17.674158799815732 ], [ -93.041929970367107, 17.674209150239385 ], [ -93.042388970394427, 17.674230680041155 ], [ -93.04281034979094, 17.674281049740333 ], [ -93.043173539814447, 17.674257019729509 ], [ -93.043790490351824, 17.674019030256151 ], [ -93.044068850442983, 17.673824370315099 ], [ -93.044241880032459, 17.673629720218251 ], [ -93.044429919557729, 17.673406249607574 ], [ -93.044422309889583, 17.673038679794619 ], [ -93.044347000348736, 17.672764800041836 ], [ -93.044298289593215, 17.672661750135756 ], [ -93.044203950038067, 17.672462119729129 ], [ -93.043954879680385, 17.672206600194706 ], [ -93.043601169580398, 17.671968829952604 ], [ -93.043277600206423, 17.67184638022233 ], [ -93.042863719743025, 17.671788819929706 ], [ -93.042457400162021, 17.671731249922626 ], [ -93.041975799598347, 17.671572769770226 ], [ -93.041539320047107, 17.671335029981481 ], [ -93.0412984895666, 17.671147679931462 ], [ -93.041042579597374, 17.670772939837871 ], [ -93.04076408042738, 17.670326139673659 ], [ -93.040612249738885, 17.669794630024285 ], [ -93.040476659984122, 17.669167619571233 ], [ -93.040423830004883, 17.668497320041229 ], [ -93.040514029957464, 17.668079280374439 ], [ -93.040769689662071, 17.667358480171423 ], [ -93.041108249690495, 17.667106139535797 ], [ -93.041777920357731, 17.667271770223621 ], [ -93.042111800321564, 17.667478060081727 ], [ -93.042661150303516, 17.667766229739797 ], [ -93.043067510049838, 17.667982370407202 ], [ -93.043413629844522, 17.668003920031605 ], [ -93.043842489716866, 17.667938950023721 ], [ -93.044286419621784, 17.66786678002066 ], [ -93.044782949949209, 17.66757114981564 ], [ -93.045046229920828, 17.667311629722331 ], [ -93.045143999754146, 17.66709537972369 ], [ -93.044925720047345, 17.666843169706837 ], [ -93.044654850408108, 17.66676394961771 ], [ -93.044293629743322, 17.666576650308293 ], [ -93.044233340417051, 17.666443910171065 ], [ -93.044233250290858, 17.666083519960068 ], [ -93.044270690144089, 17.665413220062952 ], [ -93.044293219939533, 17.665160950390955 ], [ -93.044232829880556, 17.66476851994685 ], [ -93.043909200065386, 17.664401019706236 ], [ -93.043555449726085, 17.663889369870031 ], [ -93.043389799809788, 17.663428119731932 ], [ -93.043382150246416, 17.662923600038759 ], [ -93.043517030036142, 17.661613430249329 ], [ -93.04352440049017, 17.660986369695962 ], [ -93.043576950357149, 17.660496249706981 ], [ -93.043659600184498, 17.660020539874331 ], [ -93.043847620315731, 17.659710569948054 ], [ -93.044082629578895, 17.659518660342947 ], [ -93.044481349793372, 17.659316770175053 ], [ -93.044781849617479, 17.659270400367255 ], [ -93.044844399563956, 17.659229490420469 ], [ -93.045187769604908, 17.659155309943252 ], [ -93.045457650008458, 17.65910545002528 ], [ -93.045390029639364, 17.65466285963711 ], [ -93.045376569892724, 17.653778679968262 ], [ -93.04532214981738, 17.650203779789301 ], [ -93.045197622487677, 17.642021634023777 ], [ -93.045192749584899, 17.641701429853857 ], [ -93.04519150998874, 17.641619950445481 ], [ -93.045167475734175, 17.641231741026868 ], [ -93.045155292962249, 17.641034970567958 ], [ -93.045131720140617, 17.640654229873594 ], [ -93.045135353466065, 17.640522584095155 ], [ -93.045149290062511, 17.640017679990308 ], [ -93.045091129720944, 17.63980421597104 ], [ -93.045046829785292, 17.639641620326515 ], [ -93.045024720159091, 17.639560450346725 ], [ -93.045056339876282, 17.639371849773259 ], [ -93.045056309901653, 17.639241550326904 ], [ -93.045013969974931, 17.639093480090324 ], [ -93.04487487989347, 17.638930310338008 ], [ -93.044708579688162, 17.638705919531411 ], [ -93.044617850417438, 17.638532199890296 ], [ -93.044595150157562, 17.638394660178868 ], [ -93.044663140412439, 17.638264340229352 ], [ -93.044708430111001, 17.638112289710335 ], [ -93.044776400437627, 17.637953029917121 ], [ -93.044844370224354, 17.637808230389055 ], [ -93.044875510744077, 17.637700726452309 ], [ -93.044882120067555, 17.63767790961553 ], [ -93.044779323380794, 17.637540431222064 ], [ -93.044775620247918, 17.637535479689543 ], [ -93.044732477431594, 17.637523436104708 ], [ -93.044594249552588, 17.637484849902968 ], [ -93.044463934615862, 17.637447427052837 ], [ -93.044443119639027, 17.637441449658876 ], [ -93.044269310071783, 17.637390820000142 ], [ -93.044276829606659, 17.637260489989821 ], [ -93.044322139625763, 17.637173619547173 ], [ -93.04436748005503, 17.637079489557959 ], [ -93.0444052195258, 17.636934690055426 ], [ -93.044390079946098, 17.636840579915315 ], [ -93.044362180023697, 17.636760468399746 ], [ -93.04433355624127, 17.636678278787507 ], [ -93.044329579800902, 17.636666859937229 ], [ -93.044246429680967, 17.636529340330132 ], [ -93.044223720212258, 17.636312169915776 ], [ -93.044140540288581, 17.636087770264091 ], [ -93.044034689856247, 17.635870620235131 ], [ -93.043981749591111, 17.635660680066238 ], [ -93.043943939738924, 17.635452779875152 ], [ -93.044034569859548, 17.635300740205263 ], [ -93.044117659869571, 17.635155939949801 ], [ -93.04408736971051, 17.634880849531825 ], [ -93.044011740259563, 17.634613019769411 ], [ -93.043966340363895, 17.634388600100113 ], [ -93.043988970430476, 17.634178659948571 ], [ -93.043966150435224, 17.633606770379199 ], [ -93.043966050416728, 17.633128970057076 ], [ -93.043875320243728, 17.632919059621425 ], [ -93.043708980217858, 17.632513689999854 ], [ -93.043678109688173, 17.632324620434048 ], [ -93.043671150329715, 17.63228204968614 ], [ -93.043602479579249, 17.632065509712561 ], [ -93.043662819611356, 17.631565970040288 ], [ -93.043692939627618, 17.631124370005242 ], [ -93.043715509616078, 17.630733450048147 ], [ -93.043632279715979, 17.630255679686684 ], [ -93.043503749685456, 17.629900969777289 ], [ -93.043466243937161, 17.629861273588766 ], [ -93.043360150072687, 17.629748980226605 ], [ -93.043233830875565, 17.629678424234413 ], [ -93.043088090390725, 17.629597020078101 ], [ -93.042958489646907, 17.629302879600157 ], [ -93.042814859576126, 17.628948179529857 ], [ -93.04281474047292, 17.628441429686941 ], [ -93.042801420530182, 17.628080316559476 ], [ -93.042799520363431, 17.628028799648195 ], [ -93.04279548962468, 17.627744579869564 ], [ -93.042791829982804, 17.627485859823345 ], [ -93.042670859847519, 17.627080479871953 ], [ -93.042625740027631, 17.626626509787741 ], [ -93.042602950289051, 17.62611252022381 ], [ -93.042645279843711, 17.625746289910904 ], [ -93.042788570367492, 17.62548872027698 ], [ -93.042896060001709, 17.625351350105237 ], [ -93.042985579624926, 17.625093799661943 ], [ -93.043021349912735, 17.624801919548172 ], [ -93.043003350454114, 17.624458550243183 ], [ -93.042985349675988, 17.624149520398781 ], [ -93.043056939581106, 17.623771800159716 ], [ -93.043164379994607, 17.623445569700664 ], [ -93.04328972033791, 17.623067830295547 ], [ -93.04352263034248, 17.622861750431245 ], [ -93.043737519838345, 17.622346650352014 ], [ -93.043970349836499, 17.621865879700209 ], [ -93.043988200173402, 17.621573999655041 ], [ -93.043988109824767, 17.621179140307046 ], [ -93.043970090085068, 17.620835750351375 ], [ -93.043970049540079, 17.620646910248631 ], [ -93.044131279880176, 17.620406510099283 ], [ -93.044149089595976, 17.620045950132159 ], [ -93.044041489870196, 17.619651110061881 ], [ -93.043969749837473, 17.619427919756557 ], [ -93.043736740187015, 17.619118940243869 ], [ -93.043539569826862, 17.61882711984515 ], [ -93.043439580160268, 17.618725740395213 ], [ -93.043234880205858, 17.618518139995938 ], [ -93.043162220311189, 17.618265340060574 ], [ -93.043179979797202, 17.617647259941943 ], [ -93.043124063501125, 17.617259416036511 ], [ -93.043108199915139, 17.617149380203227 ], [ -93.042969225534449, 17.616994096956237 ], [ -93.042893120301017, 17.616909060337896 ], [ -93.04243347897021, 17.616956362207091 ], [ -93.042391429948353, 17.61696068964342 ], [ -93.041997219781365, 17.616960770152623 ], [ -93.041836270767888, 17.616863415132784 ], [ -93.041656740103619, 17.616754820291654 ], [ -93.041459549734952, 17.616394309703786 ], [ -93.041334019658507, 17.615913620216407 ], [ -93.041260546427949, 17.615662405786011 ], [ -93.041208489885946, 17.615484419830484 ], [ -93.041045015549201, 17.615371354472209 ], [ -93.040885909902499, 17.615261310006638 ], [ -93.040814170242726, 17.614986619699543 ], [ -93.04079618000543, 17.614608909785275 ], [ -93.040867799829243, 17.61436854001867 ], [ -93.041136519826352, 17.614179620294532 ], [ -93.041638179854829, 17.614042170291878 ], [ -93.041906939737956, 17.613956259983752 ], [ -93.041941679853238, 17.61355345962583 ], [ -93.041726520103722, 17.612935429817242 ], [ -93.041565359615532, 17.612739920230663 ], [ -93.04145767977397, 17.612609289890951 ], [ -93.041214490422249, 17.612471659919052 ], [ -93.041109718736465, 17.612412365855104 ], [ -93.041067233647055, 17.612388322250013 ], [ -93.041063429957788, 17.612386169944841 ], [ -93.040579630002028, 17.612283260001352 ], [ -93.040571778208033, 17.612276926905647 ], [ -93.040239120130437, 17.612008630286216 ], [ -93.040221140364892, 17.611648089759345 ], [ -93.040382309929754, 17.611236019556696 ], [ -93.040543480018442, 17.610892599649471 ], [ -93.04056131002578, 17.610446221292545 ], [ -93.040535852960176, 17.610008849526576 ], [ -93.040535094409037, 17.609995783197867 ], [ -93.040525339947038, 17.609828150306846 ], [ -93.040454844358379, 17.609800216068461 ], [ -93.040253710772248, 17.609720514882838 ], [ -93.040005679866127, 17.609622230238916 ], [ -93.039903984114233, 17.609573533912691 ], [ -93.039718970198166, 17.609484940134944 ], [ -93.039557659880288, 17.609278950027992 ], [ -93.03954086875099, 17.608561398884078 ], [ -93.039539580167158, 17.608506349895698 ], [ -93.039268340314493, 17.608395460046481 ], [ -93.038748680442907, 17.608138020224263 ], [ -93.03853482135041, 17.608035610749958 ], [ -93.038390289977841, 17.607966400315988 ], [ -93.038234394386336, 17.607930864477524 ], [ -93.038014019673284, 17.607880630007486 ], [ -93.037717248231417, 17.60779944528235 ], [ -93.037637720025728, 17.607777689989927 ], [ -93.037261400192335, 17.60748591008311 ], [ -93.036813370415544, 17.60695375036806 ], [ -93.036651949732956, 17.606215539987389 ], [ -93.036311429958303, 17.60566618040491 ], [ -93.036114100318343, 17.605401583627195 ], [ -93.03596588974834, 17.605202849888002 ], [ -93.035908185679858, 17.605201865803767 ], [ -93.035701920149066, 17.605198349700245 ], [ -93.035447199708031, 17.60503062978227 ], [ -93.03541586027626, 17.604685872165625 ], [ -93.035415310101357, 17.604679820446311 ], [ -93.03541925028469, 17.604582280063468 ], [ -93.035414062415839, 17.604576906165455 ], [ -93.035320889970464, 17.604480400411404 ], [ -93.035163170061864, 17.604445659985057 ], [ -93.034983380200913, 17.604536919906824 ], [ -93.03478238021998, 17.604395050382102 ], [ -93.034676600179424, 17.604293720042541 ], [ -93.034663424851956, 17.604284464786762 ], [ -93.034517919583621, 17.604182250131537 ], [ -93.034348659769819, 17.604091059664629 ], [ -93.034189980327326, 17.60402014028157 ], [ -93.034105370263958, 17.603989750363517 ], [ -93.033946710039615, 17.603999919892669 ], [ -93.033830339683604, 17.603918859726612 ], [ -93.033692819886099, 17.603756710364699 ], [ -93.033587019555043, 17.603584429587308 ], [ -93.03352350985044, 17.603391859762837 ], [ -93.033460020199826, 17.603189149855172 ], [ -93.033429259688063, 17.603090999623266 ], [ -93.033396049863597, 17.603039180331631 ], [ -93.033353259660558, 17.60299232012494 ], [ -93.033325740283814, 17.602957179920519 ], [ -93.03326765007678, 17.602840049992487 ], [ -93.033209570418961, 17.602796120088804 ], [ -93.033149860138437, 17.602768260403302 ], [ -93.033090349903418, 17.602740489669358 ], [ -93.033023110191891, 17.602717080116221 ], [ -93.03295279962822, 17.602699520238712 ], [ -93.03289777957788, 17.602679030094976 ], [ -93.032842750252257, 17.602652680053779 ], [ -93.032833650451792, 17.602580420196595 ], [ -93.03286718010105, 17.602494519976265 ], [ -93.032894689784172, 17.602459369580234 ], [ -93.032940519725699, 17.602412510287856 ], [ -93.032974480216183, 17.602395579572924 ], [ -93.033016939546073, 17.602374419862382 ], [ -93.033038320183707, 17.60235976991083 ], [ -93.033053599562706, 17.602345120364756 ], [ -93.033062770228014, 17.602321690405937 ], [ -93.033062770457917, 17.60230704982596 ], [ -93.033059709583938, 17.602279220154244 ], [ -93.033047030316979, 17.602268850033692 ], [ -93.032829940006124, 17.602033769739769 ], [ -93.032612850394244, 17.601852939699281 ], [ -93.032442949749637, 17.601672110400401 ], [ -93.032329689978226, 17.601536490221655 ], [ -93.032282479578669, 17.601355629777636 ], [ -93.032254140008988, 17.601229050013565 ], [ -93.032423949599888, 17.600912510214211 ], [ -93.032338979829888, 17.600767829982686 ], [ -93.032140779940491, 17.600632220156008 ], [ -93.032150220451342, 17.600550830130707 ], [ -93.032216249729089, 17.600433259852021 ], [ -93.032301149814771, 17.600306649694229 ], [ -93.032329450364472, 17.600152909616412 ], [ -93.032121800409868, 17.599953999664343 ], [ -93.032017979668097, 17.599863579623051 ], [ -93.031829200288044, 17.599673709876125 ], [ -93.031687620351732, 17.599492880263767 ], [ -93.031574350407894, 17.599366290391817 ], [ -93.031383479526113, 17.599279230102344 ], [ -93.031232479676788, 17.59926117019749 ], [ -93.031053169881289, 17.599188850282985 ], [ -93.030836110155818, 17.599062280134323 ], [ -93.030765429585088, 17.59897611042738 ], [ -93.030779449594831, 17.598872399718537 ], [ -93.030798349752018, 17.598780229833917 ], [ -93.030751109834043, 17.598682489787965 ], [ -93.030628420489023, 17.598610169667463 ], [ -93.030458539950075, 17.598555939765046 ], [ -93.03032642953832, 17.598510740101499 ], [ -93.03009994015774, 17.598483649608458 ], [ -93.02993948995946, 17.598420370317079 ], [ -93.029826249831459, 17.598411339755877 ], [ -93.029694140296527, 17.598411370442527 ], [ -93.029628059906258, 17.598302859736041 ], [ -93.029618600208792, 17.598149119837093 ], [ -93.029646860001492, 17.597868800159549 ], [ -93.029524169782604, 17.597751260048195 ], [ -93.029401479588572, 17.597724139833236 ], [ -93.029278800205503, 17.597642769983146 ], [ -93.029061720398275, 17.59750717043552 ], [ -93.028816349709814, 17.597362509744762 ], [ -93.028594289773466, 17.597340849557696 ], [ -93.028292309613079, 17.597277599866153 ], [ -93.02795257959086, 17.597178150283046 ], [ -93.027603399539828, 17.597142050036155 ], [ -93.02716930957699, 17.597060710081088 ], [ -93.026820140225325, 17.596988419804898 ], [ -93.026574779539118, 17.597015570232578 ], [ -93.026452110387368, 17.596997509835738 ], [ -93.026244490288207, 17.596898060276583 ], [ -93.025980259580678, 17.59688905965422 ], [ -93.025923630336152, 17.596870980204773 ], [ -93.025876400150381, 17.596473090437684 ], [ -93.025810310044477, 17.596319380288094 ], [ -93.025668749822287, 17.596219909918805 ], [ -93.025536630218198, 17.596247060366142 ], [ -93.025442279552522, 17.596355600001036 ], [ -93.025317680351563, 17.59637857977264 ], [ -93.025225829760089, 17.596236510373281 ], [ -93.025122430140996, 17.596132339725013 ], [ -93.024838319674771, 17.596220019720782 ], [ -93.024640149563695, 17.596229090141041 ], [ -93.024357050343156, 17.596238170277044 ], [ -93.024196599902908, 17.59608446024588 ], [ -93.024055879799278, 17.595932779765818 ], [ -93.02401443005887, 17.595919119662238 ], [ -93.02391908990424, 17.595924509625526 ], [ -93.023846180096299, 17.595919139738175 ], [ -93.023812539805562, 17.595903029716652 ], [ -93.023801320117556, 17.595876150264566 ], [ -93.023767660413199, 17.595817050211821 ], [ -93.02376764980481, 17.595768680438628 ], [ -93.023756430288316, 17.595688079654703 ], [ -93.02373960036131, 17.595645079824401 ], [ -93.023689120206129, 17.595575229611864 ], [ -93.023638650354229, 17.595526880309084 ], [ -93.023543289631476, 17.59546240026377 ], [ -93.023470380055898, 17.595381800422043 ], [ -93.023431119567931, 17.595306569642933 ], [ -93.02338624977979, 17.595220579794759 ], [ -93.023363800002045, 17.595161479807082 ], [ -93.023330149772647, 17.595102370313786 ], [ -93.023300000462967, 17.595080780063753 ], [ -93.023120680061282, 17.594972310064762 ], [ -93.022894219676857, 17.594936150033647 ], [ -93.022686600342226, 17.594863829677514 ], [ -93.022375180076665, 17.594854819986601 ], [ -93.022148689641583, 17.594827719813456 ], [ -93.021988259827239, 17.594719229546786 ], [ -93.021771220431901, 17.594664999640784 ], [ -93.021497549518116, 17.594665030337755 ], [ -93.021309830182588, 17.594533029910274 ], [ -93.021281509584242, 17.594316000270119 ], [ -93.021253169660554, 17.594189400175452 ], [ -93.021130489610826, 17.594098969852961 ], [ -93.020828520008592, 17.594089969975769 ], [ -93.020394430133933, 17.594117139967725 ], [ -93.020035860212673, 17.594216650006775 ], [ -93.019715019871242, 17.594298060378861 ], [ -93.019497979560867, 17.594370430270835 ], [ -93.019280950273227, 17.594334290328213 ], [ -93.019026119582747, 17.594026850165267 ], [ -93.018837380219225, 17.593999739620745 ], [ -93.01860145962884, 17.593873150151175 ], [ -93.018365519934605, 17.593647110034997 ], [ -93.018157889768972, 17.593448180426726 ], [ -93.0179880303575, 17.593294460263337 ], [ -93.017808720143478, 17.593167879660168 ], [ -93.017506749811645, 17.593140769940284 ], [ -93.017100979659119, 17.593149859938748 ], [ -93.016874509883621, 17.593122740189404 ], [ -93.016773570218234, 17.593007629763058 ], [ -93.016478119963921, 17.592670629808808 ], [ -93.016213879622228, 17.592390320008896 ], [ -93.015930750290806, 17.592137140300657 ], [ -93.015795050017658, 17.592013629855686 ], [ -93.015691309673784, 17.591881489677714 ], [ -93.01555346027915, 17.591717140088516 ], [ -93.015427860145067, 17.591582120051974 ], [ -93.015302280131877, 17.591543970363851 ], [ -93.015076949836015, 17.591534619966652 ], [ -93.014966659637025, 17.591469580353596 ], [ -93.014886549587956, 17.591225170427602 ], [ -93.01477136997795, 17.590964339747124 ], [ -93.014677139890097, 17.590803829860207 ], [ -93.014404889879074, 17.589951120116634 ], [ -93.014169490145193, 17.589210090198691 ], [ -93.0141100304009, 17.588991739990796 ], [ -93.014036740227723, 17.588791109617588 ], [ -93.013984370099664, 17.588570419895078 ], [ -93.014026220090315, 17.588219280021789 ], [ -93.014099480189188, 17.587998570158486 ], [ -93.013951400179877, 17.587392829791181 ], [ -93.013783890346673, 17.587051750289266 ], [ -93.013679180347822, 17.586700649575061 ], [ -93.01329181976331, 17.586259249984373 ], [ -93.013040540087871, 17.585737600122705 ], [ -93.012684620077422, 17.585557049913692 ], [ -93.012367750350904, 17.585398950133239 ], [ -93.012286539629159, 17.585120999876548 ], [ -93.012126719816379, 17.584991059859966 ], [ -93.011948769933525, 17.584930880371818 ], [ -93.01178128002185, 17.584880719792171 ], [ -93.011624250213529, 17.584790450359272 ], [ -93.011477679897666, 17.584639970076108 ], [ -93.011414859751198, 17.584479480106008 ], [ -93.011320630057043, 17.584118309820909 ], [ -93.011247340347992, 17.583947770290759 ], [ -93.011142630190847, 17.583676910369796 ], [ -93.011009280463242, 17.583537029822594 ], [ -93.010946709602095, 17.583358030226989 ], [ -93.010864139566735, 17.583261319552218 ], [ -93.010827419797948, 17.583164599879343 ], [ -93.010744849674865, 17.583085480289856 ], [ -93.010643920461106, 17.582988750033753 ], [ -93.010588859788115, 17.582918420365218 ], [ -93.010515459745818, 17.58282171011049 ], [ -93.010469579970021, 17.582654650356893 ], [ -93.010469570348548, 17.582531549930152 ], [ -93.010469570049835, 17.582399679882563 ], [ -93.010451199921974, 17.582171060299832 ], [ -93.010451179900485, 17.581968830143971 ], [ -93.01042365033139, 17.581705060257171 ], [ -93.010405289900234, 17.581573169890213 ], [ -93.010405279687006, 17.581450079606778 ], [ -93.010423629694955, 17.581335780046675 ], [ -93.010506179971543, 17.581195089552928 ], [ -93.010579580028576, 17.581045620425417 ], [ -93.010643800357656, 17.58097528010417 ], [ -93.010726369752348, 17.580896139584791 ], [ -93.010772229668532, 17.580764249844695 ], [ -93.010753879827575, 17.580597180059215 ], [ -93.010652950460099, 17.580491679914342 ], [ -93.010478620163283, 17.580377379732127 ], [ -93.010313479704124, 17.580307059697851 ], [ -93.010065749617269, 17.580280689910591 ], [ -93.009946479781433, 17.580280709948621 ], [ -93.009799690248229, 17.580307090466906 ], [ -93.009698769736829, 17.580377430214543 ], [ -93.009625370327569, 17.580482940156415 ], [ -93.009625380389465, 17.580641219664983 ], [ -93.009662090023426, 17.580790680248526 ], [ -93.00972632022031, 17.580948939842127 ], [ -93.009772200049994, 17.581098420123205 ], [ -93.009753859617035, 17.581151170367185 ], [ -93.00963458016767, 17.581203920337039 ], [ -93.009515320197337, 17.581221519994447 ], [ -93.009396049903842, 17.581221519695042 ], [ -93.009267599837358, 17.581203949594084 ], [ -93.009102449539895, 17.581177579936359 ], [ -93.008928139907056, 17.581160000168843 ], [ -93.008772170276814, 17.581159999999798 ], [ -93.008634540426755, 17.581186380458462 ], [ -93.008561140085234, 17.581221570004285 ], [ -93.008487750081855, 17.581291909748074 ], [ -93.00844188962111, 17.581423799919076 ], [ -93.008432709760058, 17.581546890194744 ], [ -93.008405199998876, 17.58159086041934 ], [ -93.008313449667682, 17.58161722966431 ], [ -93.008175819835969, 17.581617250246573 ], [ -93.007946450309433, 17.581599659862224 ], [ -93.007790479528154, 17.581573290064512 ], [ -93.007674020422542, 17.581574800470168 ], [ -93.007476569590125, 17.581545719806957 ], [ -93.007099739629794, 17.581495579907866 ], [ -93.006869430440446, 17.581375220431816 ], [ -93.006628660120654, 17.581184599561581 ], [ -93.006461170192182, 17.581064219706352 ], [ -93.006283200154314, 17.580833479580743 ], [ -93.006115709858875, 17.580662950032238 ], [ -93.006000550256402, 17.580412150169003 ], [ -93.006011019728973, 17.580081089783953 ], [ -93.006049079827548, 17.579856249909316 ], [ -93.006080479829564, 17.579695719664539 ], [ -93.006017659778323, 17.579545249757533 ], [ -93.005776889632145, 17.579475019998696 ], [ -93.00551517978559, 17.579535229872388 ], [ -93.005316309584103, 17.579675679558378 ], [ -93.005096490315083, 17.579846230184813 ], [ -93.00485571958383, 17.579866290371747 ], [ -93.0046672900001, 17.57977602022163 ], [ -93.004487540432748, 17.57958765016761 ], [ -93.004432540271949, 17.579495400157928 ], [ -93.004395079599561, 17.579351820083566 ], [ -93.004395080439153, 17.579290290303341 ], [ -93.00439507958562, 17.579244140393019 ], [ -93.004395079532699, 17.579192860257731 ], [ -93.004400419799268, 17.579141580384963 ], [ -93.004417630271078, 17.579102020388927 ], [ -93.004427169533443, 17.579080050235948 ], [ -93.00444858025628, 17.579049279832361 ], [ -93.004496740229769, 17.579023650187434 ], [ -93.00455022977944, 17.57901338017372 ], [ -93.004635849858104, 17.579008259932039 ], [ -93.004748199671624, 17.57901337957475 ], [ -93.004812419716217, 17.579018510123447 ], [ -93.004854650097755, 17.579030310299082 ], [ -93.004940830007669, 17.579054399887632 ], [ -93.004994460078706, 17.579074380177033 ], [ -93.005037139806788, 17.579090290036142 ], [ -93.005090649869487, 17.579100540350105 ], [ -93.005133459911889, 17.579105679565195 ], [ -93.005181769701792, 17.579115420132872 ], [ -93.005235109544529, 17.579126179869167 ], [ -93.005256260227327, 17.579129080019332 ], [ -93.005310030046033, 17.57913643035355 ], [ -93.00534748039783, 17.579136429691221 ], [ -93.005384940152766, 17.579136429585898 ], [ -93.005427740114612, 17.579141549999544 ], [ -93.005481250156635, 17.579141549582801 ], [ -93.005550800022689, 17.579141550028922 ], [ -93.005593600098521, 17.579141550088035 ], [ -93.005636249959366, 17.579115540217739 ], [ -93.005711320150724, 17.579069750424473 ], [ -93.005759459850395, 17.579023619806708 ], [ -93.005780880359438, 17.578987720456833 ], [ -93.005805029863339, 17.578914420224081 ], [ -93.005812969522069, 17.578890290144077 ], [ -93.005812970419612, 17.578859520344782 ], [ -93.005812970073492, 17.578844140377875 ], [ -93.005812969632757, 17.578818509825037 ], [ -93.005801520358133, 17.578787800107115 ], [ -93.00578622032981, 17.57874671019799 ], [ -93.005753420136287, 17.578705850190094 ], [ -93.005732709611777, 17.578680049766678 ], [ -93.005705949867306, 17.578659540426681 ], [ -93.005657799662615, 17.578639030280304 ], [ -93.005540079690405, 17.57860314035403 ], [ -93.005497279711108, 17.578592889697259 ], [ -93.005433080460307, 17.578577510110208 ], [ -93.005368860187431, 17.578562120174428 ], [ -93.005320710183994, 17.578551859602531 ], [ -93.00519229015066, 17.578515980450984 ], [ -93.005149490120417, 17.57849548001732 ], [ -93.005090629560399, 17.578474950226404 ], [ -93.005021079806937, 17.578444199629914 ], [ -93.004988970007858, 17.578418550013499 ], [ -93.004935460400546, 17.578387780422407 ], [ -93.004908710425795, 17.578362150313804 ], [ -93.00487124967627, 17.578336519711073 ], [ -93.004769580350299, 17.578274980344876 ], [ -93.004683980438273, 17.578203200342855 ], [ -93.004609080312193, 17.578146800079445 ], [ -93.00453951018244, 17.578100649987416 ], [ -93.004512570404415, 17.578054680172773 ], [ -93.00447471995605, 17.577990079980779 ], [ -93.00446292037681, 17.57796585019258 ], [ -93.0044372602012, 17.57791317021837 ], [ -93.004421220448378, 17.577872139765674 ], [ -93.00441100015199, 17.577846080129756 ], [ -93.00439729040481, 17.577811030170356 ], [ -93.004389109695893, 17.577790109575758 ], [ -93.004373050386533, 17.577718309943489 ], [ -93.004351650000103, 17.5776311400436 ], [ -93.004353749584951, 17.577600819957539 ], [ -93.004355539617237, 17.5775751696303 ], [ -93.004357000396183, 17.577554230430767 ], [ -93.004372420106989, 17.577539449796799 ], [ -93.004399800030868, 17.577513199601221 ], [ -93.004431910373867, 17.577497819936468 ], [ -93.004453310133457, 17.577487570015208 ], [ -93.004485399571251, 17.577477310288145 ], [ -93.004517509664609, 17.577461919726616 ], [ -93.004565659523536, 17.577451660416322 ], [ -93.004597769745288, 17.577431149545639 ], [ -93.004635449927491, 17.577400599581836 ], [ -93.004667319673345, 17.577374750187687 ], [ -93.004704769901835, 17.577349110177558 ], [ -93.004752919691853, 17.577328600248265 ], [ -93.004806429658728, 17.577318339591699 ], [ -93.004881340197102, 17.577297829895407 ], [ -93.004966949679755, 17.577272179720932 ], [ -93.005041860333037, 17.577256800214208 ], [ -93.005096489685215, 17.577219969561973 ], [ -93.00534770953324, 17.576989230299791 ], [ -93.005651260382535, 17.576888910294105 ], [ -93.005839679802477, 17.576828689705799 ], [ -93.005923419777943, 17.576688259954601 ], [ -93.005766400230812, 17.576437460016965 ], [ -93.005536089937962, 17.576297019718819 ], [ -93.005232539973179, 17.576116449607969 ], [ -93.004970850136047, 17.576086349982219 ], [ -93.004928969834836, 17.576076310290016 ], [ -93.004573079888061, 17.576096399825438 ], [ -93.004342778572237, 17.576056260644069 ], [ -93.004242879757342, 17.575875950064454 ], [ -93.004399539735715, 17.575513059576505 ], [ -93.004412579498492, 17.575225251219816 ], [ -93.004412579199709, 17.575012520926233 ], [ -93.004634548644859, 17.574762230804396 ], [ -93.004974019179912, 17.574712179988587 ], [ -93.005195979807695, 17.574499430154862 ], [ -93.005209029196379, 17.574336770335474 ], [ -93.005209030181575, 17.574149060573962 ], [ -93.005182909828633, 17.573911310096683 ], [ -93.005222080307107, 17.573686059775341 ], [ -93.005326520179196, 17.573585950503229 ], [ -93.005522369462668, 17.573373219695632 ], [ -93.005665969359484, 17.573160479925498 ], [ -93.005796539194634, 17.572910219817697 ], [ -93.005887919290572, 17.572584850918378 ], [ -93.005992368697036, 17.572447200723261 ], [ -93.006018479531662, 17.572234479641779 ], [ -93.005940119857456, 17.572034259634762 ], [ -93.005848739863481, 17.571834030466444 ], [ -93.005914019159775, 17.571746450623184 ], [ -93.006096780092165, 17.571621310431613 ], [ -93.006144773818662, 17.571425862343524 ], [ -93.006149020021439, 17.571408569815237 ], [ -93.006023763624071, 17.57139056333498 ], [ -93.005887890336126, 17.571371029953905 ], [ -93.005652859268196, 17.571333509702111 ], [ -93.005483139981706, 17.571170831296683 ], [ -93.005455059533432, 17.570737980072352 ], [ -93.00545211007163, 17.570720080311059 ], [ -93.005376708868198, 17.570262461167111 ], [ -93.0051286290104, 17.569899580834811 ], [ -93.004828320273901, 17.569749430520041 ], [ -93.004619418566222, 17.569499150741205 ], [ -93.004526220691361, 17.569266939692589 ], [ -93.004488848676459, 17.569173819883279 ], [ -93.004593289704076, 17.568923540475282 ], [ -93.004894230011985, 17.568694320842901 ], [ -93.005103139842063, 17.568519140034798 ], [ -93.005129230204147, 17.568156249628078 ], [ -93.005259799574105, 17.567855911033696 ], [ -93.005455629692037, 17.567780830834831 ], [ -93.005677579941292, 17.567618149582131 ], [ -93.005718201686449, 17.567562981968578 ], [ -93.005834249429483, 17.567405420637758 ], [ -93.005847290245882, 17.567117600057379 ], [ -93.006005489763794, 17.566561120874255 ], [ -93.006227420139254, 17.566273310495014 ], [ -93.006514649338015, 17.566073079976647 ], [ -93.0067888199669, 17.565822800912414 ], [ -93.006880200411473, 17.565710169614686 ], [ -93.007115218870354, 17.565647599570461 ], [ -93.007115219399608, 17.565422350929666 ], [ -93.006971579559604, 17.56532225019259 ], [ -93.00672351940112, 17.565297230237263 ], [ -93.006579888971473, 17.565259690193642 ], [ -93.006566829562303, 17.565097020480007 ], [ -93.006579889078154, 17.564946859662466 ], [ -93.006736568895164, 17.564796691163412 ], [ -93.006827949357188, 17.564721600925154 ], [ -93.006801106414116, 17.564593009058129 ], [ -93.006788769610125, 17.564533910414816 ], [ -93.006763167875462, 17.564527777977933 ], [ -93.00663208960178, 17.564496380350437 ], [ -93.00636620681604, 17.564496379796825 ], [ -93.006357920144325, 17.564496379579086 ], [ -93.006301929771269, 17.564535410187478 ], [ -93.006214309327362, 17.564596490538364 ], [ -93.006083749456195, 17.564659060758778 ], [ -93.005953179267564, 17.564546451004702 ], [ -93.005757350134814, 17.564346250740616 ], [ -93.005796509971745, 17.564108479606158 ], [ -93.005914000169497, 17.563958311166974 ], [ -93.006318709686497, 17.563482780626629 ], [ -93.006514549655932, 17.563220000656958 ], [ -93.006697339896689, 17.56308235013352 ], [ -93.006735739547651, 17.563077080857092 ], [ -93.006863029460703, 17.563051950969719 ], [ -93.006994088963282, 17.563005310590039 ], [ -93.007080199743839, 17.562940710266727 ], [ -93.007151338833566, 17.562883280986778 ], [ -93.007200019978768, 17.56284022092559 ], [ -93.007214980455842, 17.562804320077397 ], [ -93.007226219774324, 17.562757679536297 ], [ -93.007215672116033, 17.562703794544611 ], [ -93.007214980337835, 17.562700259759037 ], [ -93.007166310236911, 17.562664370277393 ], [ -93.00714634533395, 17.562656832635032 ], [ -93.007042740302523, 17.562617719727218 ], [ -93.006995051516711, 17.562603539771864 ], [ -93.006934149434088, 17.562585430334792 ], [ -93.006904199629389, 17.562574680963628 ], [ -93.006844289408207, 17.562538779901789 ], [ -93.006799368886206, 17.562499310635701 ], [ -93.006780650212477, 17.562470600436523 ], [ -93.006765659185675, 17.562434721060239 ], [ -93.006761920219034, 17.562398831254402 ], [ -93.00676565881254, 17.562280400745429 ], [ -93.006773140293319, 17.562212220292729 ], [ -93.006829089389456, 17.56197372084662 ], [ -93.006851550155389, 17.56191628997102 ], [ -93.006877769728149, 17.561833749959874 ], [ -93.006892740042019, 17.561765569691467 ], [ -93.006922689016832, 17.561650740610094 ], [ -93.006937658988761, 17.561604080404194 ], [ -93.00695265018588, 17.561568199619359 ], [ -93.006997569794109, 17.561482060498047 ], [ -93.007023768945544, 17.56143542016763 ], [ -93.007057479214112, 17.561403120465087 ], [ -93.007132348926064, 17.561374400626878 ], [ -93.007181028797959, 17.561360049733814 ], [ -93.007278379335034, 17.561352860157026 ], [ -93.00731208034162, 17.561352859844856 ], [ -93.007351477637229, 17.561355558487961 ], [ -93.007364490410637, 17.561356449921512 ], [ -93.007454349708439, 17.561377979934591 ], [ -93.007630339623901, 17.561385149798877 ], [ -93.007682750479759, 17.561363619806688 ], [ -93.007691109926867, 17.561339574550313 ], [ -93.00769397974608, 17.561331319718288 ], [ -93.007686490199376, 17.561248779591676 ], [ -93.007660290204043, 17.561191369889197 ], [ -93.00758588941531, 17.560992350565954 ], [ -93.007563420031644, 17.560945710062228 ], [ -93.007556951141609, 17.560902350133269 ], [ -93.007552180346494, 17.560870339604246 ], [ -93.007552179168925, 17.560823689559481 ], [ -93.007552178809419, 17.560773450481811 ], [ -93.007560474304327, 17.560719779678791 ], [ -93.00756715004681, 17.560676550423405 ], [ -93.007578380428626, 17.5606263213223 ], [ -93.007589619150025, 17.560576080051302 ], [ -93.007597109078375, 17.560515060351399 ], [ -93.007597090194693, 17.560468421039612 ], [ -93.007600830415825, 17.560306920229191 ], [ -93.00757836800075, 17.560210031226987 ], [ -93.007570880181959, 17.560177740306873 ], [ -93.007559650361642, 17.560141850438839 ], [ -93.007541179756771, 17.560068539940428 ], [ -93.007533429423944, 17.56003777967145 ], [ -93.007504629574825, 17.559990850330816 ], [ -93.007441999797521, 17.559795770716789 ], [ -93.007385390556408, 17.559669173789789 ], [ -93.007324490016316, 17.559532979930687 ], [ -93.007247963435987, 17.559499653004881 ], [ -93.007180860095943, 17.559470430131878 ], [ -93.006950941636219, 17.559528428665757 ], [ -93.006932819963865, 17.559532999722368 ], [ -93.006658650206901, 17.55959557962364 ], [ -93.006569449632281, 17.55959887282437 ], [ -93.006319219647679, 17.559608110745508 ], [ -93.006005859229546, 17.559470481300284 ], [ -93.005810020142405, 17.559282771125289 ], [ -93.005796949829502, 17.558982449669035 ], [ -93.005744740078782, 17.558782229647612 ], [ -93.005614170028451, 17.558269180448953 ], [ -93.005620689565291, 17.558220919670333 ], [ -93.005745549898563, 17.557298819966203 ], [ -93.00598054027931, 17.556885859655708 ], [ -93.005987052462658, 17.556660600820869 ], [ -93.005993570374855, 17.556435369579805 ], [ -93.005931350203397, 17.555982179654304 ], [ -93.005865479772552, 17.555830539831565 ], [ -93.005748309923732, 17.555577880395209 ], [ -93.005631139860981, 17.55537433957846 ], [ -93.005565250092999, 17.555248020250957 ], [ -93.00544807982007, 17.555100620360587 ], [ -93.005374850134871, 17.555002370270184 ], [ -93.005330909733061, 17.554925149914432 ], [ -93.005293339761565, 17.554877149783632 ], [ -93.005264999995518, 17.554840940034858 ], [ -93.005096570144318, 17.554735660127555 ], [ -93.005008689546983, 17.554644429725602 ], [ -93.00496474998647, 17.554616349664801 ], [ -93.004920829751228, 17.554574249547045 ], [ -93.004847600458888, 17.554539149931973 ], [ -93.004803660148823, 17.554525110001048 ], [ -93.004767049951468, 17.554525110035016 ], [ -93.004730430293534, 17.554525110395399 ], [ -93.00463525040459, 17.554581260302172 ], [ -93.004613279820262, 17.554665489972383 ], [ -93.004605950094472, 17.554728659935432 ], [ -93.004605950174707, 17.554770769759433 ], [ -93.004605950253492, 17.554847969749087 ], [ -93.004612629622613, 17.554883179824973 ], [ -93.004620600173908, 17.554925180418316 ], [ -93.00463414966724, 17.554967400319097 ], [ -93.004649890204021, 17.555016419679113 ], [ -93.004664540031584, 17.555072569551701 ], [ -93.004657539766072, 17.555119519924066 ], [ -93.004653169639781, 17.555148830146159 ], [ -93.004649889761495, 17.555170829652514 ], [ -93.004605510388657, 17.555190380284277 ], [ -93.004586000370296, 17.55519897973803 ], [ -93.004488799632824, 17.555212939693714 ], [ -93.004430219992074, 17.555212939799837 ], [ -93.004305740308538, 17.555198910470683 ], [ -93.004232510319326, 17.555184880353444 ], [ -93.004151949804523, 17.555170829566347 ], [ -93.003902980176477, 17.555121709806279 ], [ -93.003632049976702, 17.555065569605684 ], [ -93.003478050074591, 17.554941170212782 ], [ -93.003297420399051, 17.554761290435973 ], [ -93.003110819994731, 17.554591290009718 ], [ -93.00296665037088, 17.554358309638634 ], [ -93.002743649995168, 17.55404767978299 ], [ -93.002354819601322, 17.553755030350853 ], [ -93.001939250207016, 17.553791220265463 ], [ -93.001582059712405, 17.553651309876646 ], [ -93.000954939663245, 17.553485460364161 ], [ -93.000751769768442, 17.553276220183513 ], [ -93.000744679953968, 17.553059769858731 ], [ -93.000801650150578, 17.552970169830378 ], [ -93.000838260158133, 17.552907020173866 ], [ -93.000845580204455, 17.552864889845235 ], [ -93.000852909688462, 17.552815770316723 ], [ -93.000860230125568, 17.552766630327891 ], [ -93.000867539856472, 17.552717509616897 ], [ -93.000852889647788, 17.552605220388003 ], [ -93.000838259707649, 17.552577140092737 ], [ -93.000830940218847, 17.55256308971309 ], [ -93.000816289777276, 17.55253501995178 ], [ -93.000765030486221, 17.55246482960343 ], [ -93.000728420003057, 17.55243676993269 ], [ -93.000684480435339, 17.552422719765627 ], [ -93.000647860398985, 17.55240168005076 ], [ -93.000625910280419, 17.552394650256982 ], [ -93.000581970377269, 17.552380619958104 ], [ -93.000516060260566, 17.552373599727151 ], [ -93.000472119767139, 17.552373599597583 ], [ -93.000428180345352, 17.552366579873588 ], [ -93.000384250199659, 17.552338509906296 ], [ -93.000369620383708, 17.552310429577783 ], [ -93.000347649794676, 17.552275339846044 ], [ -93.000325680199737, 17.552226200017866 ], [ -93.00029638040202, 17.552177080120501 ], [ -93.000259770339412, 17.552127949661507 ], [ -93.000230479697123, 17.552078820348999 ], [ -93.000193860080316, 17.552036709851421 ], [ -93.000157260083085, 17.552001620171534 ], [ -93.000113319979789, 17.551952479739619 ], [ -93.000062059975704, 17.551931430255323 ], [ -93.000018120425779, 17.551924400439045 ], [ -92.999930260191135, 17.551910369971957 ], [ -92.999857030159063, 17.551917380283967 ], [ -92.999791119816749, 17.551938450051146 ], [ -92.999761849814277, 17.551952479666166 ], [ -92.999739860138277, 17.551980550100204 ], [ -92.999717910405963, 17.552008630183852 ], [ -92.999681290237234, 17.552120920012491 ], [ -92.999659320346012, 17.552184089868142 ], [ -92.999652000220806, 17.552240250345179 ], [ -92.999651999896187, 17.55227534041272 ], [ -92.999652000340333, 17.552317450176488 ], [ -92.999490910368593, 17.552527999870549 ], [ -92.999476260124794, 17.552535030039515 ], [ -92.999446970102596, 17.552549060220567 ], [ -92.999417680074373, 17.552563090396138 ], [ -92.999373740320749, 17.552577140160327 ], [ -92.999344459842803, 17.55259819960499 ], [ -92.999285880218878, 17.552619250248735 ], [ -92.999256580108195, 17.55263328974808 ], [ -92.999212649882963, 17.552654339777472 ], [ -92.999176030118875, 17.552661350245618 ], [ -92.999132090309359, 17.552675399941108 ], [ -92.999110140256818, 17.552675400442183 ], [ -92.999044229812498, 17.552675400102387 ], [ -92.998992969678696, 17.55267540013234 ], [ -92.998956350454037, 17.552675399980416 ], [ -92.998905109869185, 17.552654340385136 ], [ -92.998817230318267, 17.552605199873849 ], [ -92.998773290082127, 17.552556079797437 ], [ -92.998736680403482, 17.55250694983603 ], [ -92.998722029661224, 17.552464829657939 ], [ -92.998700080058669, 17.552415709760922 ], [ -92.99869273999569, 17.552373580325252 ], [ -92.99866345967618, 17.552296379917138 ], [ -92.998634170434542, 17.552205139673934 ], [ -92.998590229816685, 17.552163030137283 ], [ -92.998531650223157, 17.552149000328424 ], [ -92.998480399745915, 17.552148999847486 ], [ -92.998421820474135, 17.552163029599324 ], [ -92.998363230371126, 17.552177080406047 ], [ -92.998297320165548, 17.55217707973701 ], [ -92.998202140424695, 17.552170050348291 ], [ -92.998136230069903, 17.552156020257097 ], [ -92.99805915025226, 17.552126749573144 ], [ -92.998029859627181, 17.552056569887601 ], [ -92.998000579967979, 17.551965320146909 ], [ -92.99797128987683, 17.551916180428179 ], [ -92.997942000055929, 17.551789849953384 ], [ -92.99792734992343, 17.551747739725183 ], [ -92.997895579594982, 17.551703539780092 ], [ -92.997647779810094, 17.55151735009877 ], [ -92.997132920168468, 17.551640349639829 ], [ -92.996738940214172, 17.551573510453537 ], [ -92.996540030010038, 17.551363280203432 ], [ -92.996146550474194, 17.551343579911684 ], [ -92.995629170384348, 17.551230819949897 ], [ -92.995111519862576, 17.55109446044186 ], [ -92.99454448018561, 17.550935020144212 ], [ -92.99380311965966, 17.55056509032897 ], [ -92.992745080439704, 17.550856089714269 ], [ -92.991921090445402, 17.551071280002201 ], [ -92.991273919611942, 17.551130860218542 ], [ -92.990575800222828, 17.551182429819942 ], [ -92.990055720049568, 17.550938199858184 ], [ -92.989600080473366, 17.550724229754753 ], [ -92.989251979738981, 17.550536509759841 ], [ -92.989014979573597, 17.550381310082599 ], [ -92.988942850460475, 17.55036543017264 ], [ -92.988835539534364, 17.550331180206559 ], [ -92.988340480316154, 17.550005949604291 ], [ -92.988016679786199, 17.549608309777124 ], [ -92.987935620328102, 17.54892531987457 ], [ -92.988079289880531, 17.548570229650537 ], [ -92.988347109584893, 17.548331799840785 ], [ -92.988588060133239, 17.547881429808903 ], [ -92.989318829675454, 17.544974019764858 ], [ -92.989382199529217, 17.544006660377395 ], [ -92.989178000460697, 17.543301309704255 ], [ -92.988923910089696, 17.54252570967888 ], [ -92.988370600408246, 17.541352229740468 ], [ -92.987349859928287, 17.540136180030462 ], [ -92.986806679971622, 17.539905750320319 ], [ -92.98451333952147, 17.53919738019507 ], [ -92.9828338900342, 17.538435800103525 ], [ -92.981083000287114, 17.537887109743522 ], [ -92.980489680360037, 17.537562830259816 ], [ -92.98023888999775, 17.53709371017997 ], [ -92.979986849537795, 17.536506719900476 ], [ -92.979786219972382, 17.536131430349613 ], [ -92.979757369726826, 17.535730859636399 ], [ -92.980167340109503, 17.534995889626916 ], [ -92.980319309972742, 17.534851740162367 ], [ -92.98094592022079, 17.534257310352412 ], [ -92.981629490021405, 17.533826169702888 ], [ -92.982190679958009, 17.533443400045297 ], [ -92.984835909841181, 17.532592120360228 ], [ -92.986528769732985, 17.532316090142267 ], [ -92.987951309984922, 17.532042709668467 ], [ -92.989571949903734, 17.531908830000489 ], [ -92.990850319824816, 17.531943369980503 ], [ -92.992648320438903, 17.530015719999252 ], [ -92.991502969698274, 17.528635890009188 ], [ -92.990483799894918, 17.527561320443429 ], [ -92.990028570089947, 17.526363290397818 ], [ -92.989004620416026, 17.524840770149389 ], [ -92.988302150281456, 17.523503689788036 ], [ -92.987656179822594, 17.522849849646338 ], [ -92.986838690375208, 17.522244850115257 ], [ -92.986071629585837, 17.521757250228269 ], [ -92.985361910051452, 17.521176349609487 ], [ -92.985303049648536, 17.521128179602698 ], [ -92.984163109888087, 17.520243399795643 ], [ -92.983640030120824, 17.519588340217069 ], [ -92.98299669038974, 17.518913919593892 ], [ -92.983335619779623, 17.518431429954465 ], [ -92.983516569944115, 17.517918309682038 ], [ -92.984105769640706, 17.516860290080412 ], [ -92.984373550110405, 17.516256749561428 ], [ -92.984588380208905, 17.515880890257478 ], [ -92.985634780107404, 17.515170219690091 ], [ -92.984873419763233, 17.511307859579421 ], [ -92.984022890282688, 17.511639660208779 ], [ -92.983649940142598, 17.511775170323876 ], [ -92.983413379699414, 17.511842679704138 ], [ -92.983228880449232, 17.511822060013166 ], [ -92.983008619746656, 17.51184125039487 ], [ -92.98284841971028, 17.511879629731268 ], [ -92.982648179853584, 17.511898800399138 ], [ -92.982427909989966, 17.511937180211174 ], [ -92.982207650293233, 17.511956349577165 ], [ -92.981967349706494, 17.511994720075641 ], [ -92.981827180294957, 17.51199471993359 ], [ -92.981606920038985, 17.512033090092022 ], [ -92.981326579907659, 17.512052259845955 ], [ -92.98118642048685, 17.5120522497512 ], [ -92.980935629571036, 17.512145659733605 ], [ -92.980646030203815, 17.512223539798384 ], [ -92.980305149552521, 17.512249110101436 ], [ -92.979940829611664, 17.512281649637757 ], [ -92.979505289792115, 17.512327710214908 ], [ -92.979173110024945, 17.512391750002834 ], [ -92.979016909994911, 17.512448740425274 ], [ -92.978885380006062, 17.512462170048074 ], [ -92.978824660235958, 17.512480450102679 ], [ -92.978743090345375, 17.512536950045543 ], [ -92.978659150472353, 17.512591029750681 ], [ -92.978596659972538, 17.512639689744979 ], [ -92.978523149537097, 17.512723879965133 ], [ -92.978484920233214, 17.51278791969343 ], [ -92.978463629885155, 17.512849230414812 ], [ -92.978453029569053, 17.512937919722312 ], [ -92.978424880212927, 17.512990550005128 ], [ -92.978422980000744, 17.513088620442264 ], [ -92.97842296964285, 17.513261379552457 ], [ -92.978592949583941, 17.513710480007969 ], [ -92.978644169840692, 17.514050119543693 ], [ -92.978643800029005, 17.514190770307152 ], [ -92.978627740457028, 17.514310459918416 ], [ -92.97861473998509, 17.514425089669242 ], [ -92.978592830342308, 17.514527569772831 ], [ -92.97853511032703, 17.514613909675074 ], [ -92.978476750003196, 17.514713739692692 ], [ -92.978394119968229, 17.514812340182612 ], [ -92.978301349620182, 17.51489662969216 ], [ -92.978210909657051, 17.514959749590535 ], [ -92.978153849915643, 17.515040279793439 ], [ -92.978053179995399, 17.515129290369469 ], [ -92.977940859960768, 17.515225320441591 ], [ -92.977827720272742, 17.515341120211559 ], [ -92.977731749662865, 17.515418450289957 ], [ -92.977703340009285, 17.515531949732374 ], [ -92.977605580398148, 17.515676180295319 ], [ -92.977513890044648, 17.515795600413671 ], [ -92.977399260283192, 17.515935649761285 ], [ -92.97724125026231, 17.516073339638094 ], [ -92.977082179692218, 17.516147859591669 ], [ -92.976921479590374, 17.516213120422549 ], [ -92.976752260217765, 17.516248550442324 ], [ -92.976638219776248, 17.516294860039583 ], [ -92.976463659646285, 17.516338319816096 ], [ -92.976255659810505, 17.516381939949365 ], [ -92.976065460173999, 17.516377460015253 ], [ -92.975933399842134, 17.51638001990537 ], [ -92.975780620171335, 17.516363750401048 ], [ -92.975649110165662, 17.51633968030356 ], [ -92.975488910357768, 17.516397249864209 ], [ -92.975368750357987, 17.51645481981733 ], [ -92.975268629881796, 17.516512399759328 ], [ -92.975188509664818, 17.516569970153295 ], [ -92.975108419923103, 17.516627549599335 ], [ -92.975048320412711, 17.516704339850602 ], [ -92.974968220033205, 17.516819509843199 ], [ -92.974888090002239, 17.516953879946151 ], [ -92.974794660143601, 17.517240200346762 ], [ -92.974784000094587, 17.517362690293702 ], [ -92.974789310226541, 17.51747499981726 ], [ -92.974773320034984, 17.517566880308092 ], [ -92.974752020291746, 17.517674060112689 ], [ -92.974826250147913, 17.517927350190941 ], [ -92.974932229811614, 17.518241510161747 ], [ -92.975064580013665, 17.518638740402654 ], [ -92.9744353797619, 17.518594030402614 ], [ -92.972841049695063, 17.518609630028067 ], [ -92.97040635026228, 17.518444799649384 ], [ -92.969225370421569, 17.518314860296716 ], [ -92.968042119792756, 17.51797271997108 ], [ -92.96795795007688, 17.517905339719693 ], [ -92.967372919803097, 17.517436939545593 ], [ -92.967197149909538, 17.517084969562394 ], [ -92.96663856964085, 17.515392739612128 ], [ -92.966344539983666, 17.51315560014887 ], [ -92.966250279918313, 17.512487320069361 ], [ -92.966078830034917, 17.51127188018911 ], [ -92.965701019803575, 17.510403140302603 ], [ -92.964978450220386, 17.509467029967599 ], [ -92.964057829728517, 17.508391369955511 ], [ -92.963511770350081, 17.507877939755133 ], [ -92.962967219800959, 17.507505979583826 ], [ -92.962693430430036, 17.507178539784608 ], [ -92.962463820444199, 17.506379090187412 ], [ -92.962525569690357, 17.505246709684659 ], [ -92.962862320112961, 17.504559629740889 ], [ -92.962807690213111, 17.504041429719106 ], [ -92.962578320350104, 17.503265549686283 ], [ -92.961972430217102, 17.502317819568979 ], [ -92.96102999990002, 17.500804320284242 ], [ -92.96082453091114, 17.500322987747534 ], [ -92.960728980222186, 17.500099149630696 ], [ -92.960583089094882, 17.499858477238536 ], [ -92.960458430296811, 17.499652830123217 ], [ -92.960114449779837, 17.4992536796541 ], [ -92.960047860726903, 17.499141164755052 ], [ -92.959824810381036, 17.49876428041954 ], [ -92.959794680307553, 17.498713369626262 ], [ -92.959376679664132, 17.498079179921167 ], [ -92.959130629711481, 17.497632820165812 ], [ -92.959060227699226, 17.497498390222241 ], [ -92.959007579729871, 17.497397859750702 ], [ -92.958933319555385, 17.497045230391691 ], [ -92.958957180317867, 17.496739429769807 ], [ -92.958981089723238, 17.496457170223103 ], [ -92.959004859727401, 17.496104340109515 ], [ -92.959017169816107, 17.495896319644761 ], [ -92.959028520197919, 17.495704480209309 ], [ -92.959003419748271, 17.4954223099054 ], [ -92.958928890396635, 17.494952079917454 ], [ -92.958928199795807, 17.494622819803268 ], [ -92.958853829636169, 17.494223140320422 ], [ -92.958779950411113, 17.494058660345221 ], [ -92.958509369707656, 17.493588820072414 ], [ -92.9581900200576, 17.493236649593115 ], [ -92.957968779893548, 17.49293133955862 ], [ -92.957913289624543, 17.492529170246495 ], [ -92.958067519750117, 17.491974229747481 ], [ -92.957140599676691, 17.491396450140876 ], [ -92.956962517785712, 17.491282308824459 ], [ -92.956834747941841, 17.491200415329583 ], [ -92.956775693122012, 17.491162564102087 ], [ -92.956494169532476, 17.490982120376351 ], [ -92.956263482118018, 17.490897867238616 ], [ -92.956228621137129, 17.490885135391299 ], [ -92.955903579593922, 17.490766420235072 ], [ -92.955792420443942, 17.490375749890777 ], [ -92.955698770477198, 17.490196849631388 ], [ -92.95559262960343, 17.489991599600849 ], [ -92.955449149898442, 17.489604660018568 ], [ -92.955454165332199, 17.489476113461674 ], [ -92.955456479714229, 17.489416799655594 ], [ -92.955518513268089, 17.489229840633286 ], [ -92.955538140093438, 17.489170689615023 ], [ -92.955589019994889, 17.488916149904433 ], [ -92.955598199555666, 17.488870170330848 ], [ -92.955680509641965, 17.488655340088393 ], [ -92.955033887268286, 17.488055482962388 ], [ -92.954845619587459, 17.487880830045412 ], [ -92.954379320457264, 17.487575979765634 ], [ -92.953913119823397, 17.487318170412657 ], [ -92.953397769554641, 17.48698989009678 ], [ -92.952735139893377, 17.486544290069208 ], [ -92.952194889932343, 17.486027910042793 ], [ -92.951507650402363, 17.485535320211209 ], [ -92.95084495035735, 17.48506622003854 ], [ -92.950635339973758, 17.484903429769556 ], [ -92.950452199646321, 17.484761219818676 ], [ -92.949642199716294, 17.484151259992597 ], [ -92.949077650276294, 17.483728980316815 ], [ -92.948635650092655, 17.483306489738766 ], [ -92.948119830210132, 17.482743019705524 ], [ -92.947482019958244, 17.482438460136471 ], [ -92.946917709716502, 17.48213377974152 ], [ -92.946673849767208, 17.482563629645593 ], [ -92.946524309577157, 17.482786540051027 ], [ -92.94647448002155, 17.482834289852523 ], [ -92.946441249922259, 17.482850220377252 ], [ -92.946341599626749, 17.482866109765013 ], [ -92.946225340371996, 17.482897920244653 ], [ -92.946142289964811, 17.482897910429838 ], [ -92.946009430448086, 17.482913800310207 ], [ -92.945893179821567, 17.482913769854846 ], [ -92.945760309892535, 17.482913719720429 ], [ -92.945627459943907, 17.482897770443781 ], [ -92.945507089588276, 17.482835829835569 ], [ -92.945420289684023, 17.482793079864432 ], [ -92.945332740017491, 17.482786200436035 ], [ -92.945240829860055, 17.482796250358906 ], [ -92.945118029812178, 17.482879399824725 ], [ -92.945035319604685, 17.482922799592099 ], [ -92.944952379603919, 17.482964459826913 ], [ -92.944843569944823, 17.483042349671734 ], [ -92.944784949843282, 17.483154399688615 ], [ -92.944658489835646, 17.483311480309794 ], [ -92.944618460430689, 17.483644860073017 ], [ -92.944510290374907, 17.484091219888942 ], [ -92.944395050420013, 17.48447637 ], [ -92.944728740322461, 17.484910050440071 ], [ -92.944734889679069, 17.485340369953356 ], [ -92.944327770201099, 17.485497579838125 ], [ -92.943933509615718, 17.485721709685976 ], [ -92.943663600246808, 17.486137029627283 ], [ -92.94371394035204, 17.486390780445234 ], [ -92.943931260293581, 17.486654680263477 ], [ -92.944079380448272, 17.486747229652643 ], [ -92.944273090119012, 17.486758980087455 ], [ -92.944439980346232, 17.486871969642369 ], [ -92.944491230416702, 17.487010080450716 ], [ -92.944481049932577, 17.4872665999102 ], [ -92.944305969716225, 17.487480969859831 ], [ -92.944040349929992, 17.487644850295247 ], [ -92.943727490115847, 17.487915149581028 ], [ -92.943490969612157, 17.488160770348301 ], [ -92.943418799542485, 17.488412419897216 ], [ -92.943520379914048, 17.48892027979285 ], [ -92.943354890364262, 17.489638509837366 ], [ -92.943032120262359, 17.489841649899692 ], [ -92.942491819600079, 17.489894630263137 ], [ -92.942095029855579, 17.490011349892427 ], [ -92.941756339596608, 17.490311969681525 ], [ -92.941553649656029, 17.490781089798915 ], [ -92.941722169868683, 17.491391679831523 ], [ -92.941807179807782, 17.491911430126276 ], [ -92.94195655016, 17.49236891974175 ], [ -92.942287690117055, 17.492889480232854 ], [ -92.942195850094251, 17.493174169753352 ], [ -92.94167965032463, 17.493470570221465 ], [ -92.941137199786837, 17.493982649588055 ], [ -92.940931680153625, 17.494830710389273 ], [ -92.941468830318797, 17.495639310306579 ], [ -92.941774879780596, 17.496161219880005 ], [ -92.941798449929834, 17.496631149784161 ], [ -92.941495580068874, 17.497022199724242 ], [ -92.941185820173857, 17.497064289774087 ], [ -92.94069518034803, 17.497351690114158 ], [ -92.940183659549689, 17.497846689733215 ], [ -92.939691540118403, 17.498356770304365 ], [ -92.939768250213703, 17.498759200328198 ], [ -92.939908350094441, 17.498958690208354 ], [ -92.940013449987745, 17.499032290218441 ], [ -92.940138370429622, 17.499164739742138 ], [ -92.940213520210662, 17.499273089852224 ], [ -92.940302940032566, 17.49942798023617 ], [ -92.940379339701636, 17.499631650251512 ], [ -92.94035816975618, 17.499797319803015 ], [ -92.940297429689878, 17.499940380168894 ], [ -92.940082320042862, 17.500016920361968 ], [ -92.939845489883965, 17.499981920398422 ], [ -92.939651999956837, 17.499918680040096 ], [ -92.93945271960844, 17.499838999795486 ], [ -92.939020950388894, 17.499631849706969 ], [ -92.938904689939804, 17.499584050307643 ], [ -92.938755229706132, 17.499536219925517 ], [ -92.938617350431898, 17.499598690084447 ], [ -92.938573660196639, 17.499726429621141 ], [ -92.938502400041898, 17.499813880286716 ], [ -92.93852769021187, 17.499965119617265 ], [ -92.938691849853171, 17.500399120085874 ], [ -92.938901019636972, 17.500637149987973 ], [ -92.939127320032043, 17.500925220117502 ], [ -92.939348579891686, 17.50113458015872 ], [ -92.939451830202628, 17.501399340434968 ], [ -92.939488449597306, 17.501713849821371 ], [ -92.939468539570285, 17.501938430141905 ], [ -92.939483340098917, 17.502179850384817 ], [ -92.939359519765048, 17.502349030402662 ], [ -92.939199430138316, 17.50244731016781 ], [ -92.939107979964291, 17.502468849954543 ], [ -92.938991020285826, 17.502489980113225 ], [ -92.938897619610557, 17.502497340250073 ], [ -92.938804059671639, 17.502498200145311 ], [ -92.938669340110167, 17.502485540432197 ], [ -92.938386200002228, 17.502506430419373 ], [ -92.938203750199975, 17.502547549963548 ], [ -92.937872459662756, 17.502646829753768 ], [ -92.93782505038898, 17.502647429870567 ], [ -92.937546540077378, 17.502650970224572 ], [ -92.937511080067097, 17.502651420237246 ], [ -92.937291059968317, 17.502654199926191 ], [ -92.93076802978743, 17.502736740328249 ], [ -92.929691780490984, 17.502750339591998 ], [ -92.929064430450751, 17.502745420025548 ], [ -92.92882785011146, 17.502743570319048 ], [ -92.928733660122859, 17.502742830222061 ], [ -92.928658109793162, 17.502742229669543 ], [ -92.928302109684182, 17.502739450085294 ], [ -92.924720619661699, 17.502711319583192 ], [ -92.924521719836264, 17.502709770346129 ], [ -92.924343580101294, 17.502708370405003 ], [ -92.924299479903596, 17.502708020337518 ], [ -92.921957419768503, 17.50268958025077 ], [ -92.920665289695719, 17.502679420247748 ], [ -92.92061344954395, 17.502679000278761 ], [ -92.920461139777146, 17.502677799758668 ], [ -92.918388950190533, 17.50080376982914 ], [ -92.917371650284807, 17.500366819599265 ], [ -92.917125889898216, 17.500014460382356 ], [ -92.916831319925876, 17.499779780270721 ], [ -92.916123460349226, 17.499411979970098 ], [ -92.916294680369887, 17.498902880388275 ], [ -92.915851779916565, 17.498772429553803 ], [ -92.915335740409915, 17.498663689942664 ], [ -92.914964230105369, 17.498553619978033 ], [ -92.914478710071634, 17.498475060121201 ], [ -92.914217719788454, 17.498392999693593 ], [ -92.913745880105381, 17.498325420174528 ], [ -92.913364259988882, 17.498273049641224 ], [ -92.912937540468704, 17.498213059814077 ], [ -92.912718849737089, 17.498301750233836 ], [ -92.912511819627753, 17.498356720254744 ], [ -92.912285319962962, 17.498423149818503 ], [ -92.912012979863363, 17.498648429770022 ], [ -92.911629770460678, 17.498820949950534 ], [ -92.911510779950973, 17.499070689609844 ], [ -92.911406350241819, 17.499307460212396 ], [ -92.911205350029007, 17.499573770289675 ], [ -92.911011979772965, 17.4994847797382 ], [ -92.910880399554173, 17.499358909721597 ], [ -92.910801739853014, 17.499241249808936 ], [ -92.910619090227343, 17.499322690125446 ], [ -92.910498690337803, 17.499401510125747 ], [ -92.910348419814184, 17.49948355028279 ], [ -92.910296140163155, 17.499582890184417 ], [ -92.910189980177307, 17.499771059905431 ], [ -92.909967149681052, 17.500077980390472 ], [ -92.909982429633359, 17.50035504956282 ], [ -92.909980720025175, 17.500535250189522 ], [ -92.910067740316009, 17.500745780081509 ], [ -92.910157340103652, 17.500881719914979 ], [ -92.910269480079208, 17.500991579786412 ], [ -92.910314749864, 17.501074459809644 ], [ -92.91039894979761, 17.501168949805756 ], [ -92.910551380437539, 17.501320400280587 ], [ -92.910652719586437, 17.501480149804742 ], [ -92.910767250404362, 17.501624149723618 ], [ -92.910835370191606, 17.501882739847396 ], [ -92.910803650312516, 17.50204022026665 ], [ -92.910745139683755, 17.502151119571309 ], [ -92.9106991097009, 17.502266860278503 ], [ -92.910655970306266, 17.502372419589175 ], [ -92.910562490005333, 17.502462220147219 ], [ -92.910492119911254, 17.502567880387108 ], [ -92.910411820133021, 17.502641110373318 ], [ -92.910318339921986, 17.502730890022342 ], [ -92.910173800354869, 17.502771290414092 ], [ -92.91003176986969, 17.502836379921103 ], [ -92.909901720457199, 17.502836259886141 ], [ -92.909795280333299, 17.502847950367823 ], [ -92.909621889659093, 17.502847770021056 ], [ -92.90948302011752, 17.502836550413274 ], [ -92.909395980388439, 17.502828949881206 ], [ -92.909115879798691, 17.502862510152831 ], [ -92.908986940017982, 17.502983489640844 ], [ -92.908946369823482, 17.503126740048085 ], [ -92.908952049627473, 17.503249599958099 ], [ -92.908894280443249, 17.503391780282215 ], [ -92.908859079955533, 17.503558519958833 ], [ -92.908795820463567, 17.503644309809665 ], [ -92.908731340133599, 17.503731779906111 ], [ -92.90863267964167, 17.503744540095724 ], [ -92.908543169559593, 17.503767200092383 ], [ -92.908439520224576, 17.503780149727131 ], [ -92.908338970073686, 17.503795029996958 ], [ -92.908245090355607, 17.503825320333842 ], [ -92.908120600088381, 17.503928349758198 ], [ -92.908051780287437, 17.50397080000516 ], [ -92.907995379940544, 17.504021600076719 ], [ -92.907948739999512, 17.504084859573915 ], [ -92.907870829760597, 17.504165249809574 ], [ -92.907787419574873, 17.504274219925797 ], [ -92.907691879996705, 17.504454769743521 ], [ -92.907485969553292, 17.504649860052346 ], [ -92.907310078541514, 17.505150986657664 ], [ -92.907295459638817, 17.505192621618104 ], [ -92.90729191037984, 17.505202741178024 ], [ -92.907288080507172, 17.505203967344201 ], [ -92.907248841816724, 17.50521653117568 ], [ -92.907157225321058, 17.505245866959221 ], [ -92.907101220056717, 17.505263800438854 ], [ -92.906115369841103, 17.5048254003277 ], [ -92.905577400088603, 17.504239920016175 ], [ -92.90500751034314, 17.503916890447737 ], [ -92.904550309579506, 17.503272740191381 ], [ -92.903851969992246, 17.503219980095654 ], [ -92.902066079594888, 17.502909620163074 ], [ -92.899539219556459, 17.502783420390074 ], [ -92.899493740175473, 17.502781150057352 ], [ -92.89909805005351, 17.502761379636286 ], [ -92.898580601430908, 17.502881407958306 ], [ -92.898549891071497, 17.50288853029808 ], [ -92.898062049933301, 17.50300168963058 ], [ -92.897626055882654, 17.503143395893755 ], [ -92.896826449783219, 17.503403280189293 ], [ -92.896309659797055, 17.503704690105963 ], [ -92.896241980200941, 17.50374416982978 ], [ -92.896146720352036, 17.503799720030567 ], [ -92.895807999671959, 17.503997290342213 ], [ -92.894596289191384, 17.505146909141878 ], [ -92.893956280319046, 17.505754110457392 ], [ -92.892538110400679, 17.506694229866689 ], [ -92.891413059799021, 17.507710350190496 ], [ -92.890393650235552, 17.508351449606646 ], [ -92.889342680120549, 17.509345350138478 ], [ -92.888296370141248, 17.510103740351273 ], [ -92.887356170400565, 17.510463540421565 ], [ -92.885936740039639, 17.510225579741558 ], [ -92.884472879675883, 17.509751199710767 ], [ -92.883204459661499, 17.509327489983736 ], [ -92.883122680030766, 17.509308859995794 ], [ -92.881517829690154, 17.508943260408181 ], [ -92.879684879918528, 17.50850922015691 ], [ -92.879314230359725, 17.508400920283052 ], [ -92.879248220396846, 17.5083816301469 ], [ -92.877878349798777, 17.507981379556764 ], [ -92.876366380449596, 17.507458940028201 ], [ -92.874389940361098, 17.506833739986643 ], [ -92.87185365973528, 17.50596264954045 ], [ -92.870698429689625, 17.505308660142497 ], [ -92.868928480348742, 17.505047979992867 ], [ -92.868054420104755, 17.504896949667188 ], [ -92.866189750250967, 17.504327309592448 ], [ -92.865272550176229, 17.503532979676077 ], [ -92.863619489527323, 17.50270155018843 ], [ -92.862185479637304, 17.50196840016573 ], [ -92.860954079847986, 17.501007049649463 ], [ -92.859808750264861, 17.500281550374542 ], [ -92.859472750124041, 17.499583379754096 ], [ -92.859311139768707, 17.499051420313524 ], [ -92.859422089598922, 17.498350619634572 ], [ -92.859228819715099, 17.497737249561155 ], [ -92.85908320017046, 17.497406780300025 ], [ -92.858937479945155, 17.49709988012421 ], [ -92.858747430325664, 17.495850490144566 ], [ -92.858505540240941, 17.495142680326268 ], [ -92.858386029899776, 17.494506089610379 ], [ -92.858290249972796, 17.49403452023622 ], [ -92.858169420305828, 17.493657060007649 ], [ -92.858049910270438, 17.493020480432513 ], [ -92.857957479790656, 17.491889350196967 ], [ -92.857764690432049, 17.49118175044347 ], [ -92.857541150412047, 17.490373080352459 ], [ -92.857405679610167, 17.489781949620728 ], [ -92.85731144991307, 17.489311290075413 ], [ -92.857188490386648, 17.488634979706664 ], [ -92.857093180263576, 17.488069180023821 ], [ -92.85692387957063, 17.487573710336399 ], [ -92.856755400216358, 17.486913340365312 ], [ -92.856636029712604, 17.486253199901807 ], [ -92.856563250444367, 17.485931509931863 ], [ -92.856491980344956, 17.485616509938268 ], [ -92.856445650374738, 17.485074490358222 ], [ -92.856276940375807, 17.484461249591384 ], [ -92.85618174970773, 17.483871890030809 ], [ -92.856041080444541, 17.482575630311896 ], [ -92.855947820069389, 17.481609379693495 ], [ -92.855877169722547, 17.481020140039643 ], [ -92.855849679690138, 17.480562089874134 ], [ -92.855831920022695, 17.480266140249448 ], [ -92.855834679864742, 17.479724349800353 ], [ -92.855789520193639, 17.479497459999983 ], [ -92.855727449886899, 17.479164179655573 ], [ -92.85568949019617, 17.478965940242585 ], [ -92.855674340135522, 17.478932049788249 ], [ -92.855205859757518, 17.47788399995234 ], [ -92.855118780147635, 17.477694079629462 ], [ -92.85460959993857, 17.476583309832684 ], [ -92.854332749773704, 17.475979370205671 ], [ -92.854323450041946, 17.475959079935329 ], [ -92.854307650257212, 17.475924600110698 ], [ -92.85427474968283, 17.475860689549695 ], [ -92.853724339735777, 17.474791150100678 ], [ -92.853238250112071, 17.473846619980979 ], [ -92.852873450153623, 17.473185319634748 ], [ -92.852581429896901, 17.472689259627735 ], [ -92.85231373991877, 17.472240429716159 ], [ -92.851924510130104, 17.471555459853757 ], [ -92.851657540288031, 17.470965290286493 ], [ -92.851341339809608, 17.470398450031762 ], [ -92.851024799632143, 17.469902259791972 ], [ -92.850756509581927, 17.469571220393586 ], [ -92.850340689813223, 17.469286569732645 ], [ -92.849875920321253, 17.468978139960491 ], [ -92.849434370363824, 17.468928939691779 ], [ -92.849354650245772, 17.468938109665576 ], [ -92.848648459686984, 17.4690194295918 ], [ -92.848058079659523, 17.469275749893434 ], [ -92.847025649930345, 17.469577090046684 ], [ -92.845277780444235, 17.470581709576852 ], [ -92.844194660389959, 17.471189019895192 ], [ -92.843977019951282, 17.471305479763238 ], [ -92.843234749552479, 17.471702679808292 ], [ -92.842569739859442, 17.472147080312585 ], [ -92.841806660178435, 17.472567460067602 ], [ -92.840748679870089, 17.473057089733349 ], [ -92.840010379565925, 17.473430459987807 ], [ -92.839272200273172, 17.473780279900822 ], [ -92.838583599705203, 17.474036089692891 ], [ -92.838092340193114, 17.474104419715594 ], [ -92.837305800114422, 17.474312650085306 ], [ -92.836616950056666, 17.474615569893068 ], [ -92.836100150049859, 17.474872219558041 ], [ -92.835681419907559, 17.47515288023364 ], [ -92.835212369974002, 17.475668859777198 ], [ -92.83474305997504, 17.476231950153853 ], [ -92.83439537969663, 17.477007630206412 ], [ -92.83429498013129, 17.477431169623394 ], [ -92.834316950495833, 17.477925949594546 ], [ -92.834511479785647, 17.478280229640585 ], [ -92.834813149856586, 17.47872695038107 ], [ -92.835022890238136, 17.479060049802811 ], [ -92.835291540432607, 17.47932045976281 ], [ -92.835486679731375, 17.479556949659834 ], [ -92.835656659858913, 17.479911120179771 ], [ -92.835826769916054, 17.480241720204187 ], [ -92.835849850098725, 17.480524509766404 ], [ -92.835528540194588, 17.480946979786449 ], [ -92.83525682016986, 17.481275460159132 ], [ -92.835141750442332, 17.481359030308184 ], [ -92.834837940383281, 17.481579680377749 ], [ -92.834517619669342, 17.48181370956468 ], [ -92.833902000228335, 17.482187649920416 ], [ -92.833532909538718, 17.482043889855699 ], [ -92.833167089574403, 17.4819014297839 ], [ -92.832775600082002, 17.481663979701736 ], [ -92.832213249690994, 17.481237259820137 ], [ -92.831552480339383, 17.480857169760284 ], [ -92.831211309908426, 17.480384399945731 ], [ -92.830893940347138, 17.48005307975156 ], [ -92.830626280322733, 17.479604220037714 ], [ -92.830506140006833, 17.479108950212613 ], [ -92.830436319849213, 17.478378369801124 ], [ -92.830292490075323, 17.477718110188025 ], [ -92.830148309981297, 17.477128510366924 ], [ -92.829906920275775, 17.476349979564695 ], [ -92.829763719626257, 17.475571920107384 ], [ -92.829596460199994, 17.474699540250509 ], [ -92.829379380272826, 17.473968250210127 ], [ -92.829137280286872, 17.473331049702491 ], [ -92.828872890221049, 17.472818279815716 ], [ -92.828772800023557, 17.472622599653238 ], [ -92.828653290150754, 17.472009550059894 ], [ -92.828508979568326, 17.471443510156597 ], [ -92.828365509832267, 17.470736570384577 ], [ -92.828351800006075, 17.470669020420175 ], [ -92.828317569614697, 17.470500339731487 ], [ -92.828271080375032, 17.470005430271797 ], [ -92.828226680284473, 17.469110080245798 ], [ -92.828253819765166, 17.468615519762121 ], [ -92.828085950325374, 17.467860910439196 ], [ -92.828014919933423, 17.467365879889858 ], [ -92.827972750131423, 17.466046520043101 ], [ -92.828000630166201, 17.4654106496601 ], [ -92.828079200157973, 17.464468770025992 ], [ -92.828009400173073, 17.46373818045198 ], [ -92.82793886010613, 17.463148939888249 ], [ -92.827892370434839, 17.462654029918347 ], [ -92.827897550103188, 17.461664690124749 ], [ -92.82787721987269, 17.460863679798234 ], [ -92.827904599632703, 17.460322020086597 ], [ -92.82793234984274, 17.459709690392284 ], [ -92.827885370352874, 17.459308999588369 ], [ -92.827814450053921, 17.458790420351121 ], [ -92.827792020252858, 17.4583898502792 ], [ -92.827744769837793, 17.458036279879167 ], [ -92.827722459788291, 17.457612149996699 ], [ -92.827628860073673, 17.456740120296821 ], [ -92.827534889589344, 17.455938750015235 ], [ -92.827318080114878, 17.455160340391338 ], [ -92.827173550362289, 17.454641400360391 ], [ -92.827142579896261, 17.454531509758024 ], [ -92.826980799813199, 17.453957340172018 ], [ -92.826931259849417, 17.45372989011992 ], [ -92.826908889863844, 17.453627199677104 ], [ -92.826470230047079, 17.453036149630144 ], [ -92.825346860340431, 17.452935249762408 ], [ -92.824195459563512, 17.452765619793318 ], [ -92.823460459579735, 17.452668349793719 ], [ -92.822952750450639, 17.452615999748872 ], [ -92.822255720101353, 17.452201630138031 ], [ -92.822337829610163, 17.451581179603053 ], [ -92.822487319990856, 17.451064180034258 ], [ -92.822612949897731, 17.450405890417951 ], [ -92.822639539674753, 17.449958950096185 ], [ -92.822592580292522, 17.449511690018998 ], [ -92.822448879714827, 17.448781659706814 ], [ -92.82237960012273, 17.44786370983752 ], [ -92.822235139706251, 17.447298380110087 ], [ -92.821968219780331, 17.446708999975556 ], [ -92.821848490159368, 17.44609672031142 ], [ -92.821607080444636, 17.445295680168741 ], [ -92.821439519811932, 17.44442436974105 ], [ -92.821246259983411, 17.443811770186837 ], [ -92.820980879530481, 17.442892980416524 ], [ -92.820813550248971, 17.441974620381046 ], [ -92.820694819629423, 17.441150569981282 ], [ -92.820575110260208, 17.44053829029518 ], [ -92.820334569857124, 17.439549020130109 ], [ -92.820238920364204, 17.439030949896377 ], [ -92.819996980276258, 17.438347550191153 ], [ -92.819755029994653, 17.437664170036793 ], [ -92.81963509012995, 17.437098940033401 ], [ -92.819564740109101, 17.436416280054299 ], [ -92.819469539759083, 17.435804109579479 ], [ -92.819471939767496, 17.435286460033673 ], [ -92.819449850433344, 17.434768720019548 ], [ -92.819402779684239, 17.434344979785866 ], [ -92.81948071004831, 17.433404140378524 ], [ -92.819630849806842, 17.432745950115468 ], [ -92.819904080294876, 17.431970660104991 ], [ -92.820078169581294, 17.431430230125844 ], [ -92.820177539990652, 17.431148289603637 ], [ -92.820499780294156, 17.430373219946791 ], [ -92.820969429935118, 17.429528170432906 ], [ -92.821242660274066, 17.428752859567588 ], [ -92.821588000174032, 17.428283749667639 ], [ -92.822279769570756, 17.427110249860217 ], [ -92.822673889538635, 17.426688400310386 ], [ -92.823191019750425, 17.426172970352411 ], [ -92.82360922967014, 17.425845340413378 ], [ -92.823978629924198, 17.425470450093155 ], [ -92.824358090009966, 17.425131980117065 ], [ -92.824372430275588, 17.425119200387364 ], [ -92.824594549864784, 17.424790719996064 ], [ -92.825111019956083, 17.424416459626048 ], [ -92.825824749775435, 17.423784220284194 ], [ -92.826315489665262, 17.42366866037041 ], [ -92.827051679644683, 17.423483569727125 ], [ -92.8280575700811, 17.423276079984248 ], [ -92.829161720251975, 17.423021949930373 ], [ -92.829995720317484, 17.422884320338376 ], [ -92.830805540391708, 17.422675999778839 ], [ -92.831737779750682, 17.422491720165784 ], [ -92.832400739728982, 17.422235710324411 ], [ -92.833087889773594, 17.422050369873013 ], [ -92.833351819703651, 17.42194086042786 ], [ -92.833480799973529, 17.421887320367947 ], [ -92.833971749621824, 17.421724710340136 ], [ -92.8353445401969, 17.421683450218449 ], [ -92.836864170115703, 17.421689850389484 ], [ -92.837869079656045, 17.421694079879209 ], [ -92.838997620280551, 17.421463540446371 ], [ -92.840125179886087, 17.42144474015495 ], [ -92.840503780088824, 17.421400920453216 ], [ -92.840649980334518, 17.4213840495878 ], [ -92.840909939832457, 17.421353909561493 ], [ -92.841743489723825, 17.421310350355785 ], [ -92.842675289656199, 17.421220140136789 ], [ -92.843091969843158, 17.421221879777761 ], [ -92.843631079899907, 17.421247659591575 ], [ -92.844537629808642, 17.421322029864058 ], [ -92.846058519923915, 17.421046030433693 ], [ -92.847162320354514, 17.420862380001839 ], [ -92.848044999545579, 17.420795480183266 ], [ -92.848683430082176, 17.420539289707449 ], [ -92.84934572019678, 17.420424400454742 ], [ -92.849713480096739, 17.42040239972517 ], [ -92.850106059940472, 17.420309909889887 ], [ -92.850645279990829, 17.420312139727727 ], [ -92.851553199825034, 17.420080620297671 ], [ -92.852583660345559, 17.419849580433414 ], [ -92.853248280049087, 17.419665819770639 ], [ -92.853589710471098, 17.419571079707946 ], [ -92.854424219680752, 17.419339519761468 ], [ -92.854915030316107, 17.419200370215979 ], [ -92.85525860014134, 17.419107679568359 ], [ -92.856191019849916, 17.418876220175441 ], [ -92.856009179599582, 17.418127400081232 ], [ -92.855876479619411, 17.417580919944079 ], [ -92.855613370269609, 17.416497350093358 ], [ -92.855477289526036, 17.415805280185111 ], [ -92.855205939574702, 17.414425080036828 ], [ -92.854796419813098, 17.412823370236374 ], [ -92.8545941699374, 17.412183679793131 ], [ -92.854494949977223, 17.411886999643055 ], [ -92.85426446046236, 17.411197630013937 ], [ -92.854227680191769, 17.411178310347537 ], [ -92.854189780373687, 17.411158399709006 ], [ -92.853677620100697, 17.410889320244163 ], [ -92.853280249935509, 17.41046176994876 ], [ -92.853238549866163, 17.410416919981106 ], [ -92.852750600252207, 17.409920779634653 ], [ -92.85228662021774, 17.409542379705023 ], [ -92.85189594973194, 17.409211350031978 ], [ -92.851554000137668, 17.408951120212972 ], [ -92.850404419586624, 17.408428710096135 ], [ -92.849646570065218, 17.408002029818249 ], [ -92.849009979995557, 17.407858200125027 ], [ -92.848007370230306, 17.40735991960522 ], [ -92.847053659987438, 17.406885350008412 ], [ -92.846246380289031, 17.406552579834393 ], [ -92.845463180346272, 17.406314020032209 ], [ -92.844459940310315, 17.405956889964674 ], [ -92.843799180315003, 17.405742369904534 ], [ -92.84308930976475, 17.405551149774293 ], [ -92.842403940135071, 17.405360059672415 ], [ -92.84144917980997, 17.405120749972394 ], [ -92.840641709749221, 17.404835020160657 ], [ -92.840128019837294, 17.404621089941386 ], [ -92.839516820128154, 17.404289119848425 ], [ -92.838759200025009, 17.403815339692567 ], [ -92.838074279736176, 17.403530109609939 ], [ -92.837536820326577, 17.403151369903899 ], [ -92.836901230379326, 17.402795749746648 ], [ -92.836510720009358, 17.402441150094532 ], [ -92.835752920220671, 17.402014430190125 ], [ -92.834656570122732, 17.401328059899651 ], [ -92.833773290206153, 17.400806060031279 ], [ -92.833113859961003, 17.400309139770314 ], [ -92.832503020213807, 17.399906549916839 ], [ -92.831965259873215, 17.399598380207216 ], [ -92.831158679865496, 17.399124380250115 ], [ -92.830695200022191, 17.398651819997546 ], [ -92.830354690239787, 17.398085660380666 ], [ -92.830062339813381, 17.397707949856233 ], [ -92.829746570051825, 17.397094830187314 ], [ -92.829530450341977, 17.396646799835615 ], [ -92.829216319786653, 17.396300489979957 ], [ -92.828750830074412, 17.396371850372169 ], [ -92.828592219841198, 17.396627459631755 ], [ -92.828301419575112, 17.39718768002756 ], [ -92.827812939807785, 17.39811987979704 ], [ -92.827581740083943, 17.398953849793639 ], [ -92.828616650003809, 17.399479249876777 ], [ -92.82904154982532, 17.39976261972404 ], [ -92.828868349579423, 17.400383850260198 ], [ -92.82894373971267, 17.401138519652353 ], [ -92.82923554988102, 17.401633880439121 ], [ -92.829502539766523, 17.402199720335698 ], [ -92.829490089992944, 17.402669569684956 ], [ -92.829488749630897, 17.403519120137545 ], [ -92.829746679760888, 17.403757689612668 ], [ -92.830375880449168, 17.404380680259447 ], [ -92.830642910484698, 17.405006799699976 ], [ -92.830633619877801, 17.405554949603498 ], [ -92.830565290207176, 17.406287280436253 ], [ -92.830275169936897, 17.406983290391889 ], [ -92.829993970171031, 17.407260679742574 ], [ -92.829879369922708, 17.407781509732018 ], [ -92.829701179626511, 17.408111049536437 ], [ -92.829399600455332, 17.40859934003625 ], [ -92.828884170494106, 17.408761859628139 ], [ -92.828222230405856, 17.408806090203043 ], [ -92.827340259526977, 17.408731750380461 ], [ -92.82623727982795, 17.408750580261266 ], [ -92.825747649781746, 17.408630850000065 ], [ -92.825036909727615, 17.408627800087601 ], [ -92.824228030466415, 17.408647879886288 ], [ -92.822609380064677, 17.408876250269895 ], [ -92.821898319833863, 17.408943779760701 ], [ -92.82116376305612, 17.409018945448231 ], [ -92.820794890294238, 17.409056690026748 ], [ -92.819887429903687, 17.409193970280025 ], [ -92.818955550272079, 17.409307620461874 ], [ -92.817704649754589, 17.409513979926679 ], [ -92.817510418527789, 17.409563938533086 ], [ -92.816894880231104, 17.409722259625827 ], [ -92.815987629595767, 17.409812459630356 ], [ -92.815201400016605, 17.409970660131751 ], [ -92.814270380317737, 17.410157979922328 ], [ -92.813485550255905, 17.410272230275517 ], [ -92.812932549647982, 17.410369089770477 ], [ -92.812439719637794, 17.410475979822341 ], [ -92.811781970476503, 17.410657369916418 ], [ -92.811021139624103, 17.410989979941899 ], [ -92.810274620282868, 17.410328890384164 ], [ -92.808926229892961, 17.410339020167118 ], [ -92.807994030170747, 17.410452399739707 ], [ -92.806277309602038, 17.410562139620922 ], [ -92.805565049820615, 17.4108177397327 ], [ -92.8048770603165, 17.411120539779592 ], [ -92.803648769905706, 17.411609110291717 ], [ -92.803522110131667, 17.411658310160149 ], [ -92.802946919707509, 17.411881739723537 ], [ -92.802690740123253, 17.411981250163002 ], [ -92.801862579944284, 17.412507940226007 ], [ -92.800163740332366, 17.413844520245899 ], [ -92.799589909647665, 17.413400569659537 ], [ -92.798398400159797, 17.413168199573136 ], [ -92.79679788012254, 17.413719029878077 ], [ -92.79581530997369, 17.414091030133971 ], [ -92.794514620369625, 17.414343830043251 ], [ -92.793508479855561, 17.414527400408403 ], [ -92.792845820200824, 17.414665510422626 ], [ -92.791839430286146, 17.414896150036554 ], [ -92.791054289786871, 17.415010140389658 ], [ -92.790291879966361, 17.415477289624338 ], [ -92.789504819816926, 17.41596785984645 ], [ -92.78884674796312, 17.416230219749995 ], [ -92.788720325492321, 17.416280621298782 ], [ -92.78857126031734, 17.416340049982008 ], [ -92.787931420067252, 17.416807750112724 ], [ -92.787676908348672, 17.417014018912734 ], [ -92.787592294309249, 17.417082593953879 ], [ -92.787571310297508, 17.417099600387079 ], [ -92.786971025221064, 17.416951983253046 ], [ -92.78693368005888, 17.416942799561152 ], [ -92.786924215373631, 17.416947440394072 ], [ -92.786308180366063, 17.41724949024433 ], [ -92.786067689628993, 17.417614489536945 ], [ -92.786016479167841, 17.417598131280418 ], [ -92.785930620338192, 17.417570705136423 ], [ -92.785794709851416, 17.417527290017869 ], [ -92.785664883611531, 17.417294308318912 ], [ -92.785655342330244, 17.417277183022506 ], [ -92.785648247880403, 17.417264451936497 ], [ -92.785586212455684, 17.417153119246414 ], [ -92.785516459660073, 17.417027939690154 ], [ -92.785190520231183, 17.416657939586127 ], [ -92.785230460382522, 17.416620732300387 ], [ -92.785259530818053, 17.416593651901916 ], [ -92.785468317128633, 17.416399156226284 ], [ -92.785755259720119, 17.416131850123985 ], [ -92.785757110240183, 17.416030319744586 ], [ -92.785692139573698, 17.415574750229133 ], [ -92.785658246947676, 17.414811479500344 ], [ -92.785648289730659, 17.414587230271312 ], [ -92.786866509729265, 17.414095979740186 ], [ -92.786220110027458, 17.4131687801932 ], [ -92.787005339683844, 17.412396619875263 ], [ -92.787535200343029, 17.412781080196783 ], [ -92.78790668014814, 17.412053180023193 ], [ -92.788252549653791, 17.411537000390279 ], [ -92.78834794969606, 17.411231140403814 ], [ -92.78837341964153, 17.411149509904053 ], [ -92.788381769903992, 17.4111227196104 ], [ -92.788501799807321, 17.410737919553707 ], [ -92.788749599903994, 17.410221280353337 ], [ -92.788632030053691, 17.409638020265149 ], [ -92.788994630027503, 17.409280450345253 ], [ -92.789320080084465, 17.408929449747276 ], [ -92.789524140234974, 17.408865369997734 ], [ -92.789873490111788, 17.408343250243743 ], [ -92.790069399874724, 17.40750228003138 ], [ -92.789977849731102, 17.40689856976897 ], [ -92.78998700042581, 17.406490030418844 ], [ -92.790550820369191, 17.406028630148992 ], [ -92.79080447990242, 17.405434540337314 ], [ -92.790794229730253, 17.404985140176972 ], [ -92.790334599710604, 17.404500260001843 ], [ -92.79000173998854, 17.404170230424697 ], [ -92.789523970427112, 17.403941429627086 ], [ -92.78945408982824, 17.403849600295526 ], [ -92.789372420118113, 17.40377165042171 ], [ -92.789094999551864, 17.403635509832757 ], [ -92.788907999638198, 17.40344759964325 ], [ -92.788653520386248, 17.403252380406627 ], [ -92.788252999964456, 17.402890400299892 ], [ -92.787601109600871, 17.402424059785599 ], [ -92.786754919927873, 17.401914479546495 ], [ -92.786022259786975, 17.401383709715599 ], [ -92.785265519706385, 17.400842150124177 ], [ -92.784642199783789, 17.400356510072427 ], [ -92.783769819574076, 17.399687399554423 ], [ -92.783079780207515, 17.39901428960172 ], [ -92.781915970140645, 17.398011449834282 ], [ -92.78128010960171, 17.397536649717502 ], [ -92.780517750063865, 17.397188170176914 ], [ -92.779432969967303, 17.396007860365593 ], [ -92.778626800296962, 17.395462660271551 ], [ -92.777918680289659, 17.394917940369165 ], [ -92.777210820308895, 17.394326140118704 ], [ -92.776697849546522, 17.393970629760446 ], [ -92.77606304968441, 17.393473319633014 ], [ -92.774934660475992, 17.392278179794648 ], [ -92.774368019986753, 17.392252540368755 ], [ -92.773940949754817, 17.391415450371131 ], [ -92.773409969714521, 17.390704370250873 ], [ -92.773107460070804, 17.389493519631632 ], [ -92.772424479704512, 17.389272800131231 ], [ -92.771409340330322, 17.389214400045436 ], [ -92.770951219647458, 17.38884265041159 ], [ -92.770696679992099, 17.388316519844587 ], [ -92.770496229883221, 17.387944580305092 ], [ -92.770508739801741, 17.387808000059248 ], [ -92.770463660052272, 17.387497289608074 ], [ -92.770296280110443, 17.387113460150751 ], [ -92.769996120424352, 17.386894570234293 ], [ -92.769476619672915, 17.386476230416729 ], [ -92.768771180187187, 17.386188920146015 ], [ -92.768309000181588, 17.385504119653096 ], [ -92.76807278190303, 17.385023743723153 ], [ -92.76804217029273, 17.384961490068154 ], [ -92.767947317628852, 17.384800234068955 ], [ -92.76775060044082, 17.384465800435894 ], [ -92.767459769985365, 17.383828910210607 ], [ -92.767290380150641, 17.383404419647746 ], [ -92.767194799791184, 17.382933220415342 ], [ -92.767075549760619, 17.382297140314755 ], [ -92.767056550028855, 17.381237890104341 ], [ -92.767345679833412, 17.380347460328565 ], [ -92.767425630253712, 17.379898480329683 ], [ -92.767640140041195, 17.379369880370604 ], [ -92.767833479779767, 17.378531879817988 ], [ -92.767934860010342, 17.377334979978251 ], [ -92.768109140437829, 17.376818019987503 ], [ -92.76828391018276, 17.37620689043187 ], [ -92.768383910275404, 17.375830779899427 ], [ -92.76848883016882, 17.374513219643315 ], [ -92.768566399711858, 17.373736859590188 ], [ -92.768765800298326, 17.373102320399731 ], [ -92.768865919851834, 17.372702679696474 ], [ -92.768980428300793, 17.372080049587499 ], [ -92.769017289531732, 17.37187962041795 ], [ -92.76904755148017, 17.371721470531334 ], [ -92.769128102279183, 17.371300501017924 ], [ -92.769143280315276, 17.371221179669163 ], [ -92.769169739671071, 17.3708447201223 ], [ -92.769370110048058, 17.370021889829921 ], [ -92.769495349807912, 17.369504679639032 ], [ -92.769609547804777, 17.369167832253236 ], [ -92.769694510325465, 17.368917220066098 ], [ -92.769819019730491, 17.368541220364914 ], [ -92.770017679946321, 17.368047910313035 ], [ -92.769732399578061, 17.367825380291357 ], [ -92.769433770062165, 17.367421509698396 ], [ -92.769297148457653, 17.367238465969944 ], [ -92.769254450326542, 17.367181259624225 ], [ -92.769201399708535, 17.366699630073242 ], [ -92.769302800369942, 17.366000280403703 ], [ -92.769265489926568, 17.3651355401526 ], [ -92.769399290285733, 17.364359780018688 ], [ -92.769714429880054, 17.363484540141592 ], [ -92.770025320118805, 17.362689429840763 ], [ -92.770261489945312, 17.3617150598065 ], [ -92.770481710337776, 17.360980549771625 ], [ -92.77066330989102, 17.360396319749317 ], [ -92.770232169775369, 17.360112289822268 ], [ -92.769466619923534, 17.359950310129818 ], [ -92.768854550339739, 17.359726229955768 ], [ -92.76803577983631, 17.35968987979081 ], [ -92.767332620269485, 17.359488779977177 ], [ -92.766393580381205, 17.359360229926157 ], [ -92.765514820302528, 17.359177599876553 ], [ -92.764625060463374, 17.358937309770084 ], [ -92.764003689980029, 17.358703949754666 ], [ -92.763576659671998, 17.358562539977534 ], [ -92.762789080451441, 17.358592259651303 ], [ -92.761967049896484, 17.358543489778612 ], [ -92.761250630450306, 17.358398489612288 ], [ -92.7607794300921, 17.358446689999006 ], [ -92.759849220083808, 17.358299179663042 ], [ -92.758737419712958, 17.358197779872107 ], [ -92.758464249934789, 17.357499920395949 ], [ -92.758570749781939, 17.356654200215985 ], [ -92.758691629620202, 17.356204890149691 ], [ -92.75879211972898, 17.355721709723511 ], [ -92.758684349569506, 17.355061230224244 ], [ -92.758572079712536, 17.354497139841413 ], [ -92.758465879645897, 17.35387842965131 ], [ -92.758339400110614, 17.353257320040765 ], [ -92.758184080185274, 17.352731260018668 ], [ -92.757996769851061, 17.352105909917384 ], [ -92.757684860385027, 17.351303709624165 ], [ -92.757607970116538, 17.350354090230368 ], [ -92.758396220287281, 17.349624580135522 ], [ -92.758328600000056, 17.34911314029867 ], [ -92.757477580113303, 17.348621690443018 ], [ -92.757199520274654, 17.34827600007138 ], [ -92.756829510014086, 17.347872050265533 ], [ -92.756015859772575, 17.34710466011974 ], [ -92.755993850052462, 17.3463701797324 ], [ -92.75599334005517, 17.345925199721016 ], [ -92.756121779717617, 17.345145369720953 ], [ -92.756101649711283, 17.344734570030536 ], [ -92.755799450324389, 17.34422944999519 ], [ -92.755611749937003, 17.343775920074517 ], [ -92.755006259614078, 17.343406969866596 ], [ -92.754180200190916, 17.343298660296895 ], [ -92.75359674002604, 17.343396740057575 ], [ -92.753570089978453, 17.343401220287376 ], [ -92.752836340046656, 17.34352467974697 ], [ -92.752736199690588, 17.343541519797849 ], [ -92.751755219753974, 17.343658110396895 ], [ -92.7507740304127, 17.343916000477151 ], [ -92.749890969705888, 17.344150450332293 ], [ -92.748468350095379, 17.344454879971046 ], [ -92.747756970370176, 17.344665970451864 ], [ -92.746726890169811, 17.344806030127852 ], [ -92.745426859723679, 17.345110599652855 ], [ -92.744004169978993, 17.345462110297682 ], [ -92.742777720239928, 17.345743200011299 ], [ -92.741698450131025, 17.346000920101066 ], [ -92.740668080405086, 17.346352890054796 ], [ -92.739883140233218, 17.346540309763117 ], [ -92.738828490294438, 17.346703849693309 ], [ -92.73814183029468, 17.346750080222602 ], [ -92.73713625982036, 17.346890119849043 ], [ -92.735860920043194, 17.347053350051805 ], [ -92.735568890061629, 17.34713414026826 ], [ -92.734928749629972, 17.347311219684791 ], [ -92.734070250455858, 17.347498519732824 ], [ -92.733494490063251, 17.347848879609 ], [ -92.732597920122984, 17.348118980122184 ], [ -92.731701019651652, 17.348220549824362 ], [ -92.730996740420608, 17.348244180001597 ], [ -92.730489400352013, 17.347988479756182 ], [ -92.729508340219084, 17.348128510142914 ], [ -92.728698279591015, 17.348739740279726 ], [ -92.727519979606683, 17.349633109665959 ], [ -92.726881579565671, 17.350221019827227 ], [ -92.725826380273091, 17.350761280293643 ], [ -92.72535011025829, 17.351132519574943 ], [ -92.725154820346518, 17.351284770200756 ], [ -92.725055030023611, 17.351362550258781 ], [ -92.724841659539408, 17.351533940130157 ], [ -92.724554199587658, 17.351764860425465 ], [ -92.723813310316757, 17.352360000089483 ], [ -92.722880419569037, 17.353088799680972 ], [ -92.721788799632222, 17.354106180247381 ], [ -92.720890660267386, 17.354914310036087 ], [ -92.720378859813451, 17.355335599895781 ], [ -92.719380429776066, 17.355371480178437 ], [ -92.718519419577262, 17.355452650010697 ], [ -92.718547599797873, 17.35598115009423 ], [ -92.717981429632488, 17.356423659744671 ], [ -92.717284689545167, 17.357286780205229 ], [ -92.716929540176608, 17.357830680236674 ], [ -92.716506850063126, 17.357902059994661 ], [ -92.715858370164241, 17.358294429854027 ], [ -92.715388649784643, 17.358548259910719 ], [ -92.714656519725182, 17.359153540104682 ], [ -92.714042750263133, 17.359623690105838 ], [ -92.713355339647691, 17.36014084983821 ], [ -92.712717169698095, 17.360516750095865 ], [ -92.712030139806814, 17.360774850118094 ], [ -92.711596217494716, 17.360963536065686 ], [ -92.711490279318056, 17.361009600886042 ], [ -92.710827446780073, 17.361479677386811 ], [ -92.7101646003306, 17.361949750744994 ], [ -92.709671941815373, 17.362312581867354 ], [ -92.709526289600419, 17.362419850272364 ], [ -92.709173220185704, 17.362874220008013 ], [ -92.70885925003644, 17.363138709798982 ], [ -92.708519340089282, 17.363407540437102 ], [ -92.707690384882881, 17.363552178418907 ], [ -92.707645619573256, 17.363559988700583 ], [ -92.707496369937715, 17.363586029941523 ], [ -92.707272109734618, 17.363241149590859 ], [ -92.706602819651778, 17.363480979634353 ], [ -92.706478219874839, 17.363271650053143 ], [ -92.705249029777832, 17.363842909705909 ], [ -92.704780629625915, 17.363289369551755 ], [ -92.704089600404444, 17.363601799810013 ], [ -92.703661909853153, 17.363844619914094 ], [ -92.703517289566093, 17.363915339614469 ], [ -92.703229089713915, 17.36405977015972 ], [ -92.703038910025924, 17.364162819834725 ], [ -92.702923020244143, 17.364217679641435 ], [ -92.702533969848972, 17.364435229842712 ], [ -92.701601200384289, 17.364999079831406 ], [ -92.701082539856472, 17.365624979982346 ], [ -92.70059859987883, 17.366031909600153 ], [ -92.700242880318726, 17.366410619922195 ], [ -92.699888400197523, 17.366800539752099 ], [ -92.69954529032411, 17.367085079769822 ], [ -92.699217720067224, 17.367366320063347 ], [ -92.698905420240862, 17.367597309636153 ], [ -92.698498999754364, 17.367937020402817 ], [ -92.698119770407445, 17.368263449837649 ], [ -92.697421019975266, 17.369101450021891 ], [ -92.697060600159958, 17.369743399961916 ], [ -92.696232320398622, 17.369235290442386 ], [ -92.695715720461038, 17.369704769819947 ], [ -92.69517488977155, 17.370079949839063 ], [ -92.694781230328331, 17.3704556000563 ], [ -92.694270339660719, 17.371248660239168 ], [ -92.693527110197564, 17.371440969893055 ], [ -92.693183179643015, 17.371604780157707 ], [ -92.692512659682123, 17.371916280011281 ], [ -92.691881230193673, 17.372213150007934 ], [ -92.691574050130228, 17.372418979575979 ], [ -92.691135569743139, 17.372614549785105 ], [ -92.690702079918225, 17.372774800307358 ], [ -92.690092619656781, 17.372987580339203 ], [ -92.689695769722775, 17.373092910166385 ], [ -92.68897591027671, 17.373249249611618 ], [ -92.688248279713605, 17.373625340315506 ], [ -92.687762859714269, 17.373848260107067 ], [ -92.687275370082091, 17.374092780072225 ], [ -92.686603979875258, 17.374482949828387 ], [ -92.686034080072645, 17.375115659746097 ], [ -92.685616480415746, 17.37530277989957 ], [ -92.685124829885822, 17.375631000159334 ], [ -92.684584119713705, 17.375959060042987 ], [ -92.683865970426282, 17.376411690378671 ], [ -92.683325179581232, 17.376779519822641 ], [ -92.682712059992667, 17.377022599951307 ], [ -92.682361050409256, 17.377164419969105 ], [ -92.682218740074177, 17.377190419559184 ], [ -92.681256260124783, 17.377075539566622 ], [ -92.681002889616352, 17.377601349553448 ], [ -92.680572150095372, 17.377563420084172 ], [ -92.679987630246501, 17.377954259817077 ], [ -92.67991237039908, 17.378055650206111 ], [ -92.679457480295127, 17.378250019956361 ], [ -92.678765030025332, 17.378493570423704 ], [ -92.678794280322506, 17.378838680187627 ], [ -92.678268859801264, 17.37940157980184 ], [ -92.677702740284147, 17.379988620321459 ], [ -92.677946349870325, 17.380483970216648 ], [ -92.678043030391422, 17.380908219982732 ], [ -92.678237280332979, 17.381497620346156 ], [ -92.678431350228038, 17.382134140250791 ], [ -92.678527320318594, 17.382770339864287 ], [ -92.678770059710601, 17.383524770288588 ], [ -92.678864489837622, 17.384198179616533 ], [ -92.678867380391367, 17.384218739926691 ], [ -92.678937779780384, 17.385161049534251 ], [ -92.678886910030357, 17.385702579901277 ], [ -92.678836110077441, 17.386220569623369 ], [ -92.678736170151595, 17.386761950428543 ], [ -92.678685199672401, 17.387327049649951 ], [ -92.678732679944886, 17.387798249593633 ], [ -92.678706400391334, 17.38831630970202 ], [ -92.67865479972987, 17.389069820370082 ], [ -92.678603350386609, 17.389776220280034 ], [ -92.678551049976221, 17.390741680158218 ], [ -92.678598279773482, 17.391283519805086 ], [ -92.678603750338141, 17.391464910064286 ], [ -92.678620339569434, 17.392013710169561 ], [ -92.678619350236417, 17.392306949695417 ], [ -92.67861869019319, 17.392750170054942 ], [ -92.678617650016506, 17.392812820198134 ], [ -92.67861406041925, 17.393874310286886 ], [ -92.678660980185512, 17.394510350321838 ], [ -92.678583820166097, 17.395569950228957 ], [ -92.678508649729579, 17.396040770016953 ], [ -92.678481650167427, 17.396770800326692 ], [ -92.67851177975146, 17.397164489971171 ], [ -92.678515379552863, 17.397749350367501 ], [ -92.678366400138756, 17.398359339802067 ], [ -92.678317770376083, 17.398914719996501 ], [ -92.678189970300949, 17.399665349666666 ], [ -92.677988650300279, 17.400399690217583 ], [ -92.67782062969178, 17.401093909843098 ], [ -92.678038939870405, 17.401271970002099 ], [ -92.677796820121927, 17.401988579951073 ], [ -92.677708449524232, 17.402625680257373 ], [ -92.677559539990071, 17.403380630072895 ], [ -92.677470110183862, 17.404077830021137 ], [ -92.677329750318862, 17.404591429892506 ], [ -92.67719042997868, 17.405242220302252 ], [ -92.677090220157112, 17.405783850249986 ], [ -92.677018310189055, 17.406232509861987 ], [ -92.676873779811515, 17.406887540105146 ], [ -92.676605370067591, 17.407551750014498 ], [ -92.676609970095683, 17.407862200403493 ], [ -92.676479219853618, 17.408129489866418 ], [ -92.676434339819991, 17.408181769895116 ], [ -92.676401120100294, 17.408253000047914 ], [ -92.676132690064989, 17.408896939593163 ], [ -92.67623727983954, 17.409153709876417 ], [ -92.676264830065307, 17.409246969664785 ], [ -92.676303510145118, 17.409306540096519 ], [ -92.676326779709328, 17.410027120127459 ], [ -92.675827660337134, 17.410813619756365 ], [ -92.676238749664932, 17.411619420264312 ], [ -92.675861169696162, 17.412253249830673 ], [ -92.675912459626687, 17.41260922029031 ], [ -92.675742369531804, 17.41279374041746 ], [ -92.675143449658918, 17.413613750188116 ], [ -92.674866170384732, 17.413514199777598 ], [ -92.674595349592451, 17.413846720288227 ], [ -92.674495479884996, 17.414225000379417 ], [ -92.674471089746504, 17.414317370132892 ], [ -92.674297850065187, 17.414764309708438 ], [ -92.674099910402504, 17.41525828004195 ], [ -92.673754349797022, 17.41586954041243 ], [ -92.673409219886153, 17.416363050256251 ], [ -92.673137659631763, 17.416856780321012 ], [ -92.672669460112928, 17.417467660093866 ], [ -92.672495879969404, 17.418008800342346 ], [ -92.672027490265165, 17.418666779775595 ], [ -92.671583170261442, 17.419466150372248 ], [ -92.670990819613408, 17.4205005695454 ], [ -92.670645739576671, 17.420970509936396 ], [ -92.670338450234084, 17.421514080086265 ], [ -92.669954780131988, 17.421728450201666 ], [ -92.66948561990678, 17.422605679832749 ], [ -92.669288169694042, 17.423368509752969 ], [ -92.668745259663908, 17.424285310371804 ], [ -92.668325280063499, 17.425131849588926 ], [ -92.668299340415857, 17.425182710157856 ], [ -92.667905370364849, 17.425954830004457 ], [ -92.667913619541579, 17.426161120350841 ], [ -92.667918150063002, 17.426274750005287 ], [ -92.66792409018089, 17.426423259579593 ], [ -92.667927949947511, 17.426520149938714 ], [ -92.667926179874257, 17.427038290425106 ], [ -92.667948859708261, 17.427580060386909 ], [ -92.667922139645981, 17.428215879863714 ], [ -92.667919540226777, 17.428969519720347 ], [ -92.667891450085193, 17.430005720302667 ], [ -92.667812580136456, 17.431536349585055 ], [ -92.66783283016548, 17.432784679641657 ], [ -92.667828779985399, 17.433962260216671 ], [ -92.667850250142877, 17.434857289975696 ], [ -92.667798019698921, 17.435775659862298 ], [ -92.667770649645405, 17.4365998898386 ], [ -92.667791620341646, 17.437636250268941 ], [ -92.667812020357218, 17.438837460102004 ], [ -92.667734199994982, 17.440061910101335 ], [ -92.667803749611295, 17.441239719629213 ], [ -92.66779922970818, 17.442558629775519 ], [ -92.66777008010294, 17.443900979988719 ], [ -92.667764799916043, 17.44543184974799 ], [ -92.667737030014109, 17.446373829684454 ], [ -92.667782220304744, 17.447504479661685 ], [ -92.667778720364069, 17.448517200326098 ], [ -92.667726910223706, 17.449317800372423 ], [ -92.667699280136574, 17.450212679896726 ], [ -92.667385739890136, 17.451286510193111 ], [ -92.667433029721394, 17.451944519564993 ], [ -92.667464230358547, 17.452933430055062 ], [ -92.667556060224655, 17.453224519697145 ], [ -92.667615739733435, 17.453441679619246 ], [ -92.667612890234437, 17.453620399823219 ], [ -92.66773202042647, 17.45423609042949 ], [ -92.667947579797016, 17.45461128963521 ], [ -92.668071350179162, 17.45506818042848 ], [ -92.668058970028113, 17.455374860367858 ], [ -92.667993230467104, 17.455597289916057 ], [ -92.66803352026092, 17.455770689606073 ], [ -92.668155599664559, 17.455967489803555 ], [ -92.668208420478337, 17.456230519814653 ], [ -92.66818515043839, 17.456694570050665 ], [ -92.667602399932363, 17.45697176969426 ], [ -92.666788690437528, 17.457097829791255 ], [ -92.665795860230816, 17.456846750177078 ], [ -92.665665850379128, 17.456612449667098 ], [ -92.665496880393803, 17.456307920191922 ], [ -92.665458719797229, 17.456249540434811 ], [ -92.665373580036288, 17.456119230433256 ], [ -92.665314550258699, 17.456028890156276 ], [ -92.665298030441306, 17.456003600189682 ], [ -92.665276879936869, 17.455952999865367 ], [ -92.665154619918866, 17.455660459904436 ], [ -92.665072579555996, 17.455464170053091 ], [ -92.665050830244951, 17.4553999703299 ], [ -92.664935030028815, 17.455058120113804 ], [ -92.664919279974313, 17.455014969550977 ], [ -92.664829510040562, 17.454883420003931 ], [ -92.664671460150387, 17.454651769702394 ], [ -92.664501260479199, 17.454402319602714 ], [ -92.664474399707885, 17.454362970087356 ], [ -92.664455380187121, 17.454324919672757 ], [ -92.664365519856489, 17.454145170095146 ], [ -92.664135150239233, 17.453684290159273 ], [ -92.663969420354846, 17.453352740278635 ], [ -92.66390241998738, 17.453218690192756 ], [ -92.663807139750304, 17.452981999812646 ], [ -92.663671629850427, 17.452643939603369 ], [ -92.663502520012315, 17.452222000134533 ], [ -92.66345775034695, 17.452110309951763 ], [ -92.663449029924323, 17.452088569961919 ], [ -92.663424419943595, 17.452047049736418 ], [ -92.663240289651014, 17.451736630082131 ], [ -92.662984970141579, 17.451306179671523 ], [ -92.662851690157638, 17.451081479967517 ], [ -92.66281483007522, 17.451008379943843 ], [ -92.662560740010804, 17.450504599766887 ], [ -92.662437550409862, 17.450260340248587 ], [ -92.662402509747878, 17.450190859727257 ], [ -92.662269979714225, 17.44996854988656 ], [ -92.662006290158288, 17.449526199594846 ], [ -92.661830109857135, 17.449230649710632 ], [ -92.661693379761815, 17.449027510009138 ], [ -92.661592339660686, 17.448877399824241 ], [ -92.66146345999843, 17.448685940103093 ], [ -92.661279060423098, 17.448411980475843 ], [ -92.661184170407523, 17.448271020095628 ], [ -92.661178119762468, 17.448257309561555 ], [ -92.66113049015793, 17.448149650291487 ], [ -92.661098480048651, 17.448077260179588 ], [ -92.661039079944246, 17.447943019920949 ], [ -92.660825999877389, 17.447461290309384 ], [ -92.660758889945967, 17.447309599634185 ], [ -92.660739289741528, 17.447272739532526 ], [ -92.66067097033087, 17.447144310380402 ], [ -92.660578150291016, 17.446969849742583 ], [ -92.660457780415058, 17.446743579606721 ], [ -92.660353689579992, 17.446547910074006 ], [ -92.660303219683868, 17.446453029955709 ], [ -92.66025440013162, 17.44636127983771 ], [ -92.660202350341294, 17.446263429837025 ], [ -92.660185479964085, 17.446231710243811 ], [ -92.660170169880985, 17.446210720251777 ], [ -92.660051769705419, 17.446048370309811 ], [ -92.659785060253895, 17.44568267992188 ], [ -92.659737109920982, 17.445616919759658 ], [ -92.659679219587233, 17.445514149964939 ], [ -92.659633779835815, 17.445425310268902 ], [ -92.659609019596999, 17.445376859582812 ], [ -92.659509059741168, 17.445055110283313 ], [ -92.659527979600838, 17.444961250278556 ], [ -92.659568800459908, 17.444859119887305 ], [ -92.6595539801977, 17.444738580189671 ], [ -92.659517290444384, 17.444547649622312 ], [ -92.659408279552324, 17.444284739791144 ], [ -92.659271880127065, 17.444618830132587 ], [ -92.659049680280305, 17.444694739923694 ], [ -92.658956399621758, 17.444757569793779 ], [ -92.658876480434643, 17.444617199915395 ], [ -92.65875068996634, 17.444784260067287 ], [ -92.658746000310032, 17.444797000360843 ], [ -92.658699489782805, 17.444923080264079 ], [ -92.658638139953467, 17.445090220118267 ], [ -92.658556689981111, 17.445315080110603 ], [ -92.658535230118275, 17.445374350215864 ], [ -92.658516620170161, 17.445395109873637 ], [ -92.658494549859469, 17.445419749748055 ], [ -92.658364449798853, 17.445565220070481 ], [ -92.65820308007433, 17.445801849574949 ], [ -92.658138620431245, 17.445896380316789 ], [ -92.658123230214045, 17.445918950409226 ], [ -92.658105690070656, 17.445966480455983 ], [ -92.657960519616168, 17.44635997002295 ], [ -92.657931660260928, 17.446438230007463 ], [ -92.65791351004124, 17.446477829633796 ], [ -92.657848749724707, 17.446619110202374 ], [ -92.657780690144435, 17.446767630110816 ], [ -92.657735880212499, 17.446865430121925 ], [ -92.657715150387375, 17.446910660004495 ], [ -92.657705200167115, 17.4469528500256 ], [ -92.657668019503063, 17.44711048039678 ], [ -92.657621419979975, 17.447308059787865 ], [ -92.65751417036789, 17.447594630407185 ], [ -92.657436919792872, 17.447800150431434 ], [ -92.657396149950145, 17.447908600092937 ], [ -92.657381029691436, 17.447948830419225 ], [ -92.65736679989844, 17.447967950327353 ], [ -92.657318689674042, 17.448032580416061 ], [ -92.657237570406991, 17.448141570163195 ], [ -92.657190480425626, 17.448204829983911 ], [ -92.657171880326771, 17.44825682977535 ], [ -92.657082979882659, 17.448532999543719 ], [ -92.657024139655633, 17.448715859881119 ], [ -92.657020120416632, 17.448728349762956 ], [ -92.656959740227322, 17.449047279905436 ], [ -92.656936180214359, 17.449171599616957 ], [ -92.656926400364426, 17.449223309761869 ], [ -92.656918150290949, 17.449240660148075 ], [ -92.656869220446183, 17.449343569582894 ], [ -92.656785910305956, 17.449518750269895 ], [ -92.656757890398779, 17.449577659655425 ], [ -92.656737109901272, 17.449687449954087 ], [ -92.656707030347732, 17.449846259870437 ], [ -92.656679520388025, 17.449991550258051 ], [ -92.656667999637051, 17.450052370158716 ], [ -92.656661400145438, 17.450078340036473 ], [ -92.656528600004521, 17.450351939898447 ], [ -92.656413349633524, 17.450591949539319 ], [ -92.656317229589121, 17.450814600223431 ], [ -92.656273429580565, 17.45091608996464 ], [ -92.656088750387141, 17.451343910100682 ], [ -92.656038909603822, 17.451497349788379 ], [ -92.655945510019421, 17.45178754961449 ], [ -92.655825819808442, 17.452092119592098 ], [ -92.65579677011786, 17.45216467956206 ], [ -92.655727150313282, 17.452341199704506 ], [ -92.655694830094944, 17.452423140308323 ], [ -92.655615260324666, 17.452616350377227 ], [ -92.655535879517402, 17.452811620323203 ], [ -92.655526459969423, 17.452833429942043 ], [ -92.655496219674816, 17.452903489844687 ], [ -92.655462510174061, 17.452981579753466 ], [ -92.655446279961623, 17.453019180328575 ], [ -92.655334579640808, 17.453277939967474 ], [ -92.655233289615126, 17.453512550057937 ], [ -92.655199460350076, 17.453590940342337 ], [ -92.655176179536369, 17.453655490392897 ], [ -92.654999880055584, 17.454144450184845 ], [ -92.654921799780865, 17.454360970115992 ], [ -92.654816490311191, 17.454653029862186 ], [ -92.654768489823084, 17.454823680278317 ], [ -92.654706290169585, 17.455044770417771 ], [ -92.654615200215829, 17.455368549902065 ], [ -92.654555030162513, 17.455582479752497 ], [ -92.654532489979402, 17.455662600366686 ], [ -92.654502090399362, 17.455701339895587 ], [ -92.654323000481142, 17.455911179809927 ], [ -92.654288480092163, 17.455951629567984 ], [ -92.654074750064481, 17.456258000390019 ], [ -92.653934000085883, 17.456459769598133 ], [ -92.653925259749812, 17.456472289834657 ], [ -92.653839279633104, 17.456569149858083 ], [ -92.653608420395358, 17.456829170126703 ], [ -92.65339104992222, 17.457064940026402 ], [ -92.653156370450532, 17.457283090115823 ], [ -92.652982649824025, 17.45744458013181 ], [ -92.652880310021956, 17.457539719710066 ], [ -92.652801060103471, 17.457644459719639 ], [ -92.65259780039591, 17.457913090012571 ], [ -92.65246825008694, 17.458084320092954 ], [ -92.652431830443959, 17.458116310060085 ], [ -92.652224940007045, 17.458298079760905 ], [ -92.652065400450056, 17.458383979598306 ], [ -92.651805540074278, 17.458523889993984 ], [ -92.651736849815549, 17.458560879566274 ], [ -92.651718310361517, 17.458578979729293 ], [ -92.65155759980729, 17.458735850366935 ], [ -92.651464260084737, 17.458825029696296 ], [ -92.651326020213361, 17.458908709595399 ], [ -92.650957230118792, 17.459131970093338 ], [ -92.65090075018901, 17.459171370408022 ], [ -92.65067550975408, 17.459328549586111 ], [ -92.650445449824062, 17.459489089809971 ], [ -92.650230139567711, 17.459655829771862 ], [ -92.649837579663767, 17.45995982981837 ], [ -92.649480680443901, 17.460241089769994 ], [ -92.649349550015614, 17.460345110117149 ], [ -92.649022460123476, 17.460584709589117 ], [ -92.648865860242367, 17.460699419977928 ], [ -92.648800310399153, 17.460716080473478 ], [ -92.648439290172263, 17.46079788958874 ], [ -92.648343569865816, 17.460819580076112 ], [ -92.648323919716958, 17.460824030048006 ], [ -92.648268880247784, 17.46084719978986 ], [ -92.647977769831115, 17.460969719750487 ], [ -92.647579580090692, 17.461137320304655 ], [ -92.647468879813388, 17.461183910067046 ], [ -92.647374089652374, 17.461233420054139 ], [ -92.647102750033994, 17.461375120247556 ], [ -92.646641480341245, 17.46156394976699 ], [ -92.646186689945438, 17.461753920258936 ], [ -92.646003339862247, 17.461831089603706 ], [ -92.645830490471255, 17.461889679654437 ], [ -92.645486969518188, 17.462006110232398 ], [ -92.645250719556017, 17.462086169986193 ], [ -92.645221019646101, 17.462096229670529 ], [ -92.644707370471991, 17.462241549634793 ], [ -92.644179679988156, 17.462507850295818 ], [ -92.643901769577894, 17.462648090332547 ], [ -92.643686950102989, 17.462737600432462 ], [ -92.643295690226537, 17.462900620088529 ], [ -92.643095540323699, 17.462984019601191 ], [ -92.642842350359615, 17.463071690266911 ], [ -92.642387540201554, 17.463229169916069 ], [ -92.642191020398897, 17.463297200135504 ], [ -92.641776339618843, 17.463394370324782 ], [ -92.64135902968772, 17.463492139603854 ], [ -92.640722770212022, 17.463596779841161 ], [ -92.640326180105859, 17.46366202033521 ], [ -92.640306179924693, 17.463665310153281 ], [ -92.64014667978708, 17.463675579788656 ], [ -92.639889570227751, 17.463692169776643 ], [ -92.639841540000248, 17.463690350343455 ], [ -92.639465419991865, 17.463676179752973 ], [ -92.639374480112878, 17.463672750444154 ], [ -92.639197319563195, 17.463666079956152 ], [ -92.639179180228311, 17.463665400195765 ], [ -92.639156450393045, 17.463664540209525 ], [ -92.638859380012818, 17.463653339566186 ], [ -92.638698910000869, 17.46364728999113 ], [ -92.638344309792714, 17.463633919724668 ], [ -92.638275879841046, 17.463637460324076 ], [ -92.63781152021285, 17.463661449744606 ], [ -92.637708079777596, 17.463683279563284 ], [ -92.637144340374306, 17.463808249882309 ], [ -92.636458519591415, 17.463972940213928 ], [ -92.635763450066307, 17.46413687964785 ], [ -92.635504860127341, 17.46419787987417 ], [ -92.63497194030306, 17.464337030466712 ], [ -92.634639169868919, 17.46442391999544 ], [ -92.634575200447088, 17.464440630305649 ], [ -92.634422120182109, 17.464467819927055 ], [ -92.634080260018266, 17.464528519709745 ], [ -92.633766120066582, 17.464584320093337 ], [ -92.633742800294542, 17.464588460040677 ], [ -92.633344219905254, 17.464684570173382 ], [ -92.632935320194321, 17.464783169722711 ], [ -92.632506980090739, 17.464898949682407 ], [ -92.632397139936472, 17.464928649821097 ], [ -92.631981140270966, 17.465026090419737 ], [ -92.63168022972566, 17.465081080111673 ], [ -92.630990740247668, 17.465208600151914 ], [ -92.630659170101254, 17.465271950319437 ], [ -92.630185849635197, 17.465342280361554 ], [ -92.629694259831524, 17.465415319756101 ], [ -92.629655120386303, 17.465421140331067 ], [ -92.629508419726363, 17.465442450183392 ], [ -92.629140849991984, 17.465495820410489 ], [ -92.628331940265213, 17.465525779809777 ], [ -92.627749919611631, 17.465602109942775 ], [ -92.627376719823047, 17.465651029769067 ], [ -92.626897350152262, 17.465696709621859 ], [ -92.626455800296355, 17.465738749799456 ], [ -92.626298720440076, 17.465753720300683 ], [ -92.625971460409502, 17.465747350473013 ], [ -92.625459490204605, 17.465737370068243 ], [ -92.624918849633957, 17.465796799591679 ], [ -92.624360539712285, 17.46586083029084 ], [ -92.624338030237013, 17.465863399907633 ], [ -92.624228550474982, 17.465923649806719 ], [ -92.623476890422495, 17.466357680314921 ], [ -92.623264480051361, 17.466483769580137 ], [ -92.62270254998397, 17.466691089615153 ], [ -92.622677859652953, 17.46670022033425 ], [ -92.622253630188794, 17.46698275040432 ], [ -92.622141479847471, 17.467057460249297 ], [ -92.622066220382038, 17.467167780304756 ], [ -92.621899320449756, 17.467412370000471 ], [ -92.621533309736066, 17.46761133968371 ], [ -92.621240350304447, 17.467770579826336 ], [ -92.621205910105601, 17.467805969936428 ], [ -92.620923849829268, 17.468095659672901 ], [ -92.62077854015736, 17.468244889829311 ], [ -92.620553230233838, 17.468402060072822 ], [ -92.620266679724665, 17.468601940004195 ], [ -92.619800059677999, 17.468886980173075 ], [ -92.619681249874404, 17.468959569573528 ], [ -92.619379459973061, 17.469147250094526 ], [ -92.619144660033868, 17.46929326015648 ], [ -92.619108799770501, 17.469301380335104 ], [ -92.618925339792611, 17.469342920278866 ], [ -92.618606250420441, 17.469415179578967 ], [ -92.618277449596917, 17.469546780350676 ], [ -92.617946459740324, 17.469679259646757 ], [ -92.617468340182953, 17.46988452033073 ], [ -92.617164659888786, 17.470014889676758 ], [ -92.616612970254394, 17.470274419967168 ], [ -92.61655411022133, 17.47030211040304 ], [ -92.616234569802984, 17.470519619956672 ], [ -92.615749619756429, 17.470849710414697 ], [ -92.615735779754942, 17.470857429989064 ], [ -92.615237120422222, 17.471136139677558 ], [ -92.614925309882906, 17.471357550261256 ], [ -92.614700919753687, 17.471516889839187 ], [ -92.613963059917765, 17.471954059975751 ], [ -92.6138958200752, 17.471993889608122 ], [ -92.61368051017746, 17.472114230286941 ], [ -92.613212489601878, 17.472375800107901 ], [ -92.61274882989396, 17.472638320288571 ], [ -92.612674890329401, 17.472684289771955 ], [ -92.61194391011891, 17.473138849725427 ], [ -92.611627419938699, 17.473329199658444 ], [ -92.61130962027687, 17.473520350368283 ], [ -92.611215879817152, 17.473602179617544 ], [ -92.610539459869216, 17.474192660068312 ], [ -92.610384689551921, 17.47432775015211 ], [ -92.60984401988037, 17.474738180300744 ], [ -92.609726880277847, 17.474827110214768 ], [ -92.609088180054457, 17.475210630250285 ], [ -92.608503689966426, 17.47547918003503 ], [ -92.608310950416893, 17.475567739995554 ], [ -92.608157340417137, 17.475689880045294 ], [ -92.608068170116923, 17.475760779625336 ], [ -92.607653320314583, 17.476090629578589 ], [ -92.607209020317271, 17.476400489723478 ], [ -92.606970770408353, 17.476566649573517 ], [ -92.606755320257832, 17.476776819606275 ], [ -92.606508710247454, 17.477017379943593 ], [ -92.606415579713754, 17.47706619991683 ], [ -92.606062399799072, 17.477251369644932 ], [ -92.60582513985436, 17.477375740256779 ], [ -92.605597019533093, 17.477672660032436 ], [ -92.605315830248173, 17.478038649956599 ], [ -92.605209579772406, 17.478231770006644 ], [ -92.605146780107788, 17.478345909805228 ], [ -92.605027279863137, 17.478462490421038 ], [ -92.604903580064189, 17.478583140108558 ], [ -92.604674679859073, 17.47904641989582 ], [ -92.604624780319355, 17.479106339884584 ], [ -92.604371149893808, 17.479410970113669 ], [ -92.604332220400792, 17.479464180410865 ], [ -92.604007540061573, 17.479907999970354 ], [ -92.603975620259263, 17.47997583018175 ], [ -92.60374248030449, 17.48047117976747 ], [ -92.603718490357366, 17.480522119916206 ], [ -92.603468629659886, 17.480868850111275 ], [ -92.603257999622656, 17.481161120359221 ], [ -92.603222000449762, 17.481187479800809 ], [ -92.602745980132383, 17.481535940097473 ], [ -92.602575630239599, 17.481660650463095 ], [ -92.602438199873177, 17.481761250398659 ], [ -92.6020882196933, 17.482017450160686 ], [ -92.60207174993036, 17.482047510250165 ], [ -92.60189474046031, 17.482370909586482 ], [ -92.601725980408133, 17.482679200131241 ], [ -92.601699979999609, 17.482705850359107 ], [ -92.60139643021229, 17.483016740459828 ], [ -92.601239769723009, 17.483177199558813 ], [ -92.60090471011911, 17.48344357026615 ], [ -92.600582089920124, 17.483700060216265 ], [ -92.600560859962997, 17.483729519828948 ], [ -92.600277290196942, 17.484122979756606 ], [ -92.599828170265283, 17.484720369873521 ], [ -92.599587509859504, 17.484978600170905 ], [ -92.599500709994473, 17.485116450393189 ], [ -92.599200350052783, 17.485593479968092 ], [ -92.598888380051662, 17.486012249857318 ], [ -92.598354879662779, 17.486816709553313 ], [ -92.598134569744147, 17.487154969902139 ], [ -92.598006979946533, 17.48731839959305 ], [ -92.597746420332314, 17.487652179988224 ], [ -92.597259999746299, 17.488174520384092 ], [ -92.59711702039337, 17.488502020320528 ], [ -92.597043860321975, 17.48866956994458 ], [ -92.596945600427162, 17.48881097980691 ], [ -92.596691629923484, 17.489176479772745 ], [ -92.596583520229032, 17.489332079846925 ], [ -92.596471140392225, 17.489544250409374 ], [ -92.596245579809846, 17.489970090384148 ], [ -92.596228659673997, 17.489992620106356 ], [ -92.595978829779483, 17.490325169579414 ], [ -92.595613979579454, 17.49068100014744 ], [ -92.595384539846364, 17.490857750382602 ], [ -92.595151060216352, 17.491037599672087 ], [ -92.594855859544168, 17.491397629856486 ], [ -92.594762679798237, 17.491511280362012 ], [ -92.594564720131132, 17.49191691026914 ], [ -92.594497509924111, 17.492054599923154 ], [ -92.594294449581966, 17.492298449959016 ], [ -92.594181909881712, 17.492433579785502 ], [ -92.59415560015654, 17.492548979839686 ], [ -92.594063660317758, 17.492952229635577 ], [ -92.594057459862327, 17.493102919829127 ], [ -92.594043319875226, 17.493446570143821 ], [ -92.594082400407601, 17.493540719861123 ], [ -92.594218550262383, 17.493868820017376 ], [ -92.594245399978149, 17.493926419560896 ], [ -92.594393400012649, 17.49424397966812 ], [ -92.594764219756144, 17.494594089936463 ], [ -92.594791909808208, 17.494633280421265 ], [ -92.595111230374144, 17.495084920227264 ], [ -92.595302979965552, 17.495363030202309 ], [ -92.595434480448986, 17.495553739799359 ], [ -92.595745940309783, 17.495870420174569 ], [ -92.595779289674709, 17.495908619765299 ], [ -92.595990259550248, 17.496162019678177 ], [ -92.596028580213613, 17.49620804983071 ], [ -92.596301720348563, 17.496605980058821 ], [ -92.596443950128162, 17.496733549785748 ], [ -92.596869819750808, 17.49711898008945 ], [ -92.597214489839715, 17.49744442001985 ], [ -92.597265679555846, 17.49749274024645 ], [ -92.597581659791985, 17.49785376958086 ], [ -92.597736200071722, 17.49803034016286 ], [ -92.597923049745134, 17.498320289672836 ], [ -92.598379849898777, 17.499005689982518 ], [ -92.598531090407874, 17.499224320446096 ], [ -92.598811140076464, 17.499603279642677 ], [ -92.599105540413603, 17.500000309621662 ], [ -92.59943971988551, 17.500336109730117 ], [ -92.599675740071191, 17.500573259557882 ], [ -92.599856170069387, 17.500754540427021 ], [ -92.599901430003925, 17.500800019847876 ], [ -92.599098249677368, 17.501446429750249 ], [ -92.597880150200936, 17.502426750043579 ], [ -92.597401220109447, 17.502812199664294 ], [ -92.597344450070679, 17.502845820189147 ], [ -92.596342690221746, 17.503438980224928 ], [ -92.595992659917059, 17.503646230282438 ], [ -92.595141219629383, 17.504163739674244 ], [ -92.594656050079323, 17.504459150090451 ], [ -92.594207399892753, 17.5048526301903 ], [ -92.593914339592899, 17.50510964985801 ], [ -92.5938224597774, 17.50525574041993 ], [ -92.593466820396301, 17.505821259811871 ], [ -92.593089829874586, 17.506420690161686 ], [ -92.593040799822134, 17.506636080356419 ], [ -92.592576520146096, 17.508633749922694 ], [ -92.592343019670579, 17.509617250195898 ], [ -92.592338539578989, 17.509651550170556 ], [ -92.592228459842033, 17.510495279909069 ], [ -92.592135059939153, 17.511211149720953 ], [ -92.592057000378858, 17.511809509853659 ], [ -92.59204833971711, 17.511875950272735 ], [ -92.592070739671087, 17.511963819756318 ], [ -92.592246309977313, 17.512652230053433 ], [ -92.592307370140247, 17.512891599571571 ], [ -92.592321710439293, 17.512914480290025 ], [ -92.594566619564077, 17.516494970107527 ], [ -92.595171199822289, 17.517462489681783 ], [ -92.596989689862795, 17.520359649782055 ], [ -92.595576419760619, 17.52213039991334 ], [ -92.593428739809809, 17.524821820232852 ], [ -92.590959380240534, 17.527385630359753 ], [ -92.589547459715192, 17.529005489766082 ], [ -92.589452140212131, 17.529114850221877 ], [ -92.589287229552994, 17.529304049648999 ], [ -92.586653799603795, 17.532317259753881 ], [ -92.585619179889378, 17.533460820100387 ], [ -92.580453569917211, 17.539253380116055 ], [ -92.578032909637628, 17.542035279739078 ], [ -92.57734491981968, 17.542825890258548 ], [ -92.57661760028239, 17.543607349733751 ], [ -92.573766169712016, 17.546670880004097 ], [ -92.573441820169933, 17.547142379750259 ], [ -92.573106109757418, 17.54761601991574 ], [ -92.572890050130695, 17.547887220277907 ], [ -92.572782029770067, 17.548025979659293 ], [ -92.572754150261673, 17.548061880279171 ], [ -92.571410919798964, 17.549608620152892 ], [ -92.568617019715262, 17.548406090120558 ], [ -92.565706449948877, 17.54710165972093 ], [ -92.563727220167436, 17.546198059560268 ], [ -92.563261180055974, 17.546019539823607 ], [ -92.563184660248893, 17.545972520052015 ], [ -92.563121509976142, 17.545933720406179 ], [ -92.563090550293225, 17.545898949707251 ], [ -92.563080449708153, 17.545794819935615 ], [ -92.563073349691251, 17.545737819582843 ], [ -92.563067749789425, 17.54570057959187 ], [ -92.563057479748039, 17.545670819675991 ], [ -92.563016199787711, 17.545628570340224 ], [ -92.562964569894802, 17.545586309687437 ], [ -92.562928399988706, 17.545571349653777 ], [ -92.562835349785985, 17.545546369734272 ], [ -92.56278881978767, 17.545538829783588 ], [ -92.56273968020507, 17.545536229592035 ], [ -92.5626776203367, 17.545536089894128 ], [ -92.562615540245972, 17.545535969720181 ], [ -92.562545710092948, 17.545532949838499 ], [ -92.562493999648837, 17.545530740350415 ], [ -92.562424170124601, 17.545528109849862 ], [ -92.562375050288082, 17.545520550030464 ], [ -92.562186629612654, 17.545482150054795 ], [ -92.562147060417828, 17.545482060041632 ], [ -92.562058089913833, 17.545453429979997 ], [ -92.561988890085559, 17.54543430956938 ], [ -92.561880150121027, 17.545396139887735 ], [ -92.561830739968627, 17.545377059786968 ], [ -92.561771479656301, 17.545338999946278 ], [ -92.561662780021209, 17.545281859892544 ], [ -92.561593600033248, 17.545253260055766 ], [ -92.561306850411654, 17.545195720477615 ], [ -92.561217889728482, 17.545167089622321 ], [ -92.56108931975082, 17.545147830072541 ], [ -92.560802570074969, 17.545090310335002 ], [ -92.56067405973738, 17.545052089581009 ], [ -92.560476340489572, 17.544994749733139 ], [ -92.560367580444691, 17.544966059967273 ], [ -92.560278600192021, 17.544946909610896 ], [ -92.560150109612081, 17.544899200096875 ], [ -92.560031519680464, 17.544842050131539 ], [ -92.559942600221632, 17.544794430237669 ], [ -92.559794460356386, 17.5446898002483 ], [ -92.55964646005134, 17.544528259769809 ], [ -92.559579420179404, 17.544412750219188 ], [ -92.559536369983078, 17.544312799599002 ], [ -92.559514520055615, 17.54426297037363 ], [ -92.559479680245531, 17.544202259631319 ], [ -92.559455450311631, 17.544127459841445 ], [ -92.559441630112545, 17.544047940134664 ], [ -92.559422540381036, 17.543953629663402 ], [ -92.559409549976564, 17.543845000167028 ], [ -92.559423369522364, 17.543718480321857 ], [ -92.559431250066353, 17.543576650164731 ], [ -92.559449450189831, 17.543467980102825 ], [ -92.559516110324893, 17.54333150987387 ], [ -92.559551429575393, 17.543234249624483 ], [ -92.559579829671861, 17.543038089528729 ], [ -92.559631570433694, 17.542953420206025 ], [ -92.559649659606123, 17.542895350385184 ], [ -92.559677779734002, 17.54276026004808 ], [ -92.559658060251039, 17.542731769718966 ], [ -92.559638400045898, 17.542684310440706 ], [ -92.55959889009128, 17.542655770291748 ], [ -92.559549509858286, 17.542627219929344 ], [ -92.559440749678117, 17.542598520408706 ], [ -92.559401180374479, 17.542598429609782 ], [ -92.559351689857579, 17.542607820313691 ], [ -92.559272519922089, 17.542617119856132 ], [ -92.559143860048309, 17.542645279627276 ], [ -92.559074600304157, 17.542645120414072 ], [ -92.559005350341053, 17.542644969937463 ], [ -92.558906429874398, 17.54264474960296 ], [ -92.558827349710796, 17.542616120055424 ], [ -92.558787879955659, 17.542578109912306 ], [ -92.558787999947967, 17.542530689828777 ], [ -92.558807920215727, 17.542473849794504 ], [ -92.558847630148179, 17.542417029750499 ], [ -92.558867489589744, 17.542388629971747 ], [ -92.558897280251102, 17.54234128971445 ], [ -92.558956859735574, 17.542246580102702 ], [ -92.558976749551093, 17.542199220422088 ], [ -92.558987199843088, 17.541971660361028 ], [ -92.558967630144394, 17.541886280421473 ], [ -92.558898830012467, 17.541696479579379 ], [ -92.558898999938293, 17.541630090057797 ], [ -92.558889350172635, 17.5415257698935 ], [ -92.558869690466935, 17.541478309708872 ], [ -92.558840259826965, 17.541373940245023 ], [ -92.558810740086145, 17.541307489644236 ], [ -92.55878128957329, 17.541212600284165 ], [ -92.558751849563322, 17.541117709783919 ], [ -92.558702859736044, 17.540918459893277 ], [ -92.558683220142356, 17.540861519652797 ], [ -92.558642710106952, 17.540785619814635 ], [ -92.55857874957178, 17.540665819830068 ], [ -92.558535489772311, 17.540586199849486 ], [ -92.55843716987016, 17.540432910244256 ], [ -92.558352180447855, 17.540362449648981 ], [ -92.558297629548079, 17.540327509986202 ], [ -92.558237849667918, 17.54030482974256 ], [ -92.558158970442292, 17.540275660170749 ], [ -92.558030539853078, 17.540225419798354 ], [ -92.557880569828328, 17.540232779606377 ], [ -92.557556659807901, 17.54036591021606 ], [ -92.557437770422254, 17.540441509826554 ], [ -92.557120680062098, 17.54065888985901 ], [ -92.556674770281177, 17.540961340192126 ], [ -92.55647660010321, 17.541093659634875 ], [ -92.55633794988033, 17.541150250170979 ], [ -92.556278450290421, 17.541216489742656 ], [ -92.55622882015966, 17.541282749640317 ], [ -92.556179199637825, 17.541349020101151 ], [ -92.556159250049333, 17.541415350109897 ], [ -92.556109539752512, 17.541519550304159 ], [ -92.556079740305137, 17.541566910262315 ], [ -92.556020280441643, 17.541614179616676 ], [ -92.55590144989111, 17.54166131979445 ], [ -92.555792509865256, 17.541708489735083 ], [ -92.555624260222629, 17.541736569650887 ], [ -92.555495580058405, 17.541764720424119 ], [ -92.555357020208049, 17.541792860012325 ], [ -92.555198690329362, 17.541811479857248 ], [ -92.555050259905144, 17.541830110077179 ], [ -92.554911690375206, 17.541858250464358 ], [ -92.554733539598502, 17.541895770245159 ], [ -92.554684050317533, 17.541905140457978 ], [ -92.554525679723582, 17.541942719786512 ], [ -92.554416750417374, 17.541980399940137 ], [ -92.554274449923, 17.542131480138881 ], [ -92.554170689886561, 17.542324480229695 ], [ -92.553902449555451, 17.542437509875352 ], [ -92.553923519790857, 17.542683280066793 ], [ -92.553448890407338, 17.542798859667869 ], [ -92.552928910239856, 17.542970750138707 ], [ -92.552703280334455, 17.543023140083381 ], [ -92.551478489632132, 17.543406089859591 ], [ -92.549675749592424, 17.54395622012472 ], [ -92.546945220117635, 17.544777940410285 ], [ -92.543729309655987, 17.545794250209813 ], [ -92.542353750365905, 17.546210480225298 ], [ -92.540957250149717, 17.546601119882951 ], [ -92.539681939995518, 17.546959519668558 ], [ -92.537926879983374, 17.547481719908244 ], [ -92.536196630395125, 17.547942340289211 ], [ -92.535411679982829, 17.548342649847726 ], [ -92.534984339599276, 17.548343349939284 ], [ -92.533176660334632, 17.548889830378183 ], [ -92.530073420161202, 17.549998420427357 ], [ -92.527102549618149, 17.556632199568842 ], [ -92.525146479731745, 17.56078250981458 ], [ -92.523371830053506, 17.56467011002707 ], [ -92.523225599822212, 17.565000780232406 ], [ -92.520104709614117, 17.571879340258651 ], [ -92.520372259553412, 17.572097220269729 ], [ -92.520297049667846, 17.572791219601328 ], [ -92.519984889553882, 17.573049769947051 ], [ -92.517720539706531, 17.573076420115022 ], [ -92.513444629514993, 17.573267450189793 ], [ -92.508592600306244, 17.573954830167192 ], [ -92.500633769827331, 17.572355939610464 ], [ -92.50039568973537, 17.572353450030313 ], [ -92.500361139999626, 17.572353080278557 ], [ -92.499037459526079, 17.572339180294868 ], [ -92.498066830244412, 17.572291719781525 ], [ -92.497823600118082, 17.572279830113118 ], [ -92.497196370072928, 17.572249150414297 ], [ -92.495793830158689, 17.572469979593041 ], [ -92.491854719779013, 17.573276619652322 ], [ -92.490549860402297, 17.573545569662379 ], [ -92.489759400187353, 17.573937719687699 ], [ -92.488058349981287, 17.574485180186279 ], [ -92.486950770380318, 17.574685510262555 ], [ -92.486194430999063, 17.574764153228287 ], [ -92.484688369947548, 17.574920740198902 ], [ -92.482538150249979, 17.574929553129767 ], [ -92.47987397996441, 17.574940430385141 ], [ -92.479494310259867, 17.57491723014008 ], [ -92.479452750060091, 17.57491468963331 ], [ -92.473811479738259, 17.574569799607477 ], [ -92.472845509840894, 17.575266289648876 ], [ -92.471782380033119, 17.575867509911951 ], [ -92.471239910222437, 17.57605020045348 ], [ -92.470204340011549, 17.576392549883845 ], [ -92.468428449528034, 17.577033280415037 ], [ -92.467616910438977, 17.577118860153522 ], [ -92.465653539699971, 17.576980120158847 ], [ -92.464279860173107, 17.576824109900986 ], [ -92.463153689907259, 17.576505799883297 ], [ -92.4617350197137, 17.575995910107899 ], [ -92.460930319898637, 17.575492570401021 ], [ -92.459758890298716, 17.574843940065282 ], [ -92.458637680460811, 17.57410162003697 ], [ -92.458176779945575, 17.573816799552201 ], [ -92.457784150226729, 17.57357417960597 ], [ -92.457362200232424, 17.573191050141766 ], [ -92.456224399882245, 17.573024279926663 ], [ -92.454573579773836, 17.573128829598964 ], [ -92.452694430437703, 17.573450920094874 ], [ -92.449847019861508, 17.574015770293776 ], [ -92.448394630061273, 17.574366280171031 ], [ -92.447313109806686, 17.574417800069916 ], [ -92.446728419825149, 17.574473279738822 ], [ -92.445959919786532, 17.574525679669112 ], [ -92.445049879809886, 17.574332200131884 ], [ -92.444168709924071, 17.574002449733381 ], [ -92.442976089706974, 17.573153619774203 ], [ -92.442269459953053, 17.572865489915277 ], [ -92.440929519760559, 17.57193224981561 ], [ -92.439806199915097, 17.571378250002937 ], [ -92.438122180362868, 17.570464820279007 ], [ -92.436775649586266, 17.570096879996196 ], [ -92.435769770456048, 17.570232919644852 ], [ -92.43317746013004, 17.571627050248704 ], [ -92.428531170419802, 17.574122830414986 ], [ -92.42632215155966, 17.5751231516312 ], [ -92.424940429774196, 17.575748819693391 ], [ -92.424385795472318, 17.57595213648003 ], [ -92.423314290352351, 17.576344919656034 ], [ -92.423220018444496, 17.576385707534673 ], [ -92.421236879551714, 17.577243709852532 ], [ -92.420664140297831, 17.576816890304553 ], [ -92.417811780358974, 17.576364800357609 ], [ -92.416286569653835, 17.577033089871311 ], [ -92.413148570411749, 17.578297400463697 ], [ -92.412525596635277, 17.57867655839636 ], [ -92.411621890276024, 17.579226569889556 ], [ -92.409702489417811, 17.579874746403121 ], [ -92.409459739662367, 17.579956719810891 ], [ -92.408219580005834, 17.580620059939129 ], [ -92.406568460364795, 17.580349680322168 ], [ -92.403343939529663, 17.57878645024298 ], [ -92.402078599981934, 17.578040110165439 ], [ -92.400858139969372, 17.586032549963186 ], [ -92.396479939779269, 17.589091279683903 ], [ -92.392654933850679, 17.591564109857348 ], [ -92.390740876541798, 17.592801460952455 ], [ -92.388408619050693, 17.594123522949545 ], [ -92.388386306677646, 17.594136170721114 ], [ -92.387768107751825, 17.594535661725732 ], [ -92.385457950023437, 17.596028400372575 ], [ -92.382639646497765, 17.597849619674953 ], [ -92.377572816317098, 17.601203720432721 ], [ -92.375479997036066, 17.602566180159872 ], [ -92.372858716593271, 17.604281420204586 ], [ -92.37029479627293, 17.605861260788618 ], [ -92.368358976570519, 17.607039180291014 ], [ -92.36762359615615, 17.60754858008638 ], [ -92.363404947016008, 17.610127679745737 ], [ -92.362401275025391, 17.61074124928636 ], [ -92.360835472993742, 17.611837046931342 ], [ -92.35955182479573, 17.612735340885713 ], [ -92.357078224676243, 17.614121089652965 ], [ -92.355247912868947, 17.615189707561207 ], [ -92.35509876690368, 17.615276784925261 ], [ -92.354109020397317, 17.615854629577349 ], [ -92.35355430774635, 17.616174625566234 ], [ -92.352426569782793, 17.616825169968131 ], [ -92.351401399682416, 17.617448650227647 ], [ -92.350673709638329, 17.617934060279318 ], [ -92.351498180170907, 17.619632079996837 ], [ -92.351259939576323, 17.622456060102451 ], [ -92.351195430333618, 17.624739430293353 ], [ -92.351539940045868, 17.625037090002333 ], [ -92.352653489586146, 17.626392450404325 ], [ -92.353663349688858, 17.628194250170161 ], [ -92.354271819747837, 17.630674720060799 ], [ -92.354886060374668, 17.632684089622838 ], [ -92.356181549763448, 17.635242970125823 ], [ -92.356279709925772, 17.636005029853791 ], [ -92.358028939811788, 17.636295999910562 ], [ -92.358131679972459, 17.641959140349027 ], [ -92.357217599705933, 17.641977650098816 ], [ -92.356414510054051, 17.641999450181093 ], [ -92.355857689777324, 17.642013369658088 ], [ -92.355827379569163, 17.64318105966386 ], [ -92.355786820210184, 17.643926849601772 ], [ -92.355784569765504, 17.644677849678015 ], [ -92.355801350230237, 17.646059800225245 ], [ -92.354794769661538, 17.646305600317657 ], [ -92.354954029918758, 17.648036220157962 ], [ -92.354951400431361, 17.649650940234739 ], [ -92.354950909768817, 17.649952580095906 ], [ -92.354941450409058, 17.654056060015744 ], [ -92.354772019912232, 17.65428910981769 ], [ -92.350956980363705, 17.654595860186976 ], [ -92.34974408957703, 17.654693370269545 ], [ -92.349159489592594, 17.654727519832754 ], [ -92.349202089879626, 17.65639154954485 ], [ -92.349255890148768, 17.658492739988695 ], [ -92.349684150147382, 17.664259740049935 ], [ -92.349764969763285, 17.667634220363404 ], [ -92.350005829829229, 17.674044779789636 ], [ -92.349965829547102, 17.675285260226094 ], [ -92.349923749721341, 17.676589459672417 ], [ -92.349997340179641, 17.677493219674211 ], [ -92.350064019724968, 17.678646780411896 ], [ -92.350045180032538, 17.683392619786158 ], [ -92.350144580334245, 17.686207459969619 ], [ -92.350194879832529, 17.687631909702773 ], [ -92.350131629611639, 17.689122249888495 ], [ -92.350110720006867, 17.689419750259052 ], [ -92.350030540073092, 17.690064709847956 ], [ -92.349998199865084, 17.694705309720632 ], [ -92.349998510158358, 17.700689110426374 ], [ -92.349897030102809, 17.702784719852747 ], [ -92.349552442361741, 17.702794051678474 ], [ -92.349284379988134, 17.702801310438154 ], [ -92.348696020408866, 17.702676880129722 ], [ -92.348589030065924, 17.70268223021726 ], [ -92.34851662986658, 17.702760910063372 ], [ -92.34846381781081, 17.702773366295624 ], [ -92.348392910324179, 17.702790089891224 ], [ -92.348207799566879, 17.702700689617199 ], [ -92.348198050259782, 17.702552680069495 ], [ -92.348095949891274, 17.702295820175411 ], [ -92.347931849657385, 17.702097969596345 ], [ -92.347736180306697, 17.702077579614674 ], [ -92.347590680415195, 17.702026519888918 ], [ -92.347319689623632, 17.702019110405104 ], [ -92.346954580197007, 17.701953520097344 ], [ -92.346632719555259, 17.701974629876926 ], [ -92.346387710216021, 17.701796859912506 ], [ -92.346171450415014, 17.701682820415559 ], [ -92.345889349739764, 17.701557150342897 ], [ -92.345419260427676, 17.701823230214075 ], [ -92.345089350436083, 17.701901059710305 ], [ -92.344964200198802, 17.701900230333035 ], [ -92.344828690259874, 17.701909450033231 ], [ -92.344582199725025, 17.701874119888007 ], [ -92.344306619611189, 17.701849120048397 ], [ -92.344018049942861, 17.701887620271251 ], [ -92.343801030396108, 17.702074350172136 ], [ -92.343789770096109, 17.70234068967369 ], [ -92.343881619600808, 17.702577779541592 ], [ -92.344098450087699, 17.702843890405994 ], [ -92.344332309992026, 17.703277250284515 ], [ -92.344230550434844, 17.703661379854438 ], [ -92.343932139607617, 17.703900719957883 ], [ -92.343651200296506, 17.704066260242364 ], [ -92.343234050218712, 17.70401473980203 ], [ -92.342793829850564, 17.703853630393493 ], [ -92.342326429514571, 17.703593400283179 ], [ -92.341584400177922, 17.703350419914251 ], [ -92.340796250416076, 17.703482850194309 ], [ -92.340129219820412, 17.703757980056896 ], [ -92.339233749529228, 17.704619510413242 ], [ -92.338757509752611, 17.705367970285945 ], [ -92.338230659657128, 17.706233649980266 ], [ -92.338042060297369, 17.707574339790874 ], [ -92.337773050387668, 17.709455940035756 ], [ -92.337530940420308, 17.711149380055023 ], [ -92.33734726015355, 17.712089630146412 ], [ -92.336854280069375, 17.712201829915003 ], [ -92.335972709963031, 17.711932690393464 ], [ -92.333439349965616, 17.711454459937116 ], [ -92.330921379783788, 17.710973220150724 ], [ -92.329559309724743, 17.710712859614851 ], [ -92.328089970140951, 17.713730029878402 ], [ -92.327264660120051, 17.713059620113107 ], [ -92.326561480040255, 17.712437939582372 ], [ -92.325735830307025, 17.711791050306953 ], [ -92.325699659563412, 17.711775049649614 ], [ -92.324637599660917, 17.711305259612782 ], [ -92.323001850147051, 17.710623800106301 ], [ -92.321589250146687, 17.709804109864628 ], [ -92.32031528039488, 17.709574879692013 ], [ -92.319209059628776, 17.709630459738271 ], [ -92.317661110044682, 17.709656460242847 ], [ -92.316407169982995, 17.709733540222409 ], [ -92.315278119765964, 17.709671059535939 ], [ -92.315242980274206, 17.708728849863235 ], [ -92.315251030085392, 17.708187459793873 ], [ -92.315235909900935, 17.707551569630645 ], [ -92.315101119899097, 17.706702170356007 ], [ -92.314646739614815, 17.705871950073252 ], [ -92.314114829575672, 17.705299649771899 ], [ -92.313315919593094, 17.704511819835322 ], [ -92.312286550355182, 17.704356509618965 ], [ -92.311275449847599, 17.704625219880608 ], [ -92.310459399845541, 17.704990770005232 ], [ -92.309788599727923, 17.705499569958391 ], [ -92.308671539604475, 17.706284779597151 ], [ -92.308285509642531, 17.70614423013868 ], [ -92.307596550395814, 17.705893380446547 ], [ -92.30647384965917, 17.705407150183134 ], [ -92.304614050148928, 17.704934379657061 ], [ -92.302314289940085, 17.704314290364266 ], [ -92.301342480078077, 17.703594679719817 ], [ -92.300698170120313, 17.703312339742798 ], [ -92.30066328965502, 17.703297059892805 ], [ -92.299594109771817, 17.703166170175454 ], [ -92.298867750358738, 17.703055200255999 ], [ -92.298354689988116, 17.703236939696652 ], [ -92.297013030003839, 17.701065289762461 ], [ -92.294800950158702, 17.699929419803716 ], [ -92.288681540061461, 17.702667339981986 ], [ -92.279278680091224, 17.695780020162442 ], [ -92.279156120206892, 17.695678519925504 ], [ -92.274622890289336, 17.692258050100971 ], [ -92.274444880138262, 17.69241734014933 ], [ -92.274307430238139, 17.692596450431726 ], [ -92.26984542036449, 17.697718999576523 ], [ -92.269207970043624, 17.698450780353483 ], [ -92.265854831585955, 17.702510907957411 ], [ -92.265654751488057, 17.702753163828682 ], [ -92.265139000400481, 17.703377629799274 ], [ -92.264781845906384, 17.703791656637843 ], [ -92.264285776147247, 17.704366715277381 ], [ -92.257713110221843, 17.71198538045693 ], [ -92.253238969836204, 17.717409110347983 ], [ -92.252962859895788, 17.71775528022004 ], [ -92.249983980232187, 17.721358450280626 ], [ -92.247969629941707, 17.723862479669609 ], [ -92.247395630368572, 17.724549630000439 ], [ -92.240900750043892, 17.731994000378382 ], [ -92.230696980104668, 17.744124979719579 ], [ -92.229337569759721, 17.745580860014996 ], [ -92.228867119846413, 17.745995910207924 ], [ -92.227435480395343, 17.747383569706059 ], [ -92.226800119621387, 17.74793750961415 ], [ -92.226059830125934, 17.748778260090116 ], [ -92.223751660002534, 17.750664710164621 ], [ -92.217976710224406, 17.755882770199999 ], [ -92.213046539886861, 17.760453049652725 ], [ -92.211337140031574, 17.761893120083855 ], [ -92.207548459604297, 17.765329800365059 ], [ -92.206657819545256, 17.766124000143584 ], [ -92.203353570003216, 17.769107089680421 ], [ -92.196419619760661, 17.775145380197653 ], [ -92.195035970241918, 17.776224690249308 ], [ -92.194499399742213, 17.776641179591127 ], [ -92.18895228000946, 17.768528550185309 ], [ -92.188933019552977, 17.76828555012014 ], [ -92.188714289956465, 17.768154229566569 ], [ -92.188487150389307, 17.768134630338615 ], [ -92.184955260139461, 17.772052949727261 ], [ -92.179243309829516, 17.778607020070037 ], [ -92.172631629690414, 17.785824080389627 ], [ -92.171950180206906, 17.786567850389929 ], [ -92.170902920182883, 17.78607770999778 ], [ -92.168238030391194, 17.784983569981026 ], [ -92.165432079672073, 17.783717550079999 ], [ -92.163599029616151, 17.783162419854953 ], [ -92.161325580329176, 17.782467520454343 ], [ -92.160973689899052, 17.782238770265291 ], [ -92.159724449595998, 17.781764280259139 ], [ -92.159068180418657, 17.781541710346428 ], [ -92.158347510280905, 17.781263480231974 ], [ -92.157472829689553, 17.780858830209187 ], [ -92.156695799653605, 17.780537719780749 ], [ -92.155924109774091, 17.78043389027534 ], [ -92.155318349915731, 17.780231230025052 ], [ -92.155078150184949, 17.780162749670541 ], [ -92.154228799935225, 17.779800420042388 ], [ -92.153917090169102, 17.779607919861238 ], [ -92.15340495003197, 17.779491849973574 ], [ -92.153009629551477, 17.779374890319872 ], [ -92.152454019783349, 17.77906556961554 ], [ -92.151708170478329, 17.764568879696668 ], [ -92.13082541976037, 17.766080350225078 ], [ -92.129913429832783, 17.766974420162711 ], [ -92.131509952765271, 17.769446319171585 ], [ -92.131580526559674, 17.769555586148105 ], [ -92.132047220317716, 17.770278149634542 ], [ -92.132250119218114, 17.772192459624982 ], [ -92.132554471158429, 17.77506394061971 ], [ -92.135757249774883, 17.778465489906804 ], [ -92.135971889722128, 17.779012310131684 ], [ -92.132027975777206, 17.782070497403566 ], [ -92.131554555074629, 17.78243758185689 ], [ -92.131483124015332, 17.782492968179191 ], [ -92.131239172875212, 17.782682124080697 ], [ -92.130761252391665, 17.783052692591681 ], [ -92.127295030142363, 17.785740219868302 ], [ -92.127138079654273, 17.785898379634979 ], [ -92.138102939649656, 17.800842770217916 ], [ -92.146622629585664, 17.812419570065781 ], [ -92.146582769549411, 17.814676000140313 ], [ -92.139873879979675, 17.809788890277254 ], [ -92.139517779593533, 17.809527710123316 ], [ -92.138696309796785, 17.809009509542442 ], [ -92.133312370456494, 17.805319249905025 ], [ -92.128220679969061, 17.801738169856531 ], [ -92.121018649740762, 17.796841650032121 ], [ -92.120481630125084, 17.795972690321797 ], [ -92.117032709771578, 17.800000920079452 ], [ -92.116872889743149, 17.80018759974438 ], [ -92.111676290213509, 17.806256489974963 ], [ -92.110323139564386, 17.807728949782529 ], [ -92.106049830435637, 17.812378749960626 ], [ -92.105659050026475, 17.812803949786964 ], [ -92.105535180282814, 17.812938720314108 ], [ -92.105082979659997, 17.817298400161775 ], [ -92.104706000150813, 17.821454849890191 ], [ -92.104604199846648, 17.822577259742229 ], [ -92.104478940412136, 17.823614109912867 ], [ -92.103859660256134, 17.825522119901418 ], [ -92.103809290377541, 17.827669950407415 ], [ -92.104601309574491, 17.827626020280505 ], [ -92.104044749708777, 17.828500689856298 ], [ -92.103260719642563, 17.829438109894799 ], [ -92.102491690048566, 17.830485999618713 ], [ -92.099398260112793, 17.834633569785812 ], [ -92.106462890018165, 17.838127050027538 ], [ -92.10203335038409, 17.850880169854332 ], [ -92.096470860326079, 17.850916480470463 ], [ -92.090497629803309, 17.850727780274912 ], [ -92.090468820002187, 17.856599490241273 ], [ -92.089960749987426, 17.856536710376304 ], [ -92.084887819564315, 17.855195259743432 ], [ -92.07888942996064, 17.852833859949865 ], [ -92.072473429778697, 17.85055451984524 ], [ -92.068295200053299, 17.848689850053042 ], [ -92.067698279306299, 17.848656810302696 ], [ -92.06572859279251, 17.848547772399638 ], [ -92.064450901396299, 17.848477027817836 ], [ -92.064308629667948, 17.848469149618413 ], [ -92.064057020211322, 17.848439399570289 ], [ -92.063604580325858, 17.848640420356162 ], [ -92.063551719919701, 17.848655320427987 ], [ -92.063037430076974, 17.848800279931833 ], [ -92.062330279873279, 17.848661399775864 ], [ -92.061483379737297, 17.848169620207564 ], [ -92.0604392904321, 17.847487200113022 ], [ -92.059591850280185, 17.847103780197163 ], [ -92.058064980321163, 17.84668998029295 ], [ -92.057017950451836, 17.846737619800003 ], [ -92.056308220360307, 17.846754449605569 ], [ -92.055650690162508, 17.846913450002184 ], [ -92.055151420402012, 17.847194819941109 ], [ -92.054366429785006, 17.847613569660528 ], [ -92.054173219856224, 17.847764770147709 ], [ -92.053786649921264, 17.848110110216474 ], [ -92.053520750344532, 17.848395219705417 ], [ -92.053428689741637, 17.848493939789247 ], [ -92.053214290184457, 17.848979400380422 ], [ -92.053073709848832, 17.849526030093024 ], [ -92.053112420151948, 17.850215420115127 ], [ -92.053402780133951, 17.851008579790143 ], [ -92.053568579696858, 17.851725180423649 ], [ -92.053586970312708, 17.852252309708319 ], [ -92.053397690128122, 17.85267934043101 ], [ -92.053054800188363, 17.853013000162591 ], [ -92.052660569618723, 17.853180279731749 ], [ -92.052228850221553, 17.853106429849035 ], [ -92.051719429806852, 17.852978119669533 ], [ -92.051294379601444, 17.853154019909869 ], [ -92.050546149720518, 17.85349073975463 ], [ -92.049957770275441, 17.853956550290711 ], [ -92.049407080053228, 17.854772030259628 ], [ -92.049049149524265, 17.855859620303132 ], [ -92.048659120299249, 17.856743569666641 ], [ -92.048483829582054, 17.857417230337635 ], [ -92.048449380317351, 17.858038059603171 ], [ -92.048964140349725, 17.859020320367701 ], [ -92.049256169883435, 17.859520549705849 ], [ -92.049663709920466, 17.860088919610959 ], [ -92.049968600004789, 17.860664749832626 ], [ -92.050141649999929, 17.860989920388636 ], [ -92.050314689956508, 17.861315110128032 ], [ -92.050541349594596, 17.862380449552489 ], [ -92.050759399781541, 17.863344339802712 ], [ -92.050948290298621, 17.863979689782706 ], [ -92.051081957489728, 17.864450323599272 ], [ -92.051239429986325, 17.865004769998475 ], [ -92.051646779612412, 17.866091230158631 ], [ -92.051892036068125, 17.866456286422448 ], [ -92.051934043279047, 17.866518813443488 ], [ -92.052193309752681, 17.866904720368712 ], [ -92.052457980339241, 17.867246109691216 ], [ -92.052899729477204, 17.867659943210267 ], [ -92.05314311985299, 17.867887950425796 ], [ -92.053448379240479, 17.868104039766404 ], [ -92.053498980240931, 17.868139860148137 ], [ -92.053514800034051, 17.868151050003632 ], [ -92.054166779761943, 17.86861253987956 ], [ -92.05505667034015, 17.869139109295133 ], [ -92.055683803141832, 17.869510194160664 ], [ -92.055824709908336, 17.869593570088465 ], [ -92.057241649918538, 17.870350449627342 ], [ -92.057482028745483, 17.870478011192212 ], [ -92.05753260608067, 17.870504851085858 ], [ -92.059082769944666, 17.871327459576683 ], [ -92.060541750192073, 17.871871679707315 ], [ -92.061769579832259, 17.87206003014521 ], [ -92.062580030322749, 17.872034829736648 ], [ -92.063320600121301, 17.871899120432545 ], [ -92.064097089906085, 17.871465950046755 ], [ -92.064380206384143, 17.871241411600629 ], [ -92.06487450970792, 17.870849379542928 ], [ -92.065481980433916, 17.870420180067498 ], [ -92.066008679903732, 17.870249509802765 ], [ -92.06664872027487, 17.87018502979949 ], [ -92.067307690468454, 17.870352919702835 ], [ -92.067977749863289, 17.870982600201078 ], [ -92.069239629802212, 17.871915509929572 ], [ -92.070388660324483, 17.87277105044722 ], [ -92.070750369841889, 17.873111109908788 ], [ -92.071435800022797, 17.873712369656332 ], [ -92.072068290332822, 17.874518230367489 ], [ -92.072214350115075, 17.874897350040062 ], [ -92.072359429668197, 17.875584599940485 ], [ -92.072449550297137, 17.876588430202304 ], [ -92.072341220007331, 17.877054140387674 ], [ -92.072126860338528, 17.877401569749839 ], [ -92.071797050177878, 17.877673649756662 ], [ -92.071341219615604, 17.877732310315757 ], [ -92.070546720018328, 17.877728510282857 ], [ -92.07001854024152, 17.877442199963113 ], [ -92.069115619897985, 17.876887580143599 ], [ -92.068377349811627, 17.876620690224534 ], [ -92.067073229612546, 17.876405769928908 ], [ -92.066519088226912, 17.87658722603674 ], [ -92.064666069407892, 17.877193983886531 ], [ -92.063403152510432, 17.877607500455184 ], [ -92.062083945759653, 17.878039434991116 ], [ -92.0597074201645, 17.878817520173865 ], [ -92.058302730547723, 17.87930293122448 ], [ -92.045812229819106, 17.883618490073712 ], [ -92.042045859641618, 17.884910220363455 ], [ -92.029698939998099, 17.889143940308067 ], [ -92.029140619626901, 17.889070179665325 ], [ -92.027177980144955, 17.888810919766001 ], [ -92.022152969742407, 17.888147029589735 ], [ -92.021964830384078, 17.888122170021312 ], [ -92.021210279622608, 17.888022450425304 ], [ -92.021171879719304, 17.8880173803724 ], [ -92.01970790985844, 17.887823920194702 ], [ -92.020608199665787, 17.891803999562402 ], [ -92.019249659848882, 17.89547207998077 ], [ -92.015546629548183, 17.89750111973871 ], [ -92.004071780273748, 17.890928750051923 ], [ -92.003502710156013, 17.890602770283607 ], [ -92.003355060087941, 17.890518180364058 ], [ -92.000501619744611, 17.898736939579273 ], [ -92.000088949851232, 17.898688740087863 ], [ -91.99840254971997, 17.898965780064316 ], [ -91.996233749776323, 17.904459749974393 ], [ -91.993512620019672, 17.911079709656374 ], [ -91.992308419706774, 17.916040199862909 ], [ -91.991543518226649, 17.918722424359963 ], [ -91.99128974013675, 17.919612309710129 ], [ -91.992420800273877, 17.92228445001081 ], [ -91.992519208003372, 17.922578582390873 ], [ -91.993329949738992, 17.925001769701211 ], [ -91.995451620089099, 17.92900277009872 ], [ -91.996625600157017, 17.932437369676553 ], [ -91.997893689586974, 17.936416710154869 ], [ -91.998377024944077, 17.938078267969452 ], [ -91.998447919741167, 17.938321979694631 ], [ -91.999151909942981, 17.940711539828946 ], [ -91.999802630307826, 17.942513450207265 ], [ -91.999812684444649, 17.942611471822232 ], [ -91.999822478846227, 17.942706953567203 ], [ -91.999824760119509, 17.942729197835728 ], [ -91.999887890044775, 17.943344650441027 ], [ -91.995671089843015, 17.942589969690726 ], [ -91.992964599657086, 17.939723819552508 ], [ -91.990489819706013, 17.936021780269023 ], [ -91.988821629985708, 17.93202637974662 ], [ -91.988446019878111, 17.929796060080591 ], [ -91.988351320177017, 17.929233800408891 ], [ -91.987845970446472, 17.926906050006547 ], [ -91.986598450360219, 17.923062720106643 ], [ -91.985155250071344, 17.920389059905215 ], [ -91.983999150376675, 17.918522939922951 ], [ -91.983886109764427, 17.91840009009363 ], [ -91.981390250430806, 17.915688140178368 ], [ -91.981151140021169, 17.915525400092744 ], [ -91.978452570277, 17.913688650238761 ], [ -91.976094169825743, 17.912405180000619 ], [ -91.97363682009221, 17.911431180126964 ] ] ] } }
]
}
