{
"type": "FeatureCollection",
"name": "chiapas_municipios_olvidados",
"crs": { "type": "name", "properties": { "name": "urn:ogc:def:crs:OGC:1.3:CRS84" } },
"features": [
{ "type": "Feature", "properties": { "CVEGEO": "07112", "CVE_ENT": "07", "CVE_MUN": "112", "NOMGEO": "San Juan Cancuc", "Olvida2": 1, "Region": "V Altos Tsotsil Tseltal", "Cabecera": "San Cristóbal de Las Casas" }, "geometry": { "type": "Polygon", "coordinates": [ [ [ -92.403954059677417, 17.009962479828832 ], [ -92.403676859599955, 17.009361709811635 ], [ -92.403424219718147, 17.008704829530842 ], [ -92.402819110362231, 17.00824824974735 ], [ -92.402061660277667, 17.007942200217979 ], [ -92.401163150012607, 17.007818030308567 ], [ -92.400496149944544, 17.007775540121646 ], [ -92.399939980160653, 17.00769211964851 ], [ -92.399266380103356, 17.007405450165738 ], [ -92.398456000323421, 17.0070340196595 ], [ -92.397529369758473, 17.007042890100827 ], [ -92.396868480298181, 17.00692909041237 ], [ -92.396284890424909, 17.006711830384525 ], [ -92.395381710406156, 17.006701119831746 ], [ -92.394612379657673, 17.006486769653179 ], [ -92.393825829721692, 17.005581950109566 ], [ -92.393515059944477, 17.004731199549109 ], [ -92.391055400278972, 17.004746829749546 ], [ -92.390409749840131, 17.004549860348153 ], [ -92.389668449942633, 17.004259689613956 ], [ -92.389109169950288, 17.004057719940608 ], [ -92.388097340054443, 17.003237479727588 ], [ -92.387154420337254, 17.002423309814695 ], [ -92.386098289697571, 17.002019340404456 ], [ -92.385828460031718, 17.001905379835918 ], [ -92.385754540164811, 17.002137689960954 ], [ -92.383699339674806, 17.001345660027479 ], [ -92.383854649993225, 17.001005739861455 ], [ -92.382884120245237, 17.000817179769832 ], [ -92.382080479842614, 17.000577969784064 ], [ -92.381943139840132, 17.000323949657908 ], [ -92.38174268968092, 17.000166349735341 ], [ -92.381517000276745, 17.000044910296541 ], [ -92.381313579689888, 16.999987919700494 ], [ -92.38109848045309, 16.999914400047295 ], [ -92.380898109636632, 16.999869910122936 ], [ -92.380659769951279, 16.999897569765597 ], [ -92.380445049543297, 17.000035580266626 ], [ -92.380268249933636, 17.000298629798451 ], [ -92.380025480065882, 17.000393260184307 ], [ -92.379683739636945, 17.000424000144989 ], [ -92.379386380058975, 17.000359519596937 ], [ -92.378945849880012, 17.000273420369407 ], [ -92.378513339825531, 17.000185940059954 ], [ -92.37817507963382, 17.000143879986631 ], [ -92.377799520438529, 17.000231090038721 ], [ -92.377523829658131, 17.000230250414237 ], [ -92.377202079803297, 17.000258719539421 ], [ -92.376834490050967, 17.000257599833635 ], [ -92.376551120352147, 17.000256719726078 ], [ -92.37612178025006, 17.000402680211963 ], [ -92.375732620142003, 17.000592630000675 ], [ -92.3752972199201, 17.000817349900924 ], [ -92.375142309681792, 17.00096125975702 ], [ -92.374842999900068, 17.001173309779571 ], [ -92.374635820352168, 17.001293979718607 ], [ -92.374264260350586, 17.001440090218285 ], [ -92.37386885978853, 17.001577749859685 ], [ -92.373483400036463, 17.001659910262163 ], [ -92.373107849726509, 17.001630970124822 ], [ -92.372674690468202, 17.001546309736561 ], [ -92.372218449914527, 17.001444680348353 ], [ -92.371803970335108, 17.001433459610851 ], [ -92.371493109997516, 17.001422520024992 ], [ -92.371192480163486, 17.001471400425622 ], [ -92.370892050159014, 17.001440570329329 ], [ -92.370767659578291, 17.001460110371383 ], [ -92.370432709984854, 17.001547400211937 ], [ -92.370260800214794, 17.001549430262475 ], [ -92.370064650236401, 17.001575369673308 ], [ -92.3698681703234, 17.001577679692584 ], [ -92.369793449888249, 17.001519229719307 ], [ -92.369533949765298, 17.001483280346616 ], [ -92.369643849621113, 17.001216280046926 ], [ -92.362971060175767, 16.999243860335643 ], [ -92.359723179736307, 17.002851180274352 ], [ -92.35545485033721, 16.99972091028943 ], [ -92.354877020073587, 16.997808349599804 ], [ -92.352601939746066, 16.996648779757965 ], [ -92.352122540363283, 16.99671254013494 ], [ -92.351705030107055, 16.996450149820369 ], [ -92.351292059878375, 16.996166400188716 ], [ -92.351108629805964, 16.9959056203339 ], [ -92.35086498046978, 16.99508481979019 ], [ -92.350868119931661, 16.994170149932785 ], [ -92.350828279564553, 16.993624450269461 ], [ -92.350887799978096, 16.993303689705602 ], [ -92.350906119796235, 16.992830379688726 ], [ -92.350895769901612, 16.992436230062541 ], [ -92.350587880037097, 16.991856889908433 ], [ -92.350452519704447, 16.991462119701097 ], [ -92.350144059802375, 16.991049280065809 ], [ -92.349972650313333, 16.990795489642494 ], [ -92.349781570293402, 16.9905488498 ], [ -92.349478710364366, 16.990255710120085 ], [ -92.349223370295093, 16.990093429929033 ], [ -92.348856030226088, 16.989946169889002 ], [ -92.348460709952434, 16.989757150105056 ], [ -92.347970320091648, 16.989536110211287 ], [ -92.347652780443809, 16.98934886028001 ], [ -92.347217799702591, 16.989114689549506 ], [ -92.346589619744776, 16.988740219898322 ], [ -92.346398525229461, 16.988732600477181 ], [ -92.346039420291561, 16.988718280213376 ], [ -92.346028990398608, 16.988526270943236 ], [ -92.346004549045873, 16.988076290852835 ], [ -92.346024228535356, 16.987746511130904 ], [ -92.346108619354411, 16.987479340952227 ], [ -92.346248618819416, 16.987212340937468 ], [ -92.3463511793842, 16.987043280961124 ], [ -92.346352419183148, 16.986686690628261 ], [ -92.34627953930557, 16.986312031164953 ], [ -92.346076619356566, 16.986008281235858 ], [ -92.345845719053898, 16.985749000612589 ], [ -92.345605489150614, 16.985507521167865 ], [ -92.34527265909442, 16.985230091263645 ], [ -92.344967819062873, 16.984908181199476 ], [ -92.344511768793708, 16.984611920636144 ], [ -92.343775979092257, 16.984507251045788 ], [ -92.343621309129119, 16.984111250654042 ], [ -92.343025319041971, 16.983879800565472 ], [ -92.342369248748511, 16.983762910891208 ], [ -92.341446029438458, 16.983243491131745 ], [ -92.34150881891162, 16.982354260562751 ], [ -92.34184224862183, 16.980863380451957 ], [ -92.3419044186127, 16.980146310592684 ], [ -92.341876778853248, 16.97951500052433 ], [ -92.342518248597329, 16.979203051147042 ], [ -92.342548969318699, 16.978778091121693 ], [ -92.342162859127725, 16.978495691193618 ], [ -92.341821459213421, 16.978165110995992 ], [ -92.341694448608706, 16.977752851239263 ], [ -92.341569309217803, 16.976805181183416 ], [ -92.341615508611596, 16.975837480656658 ], [ -92.341466938983856, 16.975466320444475 ], [ -92.341317878611505, 16.975239320675769 ], [ -92.341190218573033, 16.975012380779162 ], [ -92.341128448572235, 16.974312031090726 ], [ -92.341515969113814, 16.974074341230189 ], [ -92.341924169439409, 16.973663820930621 ], [ -92.342310889154433, 16.973273800941655 ], [ -92.34274113863782, 16.972677980922864 ], [ -92.342914878917, 16.972303291229242 ], [ -92.343016689157707, 16.972170941022434 ], [ -92.343088279072802, 16.972066400495184 ], [ -92.343139089112711, 16.971909420991167 ], [ -92.343171168767029, 16.971722140951364 ], [ -92.343138218907697, 16.97156085050278 ], [ -92.342804088620355, 16.97126963109989 ], [ -92.342469168823996, 16.971204080675889 ], [ -92.342167828712348, 16.971122510727621 ], [ -92.341984079259561, 16.970960740849801 ], [ -92.341766969028114, 16.970750491287646 ], [ -92.341684579305692, 16.970347260734908 ], [ -92.341702628636654, 16.969976580987108 ], [ -92.341804178753335, 16.96968677089809 ], [ -92.341905568657566, 16.969445321091207 ], [ -92.342023549159663, 16.969252280945359 ], [ -92.342124819480318, 16.969043060533245 ], [ -92.342209338599872, 16.968833780744806 ], [ -92.342260248599402, 16.9686514805881 ], [ -92.342328148948141, 16.968398971069384 ], [ -92.342363659279684, 16.968168120823375 ], [ -92.342364278868487, 16.967990820866543 ], [ -92.342331488606206, 16.9677811711828 ], [ -92.342231739081015, 16.967555180596698 ], [ -92.342115118838052, 16.967361380603315 ], [ -92.341981858783484, 16.967135290489811 ], [ -92.341865079448652, 16.966989850427261 ], [ -92.341748228931337, 16.966860520980127 ], [ -92.341648308924164, 16.966682890448105 ], [ -92.341548279003831, 16.966537510489857 ], [ -92.341448289201878, 16.966376000611859 ], [ -92.341381618655234, 16.966279060825073 ], [ -92.341331968703798, 16.966101600797852 ], [ -92.341232259332628, 16.965859491056715 ], [ -92.341198428577712, 16.965510970513584 ], [ -92.341366619095794, 16.9653342009067 ], [ -92.341451178850491, 16.965108820396352 ], [ -92.341452029128135, 16.964867050929403 ], [ -92.341486719319548, 16.964528660532764 ], [ -92.341537378698021, 16.964415980987528 ], [ -92.341655349233022, 16.964222950675293 ], [ -92.34173964937834, 16.964078150597835 ], [ -92.341857169148582, 16.964014060706951 ], [ -92.341858741234404, 16.964014714637447 ], [ -92.341974288928611, 16.964062781151906 ], [ -92.341975620583142, 16.964062465880271 ], [ -92.342041369394735, 16.964046890626808 ], [ -92.342092138667994, 16.963901980502442 ], [ -92.342092578978097, 16.963773030393639 ], [ -92.34217665880017, 16.963692711137959 ], [ -92.342294229140478, 16.96361249096709 ], [ -92.34241173883521, 16.963548400987566 ], [ -92.342545908899424, 16.963516601177236 ], [ -92.342547888020164, 16.963516879813753 ], [ -92.342663138891211, 16.963533090566269 ], [ -92.342664503601483, 16.963533094997665 ], [ -92.342864218633977, 16.963533740515409 ], [ -92.343082549254319, 16.96338937105519 ], [ -92.34320001932214, 16.963341401275159 ], [ -92.343267318944442, 16.963261021207884 ], [ -92.343351378749276, 16.96318069108397 ], [ -92.343469228875676, 16.963019890691541 ], [ -92.343519779245696, 16.962939460437795 ], [ -92.343603779032691, 16.962875250564732 ], [ -92.343687908849759, 16.962778820569188 ], [ -92.343805538930269, 16.96268248092478 ], [ -92.343906289199538, 16.962618321114004 ], [ -92.343990249243532, 16.962570250807286 ], [ -92.344141279189202, 16.962506250416261 ], [ -92.344225219062807, 16.96245817054541 ], [ -92.344342628983313, 16.962426311273354 ], [ -92.344526938855338, 16.962426890507366 ], [ -92.344527890587244, 16.962427046357309 ], [ -92.344627419331744, 16.962443340986169 ], [ -92.344627981854003, 16.962443188397824 ], [ -92.344744829209887, 16.962411480497483 ], [ -92.34484547880642, 16.962379571026993 ], [ -92.344912549091731, 16.962363660578358 ], [ -92.345029848936136, 16.962364031169944 ], [ -92.34503096045411, 16.962364187432449 ], [ -92.345147079055351, 16.962380520431729 ], [ -92.345149554894064, 16.96238068650592 ], [ -92.345398369032495, 16.962397459490578 ], [ -92.345565819401386, 16.962430230548897 ], [ -92.345699578643718, 16.962511250851936 ], [ -92.345816539150476, 16.962608341237289 ], [ -92.346000458657628, 16.962721750900656 ], [ -92.346318449198591, 16.962835620958593 ], [ -92.346452148755333, 16.962932750966758 ], [ -92.34663619902615, 16.963013920840272 ], [ -92.346820119169095, 16.963127351253451 ], [ -92.346819569483557, 16.963288540441429 ], [ -92.346835769366351, 16.963449771313844 ], [ -92.346902449253619, 16.963546690502984 ], [ -92.346904820541582, 16.963546698673383 ], [ -92.347086769286534, 16.963547290656734 ], [ -92.347321909164364, 16.963386860968036 ], [ -92.347606769114321, 16.963387770605085 ], [ -92.347732538808344, 16.963308251094887 ], [ -92.347733933075276, 16.96330909518257 ], [ -92.347866308774883, 16.963389280999927 ], [ -92.347983319357525, 16.963470250550369 ], [ -92.34811725921827, 16.96350291050198 ], [ -92.348119626417201, 16.96350304414619 ], [ -92.348418819234823, 16.963519981050776 ], [ -92.348418849665805, 16.963520002928831 ], [ -92.348485678572189, 16.963568551167718 ], [ -92.348569179387638, 16.963649421281509 ], [ -92.348571142390824, 16.963649084476106 ], [ -92.348753619216552, 16.96361777058814 ], [ -92.348820859291578, 16.963553511223438 ], [ -92.348921449355885, 16.963537711133242 ], [ -92.349021979418652, 16.963538031282159 ], [ -92.349022402012864, 16.96353818535415 ], [ -92.349155878650109, 16.963586820893529 ], [ -92.349323149284103, 16.963667940444626 ], [ -92.349406709342944, 16.963732680663192 ], [ -92.349523778800361, 16.96379752045284 ], [ -92.349525978076201, 16.963797528282157 ], [ -92.349574048816862, 16.963797691054303 ], [ -92.349741678678726, 16.963782110849074 ], [ -92.349909229363561, 16.963782630521404 ], [ -92.34994285878058, 16.963750511146014 ], [ -92.349976708807219, 16.963653911105716 ], [ -92.35002713927021, 16.963605711243936 ], [ -92.350127888940676, 16.963541550840979 ], [ -92.35022859863777, 16.963493521024944 ], [ -92.350379679465405, 16.963413400678366 ], [ -92.350464998558138, 16.963341970513351 ], [ -92.350547739423391, 16.963268881212919 ], [ -92.350615149384268, 16.963156260544341 ], [ -92.350665979219684, 16.96299523081683 ], [ -92.350716908960322, 16.962801971042754 ], [ -92.350801518595119, 16.962560461028914 ], [ -92.350852519042888, 16.962351080919742 ], [ -92.350852909306724, 16.962238250776629 ], [ -92.350887028798553, 16.962061051259685 ], [ -92.350904448916339, 16.961867680684271 ], [ -92.350921749231475, 16.961706540713291 ], [ -92.350972419009636, 16.961593880601043 ], [ -92.351073338552652, 16.961481371242186 ], [ -92.35122441855917, 16.96140125045984 ], [ -92.351325289340423, 16.961304861038812 ], [ -92.351241888596988, 16.961191771006341 ], [ -92.35110822931928, 16.961078510651628 ], [ -92.351024848605945, 16.960965420918917 ], [ -92.350991889402906, 16.960804120772501 ], [ -92.350992619367531, 16.960594581082908 ], [ -92.351010249174408, 16.960336740958855 ], [ -92.350965828807929, 16.960147740458595 ], [ -92.351101979456899, 16.95953566053895 ], [ -92.351169618675414, 16.959358570949288 ], [ -92.351204018992135, 16.959100781202523 ], [ -92.351121118883626, 16.958842621123047 ], [ -92.350920998929965, 16.958567950855549 ], [ -92.350787449074218, 16.958422460473731 ], [ -92.350737798720019, 16.958245000410383 ], [ -92.350788778953785, 16.958035620787129 ], [ -92.350889879124864, 16.957874751221723 ], [ -92.350974258862735, 16.957697721033188 ], [ -92.351008598576868, 16.95745605039026 ], [ -92.351009428576077, 16.957214280459123 ], [ -92.350993339182722, 16.957020800509525 ], [ -92.350943629074635, 16.956859451116618 ], [ -92.350922829176312, 16.956700171048972 ], [ -92.35088011873826, 16.956439651167184 ], [ -92.350825169153325, 16.9562522806578 ], [ -92.350715448815478, 16.955824050611511 ], [ -92.35046699859727, 16.955315151020216 ], [ -92.350302228833826, 16.954726290855493 ], [ -92.349997738704829, 16.954350920528579 ], [ -92.349748288761759, 16.954136200489536 ], [ -92.349168969459399, 16.954029950830627 ], [ -92.34855897869906, 16.953761850871125 ], [ -92.348216999179783, 16.953639110988828 ], [ -92.347866289177816, 16.953372050433675 ], [ -92.347646118849283, 16.953093230705395 ], [ -92.347257404553147, 16.953025159785344 ], [ -92.347257178863714, 16.953025120716433 ], [ -92.346730823299083, 16.952996784662574 ], [ -92.346729088926097, 16.952996691139028 ], [ -92.346272932459968, 16.952955324606354 ], [ -92.346270569186515, 16.952955110658458 ], [ -92.345825048648337, 16.953167631165083 ], [ -92.34554650855344, 16.953327180808721 ], [ -92.345138994221159, 16.953480838246627 ], [ -92.345138429380384, 16.953481051297747 ], [ -92.344847828725321, 16.953424150857337 ], [ -92.343092690020626, 16.952822866542512 ], [ -92.339520393460859, 16.951598973316614 ], [ -92.337918969266042, 16.951050281089032 ], [ -92.336965489605021, 16.950723586595643 ], [ -92.336964509228409, 16.950723250604916 ], [ -92.336356889389251, 16.950794380604147 ], [ -92.334537988379196, 16.951007312026118 ], [ -92.33341032242113, 16.951139312143727 ], [ -92.333408369010399, 16.951139540789161 ], [ -92.333207508756445, 16.950989920673674 ], [ -92.332801829088041, 16.950744450556112 ], [ -92.332427128033217, 16.950565744874453 ], [ -92.332425799123982, 16.950565111172104 ], [ -92.331561353223805, 16.950921408942872 ], [ -92.330987619038282, 16.951157880466624 ], [ -92.329869254910861, 16.951343869838389 ], [ -92.329867629422907, 16.951344140559108 ], [ -92.328608605205659, 16.950705338173584 ], [ -92.326999108559477, 16.94988869116559 ], [ -92.325037829470801, 16.949351290449133 ], [ -92.322709589647971, 16.949166790481755 ], [ -92.322707199377305, 16.949166600635941 ], [ -92.32147871940154, 16.949575481263413 ], [ -92.321188030334795, 16.949561800215307 ], [ -92.32012925982761, 16.949511979929088 ], [ -92.318841139873385, 16.94944871014523 ], [ -92.317936493127846, 16.949546019042721 ], [ -92.317545076144896, 16.9495881198512 ], [ -92.317245419847296, 16.949620350434941 ], [ -92.317051566915765, 16.949654945154538 ], [ -92.316168332363304, 16.949812563654334 ], [ -92.314974000209247, 16.950025689863732 ], [ -92.314312893965635, 16.950051111121038 ], [ -92.31215151002074, 16.950134199860059 ], [ -92.310803320378014, 16.949716709826205 ], [ -92.310130859845714, 16.949065520168638 ], [ -92.30994788971185, 16.948769950100953 ], [ -92.310011599880255, 16.948121250318422 ], [ -92.310137301813938, 16.947674295559931 ], [ -92.31026022958288, 16.947237200179522 ], [ -92.31075467953255, 16.946236020087461 ], [ -92.311679199525329, 16.945059290399371 ], [ -92.312011449598785, 16.943418400200525 ], [ -92.3120450601903, 16.943287720164239 ], [ -92.312087750453401, 16.943026939595292 ], [ -92.312179519543847, 16.942765030359702 ], [ -92.312246749925706, 16.94250369019711 ], [ -92.312432000125426, 16.942050709783867 ], [ -92.312438757702097, 16.942042175017701 ], [ -92.312527219757612, 16.941930449657466 ], [ -92.31259271030612, 16.941598280446595 ], [ -92.312780850294189, 16.941263340266261 ], [ -92.312776219601957, 16.941074480207643 ], [ -92.312816620453788, 16.9407192597047 ], [ -92.312809679988021, 16.940435970295937 ], [ -92.312852949922998, 16.940198780241808 ], [ -92.312896738350986, 16.940011625634124 ], [ -92.31291961987327, 16.939913829734152 ], [ -92.312952773297724, 16.939838994737869 ], [ -92.313035890200339, 16.939651380089245 ], [ -92.313097217425806, 16.939436342672572 ], [ -92.313103689668935, 16.939413649633881 ], [ -92.313169200345371, 16.93908147958668 ], [ -92.313287780170796, 16.938913450398964 ], [ -92.313358480301744, 16.938793740175097 ], [ -92.313474170144019, 16.938507679970247 ], [ -92.313762720280323, 16.938264919767629 ], [ -92.313857939884386, 16.93814465988256 ], [ -92.314026149592493, 16.93799914005815 ], [ -92.314391739619367, 16.937896369624038 ], [ -92.314607214006529, 16.937857725992735 ], [ -92.318362740188419, 16.937184150220933 ], [ -92.318911079816957, 16.936914690162432 ], [ -92.319459309847346, 16.936633709789881 ], [ -92.319864290121885, 16.936399980063634 ], [ -92.320742659670955, 16.935540180326679 ], [ -92.321133150436935, 16.935018490233052 ], [ -92.321476480262305, 16.934577849739298 ], [ -92.321762050365365, 16.934379649677684 ], [ -92.3221804199909, 16.934307109617638 ], [ -92.322540429622549, 16.934407890339031 ], [ -92.322745139592783, 16.93454451007096 ], [ -92.323009999576541, 16.934715200070663 ], [ -92.323214800206642, 16.934863340072202 ], [ -92.323595849752024, 16.934629780409566 ], [ -92.32398743031969, 16.934234830210418 ], [ -92.324307109822712, 16.933828940075973 ], [ -92.324607980037868, 16.934010860276267 ], [ -92.324921429880192, 16.934261820210061 ], [ -92.325223309764766, 16.934558950147945 ], [ -92.325489090040307, 16.934833340212563 ], [ -92.325943259605481, 16.934748999747111 ], [ -92.326370149571616, 16.934284619813521 ], [ -92.326902150210742, 16.933519780284268 ], [ -92.327184018608648, 16.933217954438348 ], [ -92.327281660052549, 16.933113399950553 ], [ -92.327384564565975, 16.933006370394359 ], [ -92.327471479860804, 16.932915969920092 ], [ -92.327688250024352, 16.933064000163359 ], [ -92.327669170210626, 16.93361725017537 ], [ -92.327983629819542, 16.933983420174002 ], [ -92.328250220459594, 16.934349969862406 ], [ -92.328586599813946, 16.934485510355145 ], [ -92.329098690255776, 16.934181750220322 ], [ -92.329849180198053, 16.933760820161179 ], [ -92.330361580215779, 16.933491620462483 ], [ -92.331177289729169, 16.933680849566151 ], [ -92.331909510434542, 16.933905339939223 ], [ -92.332312764527302, 16.934126620933615 ], [ -92.332426769587443, 16.934189180144969 ], [ -92.332940540151526, 16.934313149700287 ], [ -92.333408480109227, 16.93444405960885 ], [ -92.333879620274871, 16.934467170055079 ], [ -92.334143519600744, 16.934392340051357 ], [ -92.334468889630912, 16.934352580297297 ], [ -92.334675260206311, 16.934221179684741 ], [ -92.334821667398856, 16.934030079225447 ], [ -92.33482893639561, 16.934020591701735 ], [ -92.33491897985347, 16.933903060376895 ], [ -92.334953855225805, 16.933865857045777 ], [ -92.33511574955098, 16.933693157079471 ], [ -92.335406049570693, 16.933383479798394 ], [ -92.335622214984454, 16.933152882890237 ], [ -92.336037319756798, 16.932710060239813 ], [ -92.336401030374418, 16.932834290465809 ], [ -92.336628490281996, 16.93291888969938 ], [ -92.337383620256702, 16.933697169978242 ], [ -92.337208820148533, 16.932420510448917 ], [ -92.337335629884805, 16.931777800354002 ], [ -92.337406220125573, 16.931785719762573 ], [ -92.337590710281646, 16.931826030431214 ], [ -92.339417970488569, 16.932236379725975 ], [ -92.339681629569853, 16.931425629911349 ], [ -92.339772800195121, 16.931070420374603 ], [ -92.339829819652294, 16.930519709602034 ], [ -92.340136169685991, 16.930111770203524 ], [ -92.340429169929124, 16.929854660055167 ], [ -92.340534049680429, 16.92976262954247 ], [ -92.340683030001458, 16.929646480159665 ], [ -92.341007279890547, 16.929296349630292 ], [ -92.341832350430522, 16.928267629802676 ], [ -92.342006909898984, 16.928080909717117 ], [ -92.342183179683204, 16.927776059997502 ], [ -92.342334219825077, 16.927518140096225 ], [ -92.342462090156289, 16.927165379669692 ], [ -92.342787340428345, 16.926744369593639 ], [ -92.342914169784493, 16.926462490120066 ], [ -92.343089750293771, 16.92620489037833 ], [ -92.343215909890446, 16.925970280206641 ], [ -92.343466150271951, 16.92564277968799 ], [ -92.343570150453701, 16.925242449703653 ], [ -92.343745380175591, 16.925008479859613 ], [ -92.343898820136857, 16.924585149978423 ], [ -92.344028049760098, 16.924137889981434 ], [ -92.344106120237498, 16.923831719636588 ], [ -92.344135120397297, 16.923524890347505 ], [ -92.344114679779452, 16.923241049665847 ], [ -92.344069349782544, 16.922980490146998 ], [ -92.343999480032082, 16.922719599943569 ], [ -92.343906769622151, 16.922340250038204 ], [ -92.343642919784315, 16.921911339808201 ], [ -92.343067179825823, 16.92098198026234 ], [ -92.34297243019985, 16.920744399761922 ], [ -92.342806090207588, 16.92036406028182 ], [ -92.342763850143015, 16.919890859821969 ], [ -92.342644880166802, 16.919629310441174 ], [ -92.342624449622974, 16.919345460278109 ], [ -92.342579109569272, 16.919084889523354 ], [ -92.342486419903736, 16.918705550387703 ], [ -92.342538229981997, 16.91851717962367 ], [ -92.342592459698153, 16.918163449947304 ], [ -92.342694739712073, 16.917881230397267 ], [ -92.342822259730056, 16.917552089979445 ], [ -92.342876820334624, 16.917174720101642 ], [ -92.34302955028933, 16.916798659866298 ], [ -92.343129449920184, 16.916681849780744 ], [ -92.343304680129819, 16.916447880362842 ], [ -92.343430819923853, 16.916213250082272 ], [ -92.343530710067256, 16.916096430242565 ], [ -92.343853550254778, 16.915840799850674 ], [ -92.344178429554219, 16.915443420390538 ], [ -92.344478429915725, 16.915069340057098 ], [ -92.344679229681248, 16.914764820056035 ], [ -92.344928779854271, 16.914484569692398 ], [ -92.345154460186791, 16.914156750172005 ], [ -92.345680829976885, 16.913407579886879 ], [ -92.345979800195138, 16.913104379870088 ], [ -92.346327849933488, 16.912801829689567 ], [ -92.346702510426169, 16.912357850309096 ], [ -92.346903629703419, 16.912029689956565 ], [ -92.347032169592566, 16.911629679578638 ], [ -92.347309659764065, 16.911113490022565 ], [ -92.347587489870492, 16.910573679694373 ], [ -92.347840449690835, 16.910057169761622 ], [ -92.348291779617099, 16.909401519865202 ], [ -92.348746879594344, 16.908485969702493 ], [ -92.349300829771451, 16.907524479817557 ], [ -92.349751139846944, 16.906939709801666 ], [ -92.349974749749933, 16.906753650215606 ], [ -92.350024227757402, 16.906713126979714 ], [ -92.350173489904776, 16.906590879976459 ], [ -92.35029790967836, 16.906474379672733 ], [ -92.35059515018213, 16.906289290018133 ], [ -92.350720599896817, 16.906101919993642 ], [ -92.350921050008594, 16.905821020256372 ], [ -92.351047169589165, 16.90558638021065 ], [ -92.351174650163671, 16.905257249638098 ], [ -92.351227490427533, 16.904997999726213 ], [ -92.351404749713495, 16.904622260086047 ], [ -92.351483150291145, 16.904292460428628 ], [ -92.351609950131163, 16.904010579631969 ], [ -92.351714260079248, 16.903586600447664 ], [ -92.351767780308478, 16.90328011021203 ], [ -92.3517984604633, 16.902855139931816 ], [ -92.351777659908038, 16.902594909589642 ], [ -92.351831859962374, 16.902241169921922 ], [ -92.351835279814964, 16.902004889602875 ], [ -92.351887770340667, 16.901769280017842 ], [ -92.351988319935302, 16.901605200297166 ], [ -92.351988999986261, 16.901557940411436 ], [ -92.352068024792089, 16.901373457440549 ], [ -92.352117903249081, 16.90125701733874 ], [ -92.352235999973729, 16.900981321924238 ], [ -92.352522459596983, 16.900312580203479 ], [ -92.352078169830705, 16.900607289735749 ], [ -92.351930350141856, 16.900572689980443 ], [ -92.351826450066966, 16.90054838026472 ], [ -92.351020081983378, 16.900246726479974 ], [ -92.350361220330697, 16.900000249623147 ], [ -92.350697964078805, 16.899057275593915 ], [ -92.350798020050149, 16.898777090301721 ], [ -92.350703599858889, 16.898775830356797 ], [ -92.35023662981817, 16.898816859709918 ], [ -92.349893709661572, 16.898765019931965 ], [ -92.349623749877694, 16.898761400031184 ], [ -92.349106659814069, 16.898872649750864 ], [ -92.348640020250969, 16.89889002966332 ], [ -92.348222800269752, 16.898884450289259 ], [ -92.347756150014021, 16.89890183036788 ], [ -92.347534940364099, 16.898922510312914 ], [ -92.347142940407664, 16.898870000470691 ], [ -92.346652780055919, 16.898816169791036 ], [ -92.346161939736575, 16.898809599938527 ], [ -92.345623719700825, 16.898684229736077 ], [ -92.34518434998779, 16.898512920202432 ], [ -92.344916780363548, 16.898343910008894 ], [ -92.344280740455119, 16.898193599846099 ], [ -92.343965109710226, 16.897953050249171 ], [ -92.343013450435649, 16.897562179657587 ], [ -92.342891079912832, 16.897536909604689 ], [ -92.342549199529927, 16.897414170288805 ], [ -92.342180720362606, 16.89743286035489 ], [ -92.341936680203759, 16.897335060421657 ], [ -92.341493890290749, 16.897400019830968 ], [ -92.341078049546041, 16.897299910128403 ], [ -92.340510850481522, 16.89748134978953 ], [ -92.34011611967172, 16.897617850366661 ], [ -92.339820580271791, 16.897684779587816 ], [ -92.339498800122456, 16.897869509988237 ], [ -92.33922885045456, 16.897865889874588 ], [ -92.338837200006424, 16.89778973991324 ], [ -92.338468720332855, 16.897808419971074 ], [ -92.338346349930049, 16.897783139808897 ], [ -92.338078450342508, 16.897637749734486 ], [ -92.337858940300251, 16.89754027975809 ], [ -92.337399149844956, 16.897085090317098 ], [ -92.337130570416534, 16.896986970087951 ], [ -92.336960490307135, 16.896866519981426 ], [ -92.336711628301387, 16.896885068844238 ], [ -92.33670866040795, 16.89688529035427 ], [ -92.336807601196924, 16.896338018882908 ], [ -92.338700820408448, 16.885865350247286 ], [ -92.34187514960982, 16.881719199704708 ], [ -92.342555773000655, 16.880359172380704 ], [ -92.342805984374593, 16.87985919228619 ], [ -92.345010979971747, 16.875452940358809 ], [ -92.348088740352736, 16.87197717968186 ], [ -92.3515730802973, 16.86851868000295 ], [ -92.354277020173257, 16.861201909592801 ], [ -92.356312419606013, 16.857828340100092 ], [ -92.361124850225679, 16.85524671002236 ], [ -92.361758709787395, 16.854906659790096 ], [ -92.362719119963458, 16.8545236599414 ], [ -92.376391580293159, 16.853824429575418 ], [ -92.383726157763959, 16.852069195948101 ], [ -92.385560722751904, 16.851630104871028 ], [ -92.385610379875956, 16.851618219558141 ], [ -92.385689250289403, 16.851600950464132 ], [ -92.386950479645591, 16.851337109525222 ], [ -92.389542827036038, 16.851799584252035 ], [ -92.417408579818527, 16.856767820030598 ], [ -92.419584629803111, 16.857204539901623 ], [ -92.42168397042775, 16.857768520450485 ], [ -92.424485220030917, 16.859147199905749 ], [ -92.429356339870097, 16.860885260321318 ], [ -92.430827570340909, 16.861309899851936 ], [ -92.43412669025787, 16.862262060115704 ], [ -92.434101290185154, 16.862866049910473 ], [ -92.434216050428248, 16.863434709975209 ], [ -92.434311230327097, 16.863648619620591 ], [ -92.434335109651926, 16.863696199718483 ], [ -92.434431600455184, 16.863815599670243 ], [ -92.43470020038977, 16.863913619872502 ], [ -92.43489650996932, 16.863916150080421 ], [ -92.435093480394642, 16.863871449957262 ], [ -92.435315650173308, 16.863779799639357 ], [ -92.435439660159986, 16.86368687997436 ], [ -92.435735109949377, 16.863619799827713 ], [ -92.43610417015114, 16.863553689921037 ], [ -92.436425139648406, 16.863416050022128 ], [ -92.43657702576796, 16.863384360503265 ], [ -92.436745120340248, 16.863349289929655 ], [ -92.436990509660873, 16.863352479564465 ], [ -92.437259109702197, 16.863450479637596 ], [ -92.437404690432075, 16.863570520177955 ], [ -92.437428890356827, 16.863594459648763 ], [ -92.437389882896099, 16.863702324916975 ], [ -92.437377849970744, 16.863735600420817 ], [ -92.437327450105741, 16.863829480034489 ], [ -92.437227310159059, 16.863969970267512 ], [ -92.437053230288214, 16.864133139668127 ], [ -92.436830399910036, 16.864272049825971 ], [ -92.436705740266035, 16.864412229572494 ], [ -92.436502015775801, 16.864571271704285 ], [ -92.436407970017356, 16.864644689987223 ], [ -92.436240019335273, 16.864765672975384 ], [ -92.436085680000218, 16.864876850402904 ], [ -92.435612426571197, 16.865076629927348 ], [ -92.435542520339013, 16.865106140188249 ], [ -92.434480110103962, 16.865612280316697 ], [ -92.434403420962326, 16.865726967979185 ], [ -92.434354779589114, 16.865799709998345 ], [ -92.434303379685858, 16.8659644602036 ], [ -92.434423429947032, 16.866155080198421 ], [ -92.434497050130688, 16.866156029723165 ], [ -92.434718550344144, 16.866111630156119 ], [ -92.435062089970955, 16.866116089673699 ], [ -92.435234860133448, 16.866047429999497 ], [ -92.435382750176757, 16.866002080055036 ], [ -92.435628800236557, 16.865957999785067 ], [ -92.435826090233903, 16.865889659919137 ], [ -92.436144769742526, 16.865917420083651 ], [ -92.436365279914966, 16.865943909699094 ], [ -92.4367317101011, 16.8660668197384 ], [ -92.436853740254406, 16.866115659849271 ], [ -92.437073599558332, 16.866189400081584 ], [ -92.437318650110427, 16.866216199832163 ], [ -92.437759349767859, 16.866292799986539 ], [ -92.438029599772918, 16.86627265976308 ], [ -92.438177170213606, 16.866250940063299 ], [ -92.438594980242186, 16.866209090076907 ], [ -92.438792279917266, 16.866140739706953 ], [ -92.439161999801954, 16.86602736959545 ], [ -92.439507180298889, 16.865913660382798 ], [ -92.439778109689769, 16.865846279951498 ], [ -92.439949879783299, 16.865848489535026 ], [ -92.4455990496064, 16.86906453964847 ], [ -92.445002540436334, 16.869600369625154 ], [ -92.444631170082033, 16.869831910178021 ], [ -92.444482770424841, 16.869912710177825 ], [ -92.44433438044652, 16.869993489870893 ], [ -92.44406149000325, 16.870202660031293 ], [ -92.44369011963262, 16.870434179709676 ], [ -92.443291570431299, 16.870854420074931 ], [ -92.442994140119779, 16.871063260273353 ], [ -92.442770649715385, 16.871249430202962 ], [ -92.44215254974543, 16.871572309980412 ], [ -92.442029200065491, 16.871617969921857 ], [ -92.441930060095558, 16.871687580216935 ], [ -92.441830909986393, 16.871757199759983 ], [ -92.441607749894985, 16.87191974035224 ], [ -92.441359719963941, 16.872105599773317 ], [ -92.44110774016508, 16.872574979920056 ], [ -92.440955889642453, 16.87290385969661 ], [ -92.44040778032651, 16.873487580179638 ], [ -92.44005927958672, 16.87383754976468 ], [ -92.439635509661557, 16.874304720239138 ], [ -92.438889430052868, 16.875004030212448 ], [ -92.438096249940685, 16.875560939594852 ], [ -92.43752554980351, 16.876002570182909 ], [ -92.436882909652866, 16.876325090099289 ], [ -92.436041940413745, 16.87678685021751 ], [ -92.435694750035438, 16.877042310000633 ], [ -92.435446710055984, 16.87722814011541 ], [ -92.435423438002985, 16.877259811730237 ], [ -92.435171489873568, 16.877602690269541 ], [ -92.434894940133773, 16.878071750383679 ], [ -92.434692999767805, 16.878470879772628 ], [ -92.434440980330564, 16.878940250300907 ], [ -92.434389259899177, 16.879128650224022 ], [ -92.434337539765764, 16.879317030323893 ], [ -92.43423343031867, 16.879741049701593 ], [ -92.434226169683228, 16.880260860254239 ], [ -92.4342944903795, 16.880639860109639 ], [ -92.434051490328457, 16.882220059859616 ], [ -92.433920519908881, 16.882809169901009 ], [ -92.433569680321611, 16.88332451962485 ], [ -92.433419459719971, 16.883535260410955 ], [ -92.433195289599695, 16.88376868027057 ], [ -92.433095800405013, 16.883861909999965 ], [ -92.433045399575391, 16.883955779655569 ], [ -92.432845769531241, 16.884189520326277 ], [ -92.43274396980658, 16.884448149617842 ], [ -92.432568219898002, 16.884729459638024 ], [ -92.43252857959709, 16.884929819655834 ], [ -92.432488969924691, 16.885130169956689 ], [ -92.43258348988536, 16.88539134968833 ], [ -92.432654139687273, 16.885604949741445 ], [ -92.432774199697832, 16.885795569645715 ], [ -92.432918459680266, 16.886010139560302 ], [ -92.433014969903169, 16.88612954034247 ], [ -92.433159910116572, 16.886296850306312 ], [ -92.433180819861718, 16.886557080312052 ], [ -92.433250799689958, 16.886817920152847 ], [ -92.433320119839678, 16.887126050212146 ], [ -92.433487940429657, 16.887411799956201 ], [ -92.433656090128082, 16.887673939757818 ], [ -92.433849780335649, 16.887865510078694 ], [ -92.433995370374902, 16.887985550460254 ], [ -92.434285569712046, 16.88829651969575 ], [ -92.434696490303054, 16.888750859905816 ], [ -92.434962489610783, 16.88903788996933 ], [ -92.435108080168405, 16.889157940274192 ], [ -92.435253680147383, 16.889277980198518 ], [ -92.435493480223101, 16.889682829857744 ], [ -92.435757979826974, 16.890076180132674 ], [ -92.436022489667053, 16.890469539835713 ], [ -92.43614157032178, 16.890731050141948 ], [ -92.436334920471779, 16.890946229826348 ], [ -92.436576369546714, 16.891232940212415 ], [ -92.436841710432844, 16.891567230211596 ], [ -92.437204550157048, 16.891950049876748 ], [ -92.437829770346113, 16.892879780072033 ], [ -92.438382679662709, 16.893714059723678 ], [ -92.438697109769905, 16.894048970036717 ], [ -92.438889980298825, 16.894299600344215 ], [ -92.439082850153909, 16.894550250332404 ], [ -92.4401000902145, 16.895532309928594 ], [ -92.440368419857847, 16.895653939991391 ], [ -92.440612849832334, 16.895728000367381 ], [ -92.440881829904598, 16.895802369778867 ], [ -92.441053290093961, 16.895828219775758 ], [ -92.441490109560817, 16.896188339605366 ], [ -92.442187000457636, 16.89701652009046 ], [ -92.442590680410888, 16.897276659752979 ], [ -92.443281649753288, 16.897566940432647 ], [ -92.443616030471304, 16.898532059648936 ], [ -92.443435230019887, 16.904125619791966 ], [ -92.443421909882019, 16.904428690110777 ], [ -92.443608450388027, 16.905240830248399 ], [ -92.443286740410997, 16.906327200152266 ], [ -92.443851020102954, 16.907219650267923 ], [ -92.443727919564964, 16.907876429627933 ], [ -92.444642339921828, 16.909944370071326 ], [ -92.444017739909029, 16.911611149759132 ], [ -92.442833050424042, 16.913198910310975 ], [ -92.443055030047944, 16.914821769766661 ], [ -92.4415944795972, 16.9159878295781 ], [ -92.440586399896944, 16.918355980403405 ], [ -92.440199850008312, 16.920634659928719 ], [ -92.439263859646189, 16.921430799874422 ], [ -92.438767220209613, 16.92343735014078 ], [ -92.438688980398268, 16.928595349963437 ], [ -92.437190620096715, 16.92838150993472 ], [ -92.440185680217454, 16.930038681222534 ], [ -92.440257629888805, 16.930157850001908 ], [ -92.440474539925006, 16.930444449886895 ], [ -92.440688380266025, 16.930943769696004 ], [ -92.44128933989596, 16.931850179667812 ], [ -92.441458149711437, 16.93206522043041 ], [ -92.441626649549789, 16.932303890337195 ], [ -92.441695879672451, 16.932612150982166 ], [ -92.441738510226074, 16.933061919927685 ], [ -92.441854819918859, 16.933512660225169 ], [ -92.441946220065361, 16.933986720802622 ], [ -92.442061849714335, 16.934484740936973 ], [ -92.442300919509989, 16.934937120697899 ], [ -92.442463950109413, 16.935553981342292 ], [ -92.442872569564628, 16.936174119569774 ], [ -92.443087090462456, 16.936626179684627 ], [ -92.443419980150168, 16.937387151473697 ], [ -92.444287350345448, 16.938557181468145 ], [ -92.444652310001274, 16.938798481109586 ], [ -92.444724949641255, 16.938870370113932 ], [ -92.445042849596348, 16.938969170658819 ], [ -92.445385630333234, 16.939044680380491 ], [ -92.445676919775266, 16.93928498008011 ], [ -92.445895889556439, 16.939429750151355 ], [ -92.446261199989948, 16.939647399971403 ], [ -92.446674249643152, 16.939960259592304 ], [ -92.447063770310464, 16.940201861250308 ], [ -92.447209080166161, 16.940345661576611 ], [ -92.447743890282254, 16.940731060416109 ], [ -92.448083279583955, 16.941042921655253 ], [ -92.448350350393042, 16.941259260546488 ], [ -92.448784230376432, 16.941832449652679 ], [ -92.44994771025992, 16.942911820544204 ], [ -92.450068799627232, 16.943031650005931 ], [ -92.450190570273449, 16.943104179619311 ], [ -92.450581799663638, 16.943227621619663 ], [ -92.450752000060319, 16.943348091212826 ], [ -92.450994180293876, 16.9435877208515 ], [ -92.451385080144917, 16.943734780118131 ], [ -92.451749370074182, 16.944023340964623 ], [ -92.452114019669395, 16.944288250020588 ], [ -92.452625319783564, 16.944602401516367 ], [ -92.452841250175425, 16.944959890323677 ], [ -92.453760540401944, 16.945941450101365 ], [ -92.454236430043906, 16.94701164982142 ], [ -92.454476569606271, 16.947393110779558 ], [ -92.454542780132527, 16.947914109861401 ], [ -92.454609319563559, 16.948411460818583 ], [ -92.454676550139013, 16.948861541564177 ], [ -92.454672819632947, 16.949121550351514 ], [ -92.454644860114172, 16.949357601756429 ], [ -92.454835549673206, 16.949762049621256 ], [ -92.455399849933272, 16.95151903117323 ], [ -92.456100290022206, 16.95405798032629 ], [ -92.457126280361891, 16.957877921324329 ], [ -92.458237310034193, 16.962621001993657 ], [ -92.454544450216659, 16.964888771364638 ], [ -92.448900020241027, 16.971315020954691 ], [ -92.448029449877737, 16.972059939748174 ], [ -92.445191520045967, 16.974646280959838 ], [ -92.443597020049225, 16.976185320624563 ], [ -92.438320059594645, 16.98517980014455 ], [ -92.437251419886934, 16.986135750301642 ], [ -92.429039769920649, 16.993480780332781 ], [ -92.427978649526082, 16.994593280368182 ], [ -92.427592719832361, 16.994957019781292 ], [ -92.426606229703111, 16.995886740382883 ], [ -92.42566625008044, 16.996772619557124 ], [ -92.425563319939727, 16.996884030080448 ], [ -92.424722000444532, 16.99779471975387 ], [ -92.424262800407888, 16.998202399731905 ], [ -92.423616849850461, 16.99877588019703 ], [ -92.422684829911901, 16.99959357020618 ], [ -92.421725779902616, 17.000055339727016 ], [ -92.420934750312441, 17.000233200168431 ], [ -92.420031580127471, 17.000436259869943 ], [ -92.419212680355812, 17.00062038003173 ], [ -92.418649320046327, 17.000747049921852 ], [ -92.418337379796952, 17.000817169732933 ], [ -92.418028109914943, 17.000893249551989 ], [ -92.417703170361236, 17.000973180323289 ], [ -92.417481580079098, 17.00102768956053 ], [ -92.41645364999404, 17.001280549618357 ], [ -92.415887549975693, 17.001988950254912 ], [ -92.415600689636832, 17.002347919582558 ], [ -92.41483271996124, 17.003058849703546 ], [ -92.414479970235078, 17.003466110254511 ], [ -92.413391580160237, 17.00472266038382 ], [ -92.412455370384677, 17.005651660036548 ], [ -92.412095170227374, 17.006041720218814 ], [ -92.411362719960493, 17.006844819756093 ], [ -92.410522630331457, 17.007647540244225 ], [ -92.41012674974121, 17.007979939725175 ], [ -92.409527050083497, 17.008449749892236 ], [ -92.408974890238923, 17.009000259630184 ], [ -92.408338400207427, 17.009723109967101 ], [ -92.407978380244501, 17.010017939957162 ], [ -92.407642739682402, 17.009825350272806 ], [ -92.406808709738954, 17.009531429674759 ], [ -92.4061206598832, 17.009477979679556 ], [ -92.40538653963344, 17.009468479885555 ], [ -92.404770579999692, 17.009897689814618 ], [ -92.404361859728056, 17.010060260393033 ], [ -92.403954059677417, 17.009962479828832 ] ] ] } },
{ "type": "Feature", "properties": { "CVEGEO": "07049", "CVE_ENT": "07", "CVE_MUN": "049", "NOMGEO": "Larráinzar", "Olvida2": 1, "Region": "V Altos Tsotsil Tseltal", "Cabecera": "San Cristóbal de Las Casas" }, "geometry": { "type": "Polygon", "coordinates": [ [ [ -92.821825640137789, 16.998894966336181 ], [ -92.821640829717481, 16.998866739706894 ], [ -92.821605290037084, 16.998858169928958 ], [ -92.821546050160038, 16.998843889827068 ], [ -92.821509250306818, 16.998835029739549 ], [ -92.821341399738714, 16.998787920216245 ], [ -92.821319510216952, 16.99877750995735 ], [ -92.821260550115753, 16.998749460003644 ], [ -92.821233599903437, 16.998736649852834 ], [ -92.82085860988127, 16.998637383811651 ], [ -92.818871399780718, 16.998111319992727 ], [ -92.819158850032991, 16.997531420007508 ], [ -92.81976527971436, 16.996135000011659 ], [ -92.819107340463475, 16.995846579773463 ], [ -92.818315229722486, 16.995577429665179 ], [ -92.817402170313073, 16.995171249657552 ], [ -92.816602719943376, 16.99414246016099 ], [ -92.815832769528527, 16.993688940329008 ], [ -92.814079769941372, 16.993013979777647 ], [ -92.812278289864835, 16.992270400330586 ], [ -92.81100397974636, 16.991614169827798 ], [ -92.810451339736545, 16.991365880026358 ], [ -92.809946320421489, 16.991094119822133 ], [ -92.809515290473996, 16.991051939753312 ], [ -92.809203629956727, 16.990985649592496 ], [ -92.808810769573711, 16.990820709539296 ], [ -92.8123930004313, 16.988131939739727 ], [ -92.812454970396288, 16.988085050378302 ], [ -92.815642089840836, 16.985684940274272 ], [ -92.814020630054642, 16.985676350090149 ], [ -92.809067710030106, 16.985650020260742 ], [ -92.804359979921173, 16.98487962983636 ], [ -92.800759970002687, 16.981359520223016 ], [ -92.799300259839242, 16.978146250036865 ], [ -92.793899859854832, 16.971426400174927 ], [ -92.791282510224661, 16.966143449943576 ], [ -92.789864319890512, 16.965924229946168 ], [ -92.785334019988142, 16.965006799820515 ], [ -92.785352519893792, 16.965897119877333 ], [ -92.785358859871877, 16.96656465981906 ], [ -92.785197769787189, 16.967233679853848 ], [ -92.785032850292481, 16.96749986044032 ], [ -92.784867920412012, 16.967766060272311 ], [ -92.78427825003142, 16.968646030375169 ], [ -92.783662890254746, 16.969342059745287 ], [ -92.78292838014157, 16.970085169851341 ], [ -92.782173649847266, 16.971219819703872 ], [ -92.781587859766347, 16.972514119587764 ], [ -92.781238659708052, 16.973530090383207 ], [ -92.780768110222184, 16.974362970406851 ], [ -92.780319740229089, 16.975011479892139 ], [ -92.780111429727526, 16.97574996965929 ], [ -92.779737850462425, 16.97672010957913 ], [ -92.779340350400759, 16.97769046020812 ], [ -92.779206849754218, 16.97875058036103 ], [ -92.779501719568344, 16.979576739705514 ], [ -92.779727030241816, 16.980633719990436 ], [ -92.779877089840127, 16.981323020416429 ], [ -92.779650509919122, 16.982660199627567 ], [ -92.779202979721575, 16.983400780106248 ], [ -92.779426750022623, 16.984296630014754 ], [ -92.779502879931073, 16.984756379548649 ], [ -92.779318689542109, 16.985517680135793 ], [ -92.77896444966882, 16.986004219897595 ], [ -92.778800050221861, 16.986327939588243 ], [ -92.77839685952496, 16.986699800089273 ], [ -92.774578979830579, 16.987746119585339 ], [ -92.768570259773341, 16.988597139671732 ], [ -92.767908349812458, 16.988690880425555 ], [ -92.760936490332014, 16.982674280425826 ], [ -92.762987689755491, 16.976221739722249 ], [ -92.77172971970802, 16.972255119752973 ], [ -92.770377599640781, 16.970125970213694 ], [ -92.765180857279475, 16.961942332806931 ], [ -92.761967875787121, 16.956882133578347 ], [ -92.760368879911894, 16.954363691247362 ], [ -92.760027080406644, 16.953825339957373 ], [ -92.759728124027177, 16.953888406872125 ], [ -92.750239429755837, 16.95588978021636 ], [ -92.748341380278973, 16.95498533965813 ], [ -92.747977709684292, 16.95445900032643 ], [ -92.746877940176276, 16.954514509717331 ], [ -92.745994280156282, 16.954660229856003 ], [ -92.745161219958206, 16.95510480029186 ], [ -92.744207510177617, 16.955435290385395 ], [ -92.743373820432041, 16.955810779776254 ], [ -92.743030000092332, 16.956136030244071 ], [ -92.742686180004071, 16.956461280231611 ], [ -92.742596059671342, 16.957060579674661 ], [ -92.74262445023794, 16.957543770454421 ], [ -92.742658180417237, 16.958602430263749 ], [ -92.742589739702765, 16.958959829935477 ], [ -92.742521280334074, 16.959317250384206 ], [ -92.742101200024152, 16.960448860101618 ], [ -92.742134720265227, 16.961484489810623 ], [ -92.742213079985731, 16.962197460250422 ], [ -92.741529259665114, 16.963262279601544 ], [ -92.740681829831587, 16.964111799748252 ], [ -92.740510140319188, 16.964283939753624 ], [ -92.739678739864345, 16.964912620397772 ], [ -92.738895170128671, 16.965540890131479 ], [ -92.738683400160127, 16.965922540233514 ], [ -92.738471650004271, 16.966304199751789 ], [ -92.738480999673044, 16.967317029751978 ], [ -92.738826719782736, 16.968488109869462 ], [ -92.738909749814567, 16.969707489764691 ], [ -92.738870880141249, 16.970129849957988 ], [ -92.738822819977869, 16.970652080074014 ], [ -92.738645260210433, 16.971566450016059 ], [ -92.738594459945944, 16.971828080297524 ], [ -92.738820800238287, 16.973023220087551 ], [ -92.738618510012955, 16.974429200366821 ], [ -92.738751739631653, 16.975580459993314 ], [ -92.738325849661862, 16.976411479807588 ], [ -92.738407599803608, 16.97749273954474 ], [ -92.738034879589492, 16.978577889632298 ], [ -92.737372119829914, 16.979343250298705 ], [ -92.73689944981281, 16.979968850281384 ], [ -92.73624071985823, 16.981171550324948 ], [ -92.735865219793808, 16.981957460296655 ], [ -92.735418570257565, 16.98281304992156 ], [ -92.735163509764092, 16.983690019548945 ], [ -92.735128369724123, 16.984414820280545 ], [ -92.733026580160868, 16.984807109645033 ], [ -92.731488679561195, 16.984861850133999 ], [ -92.731394229573922, 16.986244600123936 ], [ -92.73097416977761, 16.985981799881092 ], [ -92.7298219201992, 16.985554230152616 ], [ -92.729144349580949, 16.985797879647752 ], [ -92.728772770066826, 16.985931489823283 ], [ -92.728205220102694, 16.986649970119956 ], [ -92.727494340358078, 16.987392679852519 ], [ -92.726757630116509, 16.987928419826787 ], [ -92.726066229687618, 16.988187519658755 ], [ -92.724945509665275, 16.988588399569785 ], [ -92.723870289806214, 16.988735659917285 ], [ -92.72353530978107, 16.988698250254686 ], [ -92.723532280041312, 16.988616319820398 ], [ -92.723885749545673, 16.987621350179463 ], [ -92.724375850081302, 16.986241770093031 ], [ -92.72141654017517, 16.986214680098257 ], [ -92.721297970089608, 16.987954849951475 ], [ -92.720725819643548, 16.987588290409388 ], [ -92.719764749865902, 16.98713603017363 ], [ -92.719013030112265, 16.987042060456474 ], [ -92.718400600177219, 16.987078519885841 ], [ -92.718115019673945, 16.987242089652995 ], [ -92.717559980318072, 16.986717320001123 ], [ -92.717414980305506, 16.986557400423905 ], [ -92.716723150371536, 16.986770450048947 ], [ -92.716150509808159, 16.986936429716451 ], [ -92.715457850272443, 16.987057380416285 ], [ -92.715388770070348, 16.987020179928635 ], [ -92.714705049898186, 16.985790600130557 ], [ -92.714506140408716, 16.985432879978575 ], [ -92.714025149647071, 16.984567920079552 ], [ -92.713775539775114, 16.984828049665801 ], [ -92.712589259901208, 16.984756550032678 ], [ -92.712119570353451, 16.984012659708057 ], [ -92.711925549810061, 16.983005619791768 ], [ -92.711630719576448, 16.98261855001293 ], [ -92.711164120224268, 16.98243387978177 ], [ -92.710316739633598, 16.982157660039274 ], [ -92.709888049570239, 16.982270090393509 ], [ -92.709275420148273, 16.981501741077626 ], [ -92.709034539965856, 16.981274111237681 ], [ -92.708953850107775, 16.980510459786856 ], [ -92.709483290139431, 16.979495979588357 ], [ -92.710209149908167, 16.978105110312168 ], [ -92.710637060262471, 16.977285149617401 ], [ -92.711268689700475, 16.976074819926971 ], [ -92.711735249923308, 16.9751807997207 ], [ -92.711957370168335, 16.974755139821514 ], [ -92.712753620146401, 16.973229320051178 ], [ -92.713116180327788, 16.973380259697628 ], [ -92.714252939919149, 16.972510170122952 ], [ -92.715755380083849, 16.973504850270711 ], [ -92.716314179842044, 16.97449819992967 ], [ -92.716107050152814, 16.974965850299249 ], [ -92.715664709530444, 16.974965230298061 ], [ -92.715164090440027, 16.974496600427933 ], [ -92.714736739569403, 16.974340029559599 ], [ -92.714550449607984, 16.974491650179765 ], [ -92.713467109638017, 16.975373370133067 ], [ -92.713171309628564, 16.975968489832674 ], [ -92.712875489697865, 16.976563630227883 ], [ -92.712565049782256, 16.977087850086082 ], [ -92.712431680447651, 16.977527229924178 ], [ -92.712298290276763, 16.977966599707049 ], [ -92.712046620279594, 16.978632690331953 ], [ -92.712192599790171, 16.979582939683564 ], [ -92.712414179616985, 16.979774820180719 ], [ -92.712959049827433, 16.980243509813413 ], [ -92.713268309897344, 16.980499179830662 ], [ -92.714196689982131, 16.980869150366441 ], [ -92.71595217033483, 16.980346949642694 ], [ -92.716970289575116, 16.97988045022112 ], [ -92.71792942998529, 16.979413850399155 ], [ -92.71908065972633, 16.978678080280623 ], [ -92.719966259950283, 16.9780695697109 ], [ -92.720556600421958, 16.977715889680518 ], [ -92.721191250314305, 16.977305539608746 ], [ -92.721619150039402, 16.977093429626411 ], [ -92.722173710342787, 16.976807290187519 ], [ -92.723265149549064, 16.976596079948497 ], [ -92.723762799974253, 16.979092379959287 ], [ -92.727437950401935, 16.976601689741045 ], [ -92.729474779570239, 16.97520061962555 ], [ -92.730744079823992, 16.974337319549534 ], [ -92.732522199963881, 16.973054119677233 ], [ -92.733814370299996, 16.972165399650482 ], [ -92.73466226046051, 16.971582219673369 ], [ -92.736974430228457, 16.969930749713019 ], [ -92.737496050075407, 16.969558169852263 ], [ -92.7369339103371, 16.969047379989924 ], [ -92.735964580180763, 16.968166580155046 ], [ -92.734402770066126, 16.966833220287302 ], [ -92.732840979984871, 16.965499830435917 ], [ -92.730919920017499, 16.963703320055558 ], [ -92.729804909504537, 16.962660563309502 ], [ -92.72947339430803, 16.962350526521067 ], [ -92.729107542559944, 16.962008376009496 ], [ -92.728998909849167, 16.961906780033726 ], [ -92.727773620195478, 16.960760480379328 ], [ -92.727286880339264, 16.960330150069655 ], [ -92.72636002965487, 16.959510770099754 ], [ -92.727260149671295, 16.958987319859794 ], [ -92.728175149907557, 16.958364630219247 ], [ -92.72892771977574, 16.957911880037646 ], [ -92.729208079796706, 16.957756279915046 ], [ -92.729591619873545, 16.957614980440606 ], [ -92.730255489999664, 16.957318089928972 ], [ -92.73063053563996, 16.957159545242408 ], [ -92.730757080426471, 16.957106050055245 ], [ -92.731096420339441, 16.9569363404566 ], [ -92.731775309525176, 16.956455120133455 ], [ -92.73236562041788, 16.956044680003579 ], [ -92.732631260367057, 16.95586068976699 ], [ -92.733118149573897, 16.95560608963676 ], [ -92.733723110158721, 16.955266569673931 ], [ -92.734003480091488, 16.955096770020635 ], [ -92.73428371045955, 16.955012059599472 ], [ -92.735006449547527, 16.95478612003696 ], [ -92.735366949551391, 16.954676829823203 ], [ -92.735810710375787, 16.953642289648318 ], [ -92.736106550062175, 16.952933680057118 ], [ -92.736284109597932, 16.95248015007661 ], [ -92.736594170357634, 16.952154420090082 ], [ -92.737111280354895, 16.951375200121074 ], [ -92.737495349978886, 16.950822679746999 ], [ -92.737687370201513, 16.950567690458982 ], [ -92.737997349821683, 16.95029868035175 ], [ -92.73835162010954, 16.949987169966615 ], [ -92.738587830341189, 16.949746420042572 ], [ -92.739797549907522, 16.949166600343489 ], [ -92.740446580168026, 16.948912179562008 ], [ -92.740859629768877, 16.948728369982334 ], [ -92.74108091015259, 16.948629380399545 ], [ -92.741479430398215, 16.948289579840445 ], [ -92.742118319738793, 16.947726550158627 ], [ -92.741655890244459, 16.940919679825292 ], [ -92.743153423960209, 16.937065868256337 ], [ -92.743349280247458, 16.936561830371382 ], [ -92.740681191457497, 16.935997129163198 ], [ -92.740516776320931, 16.935962329024893 ], [ -92.736950367256171, 16.935207412529117 ], [ -92.733630219820284, 16.934504540156876 ], [ -92.730951349526961, 16.933886580421877 ], [ -92.725796720444791, 16.928582000258441 ], [ -92.722367740284739, 16.920101000266623 ], [ -92.722230555502975, 16.917662774167887 ], [ -92.722216650429388, 16.917415630031488 ], [ -92.722001914417376, 16.916934339359198 ], [ -92.721582779794886, 16.915994920317051 ], [ -92.719739297568722, 16.910274759905473 ], [ -92.719076879674873, 16.90821922984906 ], [ -92.718012942786132, 16.907329596614211 ], [ -92.717370230261622, 16.906792170138768 ], [ -92.716426229627118, 16.906208049740233 ], [ -92.714859149830374, 16.905238370270151 ], [ -92.71393229042117, 16.905263429954648 ], [ -92.711514969550649, 16.90530258016469 ], [ -92.697808909584197, 16.905268650405194 ], [ -92.695195630207138, 16.905264770055364 ], [ -92.693354919749765, 16.901612140090457 ], [ -92.691507089550427, 16.897856420201141 ], [ -92.692214370168813, 16.897794879612306 ], [ -92.693003200270425, 16.897765279969512 ], [ -92.693717600383962, 16.897437019579989 ], [ -92.694184319607061, 16.897224029644075 ], [ -92.694693969704062, 16.896991460070019 ], [ -92.695289230156916, 16.896710230076334 ], [ -92.696050619576582, 16.896289490111418 ], [ -92.696911369694831, 16.896282279850322 ], [ -92.696947415239293, 16.896303551549888 ], [ -92.697469901482449, 16.896611881657044 ], [ -92.697474984660587, 16.896614881297875 ], [ -92.697482608523117, 16.896619380249991 ], [ -92.697488319662085, 16.896622750197185 ], [ -92.697551941431882, 16.896331678321236 ], [ -92.697695000270855, 16.895677180052516 ], [ -92.697747964483042, 16.89546540234101 ], [ -92.697757803819869, 16.895426060614323 ], [ -92.697764071760076, 16.895400998821955 ], [ -92.697787310338711, 16.895308079955139 ], [ -92.698217219466571, 16.894717836658444 ], [ -92.698251878590796, 16.894670250556771 ], [ -92.698259680069157, 16.894659540083282 ], [ -92.698287340731397, 16.894609340215212 ], [ -92.698565519600663, 16.894104490403567 ], [ -92.698823539766536, 16.89354983004139 ], [ -92.698434319621569, 16.892816430001069 ], [ -92.69828504976455, 16.892173110107596 ], [ -92.698232649963458, 16.891667089997476 ], [ -92.697794379556441, 16.890795979722345 ], [ -92.697820438037056, 16.890700729047971 ], [ -92.697833800012376, 16.890651889473538 ], [ -92.697840297603108, 16.890628141091998 ], [ -92.697933260130881, 16.890288350345742 ], [ -92.697818551089114, 16.889811004308584 ], [ -92.697807912797003, 16.889766736595679 ], [ -92.69779318239452, 16.889705436970367 ], [ -92.697734510078632, 16.88946127976957 ], [ -92.697534093418795, 16.889643606640504 ], [ -92.697458374627146, 16.889712491421051 ], [ -92.69741798658184, 16.889749233104244 ], [ -92.697402480097509, 16.889763339932014 ], [ -92.697143430121542, 16.890202890308679 ], [ -92.697142949822975, 16.890202852131939 ], [ -92.69713336412903, 16.890202094386449 ], [ -92.697074297930541, 16.890197423705757 ], [ -92.696353799653423, 16.890140449955613 ], [ -92.696084979876318, 16.889498119961694 ], [ -92.695719910164939, 16.888787540072563 ], [ -92.695648400196703, 16.888691480311536 ], [ -92.695260030375081, 16.888169829583955 ], [ -92.695107449923157, 16.887158200273408 ], [ -92.695008489614125, 16.886790690246553 ], [ -92.695003089591637, 16.886192199854825 ], [ -92.694859972409574, 16.885964214207355 ], [ -92.69461494977682, 16.885573889615227 ], [ -92.694777540138219, 16.885043060130698 ], [ -92.69505613960655, 16.884119889608826 ], [ -92.69535573965446, 16.882874279849382 ], [ -92.695657619536604, 16.881881860397584 ], [ -92.695841620121669, 16.881074599787127 ], [ -92.696094850317891, 16.879990509622541 ], [ -92.696039339532433, 16.879139200019029 ], [ -92.696154719715793, 16.878677829751698 ], [ -92.696579660380607, 16.878075740122878 ], [ -92.69681148011135, 16.877268060427163 ], [ -92.697633319555194, 16.87665197969859 ], [ -92.698697620463193, 16.876279259754426 ], [ -92.699393229752786, 16.876157380246593 ], [ -92.70100482971587, 16.875644480410873 ], [ -92.702027430102902, 16.875037350030102 ], [ -92.703494450415249, 16.87334450958695 ], [ -92.70458206033608, 16.872000150407597 ], [ -92.704975388817985, 16.871269441211371 ], [ -92.705216910080139, 16.870820750049578 ], [ -92.706026180404294, 16.870422600404936 ], [ -92.707004479972383, 16.870207170021359 ], [ -92.707889029909637, 16.870199709787066 ], [ -92.708631600440924, 16.870354599869067 ], [ -92.709611550133928, 16.870323310331042 ], [ -92.710421879980231, 16.870040220255909 ], [ -92.710917630327799, 16.869345420198339 ], [ -92.711246660111044, 16.868721079984532 ], [ -92.711469187895318, 16.868348112933454 ], [ -92.711646999683623, 16.868050089551748 ], [ -92.712249059641266, 16.868528430348459 ], [ -92.712491889791437, 16.86894074995622 ], [ -92.712880909622314, 16.869651110352361 ], [ -92.713550290341118, 16.869645450337817 ], [ -92.714075399845228, 16.869548920171564 ], [ -92.714361859841247, 16.869500459577193 ], [ -92.715030179990464, 16.869379690382083 ], [ -92.715339841408564, 16.869319876881388 ], [ -92.715785879698572, 16.869233719719205 ], [ -92.715800300339239, 16.869230934311336 ], [ -92.716151910368694, 16.869163020136401 ], [ -92.717080259965812, 16.868717749857389 ], [ -92.718078660377913, 16.868087719914843 ], [ -92.718889369599225, 16.867850650015086 ], [ -92.719632779962851, 16.868097569814722 ], [ -92.720209280353785, 16.868391940071923 ], [ -92.721046000151887, 16.868384829883638 ], [ -92.72202343037155, 16.868077259583028 ], [ -92.722830549665673, 16.8674488302822 ], [ -92.723868710050866, 16.865943649722954 ], [ -92.724387050092773, 16.865110489681033 ], [ -92.725123490356708, 16.864597770314241 ], [ -92.725936709949906, 16.864636880045467 ], [ -92.726774910041513, 16.864790879911432 ], [ -92.727228060102263, 16.864671920390364 ], [ -92.727749339932814, 16.864161020052208 ], [ -92.728247770205769, 16.863765419948908 ], [ -92.72893765025313, 16.863391179756817 ], [ -92.730224970143738, 16.86298884996047 ], [ -92.731489000058929, 16.862655750442666 ], [ -92.733110769685851, 16.862227510188053 ], [ -92.734253150066721, 16.861665250422131 ], [ -92.735036309634737, 16.861036969708099 ], [ -92.735459370297065, 16.860250649692794 ], [ -92.736103339809048, 16.860083969596939 ], [ -92.736746660167043, 16.859848259815465 ], [ -92.737197660377618, 16.859499079779653 ], [ -92.738196800365969, 16.858961030427849 ], [ -92.738738949785926, 16.85812762985227 ], [ -92.739071919959315, 16.857940599799463 ], [ -92.7400761502373, 16.857954999699199 ], [ -92.740509649943604, 16.858296579847224 ], [ -92.74118324999155, 16.858751219662835 ], [ -92.741594549876652, 16.859277149667943 ], [ -92.742198150175838, 16.859916549790231 ], [ -92.742393659831308, 16.860375290126548 ], [ -92.742521940280525, 16.861318030353999 ], [ -92.742841679578916, 16.86228217001856 ], [ -92.743064940258918, 16.863155029954488 ], [ -92.743240600164143, 16.864051339658243 ], [ -92.743562260140862, 16.865222629769601 ], [ -92.744118289589679, 16.865885449961553 ], [ -92.744623950095843, 16.866272450375959 ], [ -92.745178060311673, 16.866728090263539 ], [ -92.745778920333393, 16.867068230090194 ], [ -92.746231020202217, 16.866834119589608 ], [ -92.746801979801177, 16.866529939911441 ], [ -92.747493119677543, 16.866293769796389 ], [ -92.748112750491217, 16.866081229609392 ], [ -92.748754800390515, 16.865707350280207 ], [ -92.749465980392557, 16.865056630046073 ], [ -92.750224769689169, 16.864382479762799 ], [ -92.750576079866619, 16.863596739969498 ], [ -92.750807629817643, 16.862788999986805 ], [ -92.750849020393588, 16.862098019645064 ], [ -92.750723690320626, 16.861477540101884 ], [ -92.750932850382938, 16.860831149608568 ], [ -92.751309320154746, 16.86018330962548 ], [ -92.751659769880561, 16.859305490151154 ], [ -92.751772219648089, 16.858544829866265 ], [ -92.752321170382871, 16.858448000393011 ], [ -92.752703019733886, 16.858375629541573 ], [ -92.753015080210488, 16.85851105972192 ], [ -92.753326259964822, 16.858554420078836 ], [ -92.753515149999814, 16.858299540077123 ], [ -92.753772950341727, 16.857744819843361 ], [ -92.754058309656884, 16.857581199728973 ], [ -92.754490319865937, 16.857761619817495 ], [ -92.755069200017331, 16.858309110153499 ], [ -92.755572720124633, 16.858465889808599 ], [ -92.756675799644228, 16.858824660226002 ], [ -92.757586999924712, 16.859116030191934 ], [ -92.758856769918253, 16.859404289947385 ], [ -92.759933599730672, 16.859510049990639 ], [ -92.760389950455362, 16.859736289898098 ], [ -92.760753920023689, 16.860308649726974 ], [ -92.760996860005449, 16.860720909702696 ], [ -92.761426289800767, 16.860625089644831 ], [ -92.761974619627139, 16.860459179738406 ], [ -92.762404049891558, 16.860363369692127 ], [ -92.762926719974629, 16.860013510118083 ], [ -92.763404180253886, 16.859940290081763 ], [ -92.763717120341184, 16.860167769855963 ], [ -92.763702060182027, 16.861111750128163 ], [ -92.763664180359854, 16.862171050263132 ], [ -92.763691638078626, 16.863352746129998 ], [ -92.763704289839154, 16.863897259782121 ], [ -92.763735970053716, 16.864725740213526 ], [ -92.763910000080259, 16.865437880027113 ], [ -92.764008219775789, 16.865713279542724 ], [ -92.764397420021552, 16.86642351985352 ], [ -92.764491711442474, 16.866436651343204 ], [ -92.765019829591338, 16.866510200420894 ], [ -92.765380799868339, 16.866760279617168 ], [ -92.765524030254241, 16.866736020388092 ], [ -92.76585461964325, 16.866295739996072 ], [ -92.766450539829862, 16.866106369537544 ], [ -92.766686140351567, 16.865735979737597 ], [ -92.766844829709456, 16.864813769545815 ], [ -92.767273630425606, 16.864648879775597 ], [ -92.767393369738258, 16.864670860398956 ], [ -92.767779320180267, 16.865035830395716 ], [ -92.768066850377153, 16.865102380441837 ], [ -92.768257880017259, 16.865077689569457 ], [ -92.768947909594132, 16.86472634983555 ], [ -92.769729880116273, 16.863982859809109 ], [ -92.77056030980259, 16.863308000408662 ], [ -92.771107750252384, 16.863049980084451 ], [ -92.771707779594593, 16.863297970190832 ], [ -92.772167200126447, 16.863846450192881 ], [ -92.772366690418636, 16.864719509778794 ], [ -92.772894800432539, 16.864945090353768 ], [ -92.773397479958263, 16.865009750245115 ], [ -92.773617829756262, 16.865560339577005 ], [ -92.773692820253331, 16.865904979882792 ], [ -92.774649489734898, 16.865942659972742 ], [ -92.77498092011146, 16.865594449590343 ], [ -92.775287349797253, 16.865131339941822 ], [ -92.775643770174725, 16.864897999815241 ], [ -92.776194479726698, 16.86498525955502 ], [ -92.776722799794399, 16.865233859625064 ], [ -92.776936880397784, 16.865116880378288 ], [ -92.776958969702832, 16.865066430282361 ], [ -92.777471220319086, 16.865377580070234 ], [ -92.778581980461382, 16.86569584972008 ], [ -92.780350770273515, 16.868770749987181 ], [ -92.781777480352744, 16.869999830414081 ], [ -92.787095920434552, 16.871839750131095 ], [ -92.790909290339997, 16.874888090092295 ], [ -92.793665179615274, 16.876363679941196 ], [ -92.796055549934849, 16.879028739926088 ], [ -92.796837680149068, 16.879656619749685 ], [ -92.802279249682726, 16.882809799835336 ], [ -92.804016319530461, 16.884492620210441 ], [ -92.805495690122513, 16.885925740161852 ], [ -92.807177619747762, 16.887555030339186 ], [ -92.807463259553671, 16.887831740150236 ], [ -92.808212709725339, 16.888557710137327 ], [ -92.809228219826579, 16.889541430211349 ], [ -92.81026099958143, 16.890541829558913 ], [ -92.811969629994465, 16.892196890213981 ], [ -92.812788419965514, 16.892989980245062 ], [ -92.812953799716468, 16.893151539817786 ], [ -92.81362119433193, 16.893803524295357 ], [ -92.813751540383265, 16.893930859674619 ], [ -92.813962490097111, 16.894136919894933 ], [ -92.814213050164142, 16.894381690436454 ], [ -92.814250060401307, 16.894414719842686 ], [ -92.814287510656385, 16.894455387154395 ], [ -92.814450250084533, 16.894632109573759 ], [ -92.815699046315814, 16.895951963475721 ], [ -92.815699206908889, 16.895952133473912 ], [ -92.815699266629096, 16.895952195948627 ], [ -92.815702556898316, 16.895955674010821 ], [ -92.815978060396702, 16.896246849714871 ], [ -92.817912230201372, 16.898339629657528 ], [ -92.818427081220079, 16.898892101237401 ], [ -92.818604450352936, 16.899082430107491 ], [ -92.819682479859978, 16.900197689552726 ], [ -92.822131279687099, 16.902735849988435 ], [ -92.822963369722842, 16.903646619537049 ], [ -92.823650150086209, 16.904379260038883 ], [ -92.824984169884587, 16.905719750099671 ], [ -92.82522857994627, 16.905980309721642 ], [ -92.825976379723627, 16.906761000157033 ], [ -92.826555720424011, 16.907391479937214 ], [ -92.827099089778187, 16.90794063017832 ], [ -92.827588920417071, 16.908523520403925 ], [ -92.828225570296809, 16.909219489796314 ], [ -92.829535780351037, 16.910620710121435 ], [ -92.830275449682631, 16.911309030336902 ], [ -92.830404649540839, 16.911429290423449 ], [ -92.833147369580232, 16.911993509954371 ], [ -92.834944139923252, 16.912322580207377 ], [ -92.83652368013631, 16.912446419625116 ], [ -92.838054949577625, 16.912524619538935 ], [ -92.839491689864516, 16.912718779853321 ], [ -92.841407580309451, 16.913000680220275 ], [ -92.842564579892056, 16.913391290046274 ], [ -92.842348950087057, 16.913889939593158 ], [ -92.84171121981494, 16.914701460353683 ], [ -92.84033555017281, 16.915865000110884 ], [ -92.839933539680104, 16.916329059753455 ], [ -92.839679949536219, 16.917298250364318 ], [ -92.839905519800965, 16.918355170204439 ], [ -92.840034770009353, 16.919343889802715 ], [ -92.839862510366586, 16.920228690412479 ], [ -92.839877830379933, 16.920242690367438 ], [ -92.842013030277215, 16.922191339668927 ], [ -92.84309631975151, 16.923179980414922 ], [ -92.844555309993851, 16.924511480444533 ], [ -92.845333680035935, 16.925221779894002 ], [ -92.847087250142465, 16.926822060210228 ], [ -92.847617349893639, 16.927305798469934 ], [ -92.848065049551707, 16.927714339773075 ], [ -92.851344049645604, 16.93070649013935 ], [ -92.851301720158276, 16.930802109613992 ], [ -92.851276170303507, 16.930827549853387 ], [ -92.850676370242297, 16.931424880315074 ], [ -92.850425023201979, 16.931664755410715 ], [ -92.847889690150382, 16.934084309666645 ], [ -92.847413489583616, 16.936190970232722 ], [ -92.847266957606308, 16.936849707622667 ], [ -92.847241019716449, 16.936966310209655 ], [ -92.847039709625918, 16.937892280420591 ], [ -92.846574660436772, 16.93991027990559 ], [ -92.846161050443172, 16.941753570343963 ], [ -92.845943880078664, 16.942954249945014 ], [ -92.845808910015904, 16.943953249827615 ], [ -92.845556459679486, 16.944580479873316 ], [ -92.845275149578185, 16.945839379590566 ], [ -92.845023030323304, 16.946862829672437 ], [ -92.845023050115742, 16.946925939814953 ], [ -92.84467623032765, 16.947641379798718 ], [ -92.843316379730197, 16.950438909623138 ], [ -92.843102770440424, 16.950767800363661 ], [ -92.840705720408252, 16.95399514972156 ], [ -92.840231450050069, 16.956140200286612 ], [ -92.839757150453536, 16.958285249763279 ], [ -92.837790570128263, 16.961331660287318 ], [ -92.83854211962597, 16.962383449680836 ], [ -92.838859120472023, 16.963002139952415 ], [ -92.839465649869084, 16.963871429785126 ], [ -92.84038490995097, 16.964922060404152 ], [ -92.841109230047081, 16.965606109993757 ], [ -92.841661830293162, 16.965854320013523 ], [ -92.8419497498179, 16.965943799969924 ], [ -92.842625829874279, 16.966017480211438 ], [ -92.843038910386824, 16.96860371003147 ], [ -92.843315539989391, 16.968790920224592 ], [ -92.84347087956138, 16.968896519776244 ], [ -92.843626229548406, 16.968961089885848 ], [ -92.843839489965404, 16.969005199862387 ], [ -92.844034479983776, 16.969037599686867 ], [ -92.84415023039135, 16.969105059864024 ], [ -92.844256770263343, 16.969231120188176 ], [ -92.844510459577535, 16.969710399600825 ], [ -92.844565179718217, 16.969859860038941 ], [ -92.844644369730929, 16.969921449902188 ], [ -92.844784539604248, 16.969924479840429 ], [ -92.844985599749862, 16.969986150064358 ], [ -92.845211060153559, 16.970021490026657 ], [ -92.846632539731516, 16.970123230412167 ], [ -92.846842769534973, 16.970161479964062 ], [ -92.846988979665454, 16.970226049755627 ], [ -92.849351527690459, 16.970367833335985 ], [ -92.849707289704014, 16.970389180419009 ], [ -92.84965274982433, 16.972102139824848 ], [ -92.849596802392568, 16.972612365640959 ], [ -92.849593405214804, 16.972643347244826 ], [ -92.849559331797849, 16.972954084291 ], [ -92.849557164579139, 16.972973844683828 ], [ -92.849555908815788, 16.972985298605092 ], [ -92.849547847637254, 16.973058810982511 ], [ -92.849543909593379, 16.973094725306801 ], [ -92.849539972324919, 16.973130627922131 ], [ -92.849468664596287, 16.973780930763155 ], [ -92.849463356420372, 16.973829341316545 ], [ -92.849458439445243, 16.973874181261898 ], [ -92.849443874318055, 16.974007006570371 ], [ -92.849427850361451, 16.974153140356265 ], [ -92.849237680137236, 16.974372630159028 ], [ -92.849097449677245, 16.974448709886289 ], [ -92.849079732967922, 16.974452171345696 ], [ -92.848948089998487, 16.974477890050863 ], [ -92.848838399991422, 16.974463170204093 ], [ -92.848821930105601, 16.97445432233571 ], [ -92.848680029871048, 16.974378090007438 ], [ -92.848673287384855, 16.974388781451761 ], [ -92.848667859073061, 16.974397390025892 ], [ -92.848648388920452, 16.974428265362722 ], [ -92.848641020246788, 16.974439950391837 ], [ -92.848616307447585, 16.97443634767188 ], [ -92.848266220156063, 16.974385310104637 ], [ -92.848089079594189, 16.974372750408708 ], [ -92.847885169663357, 16.974344399961552 ], [ -92.847827650326721, 16.974348460184977 ], [ -92.847553107601087, 16.974552254276016 ], [ -92.847543980019054, 16.974559029755934 ], [ -92.847334600368214, 16.974812230066266 ], [ -92.847209629953383, 16.975041029841112 ], [ -92.847174519988883, 16.975144820439244 ], [ -92.847166519962286, 16.975295170119061 ], [ -92.847127859561482, 16.975422940012578 ], [ -92.846920089597745, 16.975797119687495 ], [ -92.846847110349771, 16.976011150000634 ], [ -92.846797579582471, 16.976085830067504 ], [ -92.846660890097368, 16.976246229925039 ], [ -92.846376079758826, 16.976495660137161 ], [ -92.846109659830788, 16.976668650335188 ], [ -92.845892290303155, 16.976853519854526 ], [ -92.845822970345935, 16.976989339733986 ], [ -92.8457760598302, 16.977129579965386 ], [ -92.845734290110542, 16.977359430268169 ], [ -92.845649740032783, 16.977574520208989 ], [ -92.84552107963242, 16.977806319646767 ], [ -92.845419420232048, 16.978091279796185 ], [ -92.845296249690506, 16.978285119948076 ], [ -92.845062599537414, 16.978475370162595 ], [ -92.844645119526916, 16.978659200386389 ], [ -92.845408119706008, 16.983435490053182 ], [ -92.841948449970033, 16.98343242957079 ], [ -92.841527109876097, 16.983785510248286 ], [ -92.841061540410905, 16.984116849897486 ], [ -92.840558080315432, 16.984365750035863 ], [ -92.840092710250815, 16.984491030045778 ], [ -92.839585510228247, 16.984596180189214 ], [ -92.839146260131713, 16.984741579670846 ], [ -92.838926650233347, 16.984791680161855 ], [ -92.838921280434661, 16.984947460055135 ], [ -92.838790490154281, 16.985052919618973 ], [ -92.83864736981451, 16.985532940419137 ], [ -92.838579290191404, 16.985643450315976 ], [ -92.838573949741075, 16.985779139965317 ], [ -92.83835413988335, 16.986060430276449 ], [ -92.837972249922359, 16.986371720145524 ], [ -92.837925019642185, 16.986582780152244 ], [ -92.837846370250247, 16.986854119928989 ], [ -92.837663249847353, 16.987019829789315 ], [ -92.837651029902162, 16.987264600283901 ], [ -92.837509650240321, 16.987525829930789 ], [ -92.83735747988986, 16.988163999869638 ], [ -92.837288920030105, 16.988857519711424 ], [ -92.837405089669645, 16.992308019760205 ], [ -92.83562833982684, 16.993044890189239 ], [ -92.832696999573471, 16.994070650114896 ], [ -92.831713430006175, 16.994624180241139 ], [ -92.828977579787974, 16.996163859790304 ], [ -92.828697510435731, 16.996321220387365 ], [ -92.82864778024549, 16.996349829609944 ], [ -92.828433230162361, 16.996469800109743 ], [ -92.828224999639488, 16.996586980109853 ], [ -92.825540719931084, 16.998097570142409 ], [ -92.825236770315456, 16.998260090419855 ], [ -92.824452040693501, 16.998414876217709 ], [ -92.82268896589072, 16.998762622416503 ], [ -92.82193401972782, 16.998911520044427 ], [ -92.821825640137789, 16.998894966336181 ] ] ] } },
{ "type": "Feature", "properties": { "CVEGEO": "07023", "CVE_ENT": "07", "CVE_MUN": "023", "NOMGEO": "Chamula", "Olvida2": 1, "Region": "V Altos Tsotsil Tseltal", "Cabecera": "San Cristóbal de Las Casas" }, "geometry": { "type": "Polygon", "coordinates": [ [ [ -92.69054909014929, 16.895909229789073 ], [ -92.687470180140636, 16.889713450409527 ], [ -92.68203242994143, 16.887632564716217 ], [ -92.680940889883544, 16.887214830278122 ], [ -92.674269029856191, 16.884637800140094 ], [ -92.671882509618683, 16.883996150088677 ], [ -92.672084419871354, 16.883266849663446 ], [ -92.672271890211888, 16.882162420219309 ], [ -92.671638540162164, 16.882974091062156 ], [ -92.671114580392796, 16.883620309727188 ], [ -92.671082059612345, 16.883649570131226 ], [ -92.670334540276755, 16.88432211025739 ], [ -92.670031630278899, 16.884784970325992 ], [ -92.669832579737516, 16.885190950488184 ], [ -92.669297799903873, 16.885916280232344 ], [ -92.669101279677136, 16.886191480747669 ], [ -92.667895180193185, 16.887620169795721 ], [ -92.667452460280046, 16.888146721211331 ], [ -92.667398059648221, 16.888191280663502 ], [ -92.6668214295252, 16.888622850457853 ], [ -92.665951320300863, 16.889239520125578 ], [ -92.66578617997699, 16.889324629966747 ], [ -92.666016779743927, 16.888340890081345 ], [ -92.666069879961057, 16.88712132029093 ], [ -92.666437139952606, 16.885109000326469 ], [ -92.666429720003663, 16.884061780486292 ], [ -92.666535599823106, 16.882245309812681 ], [ -92.644606779875829, 16.876544650296015 ], [ -92.64444835027048, 16.876478461365569 ], [ -92.644318880024613, 16.87641525961099 ], [ -92.642675339663825, 16.875580149574155 ], [ -92.64236051952075, 16.875845060385817 ], [ -92.642011519967653, 16.876130859829686 ], [ -92.64094514019061, 16.877004221030035 ], [ -92.635727279639468, 16.876893569718927 ], [ -92.637029320206238, 16.875507850404691 ], [ -92.63728764954854, 16.874414620312645 ], [ -92.637296680127932, 16.872727320226673 ], [ -92.637854230241715, 16.870821680257954 ], [ -92.637672770039146, 16.869684940357921 ], [ -92.637684312476011, 16.869579140992602 ], [ -92.637736289763211, 16.869102720342475 ], [ -92.637687890021851, 16.868934910190632 ], [ -92.637667109785326, 16.868309970192801 ], [ -92.637651636574503, 16.868168984107506 ], [ -92.637588310357771, 16.86759197008244 ], [ -92.637333800188188, 16.865727629752698 ], [ -92.637023219897415, 16.865150079899799 ], [ -92.636992290051836, 16.864927480004496 ], [ -92.637122029593499, 16.864691020307397 ], [ -92.638354429843645, 16.863439399676444 ], [ -92.638472679972907, 16.86305596966908 ], [ -92.639040479732458, 16.862086519617201 ], [ -92.637739090432888, 16.861017599732655 ], [ -92.637578800197858, 16.860561620438791 ], [ -92.637074690267596, 16.859948109872942 ], [ -92.636800089576738, 16.859572619616976 ], [ -92.636216150069373, 16.859544629937208 ], [ -92.635223919876395, 16.859249279632312 ], [ -92.634080119777877, 16.859542349943826 ], [ -92.633627769548994, 16.859549229822701 ], [ -92.633403270424722, 16.859614271775538 ], [ -92.632944860012472, 16.859747080342363 ], [ -92.632784449555388, 16.859944227524956 ], [ -92.632216519967557, 16.860642219592936 ], [ -92.631238710336419, 16.860997520470285 ], [ -92.630151489707714, 16.861067000204709 ], [ -92.630126569573093, 16.860997620457763 ], [ -92.630174259982738, 16.860751830436563 ], [ -92.630104488328143, 16.860190001134402 ], [ -92.629906938596946, 16.859971460119947 ], [ -92.629890580364602, 16.859727221363794 ], [ -92.629912308500153, 16.859293830512083 ], [ -92.629791279536803, 16.859053179845766 ], [ -92.629558630341947, 16.858962939995131 ], [ -92.62954494929258, 16.858634580052641 ], [ -92.629621178628696, 16.858343860552502 ], [ -92.629378526854069, 16.858049633329081 ], [ -92.629118248498273, 16.857734032160455 ], [ -92.628585192424282, 16.857451049562012 ], [ -92.627792912753563, 16.85703044847363 ], [ -92.627744287033792, 16.857004630403516 ], [ -92.627429088828833, 16.857313491124163 ], [ -92.627394120340426, 16.857525880148 ], [ -92.627419949881897, 16.857623309737786 ], [ -92.627454740116647, 16.857723859971447 ], [ -92.627509937644277, 16.857903280904459 ], [ -92.627567549141347, 16.857994170006091 ], [ -92.627614879159083, 16.858074230809919 ], [ -92.627680508929203, 16.858213620211956 ], [ -92.627730829216404, 16.858447510406805 ], [ -92.627694090306591, 16.858518890921729 ], [ -92.627684228886096, 16.858757779999273 ], [ -92.627713618672388, 16.858888599964015 ], [ -92.627687949889662, 16.859359860901041 ], [ -92.627517940047056, 16.859001630022377 ], [ -92.627348248587808, 16.858669380286024 ], [ -92.627225679240837, 16.858429133298905 ], [ -92.627288458549287, 16.858997140934537 ], [ -92.627310779740782, 16.859942029754247 ], [ -92.627154423492598, 16.860186943732593 ], [ -92.627075339068128, 16.860310819654106 ], [ -92.626989309294416, 16.860592711160315 ], [ -92.626982849823818, 16.860768980177735 ], [ -92.627019150297244, 16.860933579587094 ], [ -92.627098080094697, 16.861162921341407 ], [ -92.62713285908174, 16.861279429615873 ], [ -92.627160598827004, 16.861570569777573 ], [ -92.62713818016914, 16.861841491302677 ], [ -92.627118311128214, 16.861892063988865 ], [ -92.627092025941778, 16.86195897003692 ], [ -92.62702565027881, 16.862127920008074 ], [ -92.627015659713607, 16.862371619707691 ], [ -92.627071749375006, 16.862592080873281 ], [ -92.627120852405554, 16.862738639788706 ], [ -92.627255229623955, 16.863139681262439 ], [ -92.627486000114274, 16.86390126110717 ], [ -92.627522650399669, 16.864071570505317 ], [ -92.627573059989842, 16.864226450592966 ], [ -92.627642450158319, 16.864383029630538 ], [ -92.627720689961507, 16.864524691162135 ], [ -92.627757969683273, 16.86467374954854 ], [ -92.627774458988711, 16.864889120129195 ], [ -92.627732359939927, 16.865186452375639 ], [ -92.627719139794237, 16.86527983071085 ], [ -92.627696539193437, 16.865763651000375 ], [ -92.627696597306752, 16.865764343855783 ], [ -92.62770010787176, 16.865807058099673 ], [ -92.627712148772275, 16.86595360028462 ], [ -92.627784059515662, 16.866276550056284 ], [ -92.627792980875924, 16.866344662288821 ], [ -92.62781728993555, 16.866530281307906 ], [ -92.627803149739506, 16.866730569987425 ], [ -92.62776700011959, 16.866866831104723 ], [ -92.627790155024329, 16.866856094486298 ], [ -92.628033260196048, 16.866743380166163 ], [ -92.628058250448845, 16.866813539647591 ], [ -92.62831727975616, 16.86732501965886 ], [ -92.628317019684218, 16.867455369735101 ], [ -92.628278799648626, 16.867606510139705 ], [ -92.628191889789434, 16.867726290353367 ], [ -92.627969229987158, 16.868007459785357 ], [ -92.627947309874287, 16.868132569625228 ], [ -92.627950683849846, 16.868210687659545 ], [ -92.627952490219698, 16.868252509633074 ], [ -92.628038910195087, 16.868383019809599 ], [ -92.628726289559339, 16.868702340106044 ], [ -92.628758660013546, 16.868775400385225 ], [ -92.628731379981062, 16.868869199606152 ], [ -92.628550349596466, 16.869205879862868 ], [ -92.628539310175299, 16.869315370019503 ], [ -92.628539150107059, 16.869388369685009 ], [ -92.628558807586145, 16.869412902586387 ], [ -92.628668859996651, 16.869550249668073 ], [ -92.628712089726946, 16.86960245998463 ], [ -92.62872275029649, 16.869696339836686 ], [ -92.628657519808712, 16.869805719746392 ], [ -92.628565230240369, 16.86990462963886 ], [ -92.628548660413315, 16.870066250087987 ], [ -92.628635080302317, 16.870201969944873 ], [ -92.628813599555102, 16.870332659767598 ], [ -92.628856770067202, 16.870421380356309 ], [ -92.62885653955064, 16.870541310015238 ], [ -92.628765349120386, 16.870745042343842 ], [ -92.62870962012002, 16.870869550432467 ], [ -92.628725679534611, 16.870968650228811 ], [ -92.628790379771914, 16.871125199943496 ], [ -92.628957980131588, 16.871297570425686 ], [ -92.629082340293721, 16.871428150067672 ], [ -92.629123620123053, 16.871541659607793 ], [ -92.629181604953345, 16.871735044636011 ], [ -92.629190031004129, 16.871763145331304 ], [ -92.629196289729691, 16.871784020301224 ], [ -92.629198724311777, 16.87179213748071 ], [ -92.62960614968209, 16.87315060004919 ], [ -92.629698880222605, 16.873766340274816 ], [ -92.629877569786117, 16.873780819781953 ], [ -92.629987940242373, 16.874568979612867 ], [ -92.629792519930774, 16.874605739900783 ], [ -92.629847914838223, 16.874951639402511 ], [ -92.629856338271111, 16.875004238470186 ], [ -92.629866611745911, 16.875068388375993 ], [ -92.6301239096112, 16.87667498005526 ], [ -92.629969804856586, 16.876690744061104 ], [ -92.629908609135896, 16.876697002836554 ], [ -92.629844428880915, 16.876703567416122 ], [ -92.628248392775987, 16.876866816577049 ], [ -92.627311580212364, 16.876962629710611 ], [ -92.623178709586341, 16.876366800261703 ], [ -92.621971349670233, 16.876457889976301 ], [ -92.618537860161624, 16.873381079761085 ], [ -92.617759310291206, 16.872875119988212 ], [ -92.617491920171133, 16.872682740005828 ], [ -92.617227090257401, 16.872301339620108 ], [ -92.617032690253509, 16.872157119759013 ], [ -92.616765950065968, 16.87191748040631 ], [ -92.616620949904586, 16.871750259930415 ], [ -92.616307999634273, 16.871297349844561 ], [ -92.616164909911589, 16.870988370329808 ], [ -92.616070249637488, 16.870727249918907 ], [ -92.615974969726423, 16.870513379574401 ], [ -92.61590294016726, 16.870394319753618 ], [ -92.615807649721006, 16.870180459594273 ], [ -92.615712680212766, 16.869942949829312 ], [ -92.615639875907974, 16.869871004438753 ], [ -92.615494710290889, 16.869727550334531 ], [ -92.615226690482885, 16.869582429727263 ], [ -92.609856999702643, 16.867388519734718 ], [ -92.609822920209965, 16.866277430122526 ], [ -92.607915689935297, 16.865757310417351 ], [ -92.605729280428449, 16.865918970368497 ], [ -92.605442003443301, 16.866022417532257 ], [ -92.605285370362836, 16.866078820165445 ], [ -92.605187591976545, 16.866077592304752 ], [ -92.605056336784713, 16.866075942933165 ], [ -92.605015450304933, 16.866075429692394 ], [ -92.604744889943944, 16.866119309859595 ], [ -92.604548599776592, 16.866116849548597 ], [ -92.604461064290376, 16.866098848284565 ], [ -92.604416631426758, 16.866089711100361 ], [ -92.604383666693153, 16.866082931815619 ], [ -92.604303859669827, 16.86606652030742 ], [ -92.602544945100277, 16.865498897697965 ], [ -92.602242140300262, 16.86540117632617 ], [ -92.602216340167573, 16.865392850388297 ], [ -92.602112170962158, 16.864896934935434 ], [ -92.602010199596393, 16.864411480418493 ], [ -92.601457249755398, 16.864166089784852 ], [ -92.60135057953066, 16.863781030189767 ], [ -92.600012431221401, 16.863575301271947 ], [ -92.595339176111125, 16.862856728766253 ], [ -92.595310691846677, 16.862852348095924 ], [ -92.595286061499024, 16.862848560238028 ], [ -92.595078036887472, 16.862816570599492 ], [ -92.595061532669561, 16.862814032788854 ], [ -92.595034667648036, 16.862809901884635 ], [ -92.593509619751543, 16.862575369804393 ], [ -92.592680345647452, 16.862380498623232 ], [ -92.589612370071606, 16.861659509682166 ], [ -92.588087050382484, 16.861178459778056 ], [ -92.587674120287232, 16.861039709830198 ], [ -92.587325860173507, 16.860863750201538 ], [ -92.5822722091429, 16.859436770273931 ], [ -92.581656319564132, 16.859262850109396 ], [ -92.577713859716283, 16.857909509977691 ], [ -92.576763365123583, 16.857548160502141 ], [ -92.573148509684231, 16.856173829550421 ], [ -92.571677063740111, 16.855572736129321 ], [ -92.569805169583788, 16.854808030334258 ], [ -92.568291399653063, 16.85424528007843 ], [ -92.56722102449892, 16.854191070347976 ], [ -92.562351922761849, 16.853944374007074 ], [ -92.55894806018641, 16.853771819595622 ], [ -92.556598007422579, 16.853629476689107 ], [ -92.549557029890778, 16.853202780122437 ], [ -92.545760619848778, 16.85236842036019 ], [ -92.540221689775876, 16.852161429932451 ], [ -92.53713448032876, 16.851814519792498 ], [ -92.538445400369028, 16.849302859755824 ], [ -92.540028460075689, 16.846629280075874 ], [ -92.540911089885455, 16.844915550308873 ], [ -92.542096290153651, 16.842614940423303 ], [ -92.543494109555681, 16.83736315032273 ], [ -92.54327003040413, 16.826962620375557 ], [ -92.54324105987385, 16.825574707797422 ], [ -92.543191968228101, 16.823222752476358 ], [ -92.543180640092558, 16.822680044051705 ], [ -92.543163796395106, 16.821873077521527 ], [ -92.543122510317431, 16.819895019574698 ], [ -92.542994509699454, 16.818790519711559 ], [ -92.543014179709459, 16.818386199934821 ], [ -92.542160539838207, 16.814094310221439 ], [ -92.540952450186168, 16.808816520359503 ], [ -92.541903659151444, 16.806925680896828 ], [ -92.542988379857391, 16.804769379890477 ], [ -92.545786650400203, 16.801118819847574 ], [ -92.546091740240328, 16.798570569958162 ], [ -92.546391600113282, 16.796400340459172 ], [ -92.546583550484854, 16.79493767973268 ], [ -92.546613290400828, 16.794559949860478 ], [ -92.546715000002692, 16.794301319681662 ], [ -92.546722180299298, 16.793781520059014 ], [ -92.546703859669094, 16.793332290245399 ], [ -92.545792980034122, 16.790012260024181 ], [ -92.545651050410143, 16.789632340361955 ], [ -92.545506829826579, 16.789417820243806 ], [ -92.545483919953384, 16.789299350447518 ], [ -92.545413289896928, 16.789085769828066 ], [ -92.54531681997635, 16.788966379626977 ], [ -92.545298489783647, 16.788517150113453 ], [ -92.544061749842527, 16.788127429941351 ], [ -92.543984310146399, 16.788174540121805 ], [ -92.543195919822239, 16.787337819573057 ], [ -92.541751624176797, 16.785804873905494 ], [ -92.541691020413793, 16.785740549677339 ], [ -92.541673797022383, 16.785720765480836 ], [ -92.541610636166965, 16.785648209915561 ], [ -92.541487961800527, 16.785507290025219 ], [ -92.540878796811683, 16.784807521311354 ], [ -92.540006710025537, 16.783805709972643 ], [ -92.539838281393372, 16.783007009936803 ], [ -92.539821940863803, 16.782929523795193 ], [ -92.539804416646987, 16.782846423209943 ], [ -92.539371215790112, 16.780792113731998 ], [ -92.539234545956006, 16.78014399192779 ], [ -92.539220509860002, 16.780077429808781 ], [ -92.539218497440118, 16.780033783852016 ], [ -92.5392163614179, 16.779987477595203 ], [ -92.539216020325853, 16.779980090015908 ], [ -92.539200690238715, 16.779942979590633 ], [ -92.537305092709303, 16.777341068742007 ], [ -92.536723770221286, 16.776543119658829 ], [ -92.537472279581806, 16.774403370292877 ], [ -92.537515800217435, 16.77303332004303 ], [ -92.538217939764635, 16.770159339564536 ], [ -92.537767779947558, 16.76370223038866 ], [ -92.53645985017242, 16.762503849996843 ], [ -92.535289969990686, 16.760196569612479 ], [ -92.53502674968567, 16.759720550215562 ], [ -92.53478774007408, 16.759268490139423 ], [ -92.534893380132871, 16.758726319813849 ], [ -92.535050349663251, 16.75801941996022 ], [ -92.535105950034975, 16.75754748970866 ], [ -92.535159580315892, 16.757217349738994 ], [ -92.535314919757965, 16.756628570417739 ], [ -92.535381577418008, 16.756474035261544 ], [ -92.535517660071832, 16.756158549763128 ], [ -92.535718110062533, 16.755853919684093 ], [ -92.535138780151826, 16.753412460359556 ], [ -92.534486829726006, 16.752671489706838 ], [ -92.53403071974634, 16.751956689833335 ], [ -92.533548480155346, 16.751359689788917 ], [ -92.533263999883644, 16.750828829943888 ], [ -92.533165949968804, 16.750645829905487 ], [ -92.532646411160968, 16.750472671430725 ], [ -92.531396119645422, 16.750055949969259 ], [ -92.527931980339588, 16.74830504963089 ], [ -92.526835279645937, 16.748366149992513 ], [ -92.529944394950462, 16.743897858925237 ], [ -92.530730709976837, 16.742767749575602 ], [ -92.533580180365959, 16.738935599818976 ], [ -92.533606630039586, 16.738813280446898 ], [ -92.534011680119676, 16.738796550066137 ], [ -92.534593150102282, 16.739002939695542 ], [ -92.534427570342672, 16.739420479920231 ], [ -92.534441720309658, 16.739628090126818 ], [ -92.534559710001076, 16.739692710162657 ], [ -92.534758690312117, 16.739650629970715 ], [ -92.535519980458162, 16.73986339986746 ], [ -92.535652709907041, 16.739840459858812 ], [ -92.535728739885684, 16.739730049601537 ], [ -92.536095970383371, 16.739456850226173 ], [ -92.536762289583592, 16.739353379717972 ], [ -92.537974780207023, 16.739419569702719 ], [ -92.538070419824138, 16.739518630178857 ], [ -92.53908742989195, 16.740017919905533 ], [ -92.5391242002204, 16.74045404975239 ], [ -92.539230450064352, 16.740517630257806 ], [ -92.539269460180719, 16.740483029966253 ], [ -92.539301319600597, 16.740302200089872 ], [ -92.539726619625611, 16.740140320120592 ], [ -92.539987780254094, 16.739968749802802 ], [ -92.540695549702775, 16.739149970197953 ], [ -92.540832319672887, 16.739169740202815 ], [ -92.541782153022339, 16.738507142996149 ], [ -92.541871649998171, 16.738444709629189 ], [ -92.542078138412563, 16.738531019398994 ], [ -92.542185080441953, 16.738575719768161 ], [ -92.542241873447665, 16.738544227228822 ], [ -92.54271647978436, 16.738281049617186 ], [ -92.542765689756123, 16.738159219910635 ], [ -92.542587169731718, 16.738069340247659 ], [ -92.542487030343977, 16.737877709826865 ], [ -92.542580749786623, 16.737178859835424 ], [ -92.543251909880027, 16.73684349028423 ], [ -92.543792970250095, 16.736700090452437 ], [ -92.54443179952608, 16.736706770168048 ], [ -92.5448960602277, 16.736635279786839 ], [ -92.545043919884407, 16.736725229750203 ], [ -92.545275969651271, 16.737125689624552 ], [ -92.545379420395804, 16.737194510140952 ], [ -92.545456180220526, 16.737173860141741 ], [ -92.545535280016765, 16.737060349782791 ], [ -92.545604769697817, 16.736462319654034 ], [ -92.545732059521114, 16.736421030235057 ], [ -92.547014620371201, 16.736187570407601 ], [ -92.553597029965729, 16.738545920071559 ], [ -92.553823450338427, 16.738650780292421 ], [ -92.554825849611206, 16.739060599921061 ], [ -92.554890421419472, 16.739081470207509 ], [ -92.554914400264707, 16.739089219870777 ], [ -92.555819295356798, 16.73942766887572 ], [ -92.557466449711001, 16.740043720220633 ], [ -92.559385080232886, 16.740527880451918 ], [ -92.559534739565962, 16.740576249800618 ], [ -92.56011671980157, 16.740927380051193 ], [ -92.560264090305537, 16.741036599687174 ], [ -92.561565369975213, 16.741839980443729 ], [ -92.561693250010862, 16.741907309697787 ], [ -92.562131739841945, 16.742083739995742 ], [ -92.563044769895697, 16.742465630205189 ], [ -92.563131420363291, 16.742501859669446 ], [ -92.563652169927522, 16.74259860011415 ], [ -92.56373797002108, 16.742632569721845 ], [ -92.56502434959063, 16.743693459805698 ], [ -92.565145220260959, 16.743758689984144 ], [ -92.565843339576631, 16.743804219872821 ], [ -92.566072119674573, 16.743814450090447 ], [ -92.56620600041866, 16.743860750478675 ], [ -92.566617000174148, 16.744090049583846 ], [ -92.566715970256325, 16.744111660034619 ], [ -92.567730969810839, 16.744554459755676 ], [ -92.567823540351284, 16.744621149919031 ], [ -92.570101690290045, 16.745805200053585 ], [ -92.571133659750373, 16.746188400068991 ], [ -92.571294379735988, 16.74624879957144 ], [ -92.57164743025362, 16.74639942036481 ], [ -92.571814649873147, 16.746477429919437 ], [ -92.572943520212476, 16.747039769871442 ], [ -92.573328090226369, 16.747207710419083 ], [ -92.574168749848582, 16.747553369608656 ], [ -92.57424607969098, 16.747696259949965 ], [ -92.575676420104955, 16.748214079817615 ], [ -92.577159429837607, 16.748672290028104 ], [ -92.577356399571428, 16.748728519908234 ], [ -92.577866450314758, 16.748881799937905 ], [ -92.577949459654448, 16.748906599535065 ], [ -92.580192199595317, 16.749544369656768 ], [ -92.5805830296339, 16.750828829999602 ], [ -92.580747452045543, 16.751369170255632 ], [ -92.58077817046869, 16.751470119708099 ], [ -92.580975719626053, 16.752142949907153 ], [ -92.581222629799512, 16.754112850001846 ], [ -92.58137022978147, 16.758404510310424 ], [ -92.581380489857565, 16.758617260294734 ], [ -92.58143203423019, 16.758790081245586 ], [ -92.581665720022372, 16.759573599666773 ], [ -92.581674820038288, 16.759594469413013 ], [ -92.582601139950683, 16.761718800223498 ], [ -92.58267785813554, 16.761966705655567 ], [ -92.582942054058194, 16.762820421442541 ], [ -92.583597161659057, 16.764937279172766 ], [ -92.583656994335783, 16.765130612953165 ], [ -92.583756969962465, 16.765453660265493 ], [ -92.583892914234454, 16.765625137558299 ], [ -92.585018510085817, 16.767044919859089 ], [ -92.585331370652042, 16.76751818937861 ], [ -92.586433599589185, 16.769185519799024 ], [ -92.5868071698373, 16.770561000255046 ], [ -92.586954909636717, 16.772570490275577 ], [ -92.587765369652871, 16.774355090125351 ], [ -92.588912220054539, 16.776251480048831 ], [ -92.58939586017955, 16.776593170145375 ], [ -92.590682059734959, 16.777828029765594 ], [ -92.590995859799079, 16.778585519693539 ], [ -92.591262149683942, 16.779883430023855 ], [ -92.592250860009884, 16.781701080337648 ], [ -92.592519369925299, 16.782381909925761 ], [ -92.592808919675278, 16.78263103028776 ], [ -92.596874689830088, 16.788673850403669 ], [ -92.598029180315592, 16.789772320208652 ], [ -92.598790460341249, 16.78949275014249 ], [ -92.602443339965916, 16.787241309701773 ], [ -92.604188829612553, 16.784842249885475 ], [ -92.612665861230994, 16.775036882750918 ], [ -92.612973578404748, 16.774680914494585 ], [ -92.614139189941142, 16.773332513142829 ], [ -92.614905194366912, 16.772446367428177 ], [ -92.615203531666666, 16.772101234306596 ], [ -92.615208235683426, 16.77209579259593 ], [ -92.61524475024045, 16.772053550228215 ], [ -92.615361993999485, 16.771999007317646 ], [ -92.615486319678922, 16.771941170313823 ], [ -92.615492837389624, 16.77145671857998 ], [ -92.615501890400907, 16.770783879937436 ], [ -92.617103679627164, 16.770236710375865 ], [ -92.617489423891499, 16.768799569670776 ], [ -92.618627180483855, 16.764560549651577 ], [ -92.624579139666167, 16.761538949842645 ], [ -92.62505080003487, 16.761119450105138 ], [ -92.627117169795326, 16.760672510203719 ], [ -92.629061540097538, 16.760176750198028 ], [ -92.631714199556185, 16.764961050154749 ], [ -92.632149910198166, 16.764946310091606 ], [ -92.633599480297633, 16.764777110067893 ], [ -92.6355441404109, 16.764243520449757 ], [ -92.635999820273653, 16.764156740264955 ], [ -92.637233709554081, 16.764305450275977 ], [ -92.638307000145346, 16.76436835012327 ], [ -92.639026260344295, 16.764481550302555 ], [ -92.639657480211469, 16.764402340454083 ], [ -92.640323719527387, 16.764070380191317 ], [ -92.640864659560606, 16.763728680331798 ], [ -92.641252229910066, 16.763671290422923 ], [ -92.641598709779075, 16.763852140322783 ], [ -92.64225802013317, 16.764692630122635 ], [ -92.642707319882561, 16.765304279737173 ], [ -92.644930119697818, 16.767323060180104 ], [ -92.645398909538216, 16.767933879988185 ], [ -92.645711580065822, 16.768341259933226 ], [ -92.646100429853789, 16.76877785015823 ], [ -92.646314200229142, 16.769455250194504 ], [ -92.647347350171131, 16.769161029673814 ], [ -92.648320490259863, 16.769020370044892 ], [ -92.649174519813997, 16.76898852029904 ], [ -92.651895770219667, 16.768296379907326 ], [ -92.654433350143009, 16.767750520271274 ], [ -92.655168414533478, 16.767533229384313 ], [ -92.655175240801597, 16.767531211529914 ], [ -92.655241187568365, 16.767511716607444 ], [ -92.656968909661373, 16.767000969580874 ], [ -92.665977400372924, 16.766070680216135 ], [ -92.669131520409422, 16.761324579928413 ], [ -92.669160920404934, 16.761192769876526 ], [ -92.669371660081381, 16.761153621344285 ], [ -92.66995833873186, 16.760303480406765 ], [ -92.669967811562785, 16.760312186125034 ], [ -92.670186049169629, 16.760512780249051 ], [ -92.670400459970708, 16.76063897052487 ], [ -92.670719952207165, 16.760748502400276 ], [ -92.671182419259907, 16.760907050168612 ], [ -92.672234618692002, 16.761312770405677 ], [ -92.67224852271255, 16.761313340839042 ], [ -92.674135150181058, 16.761390770473344 ], [ -92.674135672317817, 16.761391113389337 ], [ -92.674522499191582, 16.761645466552633 ], [ -92.674591008233051, 16.761690513660898 ], [ -92.677060392102632, 16.763314180562311 ], [ -92.677749318634184, 16.763767150152749 ], [ -92.67781667463835, 16.763805621004199 ], [ -92.67833284939806, 16.764100439309271 ], [ -92.67842567987222, 16.764153459887886 ], [ -92.678431710492362, 16.764149359252709 ], [ -92.678816317785632, 16.763887836232389 ], [ -92.678947336175355, 16.763798746138644 ], [ -92.678961199628404, 16.763789319537647 ], [ -92.678984450191294, 16.763756061162777 ], [ -92.679024169444929, 16.763719021141082 ], [ -92.67945551911798, 16.762737490643264 ], [ -92.679723575505051, 16.762203391151935 ], [ -92.679988779639871, 16.761674970780163 ], [ -92.680452200185471, 16.761076860605368 ], [ -92.680776460184248, 16.761104169925908 ], [ -92.680782467239752, 16.761104903692679 ], [ -92.680832793036245, 16.761111053531412 ], [ -92.680906868708561, 16.761120104675197 ], [ -92.681718430208605, 16.761219270771768 ], [ -92.681763029308499, 16.761224719509979 ], [ -92.682012765305501, 16.76129340090559 ], [ -92.682214279671072, 16.761348819555419 ], [ -92.682332964709602, 16.761349035654714 ], [ -92.682582540356421, 16.761349490207543 ], [ -92.682757593383712, 16.761334680171444 ], [ -92.682992579719809, 16.761314799920186 ], [ -92.68304934567081, 16.7613132143833 ], [ -92.683212466792284, 16.761308658002932 ], [ -92.683288319874151, 16.761306539720032 ], [ -92.68338186057845, 16.761301777298769 ], [ -92.683660089426013, 16.761287612779491 ], [ -92.683685157618172, 16.761286336349261 ], [ -92.683712937247662, 16.76128492239809 ], [ -92.684037080221913, 16.761268419842647 ], [ -92.684046544257995, 16.761271597290527 ], [ -92.686718179991374, 16.762168659877755 ], [ -92.687438950172606, 16.762424740276007 ], [ -92.688017827175685, 16.762589699811596 ], [ -92.69032697192786, 16.763247698729177 ], [ -92.690331259551598, 16.763248920325712 ], [ -92.690378337343915, 16.763235811805426 ], [ -92.690387453284245, 16.763233273878047 ], [ -92.690448930072705, 16.763216156088621 ], [ -92.690556426597411, 16.763186225142444 ], [ -92.690612829763538, 16.763170520294512 ], [ -92.69078372639818, 16.763129378968575 ], [ -92.690840039014859, 16.763115822294864 ], [ -92.690899522982249, 16.763101502073944 ], [ -92.691205386181707, 16.763027868515064 ], [ -92.691255532491184, 16.763015796453054 ], [ -92.69130505104593, 16.763003874958201 ], [ -92.692035599624731, 16.762827999557114 ], [ -92.692508986466919, 16.762714032084496 ], [ -92.692708258958049, 16.762666056844406 ], [ -92.692949354954777, 16.762608012331398 ], [ -92.692959447141888, 16.762605582397271 ], [ -92.694301999782283, 16.762282350324192 ], [ -92.694424790794514, 16.762338867200775 ], [ -92.694625881193971, 16.762431423092401 ], [ -92.695078650347142, 16.762639817404235 ], [ -92.69775802018323, 16.763873000325429 ], [ -92.698539249703373, 16.764175280022375 ], [ -92.700015703799465, 16.76541505934102 ], [ -92.700210612749785, 16.765578721070348 ], [ -92.700216582222765, 16.7655837342243 ], [ -92.700218399726708, 16.765585260364865 ], [ -92.700447169935401, 16.76557474994603 ], [ -92.700981419930059, 16.765498380244189 ], [ -92.701525550134818, 16.76545337029324 ], [ -92.702016465705995, 16.765225949588629 ], [ -92.702098879868402, 16.765187769885696 ], [ -92.702200630995307, 16.765182445608428 ], [ -92.70302324310191, 16.765139399498047 ], [ -92.703031450013427, 16.765138969621358 ], [ -92.703267112955118, 16.765187216424128 ], [ -92.70327475004396, 16.765188780034237 ], [ -92.703424922518153, 16.76517552266909 ], [ -92.70359939976305, 16.765160120146437 ], [ -92.70434477028239, 16.765043460140767 ], [ -92.70457420008745, 16.765005120288325 ], [ -92.705304939684567, 16.764859090396222 ], [ -92.705496689911854, 16.764842880317829 ], [ -92.706678679640888, 16.764953979532258 ], [ -92.708227350059204, 16.765423219669753 ], [ -92.709099719760729, 16.766091659681624 ], [ -92.715671399829446, 16.767671479740866 ], [ -92.717498660280157, 16.768601720319364 ], [ -92.719001049894658, 16.769366540368139 ], [ -92.724289800336834, 16.770338420174465 ], [ -92.725085659710643, 16.7703916197521 ], [ -92.727156949554725, 16.770530080255725 ], [ -92.729175019757704, 16.77110256988087 ], [ -92.732842970303096, 16.772895029878789 ], [ -92.733651599658117, 16.77295062003946 ], [ -92.734410000149836, 16.77365857033508 ], [ -92.734985309653936, 16.773657020066327 ], [ -92.735623480331554, 16.773431680084222 ], [ -92.738527999666587, 16.772712089589955 ], [ -92.740467939779663, 16.772813250113138 ], [ -92.744091350052912, 16.777057920030629 ], [ -92.745506079983031, 16.778924080211134 ], [ -92.746148599808066, 16.780545049824326 ], [ -92.746337720160383, 16.780906630103981 ], [ -92.746341909976437, 16.780914642195672 ], [ -92.746394720087025, 16.781015619930329 ], [ -92.748107919884674, 16.780529510100582 ], [ -92.751304290084704, 16.777413579642012 ], [ -92.752661600283034, 16.776871220370651 ], [ -92.754069940085159, 16.776650819924939 ], [ -92.755478969678961, 16.776499489637974 ], [ -92.756985020100174, 16.776485429690108 ], [ -92.758297509896067, 16.776242860262329 ], [ -92.759751779728035, 16.775837740091092 ], [ -92.76149711003255, 16.775844450406723 ], [ -92.762812829932017, 16.77592426029085 ], [ -92.764561180256663, 16.776230320097401 ], [ -92.765544549667325, 16.776543540046546 ], [ -92.76729594032399, 16.7771489703639 ], [ -92.768639060426139, 16.777573950054695 ], [ -92.770198059719092, 16.778066000315217 ], [ -92.771037320342259, 16.778311460052439 ], [ -92.772883890140903, 16.778869879901567 ], [ -92.773249999616098, 16.778944450032494 ], [ -92.775528739651094, 16.779363399785289 ], [ -92.779998029885817, 16.780184999664947 ], [ -92.790107429932547, 16.780736349922289 ], [ -92.790817999975104, 16.779980690214249 ], [ -92.790996419959185, 16.779161999807148 ], [ -92.791034949925546, 16.779168309890736 ], [ -92.791159219778649, 16.779219539982197 ], [ -92.791265140019064, 16.779279939908516 ], [ -92.79133062037414, 16.779317459759444 ], [ -92.791381339855661, 16.779347169593066 ], [ -92.791489739620928, 16.779410250286528 ], [ -92.791606429979993, 16.779452750329686 ], [ -92.791659829677528, 16.779521020030739 ], [ -92.791740619918187, 16.779527060155775 ], [ -92.791813250378212, 16.77959272037171 ], [ -92.791897689565886, 16.779610709859487 ], [ -92.791923750405942, 16.779663379951916 ], [ -92.791987510385724, 16.779701310192159 ], [ -92.792073770285853, 16.77974073971216 ], [ -92.792138770196132, 16.779736280025073 ], [ -92.792192179539967, 16.779733720240262 ], [ -92.792397680345346, 16.77975584968074 ], [ -92.792487979991336, 16.77977405981137 ], [ -92.792518350283515, 16.779777629792456 ], [ -92.792599600278805, 16.779792550409255 ], [ -92.792689000182605, 16.779808490214926 ], [ -92.792804339890324, 16.779815749778919 ], [ -92.792956089688829, 16.779842199539569 ], [ -92.793094260009511, 16.77986623031148 ], [ -92.793250340171099, 16.779893449786503 ], [ -92.793339140394707, 16.779917140264722 ], [ -92.793406379952103, 16.779917660002745 ], [ -92.793512649764267, 16.77994325955537 ], [ -92.793590780266157, 16.779950690152688 ], [ -92.793764490270263, 16.77992664991433 ], [ -92.794028649834587, 16.779812279605974 ], [ -92.794185260227508, 16.779729180463846 ], [ -92.794260920309839, 16.779696949795994 ], [ -92.794511949604598, 16.779591139943594 ], [ -92.794765139507177, 16.779486550381804 ], [ -92.795095460196563, 16.779360230016724 ], [ -92.795538139920922, 16.77918426007583 ], [ -92.795845459927406, 16.779267920065397 ], [ -92.796251250222468, 16.779426690259733 ], [ -92.79817923030302, 16.776603460092492 ], [ -92.803033969586593, 16.775905579754809 ], [ -92.803613120448276, 16.775822319826251 ], [ -92.806432320339582, 16.775416969579972 ], [ -92.811558719585804, 16.77467980010918 ], [ -92.811072520435516, 16.776225649646044 ], [ -92.81112574027776, 16.776777280139513 ], [ -92.811393629586448, 16.777303949961549 ], [ -92.811708379893588, 16.777738149695921 ], [ -92.812069289902098, 16.778010909843196 ], [ -92.812765180093351, 16.778349599977261 ], [ -92.813725819835781, 16.778892890437113 ], [ -92.814088090063109, 16.779303660049088 ], [ -92.814572510431276, 16.779989369978857 ], [ -92.815316169920706, 16.78032761973693 ], [ -92.815771709674735, 16.780507459978931 ], [ -92.816585419858967, 16.780684020291012 ], [ -92.817304980349505, 16.780999459666678 ], [ -92.818143029626725, 16.781221800183161 ], [ -92.818913110319102, 16.781812829962877 ], [ -92.819011599891951, 16.782111000339533 ], [ -92.819445310247303, 16.782498090332307 ], [ -92.820380490424299, 16.782880550295634 ], [ -92.821001579977306, 16.782897830401474 ], [ -92.822455709789395, 16.782631339857538 ], [ -92.823388830180619, 16.782806749810462 ], [ -92.824254220161464, 16.783373889720089 ], [ -92.824758199673582, 16.783622290065118 ], [ -92.825236316234538, 16.783677230972732 ], [ -92.825499379675264, 16.783707459816977 ], [ -92.825960133772412, 16.784461524721618 ], [ -92.825960650130114, 16.784462370392532 ], [ -92.825751919553085, 16.785085459928943 ], [ -92.825444919980299, 16.785433380406083 ], [ -92.825337803536243, 16.785487898621422 ], [ -92.825337557739189, 16.785488023610302 ], [ -92.824708320242394, 16.785808279838587 ], [ -92.824400860219512, 16.786110200011553 ], [ -92.824094549680638, 16.78652712019586 ], [ -92.823692949942739, 16.786967950167337 ], [ -92.823100519552455, 16.787433539723857 ], [ -92.822626140208996, 16.787759999795885 ], [ -92.821721890040692, 16.788090420193786 ], [ -92.820958430125103, 16.788166489959906 ], [ -92.820049150063838, 16.787990829780842 ], [ -92.819212890213805, 16.787952540302278 ], [ -92.818403490203096, 16.788213059586795 ], [ -92.818238850159787, 16.788467650139591 ], [ -92.818388970331554, 16.789156419893459 ], [ -92.818629370032426, 16.78931524979404 ], [ -92.819371029862864, 16.789446429934159 ], [ -92.819968030335815, 16.789440920439922 ], [ -92.820684220268376, 16.789411310268761 ], [ -92.822262139876827, 16.789580780083149 ], [ -92.822669460427122, 16.78971505987813 ], [ -92.823055219844733, 16.790079580024781 ], [ -92.823876750126146, 16.791038220278484 ], [ -92.824237489705368, 16.791287939702499 ], [ -92.824832889806117, 16.791121400131157 ], [ -92.825186969573707, 16.790704030166726 ], [ -92.826064349954848, 16.790074750129417 ], [ -92.82625563044553, 16.790095999786207 ], [ -92.826449650005955, 16.790393280046949 ], [ -92.826956650461995, 16.79094070968965 ], [ -92.827390380006875, 16.791327780255497 ], [ -92.827639889682345, 16.791745850032601 ], [ -92.827738449598726, 16.792044340418659 ], [ -92.827903910112553, 16.792222229842846 ], [ -92.827925860430625, 16.792335060223198 ], [ -92.827500829959391, 16.792822120374826 ], [ -92.827025509574256, 16.793056570165234 ], [ -92.826524250451556, 16.793084220065193 ], [ -92.82578417018361, 16.793114080110598 ], [ -92.825355459749488, 16.793233079961027 ], [ -92.825310850061555, 16.793562650435355 ], [ -92.82393772021527, 16.796781459882837 ], [ -92.818740579825842, 16.802976969894498 ], [ -92.816204289769018, 16.806652679647421 ], [ -92.812683119856629, 16.810675569790163 ], [ -92.813572939712955, 16.811096689715121 ], [ -92.813638256343424, 16.81186774981725 ], [ -92.813647380387749, 16.811975460429437 ], [ -92.813650994876937, 16.812339869389611 ], [ -92.813657420312978, 16.812987619722001 ], [ -92.813570749852559, 16.813885620050804 ], [ -92.813570563821855, 16.813886721737546 ], [ -92.813457949987793, 16.814553820066617 ], [ -92.813469805107943, 16.81506446636018 ], [ -92.813499599696797, 16.816347850344101 ], [ -92.813453591613282, 16.816560095094257 ], [ -92.813179799598998, 16.817823139795227 ], [ -92.812969859968078, 16.818331179954424 ], [ -92.812357079843025, 16.819165020278671 ], [ -92.812292250082876, 16.819855770405876 ], [ -92.812297029718238, 16.820338829787605 ], [ -92.812902320089009, 16.821161479967738 ], [ -92.813335430302686, 16.821479570197667 ], [ -92.813957780406696, 16.821611880383756 ], [ -92.81467658031211, 16.821835319813019 ], [ -92.815158150254561, 16.82222197980219 ], [ -92.815737520258693, 16.822837799913952 ], [ -92.816030309748726, 16.823456250382041 ], [ -92.816351519684417, 16.824534549949625 ], [ -92.816409089648857, 16.825523249596568 ], [ -92.81620530975448, 16.826652379894302 ], [ -92.81559273965631, 16.827509230249294 ], [ -92.815048629719413, 16.828043350419627 ], [ -92.814169219746816, 16.828488539992527 ], [ -92.813291620260159, 16.829117750140711 ], [ -92.81258461982523, 16.830090479745827 ], [ -92.81247408004721, 16.830988709861064 ], [ -92.812483399939595, 16.831931830447509 ], [ -92.812521478695302, 16.832226572268329 ], [ -92.81266449014953, 16.833333510308911 ], [ -92.812842620464195, 16.834436119610913 ], [ -92.813100150312252, 16.836320199935791 ], [ -92.813373140419543, 16.837352920307044 ], [ -92.813985779947089, 16.838911660395592 ], [ -92.814476510442375, 16.84021845986921 ], [ -92.814672380010691, 16.840783813285505 ], [ -92.8149929401158, 16.841709060316148 ], [ -92.815361489822862, 16.842740909630596 ], [ -92.816068120411529, 16.844137739798359 ], [ -92.81696449024426, 16.845394769705894 ], [ -92.817691380175773, 16.846423320094331 ], [ -92.818076320287247, 16.846695850302041 ], [ -92.819251140251794, 16.847122120430392 ], [ -92.820308350298021, 16.847733520442805 ], [ -92.820626829820185, 16.847892690150122 ], [ -92.822014880062738, 16.844831219801051 ], [ -92.822130419622965, 16.844570399840844 ], [ -92.822400400363293, 16.844145860116377 ], [ -92.822476379604396, 16.84387170998664 ], [ -92.822560879924765, 16.843604429708638 ], [ -92.822667570159823, 16.843338349694282 ], [ -92.82276596985291, 16.843075459629084 ], [ -92.822876060219684, 16.842810429716948 ], [ -92.822971979832758, 16.842550449770577 ], [ -92.823059449961789, 16.84228434981415 ], [ -92.823103480252087, 16.84214974002985 ], [ -92.823155690362427, 16.842009940413462 ], [ -92.823230199645408, 16.841750420289877 ], [ -92.82333704987974, 16.841489460245512 ], [ -92.823429480107947, 16.841223579927071 ], [ -92.823609520404872, 16.840684280296802 ], [ -92.823779290143833, 16.840148349953449 ], [ -92.82388776964693, 16.839885139716433 ], [ -92.824297419613472, 16.838682970140983 ], [ -92.824509649843591, 16.839313550433562 ], [ -92.824685719972948, 16.839836709579366 ], [ -92.824749630412043, 16.840026620449851 ], [ -92.825057719746226, 16.840836370332759 ], [ -92.825137600188668, 16.841007979889106 ], [ -92.825445199534869, 16.841668770120897 ], [ -92.825836020221402, 16.842277119622754 ], [ -92.825848169840086, 16.842308969974251 ], [ -92.825905450324953, 16.842406139734166 ], [ -92.826195939831109, 16.842898779734309 ], [ -92.826271450218016, 16.843029859609889 ], [ -92.826535180411611, 16.843487770054647 ], [ -92.826549479944731, 16.843513109774182 ], [ -92.826953429572242, 16.844229970339569 ], [ -92.82716141993113, 16.844599059669576 ], [ -92.827670549901626, 16.845502509635185 ], [ -92.82771471972994, 16.845580910423969 ], [ -92.827764379965814, 16.845669019649701 ], [ -92.827871850085501, 16.845859739825666 ], [ -92.828039860405426, 16.846101020093204 ], [ -92.828105400420597, 16.84619514030199 ], [ -92.828321710095508, 16.846487780123873 ], [ -92.828341750223473, 16.846514909873353 ], [ -92.828502339623896, 16.84677202023919 ], [ -92.828940380427852, 16.847473399606379 ], [ -92.829528230202641, 16.848414619742737 ], [ -92.830453599952719, 16.849964919556758 ], [ -92.830867310249431, 16.850658049822655 ], [ -92.831149230423918, 16.851130319676379 ], [ -92.83107516970955, 16.851310059663874 ], [ -92.830558769969059, 16.852563419565445 ], [ -92.830535599979598, 16.852619649645845 ], [ -92.83045331995055, 16.852819339566395 ], [ -92.830374320051931, 16.853011119746952 ], [ -92.830312650418009, 16.853205320414713 ], [ -92.830225920037606, 16.85350214993565 ], [ -92.830119490108373, 16.853755089675563 ], [ -92.830066200486101, 16.853913599724581 ], [ -92.829824679781083, 16.854559599782363 ], [ -92.829752849900643, 16.854813350042377 ], [ -92.829593349814246, 16.855285339689395 ], [ -92.829499219759668, 16.855533569727793 ], [ -92.829390720076447, 16.855773879787915 ], [ -92.829297580215211, 16.856032489707726 ], [ -92.829209779626694, 16.856279849566903 ], [ -92.82912182041774, 16.856521850466713 ], [ -92.829034050451781, 16.856760450073889 ], [ -92.829022835265846, 16.856793240519707 ], [ -92.828944479755052, 16.85702233984599 ], [ -92.8288500200822, 16.857267540409449 ], [ -92.828744780131132, 16.857529550315366 ], [ -92.82872565028633, 16.857580999822044 ], [ -92.828685460360802, 16.857688689581796 ], [ -92.828235290390722, 16.858695149838695 ], [ -92.828022720403325, 16.859139370231254 ], [ -92.827979619826337, 16.85936118011449 ], [ -92.827939229883356, 16.859488849570393 ], [ -92.82793233974887, 16.859515939866483 ], [ -92.827328090164542, 16.861201859571175 ], [ -92.827304749603073, 16.861263550216304 ], [ -92.827125510131594, 16.861722629567844 ], [ -92.827097479872023, 16.861787089599041 ], [ -92.826904460383304, 16.862293579991988 ], [ -92.826615659848102, 16.863161619808174 ], [ -92.826536400390182, 16.863336519917482 ], [ -92.826368280267403, 16.863818860200961 ], [ -92.82609501987173, 16.86456722998664 ], [ -92.826061969673177, 16.864658780333816 ], [ -92.825887370192092, 16.865200309983468 ], [ -92.825851630250398, 16.865293109855536 ], [ -92.825730060102586, 16.865571250252934 ], [ -92.825698459607921, 16.86566296972299 ], [ -92.825622110196647, 16.865844970078804 ], [ -92.825516509723485, 16.866118550029324 ], [ -92.825492120230535, 16.866176260429025 ], [ -92.825313659535638, 16.866657290073476 ], [ -92.825278479813761, 16.866751949692322 ], [ -92.825091550080174, 16.867289709688226 ], [ -92.825070279731264, 16.867373419825547 ], [ -92.824916600141961, 16.867769400160881 ], [ -92.824698879619731, 16.868325550387755 ], [ -92.824662579792999, 16.868404620191708 ], [ -92.824561799681135, 16.868624030397871 ], [ -92.824477400422793, 16.868867399716162 ], [ -92.824445850455902, 16.868958999709413 ], [ -92.824168819795062, 16.869639349598224 ], [ -92.824140289724028, 16.869727919999274 ], [ -92.823980709615128, 16.870128199543331 ], [ -92.823962559682585, 16.870178039936079 ], [ -92.823676369817079, 16.870963909770285 ], [ -92.823525969826903, 16.871374780437623 ], [ -92.823460399949496, 16.87156223030442 ], [ -92.8233372599463, 16.871967539828699 ], [ -92.823237419627588, 16.872352920044975 ], [ -92.822925429860078, 16.873112689838354 ], [ -92.82277555014096, 16.873520290065308 ], [ -92.82267436971749, 16.873824880068476 ], [ -92.822535769566485, 16.874112479675592 ], [ -92.822399719652864, 16.874434619736029 ], [ -92.822270049930196, 16.874738380246619 ], [ -92.82213306000385, 16.875047980133679 ], [ -92.822051290491004, 16.875389219589831 ], [ -92.822004749979456, 16.875552460148796 ], [ -92.821952649557247, 16.875724650317089 ], [ -92.821833540130186, 16.876057030303386 ], [ -92.821712419926172, 16.876396369568585 ], [ -92.821465919901627, 16.877058720084083 ], [ -92.821350649712912, 16.877393460169348 ], [ -92.821208949702736, 16.877698889653658 ], [ -92.821088479981071, 16.878023049713256 ], [ -92.820961380100755, 16.878358780411524 ], [ -92.820834910082226, 16.878686140135503 ], [ -92.82072439979153, 16.879010939597151 ], [ -92.820645570367475, 16.879210050225304 ], [ -92.820768369797278, 16.879209179958181 ], [ -92.820822570020098, 16.879212739760696 ], [ -92.820879429938515, 16.879211649557675 ], [ -92.820993969996309, 16.879202339688845 ], [ -92.821104520345202, 16.879216249942694 ], [ -92.821325169697957, 16.879222119762726 ], [ -92.821432650305724, 16.879234859989165 ], [ -92.821545750244738, 16.879234089690026 ], [ -92.821654339781929, 16.879245749594169 ], [ -92.82176528979231, 16.879246119864757 ], [ -92.82183718005075, 16.879235709861518 ], [ -92.821933170046634, 16.879231979821501 ], [ -92.822045859732754, 16.879231459671502 ], [ -92.82225401968698, 16.879230290057947 ], [ -92.82235860003685, 16.879226399693831 ], [ -92.822459939842503, 16.879226459604052 ], [ -92.822561119747121, 16.879223459954581 ], [ -92.822669150089538, 16.879222379649534 ], [ -92.822781769986491, 16.879222229962394 ], [ -92.822895279664181, 16.879222979790057 ], [ -92.823116779693976, 16.879219339961001 ], [ -92.823231690135785, 16.879220890421109 ], [ -92.823341689641353, 16.879220509922142 ], [ -92.823455600024516, 16.879225259768653 ], [ -92.823555179689677, 16.879225020428489 ], [ -92.823619430167824, 16.879224549695284 ], [ -92.82367569016705, 16.879221350350328 ], [ -92.82378793981978, 16.879223319577669 ], [ -92.82389436992284, 16.879224110349519 ], [ -92.82401391976839, 16.879228750022058 ], [ -92.824122780338428, 16.879217690123799 ], [ -92.82445414996117, 16.879213049575675 ], [ -92.824593309846136, 16.879224000079702 ], [ -92.824764800264617, 16.879224980372005 ], [ -92.824910550011182, 16.879219080268694 ], [ -92.825065119594385, 16.879214229576572 ], [ -92.825214939787003, 16.879210370035445 ], [ -92.825365289812154, 16.879189920232353 ], [ -92.825648259635869, 16.879183280395239 ], [ -92.825968690384528, 16.879195120021347 ], [ -92.826186569744848, 16.879203060123313 ], [ -92.826418979608846, 16.879218889682619 ], [ -92.826534599945134, 16.879216939760063 ], [ -92.82666768017117, 16.879217250315794 ], [ -92.826827709950251, 16.879221830017194 ], [ -92.826983339606826, 16.879220399823794 ], [ -92.827137319684368, 16.879202689932168 ], [ -92.827296620238329, 16.879182349689007 ], [ -92.827623710311343, 16.879184449980837 ], [ -92.82774574003183, 16.879187180258445 ], [ -92.827881289600029, 16.879184779583959 ], [ -92.828184769687098, 16.879180909929424 ], [ -92.828485889897209, 16.879169940270817 ], [ -92.828784340391877, 16.879178180244189 ], [ -92.829089940342598, 16.879174480142925 ], [ -92.829377570098401, 16.879172109807623 ], [ -92.829511340364775, 16.879168919663961 ], [ -92.829649219654343, 16.879170680133768 ], [ -92.829791939836937, 16.879181570306024 ], [ -92.829952060328921, 16.879183950040378 ], [ -92.830108429744357, 16.879184979633528 ], [ -92.830186140339748, 16.879187320053564 ], [ -92.830262199666336, 16.879192400247142 ], [ -92.830413720392798, 16.879190420161159 ], [ -92.830565999722239, 16.87918942001675 ], [ -92.830866650209813, 16.879194449685681 ], [ -92.831176150163287, 16.879182819933771 ], [ -92.831331879741924, 16.879181110095232 ], [ -92.831486649997544, 16.879179630371691 ], [ -92.831640539519015, 16.879177820364223 ], [ -92.831792849599992, 16.879175649673584 ], [ -92.831944920138127, 16.879172490032868 ], [ -92.832093309578681, 16.879172720033374 ], [ -92.83224780009769, 16.879167859747376 ], [ -92.832548749666429, 16.87916753959577 ], [ -92.832617420077455, 16.879165220194452 ], [ -92.832697140437148, 16.879166350085079 ], [ -92.833017679598342, 16.879165460010014 ], [ -92.833342419632402, 16.879169199947508 ], [ -92.834173910098187, 16.879185750282403 ], [ -92.834578600113673, 16.879183799853269 ], [ -92.834989280129577, 16.879180349811282 ], [ -92.835668430312012, 16.879163030218841 ], [ -92.835715109910296, 16.879161339738207 ], [ -92.836132849565345, 16.879162849757698 ], [ -92.836528509991211, 16.879164539577996 ], [ -92.837329460227579, 16.879188689769148 ], [ -92.837839709639738, 16.879187779907241 ], [ -92.838389110395539, 16.879181509971925 ], [ -92.838670139884726, 16.879171579561103 ], [ -92.838923910438623, 16.879163799968964 ], [ -92.839514399755728, 16.879164319628213 ], [ -92.841682910387505, 16.879109970094927 ], [ -92.8417765398342, 16.879113050291295 ], [ -92.841977049698258, 16.879111740289606 ], [ -92.842460660147452, 16.879112680007054 ], [ -92.842610650135427, 16.879112970029059 ], [ -92.843643710373186, 16.879114949681057 ], [ -92.84454511033961, 16.87911668976869 ], [ -92.845020750233829, 16.879117629827444 ], [ -92.850303350003443, 16.879127719837243 ], [ -92.853790619694919, 16.879086539672805 ], [ -92.855043800040747, 16.879102940070858 ], [ -92.856456629708333, 16.879087460163639 ], [ -92.856456970028816, 16.879189509943515 ], [ -92.856444449774571, 16.879447879612449 ], [ -92.856440630462743, 16.879972969793368 ], [ -92.85645474981429, 16.880231510387194 ], [ -92.856417720306553, 16.880493800374424 ], [ -92.856420770317953, 16.880753340271095 ], [ -92.856406380373571, 16.881014250159225 ], [ -92.856374659948699, 16.881276449949812 ], [ -92.856384169815286, 16.881527940325107 ], [ -92.856395940142576, 16.881793349910701 ], [ -92.856391290022827, 16.882056510402151 ], [ -92.856385519878344, 16.882316290310612 ], [ -92.856375820367148, 16.88257365015021 ], [ -92.85636875009483, 16.882837780097979 ], [ -92.856364579653871, 16.883102219556932 ], [ -92.856356460422987, 16.883365919920351 ], [ -92.856346200003316, 16.883628890098354 ], [ -92.856347599915253, 16.884129380211892 ], [ -92.856324179713795, 16.884598109558844 ], [ -92.856283050106143, 16.885083850413128 ], [ -92.856273119847657, 16.885557660441275 ], [ -92.856264180021753, 16.886040629983693 ], [ -92.856269690032718, 16.888203889988837 ], [ -92.856266110289596, 16.888494310217414 ], [ -92.856252890373852, 16.888810490459669 ], [ -92.85625581963771, 16.889082449838899 ], [ -92.856243080417244, 16.889347719628763 ], [ -92.85624805027922, 16.889657399746739 ], [ -92.856244150170397, 16.889978320106145 ], [ -92.856234830250685, 16.890135769722686 ], [ -92.856228109866166, 16.890310710221762 ], [ -92.850095419849453, 16.889988549588335 ], [ -92.844419399783675, 16.890001570143379 ], [ -92.840223979940831, 16.890057650144566 ], [ -92.840097490366375, 16.890062950357109 ], [ -92.832165019931296, 16.890217540165267 ], [ -92.831808079605594, 16.890232890201876 ], [ -92.831674199687654, 16.890236370307843 ], [ -92.831529650199897, 16.890232800330885 ], [ -92.831253679672017, 16.89024302979152 ], [ -92.831065089899823, 16.890247680255204 ], [ -92.830880460096481, 16.890253679748533 ], [ -92.830805080115326, 16.890254820053453 ], [ -92.830730659715073, 16.890257620275534 ], [ -92.830438880154347, 16.890266279615844 ], [ -92.830281259999552, 16.890268910153846 ], [ -92.830121689624448, 16.890268970258905 ], [ -92.829959910368274, 16.890264769912218 ], [ -92.829812980288366, 16.890236749959364 ], [ -92.829664979732627, 16.890282599599477 ], [ -92.829522849757765, 16.890280290155079 ], [ -92.829374709869768, 16.890283880381929 ], [ -92.829054649651155, 16.890294319935737 ], [ -92.828740720164063, 16.890283779956473 ], [ -92.828582250369905, 16.890286569761159 ], [ -92.828418079620192, 16.890290909901264 ], [ -92.828339259732559, 16.890289970173789 ], [ -92.828266570187466, 16.890289950104691 ], [ -92.828100380344281, 16.890293970058288 ], [ -92.827958339620977, 16.890301460324068 ], [ -92.827805970112152, 16.890318019784218 ], [ -92.827664230169376, 16.890319490452871 ], [ -92.827505620323535, 16.890312860057815 ], [ -92.827216780237777, 16.890332379999208 ], [ -92.826911629529022, 16.89033628011406 ], [ -92.826631980320627, 16.890334420057801 ], [ -92.826263379633033, 16.890342339747885 ], [ -92.825965430249411, 16.890134980383472 ], [ -92.825792980283651, 16.890145339634458 ], [ -92.825615749634068, 16.89034282018952 ], [ -92.825297650449627, 16.890398049812866 ], [ -92.825151580077559, 16.890411429873449 ], [ -92.824987679829704, 16.890425179802286 ], [ -92.824810400041244, 16.890448780061828 ], [ -92.824638139950622, 16.890476310092403 ], [ -92.824461649701576, 16.890495369641638 ], [ -92.824290220150345, 16.890508030369247 ], [ -92.824027860160015, 16.890530459942024 ], [ -92.823768829659855, 16.890557019597228 ], [ -92.823418550047649, 16.890586939938707 ], [ -92.823066399712687, 16.890629199681321 ], [ -92.822893059782842, 16.890650769759301 ], [ -92.822718750216993, 16.890670450188342 ], [ -92.822542550411811, 16.890689059645901 ], [ -92.822373049670801, 16.890704630026871 ], [ -92.822190289960488, 16.890720049676183 ], [ -92.822013139990759, 16.890724860002344 ], [ -92.82165688027068, 16.890749950349921 ], [ -92.82149313995491, 16.890757429704038 ], [ -92.821327540376686, 16.890773280306043 ], [ -92.82115722969337, 16.890763150083657 ], [ -92.82100355044696, 16.890779220308623 ], [ -92.820836920333022, 16.890805709656455 ], [ -92.820676029567124, 16.890820420209511 ], [ -92.820479289998474, 16.890845029572034 ], [ -92.820314540031376, 16.890861180204862 ], [ -92.820148179546862, 16.890879170347713 ], [ -92.81985128988488, 16.890927750283225 ], [ -92.819682459536139, 16.890939489917066 ], [ -92.819529280007075, 16.890954509612335 ], [ -92.819366310223373, 16.890968750412519 ], [ -92.81920283017169, 16.890976150182521 ], [ -92.819042259782762, 16.890986380194754 ], [ -92.818882320280565, 16.890997179865096 ], [ -92.818511859962953, 16.89103069012404 ], [ -92.818327629663187, 16.891047650426962 ], [ -92.818141480311212, 16.891063549654568 ], [ -92.817954200165573, 16.891081250099504 ], [ -92.81775973989815, 16.891106289651386 ], [ -92.817570419898829, 16.891119169779632 ], [ -92.817379629852823, 16.891136420428221 ], [ -92.817191570340427, 16.891151149642994 ], [ -92.816803819690193, 16.891195119767261 ], [ -92.816605490413409, 16.891204249937356 ], [ -92.816415400461807, 16.891220349657019 ], [ -92.816216510409774, 16.891236219703011 ], [ -92.816018489831876, 16.891264619635677 ], [ -92.815849750168894, 16.891620969999757 ], [ -92.815686427460491, 16.89198498884635 ], [ -92.815685090365193, 16.891987969571765 ], [ -92.815508880088601, 16.89235980026406 ], [ -92.815119259782193, 16.893194650048152 ], [ -92.814982449759015, 16.893485200258798 ], [ -92.814959020250498, 16.893540250333412 ], [ -92.814886879687265, 16.893694419567545 ], [ -92.814692690348195, 16.894116579863038 ], [ -92.814451251523266, 16.894629979983083 ], [ -92.814450250084533, 16.894632109573759 ], [ -92.814287510656385, 16.894455387154395 ], [ -92.814250060401307, 16.894414719842686 ], [ -92.814213050164142, 16.894381690436454 ], [ -92.813962490097111, 16.894136919894933 ], [ -92.813751540383265, 16.893930859674619 ], [ -92.81362119433193, 16.893803524295357 ], [ -92.812953799716468, 16.893151539817786 ], [ -92.812788419965514, 16.892989980245062 ], [ -92.811969629994465, 16.892196890213981 ], [ -92.81026099958143, 16.890541829558913 ], [ -92.809228219826579, 16.889541430211349 ], [ -92.808212709725339, 16.888557710137327 ], [ -92.807463259553671, 16.887831740150236 ], [ -92.807177619747762, 16.887555030339186 ], [ -92.805495690122513, 16.885925740161852 ], [ -92.804016319530461, 16.884492620210441 ], [ -92.802279249682726, 16.882809799835336 ], [ -92.796837680149068, 16.879656619749685 ], [ -92.796055549934849, 16.879028739926088 ], [ -92.793665179615274, 16.876363679941196 ], [ -92.790909290339997, 16.874888090092295 ], [ -92.787095920434552, 16.871839750131095 ], [ -92.781777480352744, 16.869999830414081 ], [ -92.780350770273515, 16.868770749987181 ], [ -92.778581980461382, 16.86569584972008 ], [ -92.777471220319086, 16.865377580070234 ], [ -92.776958969702832, 16.865066430282361 ], [ -92.776936880397784, 16.865116880378288 ], [ -92.776722799794399, 16.865233859625064 ], [ -92.776194479726698, 16.86498525955502 ], [ -92.775643770174725, 16.864897999815241 ], [ -92.775287349797253, 16.865131339941822 ], [ -92.77498092011146, 16.865594449590343 ], [ -92.774649489734898, 16.865942659972742 ], [ -92.773692820253331, 16.865904979882792 ], [ -92.773617829756262, 16.865560339577005 ], [ -92.773397479958263, 16.865009750245115 ], [ -92.772894800432539, 16.864945090353768 ], [ -92.772366690418636, 16.864719509778794 ], [ -92.772167200126447, 16.863846450192881 ], [ -92.771707779594593, 16.863297970190832 ], [ -92.771107750252384, 16.863049980084451 ], [ -92.77056030980259, 16.863308000408662 ], [ -92.769729880116273, 16.863982859809109 ], [ -92.768947909594132, 16.86472634983555 ], [ -92.768257880017259, 16.865077689569457 ], [ -92.768066850377153, 16.865102380441837 ], [ -92.767779320180267, 16.865035830395716 ], [ -92.767393369738258, 16.864670860398956 ], [ -92.767273630425606, 16.864648879775597 ], [ -92.766844829709456, 16.864813769545815 ], [ -92.766686140351567, 16.865735979737597 ], [ -92.766450539829862, 16.866106369537544 ], [ -92.76585461964325, 16.866295739996072 ], [ -92.765524030254241, 16.866736020388092 ], [ -92.765380799868339, 16.866760279617168 ], [ -92.765019829591338, 16.866510200420894 ], [ -92.764491711442474, 16.866436651343204 ], [ -92.764397420021552, 16.86642351985352 ], [ -92.764008219775789, 16.865713279542724 ], [ -92.763910000080259, 16.865437880027113 ], [ -92.763735970053716, 16.864725740213526 ], [ -92.763704289839154, 16.863897259782121 ], [ -92.763691638078626, 16.863352746129998 ], [ -92.763664180359854, 16.862171050263132 ], [ -92.763702060182027, 16.861111750128163 ], [ -92.763717120341184, 16.860167769855963 ], [ -92.763404180253886, 16.859940290081763 ], [ -92.762926719974629, 16.860013510118083 ], [ -92.762404049891558, 16.860363369692127 ], [ -92.761974619627139, 16.860459179738406 ], [ -92.761426289800767, 16.860625089644831 ], [ -92.760996860005449, 16.860720909702696 ], [ -92.760753920023689, 16.860308649726974 ], [ -92.760389950455362, 16.859736289898098 ], [ -92.759933599730672, 16.859510049990639 ], [ -92.758856769918253, 16.859404289947385 ], [ -92.757586999924712, 16.859116030191934 ], [ -92.756675799644228, 16.858824660226002 ], [ -92.755572720124633, 16.858465889808599 ], [ -92.755069200017331, 16.858309110153499 ], [ -92.754490319865937, 16.857761619817495 ], [ -92.754058309656884, 16.857581199728973 ], [ -92.753772950341727, 16.857744819843361 ], [ -92.753515149999814, 16.858299540077123 ], [ -92.753326259964822, 16.858554420078836 ], [ -92.753015080210488, 16.85851105972192 ], [ -92.752703019733886, 16.858375629541573 ], [ -92.752321170382871, 16.858448000393011 ], [ -92.751772219648089, 16.858544829866265 ], [ -92.751659769880561, 16.859305490151154 ], [ -92.751309320154746, 16.86018330962548 ], [ -92.750932850382938, 16.860831149608568 ], [ -92.750723690320626, 16.861477540101884 ], [ -92.750849020393588, 16.862098019645064 ], [ -92.750807629817643, 16.862788999986805 ], [ -92.750576079866619, 16.863596739969498 ], [ -92.750224769689169, 16.864382479762799 ], [ -92.749465980392557, 16.865056630046073 ], [ -92.748754800390515, 16.865707350280207 ], [ -92.748112750491217, 16.866081229609392 ], [ -92.747493119677543, 16.866293769796389 ], [ -92.746801979801177, 16.866529939911441 ], [ -92.746231020202217, 16.866834119589608 ], [ -92.745778920333393, 16.867068230090194 ], [ -92.745178060311673, 16.866728090263539 ], [ -92.744623950095843, 16.866272450375959 ], [ -92.744118289589679, 16.865885449961553 ], [ -92.743562260140862, 16.865222629769601 ], [ -92.743240600164143, 16.864051339658243 ], [ -92.743064940258918, 16.863155029954488 ], [ -92.742841679578916, 16.86228217001856 ], [ -92.742521940280525, 16.861318030353999 ], [ -92.742393659831308, 16.860375290126548 ], [ -92.742198150175838, 16.859916549790231 ], [ -92.741594549876652, 16.859277149667943 ], [ -92.74118324999155, 16.858751219662835 ], [ -92.740509649943604, 16.858296579847224 ], [ -92.7400761502373, 16.857954999699199 ], [ -92.739071919959315, 16.857940599799463 ], [ -92.738738949785926, 16.85812762985227 ], [ -92.738196800365969, 16.858961030427849 ], [ -92.737197660377618, 16.859499079779653 ], [ -92.736746660167043, 16.859848259815465 ], [ -92.736103339809048, 16.860083969596939 ], [ -92.735459370297065, 16.860250649692794 ], [ -92.735036309634737, 16.861036969708099 ], [ -92.734253150066721, 16.861665250422131 ], [ -92.733110769685851, 16.862227510188053 ], [ -92.731489000058929, 16.862655750442666 ], [ -92.730224970143738, 16.86298884996047 ], [ -92.72893765025313, 16.863391179756817 ], [ -92.728247770205769, 16.863765419948908 ], [ -92.727749339932814, 16.864161020052208 ], [ -92.727228060102263, 16.864671920390364 ], [ -92.726774910041513, 16.864790879911432 ], [ -92.725936709949906, 16.864636880045467 ], [ -92.725123490356708, 16.864597770314241 ], [ -92.724387050092773, 16.865110489681033 ], [ -92.723868710050866, 16.865943649722954 ], [ -92.722830549665673, 16.8674488302822 ], [ -92.72202343037155, 16.868077259583028 ], [ -92.721046000151887, 16.868384829883638 ], [ -92.720209280353785, 16.868391940071923 ], [ -92.719632779962851, 16.868097569814722 ], [ -92.718889369599225, 16.867850650015086 ], [ -92.718078660377913, 16.868087719914843 ], [ -92.717080259965812, 16.868717749857389 ], [ -92.716151910368694, 16.869163020136401 ], [ -92.715800300339239, 16.869230934311336 ], [ -92.715785879698572, 16.869233719719205 ], [ -92.715339841408564, 16.869319876881388 ], [ -92.715030179990464, 16.869379690382083 ], [ -92.714361859841247, 16.869500459577193 ], [ -92.714075399845228, 16.869548920171564 ], [ -92.713550290341118, 16.869645450337817 ], [ -92.712880909622314, 16.869651110352361 ], [ -92.712491889791437, 16.86894074995622 ], [ -92.712249059641266, 16.868528430348459 ], [ -92.711646999683623, 16.868050089551748 ], [ -92.711469187895318, 16.868348112933454 ], [ -92.711246660111044, 16.868721079984532 ], [ -92.710917630327799, 16.869345420198339 ], [ -92.710421879980231, 16.870040220255909 ], [ -92.709611550133928, 16.870323310331042 ], [ -92.708631600440924, 16.870354599869067 ], [ -92.707889029909637, 16.870199709787066 ], [ -92.707004479972383, 16.870207170021359 ], [ -92.706026180404294, 16.870422600404936 ], [ -92.705216910080139, 16.870820750049578 ], [ -92.704975388817985, 16.871269441211371 ], [ -92.70458206033608, 16.872000150407597 ], [ -92.703494450415249, 16.87334450958695 ], [ -92.702027430102902, 16.875037350030102 ], [ -92.70100482971587, 16.875644480410873 ], [ -92.699393229752786, 16.876157380246593 ], [ -92.698697620463193, 16.876279259754426 ], [ -92.697633319555194, 16.87665197969859 ], [ -92.69681148011135, 16.877268060427163 ], [ -92.696579660380607, 16.878075740122878 ], [ -92.696154719715793, 16.878677829751698 ], [ -92.696039339532433, 16.879139200019029 ], [ -92.696094850317891, 16.879990509622541 ], [ -92.695841620121669, 16.881074599787127 ], [ -92.695657619536604, 16.881881860397584 ], [ -92.69535573965446, 16.882874279849382 ], [ -92.69505613960655, 16.884119889608826 ], [ -92.694777540138219, 16.885043060130698 ], [ -92.69461494977682, 16.885573889615227 ], [ -92.694859972409574, 16.885964214207355 ], [ -92.695003089591637, 16.886192199854825 ], [ -92.695008489614125, 16.886790690246553 ], [ -92.695107449923157, 16.887158200273408 ], [ -92.695260030375081, 16.888169829583955 ], [ -92.695648400196703, 16.888691480311536 ], [ -92.695719910164939, 16.888787540072563 ], [ -92.696084979876318, 16.889498119961694 ], [ -92.696353799653423, 16.890140449955613 ], [ -92.697074297930541, 16.890197423705757 ], [ -92.69713336412903, 16.890202094386449 ], [ -92.697142949822975, 16.890202852131939 ], [ -92.697143430121542, 16.890202890308679 ], [ -92.697402480097509, 16.889763339932014 ], [ -92.69741798658184, 16.889749233104244 ], [ -92.697458374627146, 16.889712491421051 ], [ -92.697534093418795, 16.889643606640504 ], [ -92.697734510078632, 16.88946127976957 ], [ -92.69779318239452, 16.889705436970367 ], [ -92.697807912797003, 16.889766736595679 ], [ -92.697818551089114, 16.889811004308584 ], [ -92.697933260130881, 16.890288350345742 ], [ -92.697840297603108, 16.890628141091998 ], [ -92.697833800012376, 16.890651889473538 ], [ -92.697820438037056, 16.890700729047971 ], [ -92.697794379556441, 16.890795979722345 ], [ -92.698232649963458, 16.891667089997476 ], [ -92.69828504976455, 16.892173110107596 ], [ -92.698434319621569, 16.892816430001069 ], [ -92.698823539766536, 16.89354983004139 ], [ -92.698565519600663, 16.894104490403567 ], [ -92.698287340731397, 16.894609340215212 ], [ -92.698259680069157, 16.894659540083282 ], [ -92.698251878590796, 16.894670250556771 ], [ -92.698217219466571, 16.894717836658444 ], [ -92.697787310338711, 16.895308079955139 ], [ -92.697764071760076, 16.895400998821955 ], [ -92.697757803819869, 16.895426060614323 ], [ -92.697747964483042, 16.89546540234101 ], [ -92.697695000270855, 16.895677180052516 ], [ -92.697551941431882, 16.896331678321236 ], [ -92.697488319662085, 16.896622750197185 ], [ -92.697482608523117, 16.896619380249991 ], [ -92.697474984660587, 16.896614881297875 ], [ -92.697469901482449, 16.896611881657044 ], [ -92.696947415239293, 16.896303551549888 ], [ -92.696911369694831, 16.896282279850322 ], [ -92.696050619576582, 16.896289490111418 ], [ -92.695289230156916, 16.896710230076334 ], [ -92.694693969704062, 16.896991460070019 ], [ -92.694184319607061, 16.897224029644075 ], [ -92.693717600383962, 16.897437019579989 ], [ -92.693003200270425, 16.897765279969512 ], [ -92.692214370168813, 16.897794879612306 ], [ -92.691507089550427, 16.897856420201141 ], [ -92.69054909014929, 16.895909229789073 ] ] ] } },
{ "type": "Feature", "properties": { "CVEGEO": "07113", "CVE_ENT": "07", "CVE_MUN": "113", "NOMGEO": "Aldama", "Olvida2": 1, "Region": "V Altos Tsotsil Tseltal", "Cabecera": "San Cristóbal de Las Casas" }, "geometry": { "type": "Polygon", "coordinates": [ [ [ -92.69394301949535, 16.97288631078564 ], [ -92.695033340435799, 16.972119859836408 ], [ -92.695326690371161, 16.970746539686747 ], [ -92.696354749732706, 16.96771692112641 ], [ -92.697575620377449, 16.966286180268611 ], [ -92.697982479951932, 16.965459579607788 ], [ -92.69854608572804, 16.963101412721095 ], [ -92.698551658669146, 16.963078096098002 ], [ -92.69856292128263, 16.963030972626843 ], [ -92.698570570149343, 16.962998970541051 ], [ -92.698249943448346, 16.962569913063444 ], [ -92.698171013795374, 16.962464290706066 ], [ -92.698131733072174, 16.962411725764877 ], [ -92.698094380013217, 16.96236173997821 ], [ -92.698080260161149, 16.96191362118957 ], [ -92.698787379576316, 16.960825690200465 ], [ -92.699649259936322, 16.959700860296284 ], [ -92.699866450231497, 16.959249491247402 ], [ -92.69925400317355, 16.957449226359547 ], [ -92.699239177823998, 16.957405646148221 ], [ -92.699209289388975, 16.957317788818674 ], [ -92.699002309709286, 16.956709370049477 ], [ -92.699021011847634, 16.95661376089933 ], [ -92.699042174748115, 16.956505571828838 ], [ -92.699055566257286, 16.956437112756785 ], [ -92.699333940002049, 16.955014000036872 ], [ -92.699417878361032, 16.954955940451839 ], [ -92.699526401942265, 16.954880875423473 ], [ -92.700073933640567, 16.954502150417085 ], [ -92.700203020184759, 16.954412861189233 ], [ -92.700171462016883, 16.954297081840245 ], [ -92.700135076056995, 16.954163592277411 ], [ -92.700111364631965, 16.954076599300855 ], [ -92.699866906297601, 16.953179738717566 ], [ -92.699843588405599, 16.953094189704064 ], [ -92.699800578033177, 16.952936391148643 ], [ -92.699542909059446, 16.951991046056587 ], [ -92.699394699470332, 16.951447282690406 ], [ -92.699203535934103, 16.950745925824091 ], [ -92.698918909871722, 16.949701649962179 ], [ -92.698821750283372, 16.94908795025367 ], [ -92.698878059950829, 16.948823381297515 ], [ -92.699180549592313, 16.948509110167155 ], [ -92.699197029071655, 16.948451328155965 ], [ -92.699385057679066, 16.947792050990163 ], [ -92.699597179996047, 16.947048290068171 ], [ -92.69960595003927, 16.947017540382813 ], [ -92.699443455958829, 16.946714653652364 ], [ -92.698917783185863, 16.945734797954177 ], [ -92.698868697938124, 16.945643306382618 ], [ -92.698868632209297, 16.945643180158548 ], [ -92.698868586449507, 16.945643092269645 ], [ -92.698822679705572, 16.945557520711095 ], [ -92.69881648387026, 16.945532778166186 ], [ -92.698745161773218, 16.945247906675807 ], [ -92.698688924560201, 16.945023280163952 ], [ -92.69860403864611, 16.944684229153467 ], [ -92.698555769025305, 16.944491422962663 ], [ -92.698431689307895, 16.943995820015434 ], [ -92.698341140206452, 16.943634140716039 ], [ -92.697828939805717, 16.942963619938045 ], [ -92.697532120318542, 16.942556911236174 ], [ -92.697135229919141, 16.941865021088326 ], [ -92.697325340157562, 16.941315949761741 ], [ -92.69692032034385, 16.939426110496136 ], [ -92.69661759088639, 16.938394590887043 ], [ -92.696586415442923, 16.938288364442275 ], [ -92.696540179633431, 16.938130820281255 ], [ -92.696864250308096, 16.937471460134727 ], [ -92.696872879809902, 16.936961219700759 ], [ -92.696596280118584, 16.93568979963116 ], [ -92.696619570371013, 16.935489320166393 ], [ -92.695730230368241, 16.934502031019193 ], [ -92.694990259908664, 16.933984681052696 ], [ -92.694752249690211, 16.933983450442472 ], [ -92.694434249676036, 16.933942999843818 ], [ -92.694238520298242, 16.933874350511363 ], [ -92.693959539779101, 16.933719149565764 ], [ -92.693761889910206, 16.933465890172371 ], [ -92.693751549915604, 16.93329563027741 ], [ -92.693942849878056, 16.93306389023077 ], [ -92.693894862035293, 16.933030427550428 ], [ -92.693266579860165, 16.93259231055784 ], [ -92.693135280041076, 16.932468220839407 ], [ -92.692903740085953, 16.932460940654074 ], [ -92.692433480134355, 16.93217714972474 ], [ -92.692406219906204, 16.93201278116479 ], [ -92.692258089990318, 16.931873630222604 ], [ -92.691593400396002, 16.931723489993022 ], [ -92.691423140329334, 16.931360119751446 ], [ -92.690982570304783, 16.930698290456224 ], [ -92.690773830162414, 16.93047281973163 ], [ -92.690559850397875, 16.930092850781389 ], [ -92.690337899802344, 16.929944562072762 ], [ -92.6888861096771, 16.92897457988278 ], [ -92.688447079521495, 16.928856140137913 ], [ -92.688282949917649, 16.928681830851666 ], [ -92.687954910514705, 16.928726429694155 ], [ -92.687789489640821, 16.928503540581808 ], [ -92.687765059642757, 16.928348880128649 ], [ -92.687149140139525, 16.927876110705455 ], [ -92.686239940742979, 16.927629630582228 ], [ -92.68623825199991, 16.927629173006068 ], [ -92.686237690041565, 16.927629020239078 ], [ -92.685383459696666, 16.927071059560966 ], [ -92.685227850438082, 16.926936290339434 ], [ -92.684856999814841, 16.926662980035641 ], [ -92.684349717880096, 16.926562860123308 ], [ -92.684265431640583, 16.926486058672811 ], [ -92.684187249754217, 16.926414819649263 ], [ -92.68415227635785, 16.926414315923971 ], [ -92.683757520202647, 16.926408630928023 ], [ -92.683236380352056, 16.926300110109622 ], [ -92.682543350142652, 16.926527249565346 ], [ -92.682320740199401, 16.926470709754863 ], [ -92.682080502032093, 16.926248012620579 ], [ -92.681973259854118, 16.926148599753553 ], [ -92.681326319846278, 16.926075480006176 ], [ -92.680618369922854, 16.925988539968543 ], [ -92.679999780354109, 16.92427371967965 ], [ -92.67998658038934, 16.924266370240513 ], [ -92.679925319955785, 16.92423220023484 ], [ -92.676550649669764, 16.923011890567018 ], [ -92.675948050042109, 16.923929970153971 ], [ -92.675906570280205, 16.924012710569571 ], [ -92.67569408000179, 16.924427850232224 ], [ -92.674910649895395, 16.924199860746622 ], [ -92.67482948973219, 16.9242022300174 ], [ -92.674758629946922, 16.924159110030502 ], [ -92.674368819980458, 16.92444325003482 ], [ -92.673744780102524, 16.923674050209886 ], [ -92.673167060421406, 16.92354362019698 ], [ -92.672779079614997, 16.92345603051163 ], [ -92.672159969762703, 16.923606370238723 ], [ -92.672055290122316, 16.922925020545044 ], [ -92.671422170223622, 16.922268060308422 ], [ -92.671301139935622, 16.922220309577558 ], [ -92.670852520163365, 16.921917249670795 ], [ -92.670407950007743, 16.922032920928441 ], [ -92.670234539826822, 16.921682229881547 ], [ -92.670012679844817, 16.921596910921238 ], [ -92.669176119886075, 16.922088740029384 ], [ -92.669085049536761, 16.922243540442672 ], [ -92.668609339478792, 16.922624230982258 ], [ -92.668537220099495, 16.922549600088381 ], [ -92.667845860751953, 16.921834088714409 ], [ -92.667007889826678, 16.920966830908586 ], [ -92.666751630293263, 16.920929151683012 ], [ -92.666553385952781, 16.920900006821636 ], [ -92.666544029807753, 16.920898631129511 ], [ -92.666533906457673, 16.920904298830376 ], [ -92.666438544469258, 16.920957692558378 ], [ -92.666284833959779, 16.921043755349416 ], [ -92.666282258418647, 16.921045197506935 ], [ -92.66615643025024, 16.921115649617409 ], [ -92.664965079646123, 16.921521852444808 ], [ -92.664961450463565, 16.921523090079376 ], [ -92.664945050707132, 16.92151815894303 ], [ -92.664224690326876, 16.921301540122087 ], [ -92.663846080050092, 16.921446420710062 ], [ -92.663227058220727, 16.921284356809963 ], [ -92.662738498748496, 16.921156447158221 ], [ -92.662473222666691, 16.921086994584861 ], [ -92.662374049574424, 16.92106102985877 ], [ -92.662332047088029, 16.921021244554247 ], [ -92.66195212036591, 16.920661369867602 ], [ -92.661703555549465, 16.920592820048604 ], [ -92.661084339947053, 16.920422049623813 ], [ -92.660813920126444, 16.920279721351424 ], [ -92.660639289566859, 16.920243651316703 ], [ -92.659652819569786, 16.921733399524467 ], [ -92.659117060392148, 16.922484449824033 ], [ -92.659084220478817, 16.922533169637536 ], [ -92.657890621106432, 16.924148721982331 ], [ -92.6576653697539, 16.924453599604337 ], [ -92.65647912913002, 16.926175527254259 ], [ -92.654733659632441, 16.92870914035452 ], [ -92.654710679869012, 16.928606999886895 ], [ -92.654522199515824, 16.928202910982193 ], [ -92.654452780142677, 16.928036199595908 ], [ -92.654382109706077, 16.927861399865545 ], [ -92.654247779752424, 16.92770762034187 ], [ -92.654119020278983, 16.927551380202388 ], [ -92.653970030389004, 16.927378569680609 ], [ -92.653818060031838, 16.927211540018693 ], [ -92.653683879716695, 16.926996400528953 ], [ -92.653557449739296, 16.926761660587395 ], [ -92.653482570138507, 16.926613460429945 ], [ -92.653386569738828, 16.926428309732067 ], [ -92.653269449751164, 16.926211141043193 ], [ -92.653101630342917, 16.925916659824011 ], [ -92.652965120047938, 16.925679830143395 ], [ -92.652839340178872, 16.925455619954622 ], [ -92.652727769635376, 16.925239549634508 ], [ -92.652615249693952, 16.925007689635315 ], [ -92.652523719802645, 16.924821319923719 ], [ -92.652429780099126, 16.924627781358492 ], [ -92.652335020184481, 16.92443908121361 ], [ -92.652234619894259, 16.924247049832726 ], [ -92.652085919736678, 16.923981111090921 ], [ -92.651718280355112, 16.923150849746154 ], [ -92.651804860241356, 16.921277049733593 ], [ -92.652769089951903, 16.919242290170168 ], [ -92.652966139781157, 16.917931260955438 ], [ -92.653281340357481, 16.916931399585668 ], [ -92.653622429649488, 16.915482859733004 ], [ -92.653938939920153, 16.914183820555756 ], [ -92.654253630017635, 16.913299020945558 ], [ -92.654725030477863, 16.912115679789139 ], [ -92.655401090238456, 16.910599449577333 ], [ -92.655533999747476, 16.910277770916931 ], [ -92.655931340429703, 16.909623460046451 ], [ -92.657246620409978, 16.907592139720322 ], [ -92.657985980132565, 16.907441949883502 ], [ -92.658414200137102, 16.907418350611749 ], [ -92.658873060392324, 16.907285820736135 ], [ -92.659776049736962, 16.906968979666157 ], [ -92.660655939811832, 16.906648519866781 ], [ -92.662697120355574, 16.905874881065738 ], [ -92.663277380298396, 16.905648279802318 ], [ -92.664733860439355, 16.905043680337215 ], [ -92.665127449553097, 16.904189820428719 ], [ -92.665135379490991, 16.904175580948063 ], [ -92.666186750409324, 16.902766540163654 ], [ -92.666744650394591, 16.901905720111117 ], [ -92.66742648954461, 16.899793650158987 ], [ -92.667463449692519, 16.899712820430167 ], [ -92.667478060021836, 16.89964746015028 ], [ -92.66812165023164, 16.897309060425545 ], [ -92.668191689713865, 16.897093199815576 ], [ -92.668566950288437, 16.896240939864288 ], [ -92.669178199906085, 16.894579659963387 ], [ -92.669435630240756, 16.893750030659454 ], [ -92.669523349715277, 16.893491020963317 ], [ -92.669647509733878, 16.892833549728401 ], [ -92.669931430242244, 16.89194234109252 ], [ -92.670168089760537, 16.891108080364901 ], [ -92.670319860203463, 16.890210879665172 ], [ -92.670711689803028, 16.888481739580186 ], [ -92.670897570412009, 16.887590749795383 ], [ -92.671175679964804, 16.886567489712988 ], [ -92.671367520290843, 16.885836690068381 ], [ -92.671882509618683, 16.883996150088677 ], [ -92.674269029856191, 16.884637800140094 ], [ -92.680940889883544, 16.887214830278122 ], [ -92.68203242994143, 16.887632564716217 ], [ -92.687470180140636, 16.889713450409527 ], [ -92.69054909014929, 16.895909229789073 ], [ -92.691507089550427, 16.897856420201141 ], [ -92.693354919749765, 16.901612140090457 ], [ -92.695195630207138, 16.905264770055364 ], [ -92.697808909584197, 16.905268650405194 ], [ -92.711514969550649, 16.90530258016469 ], [ -92.71393229042117, 16.905263429954648 ], [ -92.714859149830374, 16.905238370270151 ], [ -92.716426229627118, 16.906208049740233 ], [ -92.717370230261622, 16.906792170138768 ], [ -92.718012942786132, 16.907329596614211 ], [ -92.719076879674873, 16.90821922984906 ], [ -92.719739297568722, 16.910274759905473 ], [ -92.721582779794886, 16.915994920317051 ], [ -92.715677999624802, 16.923555570180774 ], [ -92.715633180044108, 16.923620430225522 ], [ -92.704687920195511, 16.936028449700775 ], [ -92.704791464519417, 16.938392912074981 ], [ -92.704944279776996, 16.941882350068372 ], [ -92.704883899965409, 16.942533207415721 ], [ -92.704020199652277, 16.951842720148402 ], [ -92.703814569785578, 16.95217130982514 ], [ -92.704297369630908, 16.955140150120702 ], [ -92.705005750360641, 16.956680370353247 ], [ -92.705405340053417, 16.957493319640673 ], [ -92.705458619776167, 16.958195520214229 ], [ -92.705642259827343, 16.958448999863709 ], [ -92.70607419964152, 16.959973090119743 ], [ -92.708054459701941, 16.96129720002379 ], [ -92.709019999941049, 16.96209616974291 ], [ -92.710791599967052, 16.962189859891833 ], [ -92.716719749821038, 16.965675000179296 ], [ -92.712614520462679, 16.972871720037347 ], [ -92.712753620146401, 16.973229320051178 ], [ -92.711957370168335, 16.974755139821514 ], [ -92.711735249923308, 16.9751807997207 ], [ -92.711268689700475, 16.976074819926971 ], [ -92.710637060262471, 16.977285149617401 ], [ -92.710209149908167, 16.978105110312168 ], [ -92.709483290139431, 16.979495979588357 ], [ -92.708953850107775, 16.980510459786856 ], [ -92.69394301949535, 16.97288631078564 ] ] ] } },
{ "type": "Feature", "properties": { "CVEGEO": "07022", "CVE_ENT": "07", "CVE_MUN": "022", "NOMGEO": "Chalchihuitán", "Olvida2": 1, "Region": "V Altos Tsotsil Tseltal", "Cabecera": "San Cristóbal de Las Casas" }, "geometry": { "type": "Polygon", "coordinates": [ [ [ -92.579214309932397, 17.113841750011229 ], [ -92.57924070959649, 17.112636459658312 ], [ -92.5796422303779, 17.111770550193068 ], [ -92.579589799588305, 17.110736449827012 ], [ -92.579111969783042, 17.110254489551505 ], [ -92.57874905973847, 17.109818679735369 ], [ -92.57916085039291, 17.106040890288138 ], [ -92.579022510437753, 17.105617939629013 ], [ -92.578592970235562, 17.105232120133302 ], [ -92.57755270972801, 17.104706880056078 ], [ -92.576536049630988, 17.104227179859951 ], [ -92.5757750195624, 17.103886280059648 ], [ -92.575093279746895, 17.103792029965803 ], [ -92.574312449755027, 17.103676679644092 ], [ -92.573508419879545, 17.103379339827626 ], [ -92.572918460350223, 17.102627600015381 ], [ -92.572091020213293, 17.102216459695214 ], [ -92.570575910015094, 17.102349739656308 ], [ -92.569913080325804, 17.102393819848221 ], [ -92.56894455039567, 17.101595770165478 ], [ -92.56795228995729, 17.100820399760636 ], [ -92.567433379909787, 17.10002328982317 ], [ -92.566556890145279, 17.098973219757504 ], [ -92.565725289839634, 17.098362859846318 ], [ -92.564708399640779, 17.099094449688952 ], [ -92.563792200214849, 17.099066569701726 ], [ -92.562768460197333, 17.098900349742916 ], [ -92.562238399544256, 17.098907829994214 ], [ -92.562041890465395, 17.098432599955579 ], [ -92.561916020288734, 17.097539540057376 ], [ -92.561894109620653, 17.097063860178491 ], [ -92.561927340376641, 17.096581379896346 ], [ -92.561864400124577, 17.096067910189308 ], [ -92.561598279722162, 17.09564637028295 ], [ -92.561300260140243, 17.095173490401589 ], [ -92.560959219687476, 17.094813400119975 ], [ -92.560713749718076, 17.094699939797689 ], [ -92.560457970203728, 17.094411919698924 ], [ -92.560131630001067, 17.093945679853132 ], [ -92.559516379856646, 17.093686059626368 ], [ -92.559127289841527, 17.093524779927563 ], [ -92.55885855034424, 17.093357120385857 ], [ -92.558423600167657, 17.093029259708672 ], [ -92.558158140347146, 17.092652229904626 ], [ -92.558008169851206, 17.09209697981813 ], [ -92.55800928036966, 17.091625880095169 ], [ -92.558033419862127, 17.091367289587403 ], [ -92.558029770391428, 17.091100549804025 ], [ -92.557830509777276, 17.090496939938745 ], [ -92.55781108005219, 17.090240939582376 ], [ -92.557650119552861, 17.089624140078506 ], [ -92.557483090078406, 17.089407799575564 ], [ -92.557042550241732, 17.088907050056953 ], [ -92.556330880225531, 17.088570000208215 ], [ -92.555640020444315, 17.088479490063893 ], [ -92.555042980244451, 17.088221969583088 ], [ -92.554416799853072, 17.087917629652374 ], [ -92.553896679511155, 17.087526450303159 ], [ -92.553442770319663, 17.0869720298058 ], [ -92.552918430321441, 17.08642114973976 ], [ -92.55124062995371, 17.085145400299645 ], [ -92.550618319665276, 17.084525429903319 ], [ -92.550194550096535, 17.084135480199429 ], [ -92.549631399854817, 17.083751600091453 ], [ -92.548774980284222, 17.083144310079454 ], [ -92.548263800186618, 17.083065920071995 ], [ -92.548312260020552, 17.082669569847972 ], [ -92.54808303014876, 17.082359660149493 ], [ -92.547609630314398, 17.081961549580299 ], [ -92.547323889572638, 17.081419740286197 ], [ -92.547246880138289, 17.080974979690904 ], [ -92.54720997976591, 17.080615059639641 ], [ -92.547058659686741, 17.079952450099906 ], [ -92.546842580224578, 17.079387019982157 ], [ -92.546498180113261, 17.078993579641729 ], [ -92.54594619995396, 17.078644260187879 ], [ -92.545679799854, 17.078442140356429 ], [ -92.545260819909771, 17.07827631960301 ], [ -92.544594679933354, 17.077835149847804 ], [ -92.544137690415724, 17.077614280232783 ], [ -92.543585090037524, 17.077521430393041 ], [ -92.543337750096114, 17.077319349665125 ], [ -92.543224089677821, 17.077025979904398 ], [ -92.543300969729813, 17.076524150063261 ], [ -92.542965579703562, 17.07563672040121 ], [ -92.542948380474755, 17.074534519700215 ], [ -92.543260259966615, 17.074299029645267 ], [ -92.543416710314787, 17.073976580139693 ], [ -92.543457799625244, 17.07340431961471 ], [ -92.54349119963814, 17.072769220030878 ], [ -92.543707920029348, 17.072460950356227 ], [ -92.543786219720729, 17.071863520537246 ], [ -92.543602919653679, 17.071295539637088 ], [ -92.543636660279375, 17.071072260599802 ], [ -92.543597249899562, 17.070812049584568 ], [ -92.54383990964368, 17.070549661148846 ], [ -92.54424038036062, 17.070297720770455 ], [ -92.544528459890685, 17.070015111191324 ], [ -92.544279770382275, 17.069707080469357 ], [ -92.543938690254492, 17.069663539622834 ], [ -92.543694169669919, 17.069563201414219 ], [ -92.54353874026593, 17.069434541147878 ], [ -92.543487680049182, 17.069078020132565 ], [ -92.543618490064858, 17.068583599658091 ], [ -92.5439447795559, 17.068209080735194 ], [ -92.544218320094544, 17.068122140652235 ], [ -92.544283820297196, 17.067953421343994 ], [ -92.54450636978693, 17.067701349995797 ], [ -92.544507140102596, 17.067380230759042 ], [ -92.544359480220336, 17.067035000147751 ], [ -92.544261310323975, 17.06668986148448 ], [ -92.544175680290991, 17.066285279725946 ], [ -92.544239110185828, 17.065643170512121 ], [ -92.544408399795799, 17.06505446020487 ], [ -92.544937319694156, 17.064615480874028 ], [ -92.545310859716665, 17.064235819692197 ], [ -92.54563494004104, 17.063718520384434 ], [ -92.545898290210033, 17.063499110165861 ], [ -92.546119249693248, 17.063287740038398 ], [ -92.546329830001952, 17.062954979882377 ], [ -92.546292149536811, 17.062469420112244 ], [ -92.546514709560341, 17.061486489867619 ], [ -92.546826309605635, 17.061175979643707 ], [ -92.546866250055302, 17.060727939584989 ], [ -92.547359680350155, 17.060206200321748 ], [ -92.547852800318921, 17.05980895076064 ], [ -92.548533910104112, 17.059293659652496 ], [ -92.549094820100635, 17.058837261545609 ], [ -92.549533400316875, 17.058405320101411 ], [ -92.549868659794868, 17.058133941627009 ], [ -92.550282249965178, 17.057588430018615 ], [ -92.550967629700807, 17.057274310867808 ], [ -92.551418739621027, 17.057168310345606 ], [ -92.551775539524115, 17.056928350571351 ], [ -92.552083000115601, 17.056643001119664 ], [ -92.552536599707011, 17.056258349894406 ], [ -92.552811690050063, 17.056119980205086 ], [ -92.553013909528019, 17.056125060155392 ], [ -92.55319203012769, 17.056139340805437 ], [ -92.553384370091962, 17.056246200914554 ], [ -92.55360631027888, 17.056379371287285 ], [ -92.553884279841824, 17.056594369920937 ], [ -92.554081569764122, 17.05664571133288 ], [ -92.554226050103608, 17.056627520125442 ], [ -92.554356349756418, 17.056498231202134 ], [ -92.554491250076282, 17.056321979803521 ], [ -92.554564579991919, 17.055768380128452 ], [ -92.554669020265436, 17.055115969735329 ], [ -92.555066459837931, 17.054717399759301 ], [ -92.555482020331795, 17.054739891117876 ], [ -92.555821649522187, 17.05508446114515 ], [ -92.555986289704876, 17.055362850838772 ], [ -92.556176199753949, 17.05544271024046 ], [ -92.556391050396797, 17.055459059945566 ], [ -92.55669723002903, 17.055300849908896 ], [ -92.556905889914745, 17.055173780701455 ], [ -92.557083909804803, 17.054908920265753 ], [ -92.557105819780205, 17.054334421980936 ], [ -92.557338369744102, 17.053610031315628 ], [ -92.557616029745077, 17.053344350062616 ], [ -92.558070850296332, 17.053012479597598 ], [ -92.558403379591226, 17.052554680090001 ], [ -92.55855922995265, 17.052308370699816 ], [ -92.558553579850326, 17.051828139864334 ], [ -92.558627970088665, 17.05144890974973 ], [ -92.558742539546998, 17.050993081986601 ], [ -92.558908519739319, 17.050577050270615 ], [ -92.558951619421777, 17.049958061985066 ], [ -92.558875450386864, 17.048905770226852 ], [ -92.559034879621876, 17.048336029967519 ], [ -92.559299060406076, 17.04809025008737 ], [ -92.559176509758231, 17.047826340543079 ], [ -92.558684520424336, 17.04759930958809 ], [ -92.558130539827332, 17.047544311286156 ], [ -92.557812770237533, 17.046984090196833 ], [ -92.557293249538105, 17.046557950153307 ], [ -92.557410970115683, 17.045965740915154 ], [ -92.557800820237091, 17.045356570330334 ], [ -92.558067029640625, 17.044911000075128 ], [ -92.558457319607612, 17.044647030839865 ], [ -92.558519450422608, 17.044264819932575 ], [ -92.55862531042709, 17.043767880393382 ], [ -92.558357079925841, 17.043576651002088 ], [ -92.558466910021195, 17.043103290122652 ], [ -92.558614709477339, 17.042857621388318 ], [ -92.558784280165654, 17.042543081757252 ], [ -92.558346170125375, 17.042419820223518 ], [ -92.558131580318459, 17.042250251086884 ], [ -92.557750570011194, 17.042146089939621 ], [ -92.557173909599939, 17.042154201120692 ], [ -92.556842429760337, 17.04178705211492 ], [ -92.556755480408569, 17.041335910805454 ], [ -92.556805219659893, 17.040988370404026 ], [ -92.556913290118715, 17.040753720540327 ], [ -92.55723900031154, 17.040472222075287 ], [ -92.55747140032561, 17.040126491915597 ], [ -92.55782394980092, 17.039723319897419 ], [ -92.557850400250686, 17.039434859822791 ], [ -92.557825400237959, 17.039113289953193 ], [ -92.557713110125292, 17.038706460586365 ], [ -92.557354919857957, 17.038579909608817 ], [ -92.556849260068432, 17.038542801101809 ], [ -92.556419379660809, 17.038100690939253 ], [ -92.555952779429845, 17.037379352030666 ], [ -92.55586957012089, 17.036893000015226 ], [ -92.555945659561772, 17.036424951441358 ], [ -92.556350880073893, 17.036076919986932 ], [ -92.556873289679757, 17.035955680002541 ], [ -92.557154080374971, 17.035711461095453 ], [ -92.5572438296808, 17.035442320674637 ], [ -92.557244620052501, 17.035111820243252 ], [ -92.557092460238394, 17.03484218183284 ], [ -92.556780769965414, 17.034737020246322 ], [ -92.556443319861103, 17.034706120273718 ], [ -92.556136750168605, 17.035084921087734 ], [ -92.555894179645577, 17.035329220076093 ], [ -92.555639579594214, 17.035304169648121 ], [ -92.555474629561161, 17.035058999806559 ], [ -92.555189720131523, 17.033805420131877 ], [ -92.555211479804271, 17.032951880566578 ], [ -92.555508979748808, 17.03230763193584 ], [ -92.555873650081253, 17.031832711717751 ], [ -92.556262579779499, 17.031327650844563 ], [ -92.556652320330087, 17.0304925401419 ], [ -92.556431999507879, 17.029959521058142 ], [ -92.556155980167745, 17.029559521048789 ], [ -92.555686290047618, 17.029079201317671 ], [ -92.555520680117567, 17.028839199781061 ], [ -92.555382709729727, 17.0286258796197 ], [ -92.555106120251494, 17.028465522227435 ], [ -92.554857489871054, 17.028198710370404 ], [ -92.554525829627551, 17.027905080311985 ], [ -92.554193740329339, 17.027797851948723 ], [ -92.55402851010173, 17.027398080550082 ], [ -92.553918740432678, 17.026971819596486 ], [ -92.55364279990215, 17.026545169927108 ], [ -92.553310379822506, 17.026571081340762 ], [ -92.552977539901946, 17.026783350391327 ], [ -92.552617289508035, 17.026862450798696 ], [ -92.552230000036744, 17.026675202257302 ], [ -92.552203510037884, 17.02616923038758 ], [ -92.552287550277342, 17.025770019598749 ], [ -92.551900949870031, 17.025289880196468 ], [ -92.551486739919113, 17.02478306073715 ], [ -92.551045319716877, 17.024063149589509 ], [ -92.550687520372506, 17.023130419704177 ], [ -92.550888489975065, 17.022967490775653 ], [ -92.551270250284347, 17.022658020327572 ], [ -92.551520720121033, 17.022152660466457 ], [ -92.551909910264627, 17.021541089624499 ], [ -92.552271219810535, 17.021009350874028 ], [ -92.552411280024231, 17.020343979640678 ], [ -92.55246805959915, 17.019758311531703 ], [ -92.552442340366539, 17.018932819948638 ], [ -92.552831199693287, 17.018454380970862 ], [ -92.553137290222594, 17.017842650733094 ], [ -92.553387570302263, 17.017417149759421 ], [ -92.553748859929101, 17.016885420291061 ], [ -92.554110340090801, 17.016273780935631 ], [ -92.554443740021767, 17.015821850656948 ], [ -92.554832460118078, 17.015396681242244 ], [ -92.555387799787894, 17.014785462008174 ], [ -92.555749769910136, 17.013960819957891 ], [ -92.556055780288631, 17.013375689697842 ], [ -92.556084549905052, 17.012923090132869 ], [ -92.556113000375888, 17.012603630734095 ], [ -92.556059000202168, 17.012017720408355 ], [ -92.555893720212978, 17.011644582126465 ], [ -92.55578332017987, 17.01148457961348 ], [ -92.555673250151997, 17.011191450910211 ], [ -92.555712600224453, 17.010638139847003 ], [ -92.55617876997097, 17.010251541218775 ], [ -92.556592690017354, 17.009725090889738 ], [ -92.556587369898281, 17.009364460109673 ], [ -92.556645659480481, 17.008949450802305 ], [ -92.556785749648171, 17.008712720526212 ], [ -92.556357830136889, 17.008730650157418 ], [ -92.556051339672152, 17.008722770257009 ], [ -92.556081909912052, 17.008449710920981 ], [ -92.555789909841366, 17.00822632096089 ], [ -92.555671510017149, 17.007670451354567 ], [ -92.555439399953514, 17.006803889959006 ], [ -92.555494230070522, 17.006313850260774 ], [ -92.555629680268609, 17.005772339945768 ], [ -92.555827080081258, 17.005506150213705 ], [ -92.556294779641306, 17.005279340335637 ], [ -92.556484000075727, 17.004980080301674 ], [ -92.556532220055729, 17.004642120039222 ], [ -92.556222779429604, 17.004143802155408 ], [ -92.556085489536244, 17.003828341822828 ], [ -92.556103629700516, 17.003463451209843 ], [ -92.556156000234608, 17.00319814066285 ], [ -92.555759720165611, 17.00296504959956 ], [ -92.554956820255924, 17.002702710752555 ], [ -92.554947689652977, 17.001995110095187 ], [ -92.554950620380339, 17.001484340468991 ], [ -92.555065820165694, 17.000817031550799 ], [ -92.555109260192324, 17.000094980074298 ], [ -92.555047949911042, 16.999766450639438 ], [ -92.555205999909873, 16.999356710397791 ], [ -92.555528380376018, 16.999069380978113 ], [ -92.55580221987077, 16.998812829714563 ], [ -92.55597581999092, 16.998696860332245 ], [ -92.556275830379846, 16.99832243016801 ], [ -92.55647662020273, 16.998017660765452 ], [ -92.556627619742656, 16.997759541706074 ], [ -92.556780250333745, 16.997383230536695 ], [ -92.556857540019777, 16.997124151459978 ], [ -92.556961690141051, 16.996699941154262 ], [ -92.557139220129102, 16.996300311019795 ], [ -92.557242709624418, 16.995923370744663 ], [ -92.557324259635024, 16.995357021010378 ], [ -92.557282969685318, 16.994789081024489 ], [ -92.557243000393456, 16.994126600176045 ], [ -92.553176620051829, 16.98970078205349 ], [ -92.555168949668712, 16.985990939965074 ], [ -92.55475560036102, 16.982132061506604 ], [ -92.547301722647191, 16.973271048556217 ], [ -92.546547481316381, 16.972374350348169 ], [ -92.545909750252719, 16.971616149820555 ], [ -92.545814779761287, 16.971378520073582 ], [ -92.545819050077498, 16.97107123037777 ], [ -92.545847550252489, 16.970787910438531 ], [ -92.545873749624377, 16.970670029756771 ], [ -92.545973979910983, 16.970529459892745 ], [ -92.546321780282398, 16.970250250199616 ], [ -92.546618180429007, 16.970135850338984 ], [ -92.547259429558679, 16.969954949851985 ], [ -92.547704170250483, 16.969771520063485 ], [ -92.547926219797944, 16.96970345980921 ], [ -92.548419090313971, 16.96959157975132 ], [ -92.548564310049514, 16.969553661980321 ], [ -92.548936879765975, 16.96945637992102 ], [ -92.54933282008102, 16.969248689992732 ], [ -92.549678320326024, 16.969134920348754 ], [ -92.549953825403733, 16.968916583647363 ], [ -92.550001249944359, 16.968879000419534 ], [ -92.550005741922433, 16.968873112271375 ], [ -92.550036691879569, 16.968832572218826 ], [ -92.550251460213147, 16.968551229791849 ], [ -92.550476119618139, 16.968294059984661 ], [ -92.550672772266523, 16.967950352402681 ], [ -92.550677539859464, 16.967942020174547 ], [ -92.550729280365545, 16.967753550679028 ], [ -92.550733539751661, 16.967446261106481 ], [ -92.550785619550396, 16.967234151119943 ], [ -92.55103549020491, 16.966930020202771 ], [ -92.551436030258714, 16.966984452059613 ], [ -92.551785050092846, 16.966947919831718 ], [ -92.552095229820409, 16.966948600900388 ], [ -92.552483289852802, 16.966800259634386 ], [ -92.552987490406707, 16.966726780434314 ], [ -92.553297490213765, 16.966802050892856 ], [ -92.553685289637528, 16.966765600422981 ], [ -92.554034309957842, 16.966729080234451 ], [ -92.554204909496733, 16.966583310701999 ], [ -92.554612140122671, 16.966528260358356 ], [ -92.554748459772611, 16.966267491506315 ], [ -92.555097620282822, 16.966175019619097 ], [ -92.555602259933949, 16.965915050202302 ], [ -92.555941419601183, 16.965707429991454 ], [ -92.555990889747605, 16.965524291732414 ], [ -92.556204400152254, 16.965412860386202 ], [ -92.556398340320754, 16.965376001150105 ], [ -92.556631019692944, 16.965357850276348 ], [ -92.556960999589236, 16.965172089992539 ], [ -92.557085849660368, 16.964643400164768 ], [ -92.557089120071709, 16.96440703003227 ], [ -92.557067830259086, 16.96417033996692 ], [ -92.557046199916044, 16.963957280430687 ], [ -92.55739528996088, 16.963583481090559 ], [ -92.557742429780276, 16.963351510304843 ], [ -92.557857630461825, 16.963085489884197 ], [ -92.557877459696599, 16.962899061907414 ], [ -92.557974769744391, 16.962731450126459 ], [ -92.558247709607187, 16.962341379839565 ], [ -92.558276850305873, 16.962010770744083 ], [ -92.558355429679452, 16.961657149930819 ], [ -92.558509340112536, 16.961186289698066 ], [ -92.558662580027203, 16.960762691913789 ], [ -92.558788659937832, 16.960527889707976 ], [ -92.559014279565162, 16.960199800858739 ], [ -92.559286079448015, 16.960085061288908 ], [ -92.559533649599629, 16.959946379774866 ], [ -92.559805460039911, 16.959831649991678 ], [ -92.560224630059196, 16.959718800032448 ], [ -92.560447310304141, 16.959603430335736 ], [ -92.560719110084563, 16.959488710134252 ], [ -92.561090309755713, 16.959301489609864 ], [ -92.561363569514839, 16.959071381110842 ], [ -92.561538430126774, 16.958860851214954 ], [ -92.56166515024006, 16.958578771348876 ], [ -92.561716889943327, 16.958390289772893 ], [ -92.561793830033238, 16.958154861995066 ], [ -92.561894690326298, 16.957967020988889 ], [ -92.571304860161831, 16.956053859559798 ], [ -92.580617580323704, 16.95406811022248 ], [ -92.581567660305865, 16.953879025000603 ], [ -92.584279218998233, 16.953339332995675 ], [ -92.592347524304714, 16.951733153725762 ], [ -92.600716720090745, 16.950066579666675 ], [ -92.604150779948597, 16.952237549787309 ], [ -92.605164830140851, 16.955347370172589 ], [ -92.606004379679987, 16.955026940271743 ], [ -92.605940970034865, 16.954269600067221 ], [ -92.606656429687973, 16.95404217079296 ], [ -92.607673220252082, 16.955142461200506 ], [ -92.608550275844436, 16.954210604097536 ], [ -92.608794779896755, 16.953950820091201 ], [ -92.610567220268166, 16.955188569997038 ], [ -92.612104290087643, 16.956261920015052 ], [ -92.617155819784259, 16.956916219832088 ], [ -92.617664600069176, 16.955622280396021 ], [ -92.621795259619745, 16.955342909564557 ], [ -92.624016579882607, 16.95638723098984 ], [ -92.627363780266819, 16.954088420737303 ], [ -92.628297170322512, 16.955920459798911 ], [ -92.62960945972803, 16.956977049647396 ], [ -92.63218688000137, 16.958947740342317 ], [ -92.633243320195831, 16.958937230370935 ], [ -92.633960679714917, 16.95856788126677 ], [ -92.634568369691635, 16.959048259804792 ], [ -92.635182399520843, 16.959055890341524 ], [ -92.635353690038428, 16.959105310186615 ], [ -92.635720519762842, 16.959228059731469 ], [ -92.63603886026155, 16.959302941039319 ], [ -92.636381769620087, 16.959378121066869 ], [ -92.636699800488131, 16.959476649626243 ], [ -92.636919909803453, 16.959550309925621 ], [ -92.637189750299711, 16.959577290253669 ], [ -92.637434110396867, 16.959674890877547 ], [ -92.637604770412622, 16.959771570394356 ], [ -92.637848480024715, 16.959916451287754 ], [ -92.63794576962313, 16.959988579557884 ], [ -92.638190119568094, 16.96008618101229 ], [ -92.638360779685911, 16.960182859678348 ], [ -92.638579620213449, 16.960351080571602 ], [ -92.638700829797997, 16.960470781250304 ], [ -92.63884535044312, 16.960685350081217 ], [ -92.6390396299862, 16.960853260115123 ], [ -92.639305999841071, 16.961140260829392 ], [ -92.639864280388849, 16.961643659749338 ], [ -92.640581939721514, 16.961250650411358 ], [ -92.640756399552018, 16.961063679871703 ], [ -92.640955110034596, 16.96090065060935 ], [ -92.641176800332005, 16.960856110978145 ], [ -92.641300549660215, 16.96078670968722 ], [ -92.641596229622778, 16.960719451005261 ], [ -92.64186767970277, 16.96062825004406 ], [ -92.642113920183903, 16.960584020875618 ], [ -92.642287120334913, 16.960491580842675 ], [ -92.643078459745311, 16.960099480963144 ], [ -92.643399030381673, 16.960008880200178 ], [ -92.643814049747078, 16.960203149762407 ], [ -92.643936519616943, 16.960228310494635 ], [ -92.644107200029893, 16.960324980903366 ], [ -92.644400349546245, 16.960446830411147 ], [ -92.644767200381168, 16.960569570349609 ], [ -92.646472349864865, 16.959810490959597 ], [ -92.647297970157794, 16.960529950237046 ], [ -92.6477885696318, 16.960583290879978 ], [ -92.648206109590959, 16.960588460136016 ], [ -92.648550599907949, 16.960545431223501 ], [ -92.648992709833934, 16.960550890309211 ], [ -92.64916494994641, 16.960529371117936 ], [ -92.649508180226192, 16.960580889742452 ], [ -92.650656280351996, 16.961067910110547 ], [ -92.650778450230476, 16.961116709853563 ], [ -92.65099918022274, 16.961143059899577 ], [ -92.651122940169458, 16.961073660422535 ], [ -92.651294879804183, 16.961075780697534 ], [ -92.65139374957775, 16.961029721123154 ], [ -92.651615430120046, 16.960985180012106 ], [ -92.651713980073708, 16.960962750134133 ], [ -92.651763430393189, 16.960939719839491 ], [ -92.652009049552092, 16.960942750760438 ], [ -92.652082089778474, 16.960990939989198 ], [ -92.653838250002352, 16.961934629886887 ], [ -92.656687719820752, 16.96194609043566 ], [ -92.657243200421675, 16.962662179982399 ], [ -92.657462690435622, 16.962783110286825 ], [ -92.657576509820231, 16.962839630119333 ], [ -92.655220969710101, 16.969671309959189 ], [ -92.654193859906002, 16.979938769895064 ], [ -92.657948950240652, 16.979787550009128 ], [ -92.666751200370285, 16.983252910509748 ], [ -92.680756879966253, 16.988360649862148 ], [ -92.709888049570239, 16.982270090393509 ], [ -92.710316739633598, 16.982157660039274 ], [ -92.711164120224268, 16.98243387978177 ], [ -92.708289000249536, 16.997237430110108 ], [ -92.705115379798372, 17.000816739685089 ], [ -92.701413569873793, 17.004991550168391 ], [ -92.681146490132889, 17.027843650101033 ], [ -92.680518349992582, 17.028342650007996 ], [ -92.680024580286982, 17.02873370980533 ], [ -92.679907819986767, 17.028926379778554 ], [ -92.679549970154838, 17.029268110140453 ], [ -92.67909236979348, 17.029565460082303 ], [ -92.676669450381709, 17.030677850281101 ], [ -92.675024169937757, 17.031507030416446 ], [ -92.674079089896679, 17.031937059868099 ], [ -92.670965539677013, 17.033494309539694 ], [ -92.670885220207637, 17.033545199592332 ], [ -92.670277200252272, 17.033752379826868 ], [ -92.66885920021501, 17.035325369704978 ], [ -92.666750800300193, 17.037664150345638 ], [ -92.665924579573485, 17.041493079765058 ], [ -92.665400940338273, 17.042703709840058 ], [ -92.664572260408747, 17.044956970015125 ], [ -92.664003970146908, 17.046498689680782 ], [ -92.663650489523135, 17.047589140290857 ], [ -92.663149770158711, 17.048681430277998 ], [ -92.663500339899784, 17.0572136051982 ], [ -92.663551179817418, 17.058450860315205 ], [ -92.655204624971049, 17.064019607496896 ], [ -92.646278120008162, 17.069974340191713 ], [ -92.637701720204419, 17.072937020189372 ], [ -92.630891320074326, 17.073965249585726 ], [ -92.630549920078181, 17.074134709856025 ], [ -92.630211980197615, 17.074161460136597 ], [ -92.62965808041767, 17.074113120116664 ], [ -92.628377630212, 17.07413114963893 ], [ -92.627549309746229, 17.074394800382738 ], [ -92.627052110442847, 17.074659049887551 ], [ -92.624347979994397, 17.074654059646384 ], [ -92.623906289927532, 17.074759310294333 ], [ -92.623795599709311, 17.074918200196148 ], [ -92.623629620458715, 17.075130019577617 ], [ -92.623573679708898, 17.075501140251458 ], [ -92.623352080177668, 17.07592497959677 ], [ -92.623241380155932, 17.076083879764244 ], [ -92.623113830677596, 17.076128183525466 ], [ -92.62275344793126, 17.076253359647477 ], [ -92.622674076421887, 17.076280928836262 ], [ -92.622633909857313, 17.076294880384729 ], [ -92.622081620294693, 17.07650597003537 ], [ -92.621925457571948, 17.076602029172477 ], [ -92.621874632229137, 17.076633293225061 ], [ -92.621825901211494, 17.076663268616905 ], [ -92.621308030089182, 17.076981819810388 ], [ -92.621086860161455, 17.077193539924234 ], [ -92.621036864741384, 17.077211448539728 ], [ -92.620985142297272, 17.077229975827567 ], [ -92.620945433645915, 17.077244200114961 ], [ -92.620645049821732, 17.077351800037967 ], [ -92.619540769869602, 17.077614890214889 ], [ -92.618767290043451, 17.078037710005354 ], [ -92.618049199799898, 17.07835454017463 ], [ -92.617662249929495, 17.078671999917891 ], [ -92.617524200450561, 17.079093340097305 ], [ -92.61739675514545, 17.079121581974448 ], [ -92.615097490449116, 17.079631080061045 ], [ -92.613138939826783, 17.080225819864204 ], [ -92.611089449805206, 17.081760779940094 ], [ -92.609128890256159, 17.083295920194516 ], [ -92.607790919990109, 17.084917720339831 ], [ -92.607577885761742, 17.085347630749201 ], [ -92.607330476748416, 17.085846907139512 ], [ -92.60698674987465, 17.086540550087065 ], [ -92.605650550362483, 17.087307400053731 ], [ -92.604313430174372, 17.088501719613134 ], [ -92.603687709562408, 17.089868399980816 ], [ -92.603514479596285, 17.090854749889598 ], [ -92.601940750211867, 17.091931739735202 ], [ -92.601221419732894, 17.092575279657328 ], [ -92.596723770018173, 17.096598880055076 ], [ -92.590975460182364, 17.10195696965442 ], [ -92.588427950264716, 17.104277859688576 ], [ -92.587385060128625, 17.105258450291171 ], [ -92.587008570042684, 17.105752680349308 ], [ -92.585116089843126, 17.108236980033396 ], [ -92.583400259995557, 17.110335290206326 ], [ -92.582507679708471, 17.1115501203417 ], [ -92.581975000205702, 17.11212317017694 ], [ -92.581636850101205, 17.112552200410896 ], [ -92.581345660015643, 17.112815419987886 ], [ -92.581105090303126, 17.113196059875815 ], [ -92.580865750326893, 17.113671120128028 ], [ -92.580626720407409, 17.1141697996019 ], [ -92.580434019835224, 17.114455429684714 ], [ -92.580078820359603, 17.115113429751514 ], [ -92.579328739558122, 17.115593170267591 ], [ -92.579214309932397, 17.113841750011229 ] ] ] } },
{ "type": "Feature", "properties": { "CVEGEO": "07119", "CVE_ENT": "07", "CVE_MUN": "119", "NOMGEO": "Santiago el Pinar", "Olvida2": 1, "Region": "V Altos Tsotsil Tseltal", "Cabecera": "San Cristóbal de Las Casas" }, "geometry": { "type": "Polygon", "coordinates": [ [ [ -92.713268309897344, 16.980499179830662 ], [ -92.712959049827433, 16.980243509813413 ], [ -92.712414179616985, 16.979774820180719 ], [ -92.712192599790171, 16.979582939683564 ], [ -92.712046620279594, 16.978632690331953 ], [ -92.712298290276763, 16.977966599707049 ], [ -92.712431680447651, 16.977527229924178 ], [ -92.712565049782256, 16.977087850086082 ], [ -92.712875489697865, 16.976563630227883 ], [ -92.713171309628564, 16.975968489832674 ], [ -92.713467109638017, 16.975373370133067 ], [ -92.714550449607984, 16.974491650179765 ], [ -92.714736739569403, 16.974340029559599 ], [ -92.715164090440027, 16.974496600427933 ], [ -92.715664709530444, 16.974965230298061 ], [ -92.716107050152814, 16.974965850299249 ], [ -92.716314179842044, 16.97449819992967 ], [ -92.715755380083849, 16.973504850270711 ], [ -92.714252939919149, 16.972510170122952 ], [ -92.713116180327788, 16.973380259697628 ], [ -92.712753620146401, 16.973229320051178 ], [ -92.712614520462679, 16.972871720037347 ], [ -92.716719749821038, 16.965675000179296 ], [ -92.710791599967052, 16.962189859891833 ], [ -92.709019999941049, 16.96209616974291 ], [ -92.708054459701941, 16.96129720002379 ], [ -92.70607419964152, 16.959973090119743 ], [ -92.705642259827343, 16.958448999863709 ], [ -92.705458619776167, 16.958195520214229 ], [ -92.705405340053417, 16.957493319640673 ], [ -92.705005750360641, 16.956680370353247 ], [ -92.704297369630908, 16.955140150120702 ], [ -92.703814569785578, 16.95217130982514 ], [ -92.704020199652277, 16.951842720148402 ], [ -92.704883899965409, 16.942533207415721 ], [ -92.704944279776996, 16.941882350068372 ], [ -92.704791464519417, 16.938392912074981 ], [ -92.704687920195511, 16.936028449700775 ], [ -92.715633180044108, 16.923620430225522 ], [ -92.715677999624802, 16.923555570180774 ], [ -92.721582779794886, 16.915994920317051 ], [ -92.722001914417376, 16.916934339359198 ], [ -92.722216650429388, 16.917415630031488 ], [ -92.722230555502975, 16.917662774167887 ], [ -92.722367740284739, 16.920101000266623 ], [ -92.725796720444791, 16.928582000258441 ], [ -92.730951349526961, 16.933886580421877 ], [ -92.733630219820284, 16.934504540156876 ], [ -92.736950367256171, 16.935207412529117 ], [ -92.740516776320931, 16.935962329024893 ], [ -92.740681191457497, 16.935997129163198 ], [ -92.743349280247458, 16.936561830371382 ], [ -92.743153423960209, 16.937065868256337 ], [ -92.741655890244459, 16.940919679825292 ], [ -92.742118319738793, 16.947726550158627 ], [ -92.741479430398215, 16.948289579840445 ], [ -92.74108091015259, 16.948629380399545 ], [ -92.740859629768877, 16.948728369982334 ], [ -92.740446580168026, 16.948912179562008 ], [ -92.739797549907522, 16.949166600343489 ], [ -92.738587830341189, 16.949746420042572 ], [ -92.73835162010954, 16.949987169966615 ], [ -92.737997349821683, 16.95029868035175 ], [ -92.737687370201513, 16.950567690458982 ], [ -92.737495349978886, 16.950822679746999 ], [ -92.737111280354895, 16.951375200121074 ], [ -92.736594170357634, 16.952154420090082 ], [ -92.736284109597932, 16.95248015007661 ], [ -92.736106550062175, 16.952933680057118 ], [ -92.735810710375787, 16.953642289648318 ], [ -92.735366949551391, 16.954676829823203 ], [ -92.735006449547527, 16.95478612003696 ], [ -92.73428371045955, 16.955012059599472 ], [ -92.734003480091488, 16.955096770020635 ], [ -92.733723110158721, 16.955266569673931 ], [ -92.733118149573897, 16.95560608963676 ], [ -92.732631260367057, 16.95586068976699 ], [ -92.73236562041788, 16.956044680003579 ], [ -92.731775309525176, 16.956455120133455 ], [ -92.731096420339441, 16.9569363404566 ], [ -92.730757080426471, 16.957106050055245 ], [ -92.73063053563996, 16.957159545242408 ], [ -92.730255489999664, 16.957318089928972 ], [ -92.729591619873545, 16.957614980440606 ], [ -92.729208079796706, 16.957756279915046 ], [ -92.72892771977574, 16.957911880037646 ], [ -92.728175149907557, 16.958364630219247 ], [ -92.727260149671295, 16.958987319859794 ], [ -92.72636002965487, 16.959510770099754 ], [ -92.727286880339264, 16.960330150069655 ], [ -92.727773620195478, 16.960760480379328 ], [ -92.728998909849167, 16.961906780033726 ], [ -92.729107542559944, 16.962008376009496 ], [ -92.72947339430803, 16.962350526521067 ], [ -92.729804909504537, 16.962660563309502 ], [ -92.730919920017499, 16.963703320055558 ], [ -92.732840979984871, 16.965499830435917 ], [ -92.734402770066126, 16.966833220287302 ], [ -92.735964580180763, 16.968166580155046 ], [ -92.7369339103371, 16.969047379989924 ], [ -92.737496050075407, 16.969558169852263 ], [ -92.736974430228457, 16.969930749713019 ], [ -92.73466226046051, 16.971582219673369 ], [ -92.733814370299996, 16.972165399650482 ], [ -92.732522199963881, 16.973054119677233 ], [ -92.730744079823992, 16.974337319549534 ], [ -92.729474779570239, 16.97520061962555 ], [ -92.727437950401935, 16.976601689741045 ], [ -92.723762799974253, 16.979092379959287 ], [ -92.723265149549064, 16.976596079948497 ], [ -92.722173710342787, 16.976807290187519 ], [ -92.721619150039402, 16.977093429626411 ], [ -92.721191250314305, 16.977305539608746 ], [ -92.720556600421958, 16.977715889680518 ], [ -92.719966259950283, 16.9780695697109 ], [ -92.71908065972633, 16.978678080280623 ], [ -92.71792942998529, 16.979413850399155 ], [ -92.716970289575116, 16.97988045022112 ], [ -92.71595217033483, 16.980346949642694 ], [ -92.714196689982131, 16.980869150366441 ], [ -92.713268309897344, 16.980499179830662 ] ] ] } },
{ "type": "Feature", "properties": { "CVEGEO": "07082", "CVE_ENT": "07", "CVE_MUN": "082", "NOMGEO": "Sitalá", "Olvida2": 1, "Region": "XV Meseta Comiteca Tojolabal", "Cabecera": "Yajalón" }, "geometry": { "type": "Polygon", "coordinates": [ [ [ -92.359315319292222, 17.088267460533451 ], [ -92.358528318664611, 17.087361720655409 ], [ -92.35817725870163, 17.087032461025352 ], [ -92.357138708506682, 17.085989061231576 ], [ -92.356568448983367, 17.085412261203846 ], [ -92.356137718738509, 17.08501835063403 ], [ -92.355775428626217, 17.084655141220697 ], [ -92.355352799432382, 17.084180881237021 ], [ -92.354627999262391, 17.083341680498282 ], [ -92.35419913914194, 17.082733940398771 ], [ -92.353014018623753, 17.081270891039431 ], [ -92.352327018721681, 17.080451621223968 ], [ -92.352125918651993, 17.080243051008953 ], [ -92.351539178984311, 17.079576600846188 ], [ -92.350653048927072, 17.080288910726527 ], [ -92.348934319278669, 17.081641250697668 ], [ -92.348606578885082, 17.081882220946763 ], [ -92.348479948931768, 17.081752540909172 ], [ -92.347556109004572, 17.080406740411831 ], [ -92.346637749148329, 17.079037750801714 ], [ -92.346142768653394, 17.078418821167652 ], [ -92.345952398631809, 17.078166950689504 ], [ -92.346104179110284, 17.077989800481685 ], [ -92.346642689450917, 17.077463140831284 ], [ -92.347200939093355, 17.076941510650052 ], [ -92.348414768862952, 17.07579497043201 ], [ -92.348938348532116, 17.075245891221726 ], [ -92.349271748773049, 17.074902200680938 ], [ -92.349674749428658, 17.074535751158535 ], [ -92.350733649338949, 17.07288385043125 ], [ -92.352849828987303, 17.071397420827349 ], [ -92.351628888768445, 17.070132371026737 ], [ -92.350819518648805, 17.069290080885715 ], [ -92.350052249432807, 17.068508751262307 ], [ -92.349451569422243, 17.06923617130202 ], [ -92.349247429153067, 17.06945655099091 ], [ -92.349031019387439, 17.069745820691718 ], [ -92.348542108915879, 17.070236431028825 ], [ -92.348103799264962, 17.070595570877668 ], [ -92.348055318649998, 17.070638251037931 ], [ -92.347025779069611, 17.071573800711924 ], [ -92.346362428556404, 17.07212491086398 ], [ -92.345807449270595, 17.072560980677061 ], [ -92.344810739238156, 17.073325660816142 ], [ -92.344172908878207, 17.073809311123824 ], [ -92.342702599254338, 17.074890660661222 ], [ -92.341982908577606, 17.075446950812243 ], [ -92.335987678895094, 17.075929490982737 ], [ -92.335119658669925, 17.076270400460704 ], [ -92.333407449124692, 17.076842570418474 ], [ -92.332746909099043, 17.07722935063072 ], [ -92.330661689287183, 17.07807942122097 ], [ -92.328818116723568, 17.07883094088492 ], [ -92.328817919138487, 17.078831021259308 ], [ -92.327470286806502, 17.078688328002681 ], [ -92.327468049065288, 17.078688091232163 ], [ -92.325014857582858, 17.079464096037501 ], [ -92.325012628951868, 17.079464800958473 ], [ -92.32447468615311, 17.077599629582856 ], [ -92.324474579404509, 17.077599260671526 ], [ -92.322608939176021, 17.077762711063528 ], [ -92.320917466826032, 17.077949646768904 ], [ -92.32091507913745, 17.077949910536024 ], [ -92.320621999339693, 17.076580350705125 ], [ -92.317825599257773, 17.074925030484732 ], [ -92.314905858671253, 17.073859740829487 ], [ -92.315323779029512, 17.073269970661205 ], [ -92.312994599053823, 17.070930421235008 ], [ -92.312776568925017, 17.068356940511883 ], [ -92.31346462909589, 17.067625800703119 ], [ -92.307724489543901, 17.06476331044615 ], [ -92.307206089359028, 17.065243630937477 ], [ -92.30538819878376, 17.066927939715754 ], [ -92.304006049292525, 17.066940951055951 ], [ -92.303205690447015, 17.066948492071667 ], [ -92.30320318903604, 17.066948515566494 ], [ -92.29492923859064, 17.067026216776156 ], [ -92.294926733430671, 17.06702623988792 ], [ -92.292180176383724, 17.067051931580387 ], [ -92.292178015767163, 17.067051951774101 ], [ -92.29208511019317, 17.067052820135654 ], [ -92.29208242339493, 17.067052844024854 ], [ -92.289959124659077, 17.06707267012618 ], [ -92.289956909406229, 17.067072691249013 ], [ -92.280292878657988, 17.060376170785826 ], [ -92.28029359681419, 17.060375112757832 ], [ -92.293118258624176, 17.041478081105744 ], [ -92.293229939203258, 17.041364850401042 ], [ -92.293224278683979, 17.04129982062701 ], [ -92.292583598986582, 17.039423781088516 ], [ -92.292526228811155, 17.039255801171738 ], [ -92.291303918902457, 17.035676520991217 ], [ -92.289276938775217, 17.031679200796162 ], [ -92.28923739884651, 17.031601200891867 ], [ -92.288381769085504, 17.029913851029349 ], [ -92.288046011858498, 17.029251705948266 ], [ -92.288045723709629, 17.029251136985664 ], [ -92.288042438918026, 17.029244657334573 ], [ -92.288042134948753, 17.029244059288818 ], [ -92.2868921088902, 17.026976050904892 ], [ -92.285702330506453, 17.025469989641532 ], [ -92.285701041311242, 17.025468358182675 ], [ -92.281695149236384, 17.020397290805086 ], [ -92.281696584233615, 17.020396133984267 ], [ -92.281985539152444, 17.020163200699393 ], [ -92.282059419081847, 17.01995082119732 ], [ -92.282157889449962, 17.019691250986472 ], [ -92.282207218963748, 17.019502431013215 ], [ -92.282256459175628, 17.019360850582824 ], [ -92.282355029301939, 17.019030451276642 ], [ -92.28257634924276, 17.01865298127332 ], [ -92.283018369448541, 17.018393820675975 ], [ -92.283239289394459, 17.018323251002869 ], [ -92.283484849257505, 17.018181881254915 ], [ -92.283828448761511, 17.018135061175723 ], [ -92.284147658875639, 17.017946570478877 ], [ -92.28427062889412, 17.017734231218299 ], [ -92.284614348690639, 17.017569371030469 ], [ -92.284737259185732, 17.01740426104249 ], [ -92.285130278713467, 17.01707420123336 ], [ -92.285253138892557, 17.016932690820095 ], [ -92.285499019459593, 17.016531650590188 ], [ -92.285744688716633, 17.016295851231707 ], [ -92.286113078969109, 17.016036581255381 ], [ -92.286211309428936, 17.015965880856605 ], [ -92.286383338733472, 17.015753601103484 ], [ -92.286506199196722, 17.015612091085398 ], [ -92.286702649207726, 17.015494280408085 ], [ -92.286800889039498, 17.015423570394464 ], [ -92.287095398732959, 17.015376680662779 ], [ -92.287316258938361, 17.015353320505277 ], [ -92.287807148906822, 17.015235850849216 ], [ -92.288248999473666, 17.015094690453331 ], [ -92.288494379070798, 17.015094970589253 ], [ -92.288985249027391, 17.015001090724702 ], [ -92.28999216904883, 17.014270381132164 ], [ -92.290237859344998, 17.014010970983872 ], [ -92.290385349472714, 17.013798680495512 ], [ -92.290483849356264, 17.013515490906482 ], [ -92.290508658661594, 17.01327943039545 ], [ -92.29060721866351, 17.012949031147535 ], [ -92.290705799368538, 17.012595030600352 ], [ -92.290755278634222, 17.012264570658324 ], [ -92.290853859406624, 17.01191057052047 ], [ -92.290903138596192, 17.011745370731411 ], [ -92.291075258940054, 17.011438651242241 ], [ -92.291222889272277, 17.011108310452418 ], [ -92.291370309319902, 17.010943220420717 ], [ -92.291566778634504, 17.010801780959664 ], [ -92.291689599354413, 17.01068389043915 ], [ -92.291836939198959, 17.010589621150107 ], [ -92.292107048764251, 17.010424661261698 ], [ -92.292180658815155, 17.010424741089469 ], [ -92.292426278840693, 17.010212540640349 ], [ -92.292622578873832, 17.010212771256207 ], [ -92.292818949327796, 17.010142151092918 ], [ -92.293211599207879, 17.010095380882859 ], [ -92.293432489181086, 17.010048400917487 ], [ -92.293800739105308, 17.009883551023702 ], [ -92.293972508537237, 17.00988375092782 ], [ -92.294242519345715, 17.009789620828982 ], [ -92.294733338734332, 17.009719321072595 ], [ -92.2954942290432, 17.009507690687013 ], [ -92.299298509152493, 17.008591120677316 ], [ -92.303249969041616, 17.007674630980308 ], [ -92.306195168790609, 17.006969481142356 ], [ -92.306612368974598, 17.00689909087345 ], [ -92.306651458630483, 17.006888080653358 ], [ -92.307029618871013, 17.00678148075523 ], [ -92.307299538577411, 17.006758150523709 ], [ -92.30766771853402, 17.006640490916482 ], [ -92.308085059003162, 17.006452060550885 ], [ -92.308477828841632, 17.006287220403138 ], [ -92.30894427942097, 17.006051620593887 ], [ -92.309508828924493, 17.005863341022568 ], [ -92.309656178995397, 17.005745450825383 ], [ -92.309754429414269, 17.005651111178437 ], [ -92.310073549173964, 17.005509781235897 ], [ -92.311497218713512, 17.005015480876107 ], [ -92.312307278853112, 17.004685780879825 ], [ -92.313242519423952, 17.000817381274135 ], [ -92.312828288818537, 16.999336520506269 ], [ -92.312648579323636, 16.998072690986803 ], [ -92.313037949294227, 16.996930111254656 ], [ -92.31310808928076, 16.996786800459404 ], [ -92.313274628995671, 16.996570450698357 ], [ -92.313394418711056, 16.996449631196505 ], [ -92.313511889417043, 16.996234400778086 ], [ -92.313582598987523, 16.996114690912567 ], [ -92.313676118742862, 16.995923620729236 ], [ -92.313694878924451, 16.995686981275593 ], [ -92.313738168872092, 16.995449800410007 ], [ -92.313908168719237, 16.995375091240909 ], [ -92.314079339218011, 16.995347601075878 ], [ -92.314176309060784, 16.995298150919144 ], [ -92.314347479410785, 16.995270660450089 ], [ -92.314617348631174, 16.995264540464074 ], [ -92.314909448804642, 16.995163450910184 ], [ -92.315154198778785, 16.995134280387699 ], [ -92.315373858691032, 16.995082060971598 ], [ -92.315689909353267, 16.99495680049527 ], [ -92.315835949168047, 16.994906250973344 ], [ -92.316104678909269, 16.994852910394826 ], [ -92.316448139220569, 16.994845120837969 ], [ -92.316840109422429, 16.994812620706462 ], [ -92.317181849363664, 16.994734020874013 ], [ -92.317302199381103, 16.994636800967704 ], [ -92.317615939004156, 16.994417110618272 ], [ -92.317830969099816, 16.994176030708964 ], [ -92.317998078606422, 16.99398328088391 ], [ -92.318117279195917, 16.993838861082757 ], [ -92.318433318917826, 16.99371358114033 ], [ -92.318435633159723, 16.993713806790414 ], [ -92.31863016943376, 16.993732750470937 ], [ -92.318777948552309, 16.993753020618147 ], [ -92.318779065524524, 16.993752995561284 ], [ -92.319121429059749, 16.9937452309427 ], [ -92.319439199373946, 16.993690770642878 ], [ -92.319683968736527, 16.993661600588595 ], [ -92.319831168527131, 16.99365826109619 ], [ -92.320051378794375, 16.993629650942694 ], [ -92.320052994853853, 16.99362992344463 ], [ -92.320544379461282, 16.993712940909802 ], [ -92.320544743041083, 16.993712744691084 ], [ -92.320956249284663, 16.993491021233471 ], [ -92.321618659036062, 16.993475980698896 ], [ -92.321935859198831, 16.993397920831121 ], [ -92.322129229277891, 16.993275431286538 ], [ -92.322201089096893, 16.993202940514394 ], [ -92.322419579083885, 16.993103490776214 ], [ -92.32276305931201, 16.993095710914325 ], [ -92.322764419088074, 16.993095897052452 ], [ -92.323058619200367, 16.993136231171928 ], [ -92.323059736166897, 16.993136206082962 ], [ -92.323156749264243, 16.993134000956353 ], [ -92.323400349323279, 16.993057620806134 ], [ -92.32352070915735, 16.992960400817257 ], [ -92.323714078962325, 16.992837911238595 ], [ -92.32381162902314, 16.992812081120647 ], [ -92.323813086359436, 16.992812511553595 ], [ -92.324182538982868, 16.992921750508152 ], [ -92.324331479457356, 16.992989230467273 ], [ -92.324603078626566, 16.993053920402527 ], [ -92.324726908696121, 16.993098350944834 ], [ -92.325048148775565, 16.99318554126712 ], [ -92.325452848994075, 16.993672370501894 ], [ -92.325529918546948, 16.993812340856032 ], [ -92.325729678594413, 16.993949520597926 ], [ -92.325894749132956, 16.99403429044505 ], [ -92.326033919190749, 16.994102221157448 ], [ -92.326110979144715, 16.994221740428856 ], [ -92.326288769490773, 16.994341580509328 ], [ -92.326443319031839, 16.994461370975227 ], [ -92.326667649235048, 16.994573921023861 ], [ -92.326884418936032, 16.994626820974592 ], [ -92.326885509904116, 16.994626643970037 ], [ -92.327109278674783, 16.994590290602964 ], [ -92.327249199238054, 16.994464030800437 ], [ -92.327397049413051, 16.994293080855606 ], [ -92.327467338594829, 16.994136771026817 ], [ -92.327545568619584, 16.993928310974823 ], [ -92.327616058933259, 16.993719821161488 ], [ -92.32769388925206, 16.993623170612331 ], [ -92.327864739357892, 16.993519380854014 ], [ -92.32805885865038, 16.993408200923046 ], [ -92.328206308734963, 16.993349060835047 ], [ -92.328376949367041, 16.993297450931088 ], [ -92.328586338666639, 16.993253400491827 ], [ -92.328725999207791, 16.993201690570629 ], [ -92.328886218877699, 16.993163800895129 ], [ -92.329110909416499, 16.99317200065115 ], [ -92.329281378652396, 16.993172570738341 ], [ -92.329575819390683, 16.993180980957483 ], [ -92.329769738839701, 16.993121980811306 ], [ -92.329893949049776, 16.993055311283758 ], [ -92.330026109266512, 16.992936481189183 ], [ -92.330096428613487, 16.992772720838861 ], [ -92.330190109113602, 16.992579220565833 ], [ -92.330306978739216, 16.992400691241333 ], [ -92.330353878704315, 16.992289050771287 ], [ -92.330578829404857, 16.992222690565313 ], [ -92.330788089320137, 16.992208480645584 ], [ -92.33118330900723, 16.99220231048621 ], [ -92.331415798619531, 16.992195621238693 ], [ -92.33141691956034, 16.992195820734135 ], [ -92.331586148544815, 16.99222600111727 ], [ -92.33179508874268, 16.992308681183307 ], [ -92.331918859162556, 16.992368721116211 ], [ -92.331921198606111, 16.992368815189408 ], [ -92.332120288758077, 16.992376831219474 ], [ -92.332298598592701, 16.992355050434963 ], [ -92.332535859161965, 16.992269570735179 ], [ -92.33287122941627, 16.99214283101384 ], [ -92.333079648637423, 16.991921681235446 ], [ -92.33321081867966, 16.99179640120548 ], [ -92.333408088563573, 16.991405120602135 ], [ -92.333644599205854, 16.990903111247043 ], [ -92.333837339321576, 16.990763251235922 ], [ -92.334037679436165, 16.990653000716765 ], [ -92.334275769153479, 16.990586860881791 ], [ -92.334278243928964, 16.990587022520277 ], [ -92.334528912892452, 16.990603399766776 ], [ -92.334700428745961, 16.990603971212074 ], [ -92.334700705691944, 16.990604124916707 ], [ -92.334928679179029, 16.990730400453778 ], [ -92.335174309294217, 16.990906781257429 ], [ -92.335435459187792, 16.991008250637897 ], [ -92.33543753957926, 16.991008257260493 ], [ -92.335775419057185, 16.991009350941571 ], [ -92.336037179135133, 16.990934751103897 ], [ -92.336198229072565, 16.990879880759774 ], [ -92.336299418930565, 16.990734380451542 ], [ -92.336405079345795, 16.990432911144502 ], [ -92.336458448605129, 16.990131251232381 ], [ -92.336668538674687, 16.989880420802194 ], [ -92.336904248604014, 16.989780570373163 ], [ -92.33719207896219, 16.989731200517323 ], [ -92.337427689087804, 16.989656511232031 ], [ -92.337663489018269, 16.989531520696605 ], [ -92.337899029186303, 16.989481971035161 ], [ -92.33821301907372, 16.989432690802509 ], [ -92.338592719076757, 16.989393170600565 ], [ -92.338968919408643, 16.989252980487343 ], [ -92.339296399310484, 16.98903408109026 ], [ -92.339548818996349, 16.988833370685036 ], [ -92.339967658611172, 16.98870897056576 ], [ -92.340491288792478, 16.988534600599181 ], [ -92.340831509090037, 16.98846023074729 ], [ -92.341198139311203, 16.988310510465627 ], [ -92.341642878892031, 16.988261650471159 ], [ -92.34178056891497, 16.988161421160882 ], [ -92.342099859122015, 16.988099821073028 ], [ -92.342377778655546, 16.988037880766719 ], [ -92.342671859285247, 16.988023110737608 ], [ -92.342673637696691, 16.988023306669621 ], [ -92.34311273906269, 16.988071660572576 ], [ -92.343115215675454, 16.988071822185095 ], [ -92.343461058584026, 16.988094340472806 ], [ -92.344009428754987, 16.98832248067486 ], [ -92.344714799157202, 16.988525951056907 ], [ -92.345342058816556, 16.988628580659917 ], [ -92.345917919263059, 16.988994251158317 ], [ -92.345918405559303, 16.988993148111241 ], [ -92.346039420291561, 16.988718280213376 ], [ -92.346398525229461, 16.988732600477181 ], [ -92.346589619744776, 16.988740219898322 ], [ -92.347217799702591, 16.989114689549506 ], [ -92.347652780443809, 16.98934886028001 ], [ -92.347970320091648, 16.989536110211287 ], [ -92.348460709952434, 16.989757150105056 ], [ -92.348856030226088, 16.989946169889002 ], [ -92.349223370295093, 16.990093429929033 ], [ -92.349478710364366, 16.990255710120085 ], [ -92.349781570293402, 16.9905488498 ], [ -92.349972650313333, 16.990795489642494 ], [ -92.350144059802375, 16.991049280065809 ], [ -92.350452519704447, 16.991462119701097 ], [ -92.350587880037097, 16.991856889908433 ], [ -92.350895769901612, 16.992436230062541 ], [ -92.350906119796235, 16.992830379688726 ], [ -92.350887799978096, 16.993303689705602 ], [ -92.350828279564553, 16.993624450269461 ], [ -92.350868119931661, 16.994170149932785 ], [ -92.35086498046978, 16.99508481979019 ], [ -92.351108629805964, 16.9959056203339 ], [ -92.351292059878375, 16.996166400188716 ], [ -92.351705030107055, 16.996450149820369 ], [ -92.352122540363283, 16.99671254013494 ], [ -92.352601939746066, 16.996648779757965 ], [ -92.354877020073587, 16.997808349599804 ], [ -92.35545485033721, 16.99972091028943 ], [ -92.359723179736307, 17.002851180274352 ], [ -92.362971060175767, 16.999243860335643 ], [ -92.369643849621113, 17.001216280046926 ], [ -92.369533949765298, 17.001483280346616 ], [ -92.369793449888249, 17.001519229719307 ], [ -92.3698681703234, 17.001577679692584 ], [ -92.370064650236401, 17.001575369673308 ], [ -92.370260800214794, 17.001549430262475 ], [ -92.370432709984854, 17.001547400211937 ], [ -92.370767659578291, 17.001460110371383 ], [ -92.370892050159014, 17.001440570329329 ], [ -92.371192480163486, 17.001471400425622 ], [ -92.371493109997516, 17.001422520024992 ], [ -92.371803970335108, 17.001433459610851 ], [ -92.372218449914527, 17.001444680348353 ], [ -92.372674690468202, 17.001546309736561 ], [ -92.373107849726509, 17.001630970124822 ], [ -92.373483400036463, 17.001659910262163 ], [ -92.37386885978853, 17.001577749859685 ], [ -92.374264260350586, 17.001440090218285 ], [ -92.374635820352168, 17.001293979718607 ], [ -92.374842999900068, 17.001173309779571 ], [ -92.375142309681792, 17.00096125975702 ], [ -92.3752972199201, 17.000817349900924 ], [ -92.375732620142003, 17.000592630000675 ], [ -92.37612178025006, 17.000402680211963 ], [ -92.376551120352147, 17.000256719726078 ], [ -92.376834490050967, 17.000257599833635 ], [ -92.377202079803297, 17.000258719539421 ], [ -92.377523829658131, 17.000230250414237 ], [ -92.377799520438529, 17.000231090038721 ], [ -92.37817507963382, 17.000143879986631 ], [ -92.378513339825531, 17.000185940059954 ], [ -92.378945849880012, 17.000273420369407 ], [ -92.379386380058975, 17.000359519596937 ], [ -92.379683739636945, 17.000424000144989 ], [ -92.380025480065882, 17.000393260184307 ], [ -92.380268249933636, 17.000298629798451 ], [ -92.380445049543297, 17.000035580266626 ], [ -92.380659769951279, 16.999897569765597 ], [ -92.380898109636632, 16.999869910122936 ], [ -92.38109848045309, 16.999914400047295 ], [ -92.381313579689888, 16.999987919700494 ], [ -92.381517000276745, 17.000044910296541 ], [ -92.38174268968092, 17.000166349735341 ], [ -92.381943139840132, 17.000323949657908 ], [ -92.382080479842614, 17.000577969784064 ], [ -92.382884120245237, 17.000817179769832 ], [ -92.383854649993225, 17.001005739861455 ], [ -92.383699339674806, 17.001345660027479 ], [ -92.385754540164811, 17.002137689960954 ], [ -92.385828460031718, 17.001905379835918 ], [ -92.386098289697571, 17.002019340404456 ], [ -92.387154420337254, 17.002423309814695 ], [ -92.388097340054443, 17.003237479727588 ], [ -92.389109169950288, 17.004057719940608 ], [ -92.389668449942633, 17.004259689613956 ], [ -92.390409749840131, 17.004549860348153 ], [ -92.391055400278972, 17.004746829749546 ], [ -92.393515059944477, 17.004731199549109 ], [ -92.393825829721692, 17.005581950109566 ], [ -92.394612379657673, 17.006486769653179 ], [ -92.395381710406156, 17.006701119831746 ], [ -92.396284890424909, 17.006711830384525 ], [ -92.396868480298181, 17.00692909041237 ], [ -92.397529369758473, 17.007042890100827 ], [ -92.398456000323421, 17.0070340196595 ], [ -92.399266380103356, 17.007405450165738 ], [ -92.399939980160653, 17.00769211964851 ], [ -92.400496149944544, 17.007775540121646 ], [ -92.401163150012607, 17.007818030308567 ], [ -92.402061660277667, 17.007942200217979 ], [ -92.402819110362231, 17.00824824974735 ], [ -92.403424219718147, 17.008704829530842 ], [ -92.403676859599955, 17.009361709811635 ], [ -92.403954059677417, 17.009962479828832 ], [ -92.404361859728056, 17.010060260393033 ], [ -92.404770579999692, 17.009897689814618 ], [ -92.40538653963344, 17.009468479885555 ], [ -92.4061206598832, 17.009477979679556 ], [ -92.406808709738954, 17.009531429674759 ], [ -92.407642739682402, 17.009825350272806 ], [ -92.407978380244501, 17.010017939957162 ], [ -92.408540349729222, 17.010596769578466 ], [ -92.408785919625828, 17.011226850375611 ], [ -92.409147459801247, 17.011747580278822 ], [ -92.409610119510347, 17.012357920295148 ], [ -92.410536319597938, 17.013278169581213 ], [ -92.411573739852869, 17.014109599973558 ], [ -92.412658180068192, 17.015191620405286 ], [ -92.412919460333555, 17.016139850021318 ], [ -92.412528550242456, 17.017514179570497 ], [ -92.41197382996404, 17.0181956300734 ], [ -92.411971220061588, 17.019030420414548 ], [ -92.412600820356033, 17.019669689632849 ], [ -92.413503339926677, 17.020607980380287 ], [ -92.413856030367569, 17.021194859962751 ], [ -92.414127089912, 17.022382750006823 ], [ -92.414435940281507, 17.023341859942072 ], [ -92.414804289954745, 17.024055450289914 ], [ -92.415081109863294, 17.024431580062547 ], [ -92.415357919787667, 17.024807739604647 ], [ -92.415885429861063, 17.025432739925964 ], [ -92.416536860084733, 17.025629350229462 ], [ -92.417170220210139, 17.02589244974293 ], [ -92.417770819757891, 17.026275680321 ], [ -92.418380970369284, 17.026842800195762 ], [ -92.415064480079835, 17.028751860418094 ], [ -92.410398170296489, 17.030895520319387 ], [ -92.399842950041474, 17.034294820156223 ], [ -92.404443310162662, 17.046245750216588 ], [ -92.407177380001187, 17.047231830319081 ], [ -92.40726081838055, 17.047316702520153 ], [ -92.407374215481454, 17.047432046821122 ], [ -92.407759749580109, 17.047824200292986 ], [ -92.408305050040383, 17.049456949576097 ], [ -92.408977979461469, 17.051664296648283 ], [ -92.409031450076597, 17.051839689637816 ], [ -92.409617022913693, 17.054161332659309 ], [ -92.409665720346524, 17.054354400027407 ], [ -92.409702022909585, 17.054660810946459 ], [ -92.409740311667079, 17.054983986761396 ], [ -92.409751309708298, 17.055076820168473 ], [ -92.409970979684118, 17.056931119864025 ], [ -92.409966719842899, 17.058286799678029 ], [ -92.409756950307482, 17.059740489601282 ], [ -92.409472259937147, 17.060553090035121 ], [ -92.40913719983547, 17.061069750063375 ], [ -92.408571380401128, 17.061561089876552 ], [ -92.407698710354396, 17.061755739709298 ], [ -92.406775059609501, 17.061851649885547 ], [ -92.40618498027176, 17.061899219787737 ], [ -92.405697510404806, 17.061947090141459 ], [ -92.404312570132248, 17.062292090105483 ], [ -92.40278882969352, 17.062785119696201 ], [ -92.402791570057204, 17.062997779859899 ], [ -92.40281766015012, 17.063115649884462 ], [ -92.402844949944495, 17.063328019563478 ], [ -92.402870739825858, 17.063422250230904 ], [ -92.402749119997992, 17.063518229942897 ], [ -92.402555019755809, 17.06370959977987 ], [ -92.402362139895459, 17.063995510390303 ], [ -92.402289649654918, 17.064090889961921 ], [ -92.402070369938315, 17.064235309885731 ], [ -92.401876879668905, 17.064473939765843 ], [ -92.401367969912641, 17.065023569795507 ], [ -92.400424740318996, 17.0661928197752 ], [ -92.395990380428856, 17.07148879960684 ], [ -92.395487920275428, 17.072088880209058 ], [ -92.393630770071738, 17.072890799589651 ], [ -92.391531750004404, 17.072579999976096 ], [ -92.38931479892527, 17.06974051038716 ], [ -92.388848058725131, 17.069244770442829 ], [ -92.388244248979305, 17.069880140939841 ], [ -92.387673349185832, 17.070272140742787 ], [ -92.387251308563776, 17.070580540856302 ], [ -92.386654648602601, 17.070986350933563 ], [ -92.385616578970385, 17.071700680480298 ], [ -92.382634629004755, 17.073688620754723 ], [ -92.374263118575186, 17.079330510503709 ], [ -92.374195549185742, 17.07937197088992 ], [ -92.371089228599743, 17.081325340434709 ], [ -92.369958108849659, 17.082217650451714 ], [ -92.370329719355098, 17.082693420760975 ], [ -92.372110108943261, 17.085183091073219 ], [ -92.371094629051058, 17.085848540687685 ], [ -92.371005969437633, 17.085906460939508 ], [ -92.370560418932456, 17.086200780810735 ], [ -92.370521166011471, 17.086225752173114 ], [ -92.370433657803559, 17.086281421851659 ], [ -92.370423488630038, 17.086287890522843 ], [ -92.370292866846555, 17.086375958319973 ], [ -92.370256180340775, 17.086400692004219 ], [ -92.369681572629602, 17.086788096072777 ], [ -92.369089149191979, 17.087187511042249 ], [ -92.369000379009108, 17.08725214051714 ], [ -92.368281938583721, 17.087749510859091 ], [ -92.36808902855212, 17.08749197074885 ], [ -92.367567379303097, 17.086767970974371 ], [ -92.367315351476535, 17.08643073895713 ], [ -92.366662616067316, 17.085557293577367 ], [ -92.366629604653127, 17.085513120163931 ], [ -92.366597979378326, 17.085470801040589 ], [ -92.366103379008919, 17.08479194101109 ], [ -92.365710169304535, 17.085077020723375 ], [ -92.364957139301154, 17.085562321052084 ], [ -92.364515508691881, 17.085862721145372 ], [ -92.362796938908673, 17.086960480603171 ], [ -92.361447819488575, 17.087819940558255 ], [ -92.360788318593251, 17.088332250379704 ], [ -92.360491829201479, 17.088554141207489 ], [ -92.359916629071719, 17.088924691069316 ], [ -92.359315319292222, 17.088267460533451 ] ] ] } },
{ "type": "Feature", "properties": { "CVEGEO": "07056", "CVE_ENT": "07", "CVE_MUN": "056", "NOMGEO": "Mitontic", "Olvida2": 1, "Region": "V Altos Tsotsil Tseltal", "Cabecera": "San Cristóbal de Las Casas" }, "geometry": { "type": "Polygon", "coordinates": [ [ [ -92.52141734970516, 16.89401769121217 ], [ -92.521339490353014, 16.893934710174115 ], [ -92.516971679719262, 16.888358890242682 ], [ -92.515978180044826, 16.887090569617442 ], [ -92.517307520386822, 16.882494480119057 ], [ -92.517634120117208, 16.881484679909157 ], [ -92.517851679641623, 16.88124602021712 ], [ -92.517979659524926, 16.88086958017572 ], [ -92.51808343025256, 16.880469200139153 ], [ -92.518621549914158, 16.878845630343562 ], [ -92.51907680018364, 16.877882659715773 ], [ -92.519203139619506, 16.877624369983035 ], [ -92.519278719543493, 16.87748355009963 ], [ -92.519353999749484, 16.877366379645839 ], [ -92.5193805197503, 16.877224940015857 ], [ -92.519456119975942, 16.877084119658726 ], [ -92.519557250324468, 16.876872749721258 ], [ -92.519878549621836, 16.876711510349562 ], [ -92.519952170291958, 16.876712459802068 ], [ -92.520297689746485, 16.876575150115265 ], [ -92.520618680453367, 16.87643752014894 ], [ -92.520718490417096, 16.876320659922698 ], [ -92.520816969926571, 16.876298310021408 ], [ -92.520915119912019, 16.876299570432433 ], [ -92.521013620075749, 16.876277219912261 ], [ -92.521137289787291, 16.876207919869824 ], [ -92.521385320204701, 16.876022089989924 ], [ -92.521435720009777, 16.875928220232083 ], [ -92.521609459960516, 16.875788680383902 ], [ -92.521684400361067, 16.875695119901099 ], [ -92.521810720380884, 16.875436820080331 ], [ -92.521935400187601, 16.875296650162724 ], [ -92.52228422043828, 16.874923060209234 ], [ -92.522656910296362, 16.874597060280141 ], [ -92.522706649989004, 16.874550429919996 ], [ -92.522930140013557, 16.874364280199398 ], [ -92.523153950232199, 16.87415449044774 ], [ -92.523207309871282, 16.873847979571238 ], [ -92.523408569877162, 16.873496119711845 ], [ -92.524530920455533, 16.872210939625472 ], [ -92.525182420348543, 16.87125049032063 ], [ -92.525270539601451, 16.87021185982551 ], [ -92.525243540455449, 16.868628249811117 ], [ -92.525249479554091, 16.868202950362143 ], [ -92.525206000055363, 16.867800680211158 ], [ -92.525111479747807, 16.867539509575593 ], [ -92.52499274030005, 16.867254399800856 ], [ -92.524657119874476, 16.866682919867255 ], [ -92.524513200123209, 16.866444750237893 ], [ -92.524344400056364, 16.866229889881961 ], [ -92.524199149579559, 16.86608623029495 ], [ -92.524078449733352, 16.865942880229884 ], [ -92.523909319642527, 16.865751650151743 ], [ -92.523790600237049, 16.865466539591267 ], [ -92.52372391015173, 16.864969429901947 ], [ -92.523664480103662, 16.863952520112171 ], [ -92.523459480098353, 16.862815580083296 ], [ -92.523037600017219, 16.861392279761784 ], [ -92.524021690255807, 16.861215949846347 ], [ -92.527000520119984, 16.860545519805751 ], [ -92.529164679801497, 16.860218999902795 ], [ -92.530468740141885, 16.859975879764487 ], [ -92.534334860112168, 16.857260879590534 ], [ -92.53713448032876, 16.851814519792498 ], [ -92.540221689775876, 16.852161429932451 ], [ -92.545760619848778, 16.85236842036019 ], [ -92.549557029890778, 16.853202780122437 ], [ -92.556598007422579, 16.853629476689107 ], [ -92.55894806018641, 16.853771819595622 ], [ -92.562351922761849, 16.853944374007074 ], [ -92.56722102449892, 16.854191070347976 ], [ -92.568291399653063, 16.85424528007843 ], [ -92.569805169583788, 16.854808030334258 ], [ -92.571677063740111, 16.855572736129321 ], [ -92.573148509684231, 16.856173829550421 ], [ -92.576763365123583, 16.857548160502141 ], [ -92.577713859716283, 16.857909509977691 ], [ -92.581656319564132, 16.859262850109396 ], [ -92.5822722091429, 16.859436770273931 ], [ -92.587325860173507, 16.860863750201538 ], [ -92.587674120287232, 16.861039709830198 ], [ -92.588087050382484, 16.861178459778056 ], [ -92.589612370071606, 16.861659509682166 ], [ -92.592680345647452, 16.862380498623232 ], [ -92.593509619751543, 16.862575369804393 ], [ -92.595034667648036, 16.862809901884635 ], [ -92.595061532669561, 16.862814032788854 ], [ -92.595078036887472, 16.862816570599492 ], [ -92.595286061499024, 16.862848560238028 ], [ -92.595310691846677, 16.862852348095924 ], [ -92.595339176111125, 16.862856728766253 ], [ -92.600012431221401, 16.863575301271947 ], [ -92.60135057953066, 16.863781030189767 ], [ -92.601457249755398, 16.864166089784852 ], [ -92.602010199596393, 16.864411480418493 ], [ -92.602112170962158, 16.864896934935434 ], [ -92.602216340167573, 16.865392850388297 ], [ -92.602242140300262, 16.86540117632617 ], [ -92.602544945100277, 16.865498897697965 ], [ -92.604303859669827, 16.86606652030742 ], [ -92.604383666693153, 16.866082931815619 ], [ -92.604416631426758, 16.866089711100361 ], [ -92.604461064290376, 16.866098848284565 ], [ -92.604548599776592, 16.866116849548597 ], [ -92.604744889943944, 16.866119309859595 ], [ -92.605015450304933, 16.866075429692394 ], [ -92.605056336784713, 16.866075942933165 ], [ -92.605187591976545, 16.866077592304752 ], [ -92.605285370362836, 16.866078820165445 ], [ -92.605442003443301, 16.866022417532257 ], [ -92.605729280428449, 16.865918970368497 ], [ -92.607915689935297, 16.865757310417351 ], [ -92.609822920209965, 16.866277430122526 ], [ -92.609856999702643, 16.867388519734718 ], [ -92.615226690482885, 16.869582429727263 ], [ -92.615494710290889, 16.869727550334531 ], [ -92.615639875907974, 16.869871004438753 ], [ -92.615712680212766, 16.869942949829312 ], [ -92.615807649721006, 16.870180459594273 ], [ -92.61590294016726, 16.870394319753618 ], [ -92.615974969726423, 16.870513379574401 ], [ -92.616070249637488, 16.870727249918907 ], [ -92.616164909911589, 16.870988370329808 ], [ -92.616307999634273, 16.871297349844561 ], [ -92.616620949904586, 16.871750259930415 ], [ -92.616765950065968, 16.87191748040631 ], [ -92.617032690253509, 16.872157119759013 ], [ -92.617227090257401, 16.872301339620108 ], [ -92.617491920171133, 16.872682740005828 ], [ -92.617759310291206, 16.872875119988212 ], [ -92.618537860161624, 16.873381079761085 ], [ -92.621971349670233, 16.876457889976301 ], [ -92.623178709586341, 16.876366800261703 ], [ -92.627311580212364, 16.876962629710611 ], [ -92.628248392775987, 16.876866816577049 ], [ -92.629844428880915, 16.876703567416122 ], [ -92.629908609135896, 16.876697002836554 ], [ -92.629969804856586, 16.876690744061104 ], [ -92.6301239096112, 16.87667498005526 ], [ -92.629866611745911, 16.875068388375993 ], [ -92.629856338271111, 16.875004238470186 ], [ -92.629847914838223, 16.874951639402511 ], [ -92.629792519930774, 16.874605739900783 ], [ -92.629987940242373, 16.874568979612867 ], [ -92.629877569786117, 16.873780819781953 ], [ -92.629698880222605, 16.873766340274816 ], [ -92.62960614968209, 16.87315060004919 ], [ -92.629198724311777, 16.87179213748071 ], [ -92.629196289729691, 16.871784020301224 ], [ -92.629190031004129, 16.871763145331304 ], [ -92.629181604953345, 16.871735044636011 ], [ -92.629123620123053, 16.871541659607793 ], [ -92.629082340293721, 16.871428150067672 ], [ -92.628957980131588, 16.871297570425686 ], [ -92.628790379771914, 16.871125199943496 ], [ -92.628725679534611, 16.870968650228811 ], [ -92.62870962012002, 16.870869550432467 ], [ -92.628765349120386, 16.870745042343842 ], [ -92.62885653955064, 16.870541310015238 ], [ -92.628856770067202, 16.870421380356309 ], [ -92.628813599555102, 16.870332659767598 ], [ -92.628635080302317, 16.870201969944873 ], [ -92.628548660413315, 16.870066250087987 ], [ -92.628565230240369, 16.86990462963886 ], [ -92.628657519808712, 16.869805719746392 ], [ -92.62872275029649, 16.869696339836686 ], [ -92.628712089726946, 16.86960245998463 ], [ -92.628668859996651, 16.869550249668073 ], [ -92.628558807586145, 16.869412902586387 ], [ -92.628539150107059, 16.869388369685009 ], [ -92.628539310175299, 16.869315370019503 ], [ -92.628550349596466, 16.869205879862868 ], [ -92.628731379981062, 16.868869199606152 ], [ -92.628758660013546, 16.868775400385225 ], [ -92.628726289559339, 16.868702340106044 ], [ -92.628038910195087, 16.868383019809599 ], [ -92.627952490219698, 16.868252509633074 ], [ -92.627950683849846, 16.868210687659545 ], [ -92.627947309874287, 16.868132569625228 ], [ -92.627969229987158, 16.868007459785357 ], [ -92.628191889789434, 16.867726290353367 ], [ -92.628278799648626, 16.867606510139705 ], [ -92.628317019684218, 16.867455369735101 ], [ -92.62831727975616, 16.86732501965886 ], [ -92.628058250448845, 16.866813539647591 ], [ -92.628033260196048, 16.866743380166163 ], [ -92.627790155024329, 16.866856094486298 ], [ -92.62776700011959, 16.866866831104723 ], [ -92.627803149739506, 16.866730569987425 ], [ -92.62781728993555, 16.866530281307906 ], [ -92.627792980875924, 16.866344662288821 ], [ -92.627784059515662, 16.866276550056284 ], [ -92.627712148772275, 16.86595360028462 ], [ -92.62770010787176, 16.865807058099673 ], [ -92.627696597306752, 16.865764343855783 ], [ -92.627696539193437, 16.865763651000375 ], [ -92.627719139794237, 16.86527983071085 ], [ -92.627732359939927, 16.865186452375639 ], [ -92.627774458988711, 16.864889120129195 ], [ -92.627757969683273, 16.86467374954854 ], [ -92.627720689961507, 16.864524691162135 ], [ -92.627642450158319, 16.864383029630538 ], [ -92.627573059989842, 16.864226450592966 ], [ -92.627522650399669, 16.864071570505317 ], [ -92.627486000114274, 16.86390126110717 ], [ -92.627255229623955, 16.863139681262439 ], [ -92.627120852405554, 16.862738639788706 ], [ -92.627071749375006, 16.862592080873281 ], [ -92.627015659713607, 16.862371619707691 ], [ -92.62702565027881, 16.862127920008074 ], [ -92.627092025941778, 16.86195897003692 ], [ -92.627118311128214, 16.861892063988865 ], [ -92.62713818016914, 16.861841491302677 ], [ -92.627160598827004, 16.861570569777573 ], [ -92.62713285908174, 16.861279429615873 ], [ -92.627098080094697, 16.861162921341407 ], [ -92.627019150297244, 16.860933579587094 ], [ -92.626982849823818, 16.860768980177735 ], [ -92.626989309294416, 16.860592711160315 ], [ -92.627075339068128, 16.860310819654106 ], [ -92.627154423492598, 16.860186943732593 ], [ -92.627310779740782, 16.859942029754247 ], [ -92.627288458549287, 16.858997140934537 ], [ -92.627225679240837, 16.858429133298905 ], [ -92.627348248587808, 16.858669380286024 ], [ -92.627517940047056, 16.859001630022377 ], [ -92.627687949889662, 16.859359860901041 ], [ -92.627713618672388, 16.858888599964015 ], [ -92.627684228886096, 16.858757779999273 ], [ -92.627694090306591, 16.858518890921729 ], [ -92.627730829216404, 16.858447510406805 ], [ -92.627680508929203, 16.858213620211956 ], [ -92.627614879159083, 16.858074230809919 ], [ -92.627567549141347, 16.857994170006091 ], [ -92.627509937644277, 16.857903280904459 ], [ -92.627454740116647, 16.857723859971447 ], [ -92.627419949881897, 16.857623309737786 ], [ -92.627394120340426, 16.857525880148 ], [ -92.627429088828833, 16.857313491124163 ], [ -92.627744287033792, 16.857004630403516 ], [ -92.627792912753563, 16.85703044847363 ], [ -92.628585192424282, 16.857451049562012 ], [ -92.629118248498273, 16.857734032160455 ], [ -92.629378526854069, 16.858049633329081 ], [ -92.629621178628696, 16.858343860552502 ], [ -92.62954494929258, 16.858634580052641 ], [ -92.629558630341947, 16.858962939995131 ], [ -92.629791279536803, 16.859053179845766 ], [ -92.629912308500153, 16.859293830512083 ], [ -92.629890580364602, 16.859727221363794 ], [ -92.629906938596946, 16.859971460119947 ], [ -92.630104488328143, 16.860190001134402 ], [ -92.630174259982738, 16.860751830436563 ], [ -92.630126569573093, 16.860997620457763 ], [ -92.630151489707714, 16.861067000204709 ], [ -92.631238710336419, 16.860997520470285 ], [ -92.632216519967557, 16.860642219592936 ], [ -92.632784449555388, 16.859944227524956 ], [ -92.632944860012472, 16.859747080342363 ], [ -92.633403270424722, 16.859614271775538 ], [ -92.633627769548994, 16.859549229822701 ], [ -92.634080119777877, 16.859542349943826 ], [ -92.635223919876395, 16.859249279632312 ], [ -92.636216150069373, 16.859544629937208 ], [ -92.636800089576738, 16.859572619616976 ], [ -92.637074690267596, 16.859948109872942 ], [ -92.637578800197858, 16.860561620438791 ], [ -92.637739090432888, 16.861017599732655 ], [ -92.639040479732458, 16.862086519617201 ], [ -92.638472679972907, 16.86305596966908 ], [ -92.638354429843645, 16.863439399676444 ], [ -92.637122029593499, 16.864691020307397 ], [ -92.636992290051836, 16.864927480004496 ], [ -92.637023219897415, 16.865150079899799 ], [ -92.637333800188188, 16.865727629752698 ], [ -92.637588310357771, 16.86759197008244 ], [ -92.637651636574503, 16.868168984107506 ], [ -92.637667109785326, 16.868309970192801 ], [ -92.637687890021851, 16.868934910190632 ], [ -92.637736289763211, 16.869102720342475 ], [ -92.637684312476011, 16.869579140992602 ], [ -92.637672770039146, 16.869684940357921 ], [ -92.637854230241715, 16.870821680257954 ], [ -92.637296680127932, 16.872727320226673 ], [ -92.63728764954854, 16.874414620312645 ], [ -92.637029320206238, 16.875507850404691 ], [ -92.635727279639468, 16.876893569718927 ], [ -92.634589030035571, 16.87887396994396 ], [ -92.633038309994234, 16.879209200661933 ], [ -92.63236674996088, 16.881705770594735 ], [ -92.624481749612713, 16.880355380837727 ], [ -92.620506290377634, 16.877879800266463 ], [ -92.619370399785083, 16.877172431032758 ], [ -92.61418942955153, 16.873704911103591 ], [ -92.612729220413115, 16.872788690612115 ], [ -92.610008649955773, 16.870698769893075 ], [ -92.602371829591931, 16.870725969763029 ], [ -92.602729110139094, 16.870883400142155 ], [ -92.603591879816221, 16.871500980822852 ], [ -92.602914479909856, 16.871567580143271 ], [ -92.602675020156624, 16.871671630936 ], [ -92.601535550353418, 16.872224520498605 ], [ -92.60115313970573, 16.872216180056533 ], [ -92.600051060054142, 16.872532770630183 ], [ -92.599717539777615, 16.87276932090678 ], [ -92.599360539753064, 16.872884420386789 ], [ -92.599116649772881, 16.873148520066316 ], [ -92.598663379725394, 16.873411140922911 ], [ -92.598001280177456, 16.874277940110122 ], [ -92.59793387978111, 16.875121850273622 ], [ -92.598458880260111, 16.875801540023435 ], [ -92.597927859794879, 16.876234740354811 ], [ -92.596386690217798, 16.877505521043101 ], [ -92.595441740118972, 16.878809571345641 ], [ -92.595382539953576, 16.878827689794882 ], [ -92.595282050238708, 16.878834481016916 ], [ -92.592248820308853, 16.879097451123823 ], [ -92.591925850127268, 16.87935699964623 ], [ -92.591678850278299, 16.879472051220912 ], [ -92.591480280452416, 16.879634949910304 ], [ -92.591231349845245, 16.879891770070941 ], [ -92.591055719675637, 16.880173120122983 ], [ -92.591027000231151, 16.88047997084141 ], [ -92.591096750403182, 16.880764420558705 ], [ -92.591069649487409, 16.880953121304529 ], [ -92.591188820137916, 16.881214570985211 ], [ -92.591358340314002, 16.88138211967107 ], [ -92.592422980310218, 16.882506180174563 ], [ -92.592763650134714, 16.882723150367767 ], [ -92.593030690427995, 16.882939199844181 ], [ -92.591924749602981, 16.883668000052268 ], [ -92.590932660456303, 16.884202150015241 ], [ -92.589878680170926, 16.884706419842892 ], [ -92.588149170025716, 16.885562680090317 ], [ -92.586909459701275, 16.886011599641819 ], [ -92.581486489751924, 16.888145981189183 ], [ -92.579315780457421, 16.888389049808598 ], [ -92.579224770364931, 16.891381520733901 ], [ -92.57898326030174, 16.892936420397707 ], [ -92.57307908090209, 16.897773290569855 ], [ -92.569085690015712, 16.901044490246367 ], [ -92.566913832981882, 16.898851537047609 ], [ -92.566866109939582, 16.898803350102401 ], [ -92.566834510423732, 16.89874966027136 ], [ -92.56295270996192, 16.894385689774023 ], [ -92.560868719908314, 16.894212600765467 ], [ -92.556331369572803, 16.893727800978102 ], [ -92.555222119423746, 16.89362406173364 ], [ -92.554013289583793, 16.893511000375302 ], [ -92.547213920255928, 16.892906941080238 ], [ -92.5455206001552, 16.892752169641177 ], [ -92.544857139529796, 16.892671800141606 ], [ -92.543537449716695, 16.89262625110176 ], [ -92.542075920394822, 16.892421250608429 ], [ -92.541192550018351, 16.892341311271924 ], [ -92.539942220175234, 16.89333188123409 ], [ -92.538928289563643, 16.893976149809202 ], [ -92.538018851810079, 16.894577672584361 ], [ -92.537533199841931, 16.894898889539245 ], [ -92.535703220235419, 16.896183220337303 ], [ -92.535575215429233, 16.89627593635436 ], [ -92.535468350202351, 16.896353340127753 ], [ -92.535329782701695, 16.896451460655758 ], [ -92.535013431019635, 16.896675469477977 ], [ -92.534815449952617, 16.896815659707951 ], [ -92.534420408258427, 16.896869874104212 ], [ -92.534283740441822, 16.896888629621703 ], [ -92.532888361154477, 16.897432369967646 ], [ -92.532710230380545, 16.89750178120212 ], [ -92.531741811263871, 16.897916534425082 ], [ -92.531631459653823, 16.897963795164323 ], [ -92.530280280162529, 16.898542460981137 ], [ -92.528223289520881, 16.899651491226159 ], [ -92.526649629626675, 16.900493289951903 ], [ -92.52141734970516, 16.89401769121217 ] ] ] } },
{ "type": "Feature", "properties": { "CVEGEO": "07026", "CVE_ENT": "07", "CVE_MUN": "026", "NOMGEO": "Chenalhó", "Olvida2": 1, "Region": "V Altos Tsotsil Tseltal", "Cabecera": "San Cristóbal de Las Casas" }, "geometry": { "type": "Polygon", "coordinates": [ [ [ -92.543408630286805, 17.07238420034221 ], [ -92.542885480183585, 17.07177069037532 ], [ -92.542442750243808, 17.07155668963588 ], [ -92.542054859812879, 17.071582450330673 ], [ -92.541162080204529, 17.071259029630891 ], [ -92.540913739586074, 17.070859080624476 ], [ -92.540553800228494, 17.070778371347391 ], [ -92.540193599692245, 17.070804179697273 ], [ -92.539917250275678, 17.070537290590067 ], [ -92.539752020126613, 17.070137519770974 ], [ -92.539531449626338, 17.069710981305118 ], [ -92.538978180398317, 17.069390219845708 ], [ -92.53842389039562, 17.069037940453168 ], [ -92.537928060038595, 17.068724430011347 ], [ -92.537170400297313, 17.068436349629284 ], [ -92.536875879684914, 17.068160602198539 ], [ -92.53598987959522, 17.067972180240048 ], [ -92.535408679968569, 17.067757849788382 ], [ -92.534854970351887, 17.067623451007929 ], [ -92.53468849028819, 17.067729570044371 ], [ -92.534273230364079, 17.067622110524926 ], [ -92.534218090076806, 17.067515480528769 ], [ -92.533913780346523, 17.06735502179561 ], [ -92.533359620159828, 17.067407000139646 ], [ -92.533165509916273, 17.06748642993033 ], [ -92.532861779610698, 17.06708631976549 ], [ -92.532446780325472, 17.066872350476004 ], [ -92.532142739777868, 17.066605401272373 ], [ -92.53169965026882, 17.066551119658627 ], [ -92.531449859573002, 17.066736919605454 ], [ -92.53103501979021, 17.066469710812942 ], [ -92.530952569985303, 17.06620325184641 ], [ -92.530759800086315, 17.065750140083942 ], [ -92.530705119922843, 17.06545712171906 ], [ -92.530456619881008, 17.06513703047121 ], [ -92.530152450325772, 17.064923311255964 ], [ -92.529820629658445, 17.064682910104953 ], [ -92.529543550122526, 17.064708889731147 ], [ -92.529350310163181, 17.064442170479197 ], [ -92.529045320263364, 17.064547971178325 ], [ -92.528741019666953, 17.064387511587775 ], [ -92.528520419860087, 17.063987600239876 ], [ -92.528104970341531, 17.06396000020775 ], [ -92.527856119553476, 17.063773029746468 ], [ -92.527578779761711, 17.063905519791568 ], [ -92.527329260220412, 17.06398483009481 ], [ -92.527024949928432, 17.063824350057274 ], [ -92.526942180007296, 17.063691029922627 ], [ -92.526582420201819, 17.063557061265126 ], [ -92.526083999684474, 17.063476021321254 ], [ -92.525697120367283, 17.063102340818944 ], [ -92.525587200424823, 17.062755940217087 ], [ -92.525283029807966, 17.062542221974105 ], [ -92.525033659723505, 17.062568250638812 ], [ -92.524729080207763, 17.062514291224275 ], [ -92.524452820429374, 17.062220740351592 ], [ -92.524204179842712, 17.061953891089683 ], [ -92.523982919502856, 17.061820250739903 ], [ -92.523512420257703, 17.061659380954925 ], [ -92.522958680205519, 17.061551570611854 ], [ -92.521948520099045, 17.061195170045028 ], [ -92.521616859907837, 17.060901491242031 ], [ -92.521257090008973, 17.060767509888286 ], [ -92.520758419650861, 17.060792950014331 ], [ -92.520342770291947, 17.060845230166866 ], [ -92.519871380127512, 17.061030509955071 ], [ -92.519344460423042, 17.061268909963324 ], [ -92.518707000134469, 17.061400520840202 ], [ -92.518208939956324, 17.061186319983964 ], [ -92.517822370386142, 17.060706140504525 ], [ -92.517767980051758, 17.060306599777469 ], [ -92.517658019774416, 17.059986821030598 ], [ -92.516799430274091, 17.059931520530785 ], [ -92.515249110260143, 17.059581690380142 ], [ -92.513892750385693, 17.059205680924858 ], [ -92.513505710202168, 17.058911850120428 ], [ -92.513368579585091, 17.058378980952106 ], [ -92.513259310388293, 17.057792941116176 ], [ -92.512928290104696, 17.057259619839105 ], [ -92.512374980220883, 17.056992019626559 ], [ -92.511172179578978, 17.05617455045013 ], [ -92.510702539915727, 17.05569414149921 ], [ -92.510232550166108, 17.05534685963945 ], [ -92.509292089967289, 17.054838681109185 ], [ -92.507963619967185, 17.054409449674527 ], [ -92.507355220382593, 17.054035200775175 ], [ -92.506387480138926, 17.053367179939052 ], [ -92.505973109956656, 17.052940140379466 ], [ -92.504949510350116, 17.052458370190518 ], [ -92.504202540325778, 17.052110399611863 ], [ -92.503289740328597, 17.051653379625005 ], [ -92.502686079582361, 17.051138479976629 ], [ -92.502580632557397, 17.051071016431564 ], [ -92.502360180187267, 17.050929950014009 ], [ -92.50213047962869, 17.050081709888051 ], [ -92.501882520057265, 17.049575200389558 ], [ -92.501311579957104, 17.049234510166311 ], [ -92.501348784679394, 17.048977120876661 ], [ -92.501367880394639, 17.04884509003838 ], [ -92.501423919897476, 17.048553060274759 ], [ -92.501461419658895, 17.048305260330526 ], [ -92.501535779538983, 17.048048690291257 ], [ -92.501563999520982, 17.047827430190043 ], [ -92.501602000088155, 17.047393690338019 ], [ -92.501751429715981, 17.046792550299209 ], [ -92.502113549870259, 17.046021259838373 ], [ -92.502365169877706, 17.045143199694426 ], [ -92.502640579735356, 17.044785049766393 ], [ -92.502716818011919, 17.044685908643679 ], [ -92.502781079518144, 17.044602338820923 ], [ -92.503060030138485, 17.044239580118095 ], [ -92.503169019856145, 17.044194179907091 ], [ -92.503321219625548, 17.044130781630621 ], [ -92.503352538879952, 17.044117738039578 ], [ -92.503530080844399, 17.044043772068306 ], [ -92.503959707477819, 17.04386479674638 ], [ -92.504095420221532, 17.043808260428385 ], [ -92.504233415274811, 17.043750773859582 ], [ -92.504585110081749, 17.043604259567193 ], [ -92.505777819939709, 17.042968121873582 ], [ -92.506638479629004, 17.042198051024926 ], [ -92.507084029954527, 17.041293820913598 ], [ -92.507501379659431, 17.040575890525709 ], [ -92.508391399654471, 17.039166830212039 ], [ -92.508836689622896, 17.038355970136248 ], [ -92.509530579874422, 17.037798480501031 ], [ -92.510030580075167, 17.037240520200498 ], [ -92.510253770319409, 17.036628651360616 ], [ -92.510256619512987, 17.035536951194121 ], [ -92.510396829990214, 17.034871620052531 ], [ -92.510480910049012, 17.034499051524822 ], [ -92.510537749555397, 17.033940020393949 ], [ -92.510871650358851, 17.033355030538406 ], [ -92.51106732007473, 17.032663200881554 ], [ -92.51123517031489, 17.032024569610304 ], [ -92.511596399692593, 17.031572780928396 ], [ -92.512041199656721, 17.03093480104225 ], [ -92.512264220369715, 17.030376170175874 ], [ -92.512458149527646, 17.03035002015821 ], [ -92.512873179732537, 17.030510770174882 ], [ -92.513288969707844, 17.03037863012111 ], [ -92.514120679728919, 17.030061089938005 ], [ -92.51442733961494, 17.029289651077445 ], [ -92.514262339634072, 17.028836599575627 ], [ -92.513792820233931, 17.028329570382713 ], [ -92.513476779738696, 17.028281649859373 ], [ -92.512187079962331, 17.028086080381978 ], [ -92.509639309602719, 17.027989570806263 ], [ -92.509001479507987, 17.028307551123103 ], [ -92.508363849901059, 17.028545650960996 ], [ -92.507892739605239, 17.028651020908971 ], [ -92.507366170278701, 17.028782880633997 ], [ -92.506700550075777, 17.029127421270974 ], [ -92.50609034042165, 17.029472079589137 ], [ -92.505342689768597, 17.02941702046553 ], [ -92.504899340221883, 17.029495819826018 ], [ -92.50473218023896, 17.029868179825996 ], [ -92.504592569933862, 17.03029387976553 ], [ -92.503556020377033, 17.030602451224162 ], [ -92.50364703003882, 17.029193690512354 ], [ -92.504176939995901, 17.026141461320165 ], [ -92.505405090035964, 17.022011979555799 ], [ -92.5056684558066, 17.021420165861617 ], [ -92.505888979686432, 17.020924621184502 ], [ -92.507471599891289, 17.016883570133672 ], [ -92.50777727970501, 17.016934429936693 ], [ -92.508122080285389, 17.01700105022989 ], [ -92.508294319750931, 17.017022540465593 ], [ -92.508661459818214, 17.016923430035568 ], [ -92.508906430183572, 17.016873119669309 ], [ -92.509371179796702, 17.016725539754574 ], [ -92.50951602013437, 17.016534659687458 ], [ -92.509980429858032, 17.016363451323393 ], [ -92.510463709865491, 17.015766580272313 ], [ -92.51070995001335, 17.015810780138359 ], [ -92.511027340145574, 17.015665031107435 ], [ -92.511813259590809, 17.01565525034021 ], [ -92.512132879758866, 17.015674890914266 ], [ -92.512354880037051, 17.015743029863422 ], [ -92.512602379750476, 17.015881749601078 ], [ -92.512751019688963, 17.015974430202888 ], [ -92.513072219595571, 17.01611224978371 ], [ -92.513294850179989, 17.016227630331059 ], [ -92.513394679736749, 17.016344550162962 ], [ -92.513666749847474, 17.016482970293684 ], [ -92.513840259561022, 17.01659897967215 ], [ -92.514111709805988, 17.016690140334273 ], [ -92.514408020274502, 17.016804619661514 ], [ -92.514703379729809, 17.0168482000044 ], [ -92.514973550110454, 17.016844830158654 ], [ -92.515059385095753, 17.016813582050808 ], [ -92.515089379946033, 17.016802662132207 ], [ -92.515242450047154, 17.01674693968781 ], [ -92.51541342013526, 17.016673909731793 ], [ -92.515732379989672, 17.016646290296908 ], [ -92.515853599589278, 17.016526620110916 ], [ -92.515875589558291, 17.016503093448872 ], [ -92.516144180293509, 17.016215740013653 ], [ -92.51619044971028, 17.016002460205709 ], [ -92.516237980470109, 17.015883689862523 ], [ -92.516185030269739, 17.015600750420166 ], [ -92.516157619610567, 17.015388380418798 ], [ -92.516031940348725, 17.015177249685781 ], [ -92.515881080170956, 17.014919150241614 ], [ -92.515877909951143, 17.014682859818056 ], [ -92.515825599937529, 17.014447169651373 ], [ -92.515799120073922, 17.014305690368751 ], [ -92.515771060379507, 17.014046080406938 ], [ -92.515794680223252, 17.013974879720649 ], [ -92.515787915564815, 17.013938740037112 ], [ -92.515768199545747, 17.013833400495951 ], [ -92.515740460109171, 17.013597419670411 ], [ -92.51568814948935, 17.01336172079905 ], [ -92.515661060190737, 17.013172979578972 ], [ -92.515307030269952, 17.012421119911668 ], [ -92.51500404968921, 17.011810420101071 ], [ -92.514776650175406, 17.011340570552822 ], [ -92.514701369798843, 17.011223339637816 ], [ -92.51445227981516, 17.010966479814229 ], [ -92.514325659790529, 17.0106844501822 ], [ -92.514223599852812, 17.010402110219477 ], [ -92.514145150311094, 17.010048579735642 ], [ -92.513895420050702, 17.009744450021266 ], [ -92.513646319877267, 17.009487579588072 ], [ -92.513172060428218, 17.008926280402672 ], [ -92.512501319900849, 17.008367419682145 ], [ -92.511633169952077, 17.007740119547908 ], [ -92.51091141988546, 17.007040089917691 ], [ -92.510390260022476, 17.006644800271495 ], [ -92.510021000728074, 17.006312448767666 ], [ -92.509768659726575, 17.006085320089266 ], [ -92.509197769799442, 17.005643380287669 ], [ -92.509092430126614, 17.005447059987024 ], [ -92.508945829830807, 17.005173829640963 ], [ -92.508619260342769, 17.004634319956416 ], [ -92.508464179493515, 17.004370370454883 ], [ -92.50819192041034, 17.003906980404853 ], [ -92.507859649793389, 17.00365792001444 ], [ -92.496662200003627, 17.002954030867404 ], [ -92.496592800207139, 17.000856780743241 ], [ -92.496546379848766, 16.999454689884534 ], [ -92.496852799971506, 16.998741399916174 ], [ -92.497118909968194, 16.998167340620988 ], [ -92.49722140828861, 16.997990554832796 ], [ -92.49763784974175, 16.997272289916896 ], [ -92.498174935824935, 16.996471877902501 ], [ -92.498276650253928, 16.996320290292822 ], [ -92.498316889683949, 16.995800600122269 ], [ -92.49834078000238, 16.995492090072609 ], [ -92.498259595276295, 16.99508188037478 ], [ -92.498131060293616, 16.994432420721182 ], [ -92.497757309917077, 16.99272754981406 ], [ -92.497511060249977, 16.991794290182895 ], [ -92.49718254966038, 16.990584461268622 ], [ -92.496735179561455, 16.989235950005693 ], [ -92.496467620401518, 16.987807779731362 ], [ -92.496308169743855, 16.986288060811535 ], [ -92.495920179891399, 16.985020400616708 ], [ -92.495597919856309, 16.98262537061693 ], [ -92.495054549553558, 16.981345430080342 ], [ -92.494628059839712, 16.980583889593291 ], [ -92.49433691991895, 16.979098060505166 ], [ -92.493960319825931, 16.977945520882535 ], [ -92.493382679801343, 16.976366252018774 ], [ -92.49282824951473, 16.97492515223065 ], [ -92.492549139876331, 16.973427881214974 ], [ -92.492402169793692, 16.971816170118824 ], [ -92.493318000132334, 16.96863971056295 ], [ -92.490928180061942, 16.968230280335927 ], [ -92.488897019759037, 16.969409320760867 ], [ -92.488500319761357, 16.969664169620412 ], [ -92.487956280328575, 16.969917079698622 ], [ -92.487634949919212, 16.970054710034145 ], [ -92.48696943039792, 16.970211449913229 ], [ -92.486622199791512, 16.970443309609951 ], [ -92.486227199493442, 16.970579952153894 ], [ -92.485362490258453, 16.970923220403066 ], [ -92.479605550037107, 16.971509350161764 ], [ -92.472299629987106, 16.973143890710837 ], [ -92.467153379865891, 16.973555220874264 ], [ -92.447433169626521, 16.977029820668406 ], [ -92.43930876984173, 16.984294799845792 ], [ -92.439226400132526, 16.984369050384682 ], [ -92.438320059594645, 16.98517980014455 ], [ -92.443597020049225, 16.976185320624563 ], [ -92.445191520045967, 16.974646280959838 ], [ -92.448029449877737, 16.972059939748174 ], [ -92.448900020241027, 16.971315020954691 ], [ -92.454544450216659, 16.964888771364638 ], [ -92.458237310034193, 16.962621001993657 ], [ -92.457126280361891, 16.957877921324329 ], [ -92.456100290022206, 16.95405798032629 ], [ -92.455399849933272, 16.95151903117323 ], [ -92.454835549673206, 16.949762049621256 ], [ -92.454644860114172, 16.949357601756429 ], [ -92.454672819632947, 16.949121550351514 ], [ -92.454676550139013, 16.948861541564177 ], [ -92.454609319563559, 16.948411460818583 ], [ -92.454542780132527, 16.947914109861401 ], [ -92.454476569606271, 16.947393110779558 ], [ -92.454236430043906, 16.94701164982142 ], [ -92.453760540401944, 16.945941450101365 ], [ -92.452841250175425, 16.944959890323677 ], [ -92.452625319783564, 16.944602401516367 ], [ -92.452114019669395, 16.944288250020588 ], [ -92.451749370074182, 16.944023340964623 ], [ -92.451385080144917, 16.943734780118131 ], [ -92.450994180293876, 16.9435877208515 ], [ -92.450752000060319, 16.943348091212826 ], [ -92.450581799663638, 16.943227621619663 ], [ -92.450190570273449, 16.943104179619311 ], [ -92.450068799627232, 16.943031650005931 ], [ -92.44994771025992, 16.942911820544204 ], [ -92.448784230376432, 16.941832449652679 ], [ -92.448350350393042, 16.941259260546488 ], [ -92.448083279583955, 16.941042921655253 ], [ -92.447743890282254, 16.940731060416109 ], [ -92.447209080166161, 16.940345661576611 ], [ -92.447063770310464, 16.940201861250308 ], [ -92.446674249643152, 16.939960259592304 ], [ -92.446261199989948, 16.939647399971403 ], [ -92.445895889556439, 16.939429750151355 ], [ -92.445676919775266, 16.93928498008011 ], [ -92.445385630333234, 16.939044680380491 ], [ -92.445042849596348, 16.938969170658819 ], [ -92.444724949641255, 16.938870370113932 ], [ -92.444652310001274, 16.938798481109586 ], [ -92.444287350345448, 16.938557181468145 ], [ -92.443419980150168, 16.937387151473697 ], [ -92.443087090462456, 16.936626179684627 ], [ -92.442872569564628, 16.936174119569774 ], [ -92.442463950109413, 16.935553981342292 ], [ -92.442300919509989, 16.934937120697899 ], [ -92.442061849714335, 16.934484740936973 ], [ -92.441946220065361, 16.933986720802622 ], [ -92.441854819918859, 16.933512660225169 ], [ -92.441738510226074, 16.933061919927685 ], [ -92.441695879672451, 16.932612150982166 ], [ -92.441626649549789, 16.932303890337195 ], [ -92.441458149711437, 16.93206522043041 ], [ -92.44128933989596, 16.931850179667812 ], [ -92.440688380266025, 16.930943769696004 ], [ -92.440474539925006, 16.930444449886895 ], [ -92.440257629888805, 16.930157850001908 ], [ -92.440185680217454, 16.930038681222534 ], [ -92.437190620096715, 16.92838150993472 ], [ -92.438688980398268, 16.928595349963437 ], [ -92.442621349959637, 16.928397150942157 ], [ -92.444424660253588, 16.929021680116605 ], [ -92.447042650244327, 16.928873510351504 ], [ -92.4506038501099, 16.930161231085112 ], [ -92.450468620246397, 16.930896379986979 ], [ -92.453893860149833, 16.931736750680273 ], [ -92.46110409030598, 16.934002601248771 ], [ -92.464953149839388, 16.934205059784528 ], [ -92.466676380079576, 16.933192051972792 ], [ -92.466787229908959, 16.933163460608458 ], [ -92.468551109896126, 16.933687310554021 ], [ -92.468950249648358, 16.932908570208571 ], [ -92.469059280086469, 16.9325300897621 ], [ -92.469160979700078, 16.932147280769453 ], [ -92.469174850139467, 16.932144949722947 ], [ -92.469568580211174, 16.932102571063048 ], [ -92.470207999537678, 16.932063250284155 ], [ -92.470552920236784, 16.931996600540671 ], [ -92.470947619673794, 16.931883259634283 ], [ -92.471341979741439, 16.931793580142092 ], [ -92.471687219980467, 16.931703279605784 ], [ -92.472130420069661, 16.931637850893232 ], [ -92.472523180007059, 16.931666399635485 ], [ -92.472917550033344, 16.931576711324592 ], [ -92.473115689977405, 16.93146091997869 ], [ -92.473510379479961, 16.931347581944451 ], [ -92.474127149786455, 16.931166049669002 ], [ -92.474669879941843, 16.931007250994782 ], [ -92.475435949914896, 16.930685660448848 ], [ -92.475855219587444, 16.930572620110546 ], [ -92.476236719996137, 16.930432200504626 ], [ -92.476481980420303, 16.93037285957973 ], [ -92.476624769717986, 16.93035042999098 ], [ -92.476801479696093, 16.930275420845891 ], [ -92.477096290337784, 16.930049740130638 ], [ -92.477272890083341, 16.930012449931564 ], [ -92.477314620073727, 16.929857569628997 ], [ -92.477421780136126, 16.929737220148468 ], [ -92.477803880023757, 16.929485479780475 ], [ -92.478098260369578, 16.929410740888645 ], [ -92.478333969627101, 16.929279260966464 ], [ -92.478589179881581, 16.92918557099177 ], [ -92.47906028036175, 16.929035819837903 ], [ -92.479452830091361, 16.928923599583182 ], [ -92.479727910059765, 16.928735619577068 ], [ -92.480179249518045, 16.928642420460697 ], [ -92.480414939697283, 16.928510921046442 ], [ -92.480768479525395, 16.928836182113155 ], [ -92.481059170476726, 16.929147279610866 ], [ -92.481348910237983, 16.929529319591918 ], [ -92.4814682498954, 16.929790970954027 ], [ -92.481732779941296, 16.930220021135938 ], [ -92.481950740217044, 16.93045925171258 ], [ -92.482219080225889, 16.93060449044059 ], [ -92.48295765048185, 16.931008089814394 ], [ -92.483703260236638, 16.930877890112416 ], [ -92.484376890328335, 16.930878031243502 ], [ -92.485213259933985, 16.930878200028538 ], [ -92.485388110298274, 16.930667490663502 ], [ -92.485438819824708, 16.930549859727819 ], [ -92.485440719947562, 16.930407970012457 ], [ -92.485495249855489, 16.93000655030767 ], [ -92.48549811045163, 16.929793720254175 ], [ -92.48562347947734, 16.929606060881721 ], [ -92.485946349845221, 16.929349889657328 ], [ -92.486120549923825, 16.929186481017762 ], [ -92.486221050241966, 16.92902215072483 ], [ -92.486299819909704, 16.928644690293936 ], [ -92.486302659526146, 16.928431860410022 ], [ -92.486258279742188, 16.928076519929551 ], [ -92.48611500038065, 16.927767259829253 ], [ -92.486019889942099, 16.927529550501081 ], [ -92.485974249942828, 16.927268819718265 ], [ -92.486025279820836, 16.927127540637791 ], [ -92.486150340283217, 16.926963520648474 ], [ -92.486618709840016, 16.926851059865221 ], [ -92.486915110092966, 16.926736479597825 ], [ -92.487161740111048, 16.926668579762186 ], [ -92.487334350015871, 16.926623419922208 ], [ -92.487483969785217, 16.926459710177301 ], [ -92.487559890300687, 16.926295080340491 ], [ -92.487763399635298, 16.925777251184154 ], [ -92.487815379772371, 16.925565019761212 ], [ -92.488068029853068, 16.925047799995546 ], [ -92.488292000020593, 16.924837710484194 ], [ -92.488640690183985, 16.924487230875013 ], [ -92.489263740409854, 16.923832690480303 ], [ -92.489638580373821, 16.923364280176955 ], [ -92.489763649913584, 16.923200260284666 ], [ -92.49003578031359, 16.923061720307803 ], [ -92.490406199540402, 16.922924401268297 ], [ -92.490604629897277, 16.922784940689294 ], [ -92.491024490027343, 16.922624570378069 ], [ -92.491321830238533, 16.922439030638898 ], [ -92.491620749787458, 16.922135249933355 ], [ -92.491699200041367, 16.921781430416704 ], [ -92.491627080223296, 16.921662280937735 ], [ -92.491506450483371, 16.921495219638903 ], [ -92.491385509658798, 16.921351801034874 ], [ -92.491313380044119, 16.921232650842011 ], [ -92.491391829761369, 16.920878830222822 ], [ -92.491589629829292, 16.920786680293414 ], [ -92.491714999667749, 16.920599000154656 ], [ -92.491842889715144, 16.920222149579811 ], [ -92.491920379524373, 16.919939280265936 ], [ -92.491923860107946, 16.919679141191416 ], [ -92.491880419927639, 16.919252859643617 ], [ -92.491734599997926, 16.919132800647795 ], [ -92.491591309914185, 16.918823540535115 ], [ -92.491619660219854, 16.918540059809533 ], [ -92.491720150175013, 16.918375740181695 ], [ -92.491797019905647, 16.918140150079822 ], [ -92.491949480265532, 16.917763599782919 ], [ -92.491976570214703, 16.917574720587865 ], [ -92.49207989032557, 16.917197550211153 ], [ -92.492081479742424, 16.917079319649702 ], [ -92.492186370364692, 16.916583909795001 ], [ -92.492263549520928, 16.916324691289955 ], [ -92.492341679634123, 16.915994521146452 ], [ -92.492343570028481, 16.915852629617845 ], [ -92.492371919988557, 16.915569151343931 ], [ -92.492398380004559, 16.915427570957998 ], [ -92.492525340248022, 16.915121650596102 ], [ -92.492675259584615, 16.914934289910335 ], [ -92.492922509961531, 16.914819090394545 ], [ -92.493011419921729, 16.914528720825682 ], [ -92.49319996966382, 16.914340489735796 ], [ -92.493416580082595, 16.914001380174433 ], [ -92.493696689565695, 16.913882549824372 ], [ -92.493711910132333, 16.913568119751918 ], [ -92.493751740401777, 16.913341800932795 ], [ -92.493781140215276, 16.913079420920514 ], [ -92.493684140094757, 16.912983620240951 ], [ -92.493661779689234, 16.912817770542908 ], [ -92.493615170376472, 16.912627970107955 ], [ -92.4934473201522, 16.912318420503535 ], [ -92.493256150372858, 16.911913951180374 ], [ -92.493266259863688, 16.911157200080542 ], [ -92.493197310033835, 16.910801550304317 ], [ -92.49320267966155, 16.910399520269689 ], [ -92.493305050261625, 16.910093311104134 ], [ -92.493532769805995, 16.90959943096302 ], [ -92.493833879653593, 16.909130110867725 ], [ -92.493960819570773, 16.908824180402327 ], [ -92.494385689677586, 16.908285430348627 ], [ -92.494609939568377, 16.908051680754518 ], [ -92.495127710332156, 16.907916169805013 ], [ -92.495672570245546, 16.907591771263125 ], [ -92.495921690008203, 16.907334660852545 ], [ -92.496197221618161, 16.907162711147638 ], [ -92.49621899987963, 16.907149119945974 ], [ -92.496491119606532, 16.907010569568421 ], [ -92.496500173303332, 16.90700207413553 ], [ -92.496864340105006, 16.906660380969043 ], [ -92.496866039735167, 16.906532926980088 ], [ -92.496871910121101, 16.906092820194793 ], [ -92.496924509771361, 16.905833289754277 ], [ -92.497100249610938, 16.905551630050176 ], [ -92.497229059992691, 16.90510383065077 ], [ -92.497554980147143, 16.904557029959541 ], [ -92.498007720421157, 16.904386320073861 ], [ -92.49859502006656, 16.903211460530613 ], [ -92.50419714015797, 16.901189220800674 ], [ -92.507226509818267, 16.900211620815856 ], [ -92.511467980039455, 16.898688379678514 ], [ -92.511889053450503, 16.899074011609695 ], [ -92.512367769887831, 16.899512430156122 ], [ -92.512762749669065, 16.899352140780334 ], [ -92.513180949703141, 16.899286679886664 ], [ -92.51423954977713, 16.899064119702619 ], [ -92.514333229984572, 16.899047949857664 ], [ -92.514576454083667, 16.899005982818505 ], [ -92.516219999545243, 16.898722383543319 ], [ -92.516404829823529, 16.898690489752582 ], [ -92.516415138065071, 16.898660477976854 ], [ -92.517018970400059, 16.896902509919276 ], [ -92.517267307113073, 16.896161171662648 ], [ -92.517428819803172, 16.895679019557143 ], [ -92.517496142510794, 16.895424151316625 ], [ -92.517584339476542, 16.895090260938215 ], [ -92.517633680055155, 16.893318580080855 ], [ -92.517447826656877, 16.891926200768527 ], [ -92.516971679719262, 16.888358890242682 ], [ -92.521339490353014, 16.893934710174115 ], [ -92.52141734970516, 16.89401769121217 ], [ -92.526649629626675, 16.900493289951903 ], [ -92.528223289520881, 16.899651491226159 ], [ -92.530280280162529, 16.898542460981137 ], [ -92.531631459653823, 16.897963795164323 ], [ -92.531741811263871, 16.897916534425082 ], [ -92.532710230380545, 16.89750178120212 ], [ -92.532888361154477, 16.897432369967646 ], [ -92.534283740441822, 16.896888629621703 ], [ -92.534420408258427, 16.896869874104212 ], [ -92.534815449952617, 16.896815659707951 ], [ -92.535013431019635, 16.896675469477977 ], [ -92.535329782701695, 16.896451460655758 ], [ -92.535468350202351, 16.896353340127753 ], [ -92.535575215429233, 16.89627593635436 ], [ -92.535703220235419, 16.896183220337303 ], [ -92.537533199841931, 16.894898889539245 ], [ -92.538018851810079, 16.894577672584361 ], [ -92.538928289563643, 16.893976149809202 ], [ -92.539942220175234, 16.89333188123409 ], [ -92.541192550018351, 16.892341311271924 ], [ -92.542075920394822, 16.892421250608429 ], [ -92.543537449716695, 16.89262625110176 ], [ -92.544857139529796, 16.892671800141606 ], [ -92.5455206001552, 16.892752169641177 ], [ -92.547213920255928, 16.892906941080238 ], [ -92.554013289583793, 16.893511000375302 ], [ -92.555222119423746, 16.89362406173364 ], [ -92.556331369572803, 16.893727800978102 ], [ -92.560868719908314, 16.894212600765467 ], [ -92.56295270996192, 16.894385689774023 ], [ -92.566834510423732, 16.89874966027136 ], [ -92.566866109939582, 16.898803350102401 ], [ -92.566913832981882, 16.898851537047609 ], [ -92.569085690015712, 16.901044490246367 ], [ -92.57307908090209, 16.897773290569855 ], [ -92.57898326030174, 16.892936420397707 ], [ -92.579224770364931, 16.891381520733901 ], [ -92.579315780457421, 16.888389049808598 ], [ -92.581486489751924, 16.888145981189183 ], [ -92.586909459701275, 16.886011599641819 ], [ -92.588149170025716, 16.885562680090317 ], [ -92.589878680170926, 16.884706419842892 ], [ -92.590932660456303, 16.884202150015241 ], [ -92.591924749602981, 16.883668000052268 ], [ -92.593030690427995, 16.882939199844181 ], [ -92.592763650134714, 16.882723150367767 ], [ -92.592422980310218, 16.882506180174563 ], [ -92.591358340314002, 16.88138211967107 ], [ -92.591188820137916, 16.881214570985211 ], [ -92.591069649487409, 16.880953121304529 ], [ -92.591096750403182, 16.880764420558705 ], [ -92.591027000231151, 16.88047997084141 ], [ -92.591055719675637, 16.880173120122983 ], [ -92.591231349845245, 16.879891770070941 ], [ -92.591480280452416, 16.879634949910304 ], [ -92.591678850278299, 16.879472051220912 ], [ -92.591925850127268, 16.87935699964623 ], [ -92.592248820308853, 16.879097451123823 ], [ -92.595282050238708, 16.878834481016916 ], [ -92.595382539953576, 16.878827689794882 ], [ -92.595441740118972, 16.878809571345641 ], [ -92.596386690217798, 16.877505521043101 ], [ -92.597927859794879, 16.876234740354811 ], [ -92.598458880260111, 16.875801540023435 ], [ -92.59793387978111, 16.875121850273622 ], [ -92.598001280177456, 16.874277940110122 ], [ -92.598663379725394, 16.873411140922911 ], [ -92.599116649772881, 16.873148520066316 ], [ -92.599360539753064, 16.872884420386789 ], [ -92.599717539777615, 16.87276932090678 ], [ -92.600051060054142, 16.872532770630183 ], [ -92.60115313970573, 16.872216180056533 ], [ -92.601535550353418, 16.872224520498605 ], [ -92.602675020156624, 16.871671630936 ], [ -92.602914479909856, 16.871567580143271 ], [ -92.603591879816221, 16.871500980822852 ], [ -92.602729110139094, 16.870883400142155 ], [ -92.602371829591931, 16.870725969763029 ], [ -92.610008649955773, 16.870698769893075 ], [ -92.612729220413115, 16.872788690612115 ], [ -92.61418942955153, 16.873704911103591 ], [ -92.619370399785083, 16.877172431032758 ], [ -92.620506290377634, 16.877879800266463 ], [ -92.624481749612713, 16.880355380837727 ], [ -92.63236674996088, 16.881705770594735 ], [ -92.633038309994234, 16.879209200661933 ], [ -92.634589030035571, 16.87887396994396 ], [ -92.635727279639468, 16.876893569718927 ], [ -92.64094514019061, 16.877004221030035 ], [ -92.642011519967653, 16.876130859829686 ], [ -92.64236051952075, 16.875845060385817 ], [ -92.642675339663825, 16.875580149574155 ], [ -92.644318880024613, 16.87641525961099 ], [ -92.64444835027048, 16.876478461365569 ], [ -92.644606779875829, 16.876544650296015 ], [ -92.666535599823106, 16.882245309812681 ], [ -92.666429720003663, 16.884061780486292 ], [ -92.666437139952606, 16.885109000326469 ], [ -92.666069879961057, 16.88712132029093 ], [ -92.666016779743927, 16.888340890081345 ], [ -92.66578617997699, 16.889324629966747 ], [ -92.665951320300863, 16.889239520125578 ], [ -92.6668214295252, 16.888622850457853 ], [ -92.667398059648221, 16.888191280663502 ], [ -92.667452460280046, 16.888146721211331 ], [ -92.667895180193185, 16.887620169795721 ], [ -92.669101279677136, 16.886191480747669 ], [ -92.669297799903873, 16.885916280232344 ], [ -92.669832579737516, 16.885190950488184 ], [ -92.670031630278899, 16.884784970325992 ], [ -92.670334540276755, 16.88432211025739 ], [ -92.671082059612345, 16.883649570131226 ], [ -92.671114580392796, 16.883620309727188 ], [ -92.671638540162164, 16.882974091062156 ], [ -92.672271890211888, 16.882162420219309 ], [ -92.672084419871354, 16.883266849663446 ], [ -92.671882509618683, 16.883996150088677 ], [ -92.671367520290843, 16.885836690068381 ], [ -92.671175679964804, 16.886567489712988 ], [ -92.670897570412009, 16.887590749795383 ], [ -92.670711689803028, 16.888481739580186 ], [ -92.670319860203463, 16.890210879665172 ], [ -92.670168089760537, 16.891108080364901 ], [ -92.669931430242244, 16.89194234109252 ], [ -92.669647509733878, 16.892833549728401 ], [ -92.669523349715277, 16.893491020963317 ], [ -92.669435630240756, 16.893750030659454 ], [ -92.669178199906085, 16.894579659963387 ], [ -92.668566950288437, 16.896240939864288 ], [ -92.668191689713865, 16.897093199815576 ], [ -92.66812165023164, 16.897309060425545 ], [ -92.667478060021836, 16.89964746015028 ], [ -92.667463449692519, 16.899712820430167 ], [ -92.66742648954461, 16.899793650158987 ], [ -92.666744650394591, 16.901905720111117 ], [ -92.666186750409324, 16.902766540163654 ], [ -92.665135379490991, 16.904175580948063 ], [ -92.665127449553097, 16.904189820428719 ], [ -92.664733860439355, 16.905043680337215 ], [ -92.663277380298396, 16.905648279802318 ], [ -92.662697120355574, 16.905874881065738 ], [ -92.660655939811832, 16.906648519866781 ], [ -92.659776049736962, 16.906968979666157 ], [ -92.658873060392324, 16.907285820736135 ], [ -92.658414200137102, 16.907418350611749 ], [ -92.657985980132565, 16.907441949883502 ], [ -92.657246620409978, 16.907592139720322 ], [ -92.655931340429703, 16.909623460046451 ], [ -92.655533999747476, 16.910277770916931 ], [ -92.655401090238456, 16.910599449577333 ], [ -92.654725030477863, 16.912115679789139 ], [ -92.654253630017635, 16.913299020945558 ], [ -92.653938939920153, 16.914183820555756 ], [ -92.653622429649488, 16.915482859733004 ], [ -92.653281340357481, 16.916931399585668 ], [ -92.652966139781157, 16.917931260955438 ], [ -92.652769089951903, 16.919242290170168 ], [ -92.651804860241356, 16.921277049733593 ], [ -92.651718280355112, 16.923150849746154 ], [ -92.652085919736678, 16.923981111090921 ], [ -92.652234619894259, 16.924247049832726 ], [ -92.652335020184481, 16.92443908121361 ], [ -92.652429780099126, 16.924627781358492 ], [ -92.652523719802645, 16.924821319923719 ], [ -92.652615249693952, 16.925007689635315 ], [ -92.652727769635376, 16.925239549634508 ], [ -92.652839340178872, 16.925455619954622 ], [ -92.652965120047938, 16.925679830143395 ], [ -92.653101630342917, 16.925916659824011 ], [ -92.653269449751164, 16.926211141043193 ], [ -92.653386569738828, 16.926428309732067 ], [ -92.653482570138507, 16.926613460429945 ], [ -92.653557449739296, 16.926761660587395 ], [ -92.653683879716695, 16.926996400528953 ], [ -92.653818060031838, 16.927211540018693 ], [ -92.653970030389004, 16.927378569680609 ], [ -92.654119020278983, 16.927551380202388 ], [ -92.654247779752424, 16.92770762034187 ], [ -92.654382109706077, 16.927861399865545 ], [ -92.654452780142677, 16.928036199595908 ], [ -92.654522199515824, 16.928202910982193 ], [ -92.654710679869012, 16.928606999886895 ], [ -92.654733659632441, 16.92870914035452 ], [ -92.65647912913002, 16.926175527254259 ], [ -92.6576653697539, 16.924453599604337 ], [ -92.657890621106432, 16.924148721982331 ], [ -92.659084220478817, 16.922533169637536 ], [ -92.659117060392148, 16.922484449824033 ], [ -92.659652819569786, 16.921733399524467 ], [ -92.660639289566859, 16.920243651316703 ], [ -92.660813920126444, 16.920279721351424 ], [ -92.661084339947053, 16.920422049623813 ], [ -92.661703555549465, 16.920592820048604 ], [ -92.66195212036591, 16.920661369867602 ], [ -92.662332047088029, 16.921021244554247 ], [ -92.662374049574424, 16.92106102985877 ], [ -92.662473222666691, 16.921086994584861 ], [ -92.662738498748496, 16.921156447158221 ], [ -92.663227058220727, 16.921284356809963 ], [ -92.663846080050092, 16.921446420710062 ], [ -92.664224690326876, 16.921301540122087 ], [ -92.664945050707132, 16.92151815894303 ], [ -92.664961450463565, 16.921523090079376 ], [ -92.664965079646123, 16.921521852444808 ], [ -92.66615643025024, 16.921115649617409 ], [ -92.666282258418647, 16.921045197506935 ], [ -92.666284833959779, 16.921043755349416 ], [ -92.666438544469258, 16.920957692558378 ], [ -92.666533906457673, 16.920904298830376 ], [ -92.666544029807753, 16.920898631129511 ], [ -92.666553385952781, 16.920900006821636 ], [ -92.666751630293263, 16.920929151683012 ], [ -92.667007889826678, 16.920966830908586 ], [ -92.667845860751953, 16.921834088714409 ], [ -92.668537220099495, 16.922549600088381 ], [ -92.668609339478792, 16.922624230982258 ], [ -92.669085049536761, 16.922243540442672 ], [ -92.669176119886075, 16.922088740029384 ], [ -92.670012679844817, 16.921596910921238 ], [ -92.670234539826822, 16.921682229881547 ], [ -92.670407950007743, 16.922032920928441 ], [ -92.670852520163365, 16.921917249670795 ], [ -92.671301139935622, 16.922220309577558 ], [ -92.671422170223622, 16.922268060308422 ], [ -92.672055290122316, 16.922925020545044 ], [ -92.672159969762703, 16.923606370238723 ], [ -92.672779079614997, 16.92345603051163 ], [ -92.673167060421406, 16.92354362019698 ], [ -92.673744780102524, 16.923674050209886 ], [ -92.674368819980458, 16.92444325003482 ], [ -92.674758629946922, 16.924159110030502 ], [ -92.67482948973219, 16.9242022300174 ], [ -92.674910649895395, 16.924199860746622 ], [ -92.67569408000179, 16.924427850232224 ], [ -92.675906570280205, 16.924012710569571 ], [ -92.675948050042109, 16.923929970153971 ], [ -92.676550649669764, 16.923011890567018 ], [ -92.679925319955785, 16.92423220023484 ], [ -92.67998658038934, 16.924266370240513 ], [ -92.679999780354109, 16.92427371967965 ], [ -92.680618369922854, 16.925988539968543 ], [ -92.681326319846278, 16.926075480006176 ], [ -92.681973259854118, 16.926148599753553 ], [ -92.682080502032093, 16.926248012620579 ], [ -92.682320740199401, 16.926470709754863 ], [ -92.682543350142652, 16.926527249565346 ], [ -92.683236380352056, 16.926300110109622 ], [ -92.683757520202647, 16.926408630928023 ], [ -92.68415227635785, 16.926414315923971 ], [ -92.684187249754217, 16.926414819649263 ], [ -92.684265431640583, 16.926486058672811 ], [ -92.684349717880096, 16.926562860123308 ], [ -92.684856999814841, 16.926662980035641 ], [ -92.685227850438082, 16.926936290339434 ], [ -92.685383459696666, 16.927071059560966 ], [ -92.686237690041565, 16.927629020239078 ], [ -92.68623825199991, 16.927629173006068 ], [ -92.686239940742979, 16.927629630582228 ], [ -92.687149140139525, 16.927876110705455 ], [ -92.687765059642757, 16.928348880128649 ], [ -92.687789489640821, 16.928503540581808 ], [ -92.687954910514705, 16.928726429694155 ], [ -92.688282949917649, 16.928681830851666 ], [ -92.688447079521495, 16.928856140137913 ], [ -92.6888861096771, 16.92897457988278 ], [ -92.690337899802344, 16.929944562072762 ], [ -92.690559850397875, 16.930092850781389 ], [ -92.690773830162414, 16.93047281973163 ], [ -92.690982570304783, 16.930698290456224 ], [ -92.691423140329334, 16.931360119751446 ], [ -92.691593400396002, 16.931723489993022 ], [ -92.692258089990318, 16.931873630222604 ], [ -92.692406219906204, 16.93201278116479 ], [ -92.692433480134355, 16.93217714972474 ], [ -92.692903740085953, 16.932460940654074 ], [ -92.693135280041076, 16.932468220839407 ], [ -92.693266579860165, 16.93259231055784 ], [ -92.693894862035293, 16.933030427550428 ], [ -92.693942849878056, 16.93306389023077 ], [ -92.693751549915604, 16.93329563027741 ], [ -92.693761889910206, 16.933465890172371 ], [ -92.693959539779101, 16.933719149565764 ], [ -92.694238520298242, 16.933874350511363 ], [ -92.694434249676036, 16.933942999843818 ], [ -92.694752249690211, 16.933983450442472 ], [ -92.694990259908664, 16.933984681052696 ], [ -92.695730230368241, 16.934502031019193 ], [ -92.696619570371013, 16.935489320166393 ], [ -92.696596280118584, 16.93568979963116 ], [ -92.696872879809902, 16.936961219700759 ], [ -92.696864250308096, 16.937471460134727 ], [ -92.696540179633431, 16.938130820281255 ], [ -92.696586415442923, 16.938288364442275 ], [ -92.69661759088639, 16.938394590887043 ], [ -92.69692032034385, 16.939426110496136 ], [ -92.697325340157562, 16.941315949761741 ], [ -92.697135229919141, 16.941865021088326 ], [ -92.697532120318542, 16.942556911236174 ], [ -92.697828939805717, 16.942963619938045 ], [ -92.698341140206452, 16.943634140716039 ], [ -92.698431689307895, 16.943995820015434 ], [ -92.698555769025305, 16.944491422962663 ], [ -92.69860403864611, 16.944684229153467 ], [ -92.698688924560201, 16.945023280163952 ], [ -92.698745161773218, 16.945247906675807 ], [ -92.69881648387026, 16.945532778166186 ], [ -92.698822679705572, 16.945557520711095 ], [ -92.698868586449507, 16.945643092269645 ], [ -92.698868632209297, 16.945643180158548 ], [ -92.698868697938124, 16.945643306382618 ], [ -92.698917783185863, 16.945734797954177 ], [ -92.699443455958829, 16.946714653652364 ], [ -92.69960595003927, 16.947017540382813 ], [ -92.699597179996047, 16.947048290068171 ], [ -92.699385057679066, 16.947792050990163 ], [ -92.699197029071655, 16.948451328155965 ], [ -92.699180549592313, 16.948509110167155 ], [ -92.698878059950829, 16.948823381297515 ], [ -92.698821750283372, 16.94908795025367 ], [ -92.698918909871722, 16.949701649962179 ], [ -92.699203535934103, 16.950745925824091 ], [ -92.699394699470332, 16.951447282690406 ], [ -92.699542909059446, 16.951991046056587 ], [ -92.699800578033177, 16.952936391148643 ], [ -92.699843588405599, 16.953094189704064 ], [ -92.699866906297601, 16.953179738717566 ], [ -92.700111364631965, 16.954076599300855 ], [ -92.700135076056995, 16.954163592277411 ], [ -92.700171462016883, 16.954297081840245 ], [ -92.700203020184759, 16.954412861189233 ], [ -92.700073933640567, 16.954502150417085 ], [ -92.699526401942265, 16.954880875423473 ], [ -92.699417878361032, 16.954955940451839 ], [ -92.699333940002049, 16.955014000036872 ], [ -92.699055566257286, 16.956437112756785 ], [ -92.699042174748115, 16.956505571828838 ], [ -92.699021011847634, 16.95661376089933 ], [ -92.699002309709286, 16.956709370049477 ], [ -92.699209289388975, 16.957317788818674 ], [ -92.699239177823998, 16.957405646148221 ], [ -92.69925400317355, 16.957449226359547 ], [ -92.699866450231497, 16.959249491247402 ], [ -92.699649259936322, 16.959700860296284 ], [ -92.698787379576316, 16.960825690200465 ], [ -92.698080260161149, 16.96191362118957 ], [ -92.698094380013217, 16.96236173997821 ], [ -92.698131733072174, 16.962411725764877 ], [ -92.698171013795374, 16.962464290706066 ], [ -92.698249943448346, 16.962569913063444 ], [ -92.698570570149343, 16.962998970541051 ], [ -92.69856292128263, 16.963030972626843 ], [ -92.698551658669146, 16.963078096098002 ], [ -92.69854608572804, 16.963101412721095 ], [ -92.697982479951932, 16.965459579607788 ], [ -92.697575620377449, 16.966286180268611 ], [ -92.696354749732706, 16.96771692112641 ], [ -92.695326690371161, 16.970746539686747 ], [ -92.695033340435799, 16.972119859836408 ], [ -92.69394301949535, 16.97288631078564 ], [ -92.708953850107775, 16.980510459786856 ], [ -92.709034539965856, 16.981274111237681 ], [ -92.709275420148273, 16.981501741077626 ], [ -92.709888049570239, 16.982270090393509 ], [ -92.680756879966253, 16.988360649862148 ], [ -92.666751200370285, 16.983252910509748 ], [ -92.657948950240652, 16.979787550009128 ], [ -92.654193859906002, 16.979938769895064 ], [ -92.655220969710101, 16.969671309959189 ], [ -92.657576509820231, 16.962839630119333 ], [ -92.657462690435622, 16.962783110286825 ], [ -92.657243200421675, 16.962662179982399 ], [ -92.656687719820752, 16.96194609043566 ], [ -92.653838250002352, 16.961934629886887 ], [ -92.652082089778474, 16.960990939989198 ], [ -92.652009049552092, 16.960942750760438 ], [ -92.651763430393189, 16.960939719839491 ], [ -92.651713980073708, 16.960962750134133 ], [ -92.651615430120046, 16.960985180012106 ], [ -92.65139374957775, 16.961029721123154 ], [ -92.651294879804183, 16.961075780697534 ], [ -92.651122940169458, 16.961073660422535 ], [ -92.65099918022274, 16.961143059899577 ], [ -92.650778450230476, 16.961116709853563 ], [ -92.650656280351996, 16.961067910110547 ], [ -92.649508180226192, 16.960580889742452 ], [ -92.64916494994641, 16.960529371117936 ], [ -92.648992709833934, 16.960550890309211 ], [ -92.648550599907949, 16.960545431223501 ], [ -92.648206109590959, 16.960588460136016 ], [ -92.6477885696318, 16.960583290879978 ], [ -92.647297970157794, 16.960529950237046 ], [ -92.646472349864865, 16.959810490959597 ], [ -92.644767200381168, 16.960569570349609 ], [ -92.644400349546245, 16.960446830411147 ], [ -92.644107200029893, 16.960324980903366 ], [ -92.643936519616943, 16.960228310494635 ], [ -92.643814049747078, 16.960203149762407 ], [ -92.643399030381673, 16.960008880200178 ], [ -92.643078459745311, 16.960099480963144 ], [ -92.642287120334913, 16.960491580842675 ], [ -92.642113920183903, 16.960584020875618 ], [ -92.64186767970277, 16.96062825004406 ], [ -92.641596229622778, 16.960719451005261 ], [ -92.641300549660215, 16.96078670968722 ], [ -92.641176800332005, 16.960856110978145 ], [ -92.640955110034596, 16.96090065060935 ], [ -92.640756399552018, 16.961063679871703 ], [ -92.640581939721514, 16.961250650411358 ], [ -92.639864280388849, 16.961643659749338 ], [ -92.639305999841071, 16.961140260829392 ], [ -92.6390396299862, 16.960853260115123 ], [ -92.63884535044312, 16.960685350081217 ], [ -92.638700829797997, 16.960470781250304 ], [ -92.638579620213449, 16.960351080571602 ], [ -92.638360779685911, 16.960182859678348 ], [ -92.638190119568094, 16.96008618101229 ], [ -92.63794576962313, 16.959988579557884 ], [ -92.637848480024715, 16.959916451287754 ], [ -92.637604770412622, 16.959771570394356 ], [ -92.637434110396867, 16.959674890877547 ], [ -92.637189750299711, 16.959577290253669 ], [ -92.636919909803453, 16.959550309925621 ], [ -92.636699800488131, 16.959476649626243 ], [ -92.636381769620087, 16.959378121066869 ], [ -92.63603886026155, 16.959302941039319 ], [ -92.635720519762842, 16.959228059731469 ], [ -92.635353690038428, 16.959105310186615 ], [ -92.635182399520843, 16.959055890341524 ], [ -92.634568369691635, 16.959048259804792 ], [ -92.633960679714917, 16.95856788126677 ], [ -92.633243320195831, 16.958937230370935 ], [ -92.63218688000137, 16.958947740342317 ], [ -92.62960945972803, 16.956977049647396 ], [ -92.628297170322512, 16.955920459798911 ], [ -92.627363780266819, 16.954088420737303 ], [ -92.624016579882607, 16.95638723098984 ], [ -92.621795259619745, 16.955342909564557 ], [ -92.617664600069176, 16.955622280396021 ], [ -92.617155819784259, 16.956916219832088 ], [ -92.612104290087643, 16.956261920015052 ], [ -92.610567220268166, 16.955188569997038 ], [ -92.608794779896755, 16.953950820091201 ], [ -92.608550275844436, 16.954210604097536 ], [ -92.607673220252082, 16.955142461200506 ], [ -92.606656429687973, 16.95404217079296 ], [ -92.605940970034865, 16.954269600067221 ], [ -92.606004379679987, 16.955026940271743 ], [ -92.605164830140851, 16.955347370172589 ], [ -92.604150779948597, 16.952237549787309 ], [ -92.600716720090745, 16.950066579666675 ], [ -92.592347524304714, 16.951733153725762 ], [ -92.584279218998233, 16.953339332995675 ], [ -92.581567660305865, 16.953879025000603 ], [ -92.580617580323704, 16.95406811022248 ], [ -92.571304860161831, 16.956053859559798 ], [ -92.561894690326298, 16.957967020988889 ], [ -92.561793830033238, 16.958154861995066 ], [ -92.561716889943327, 16.958390289772893 ], [ -92.56166515024006, 16.958578771348876 ], [ -92.561538430126774, 16.958860851214954 ], [ -92.561363569514839, 16.959071381110842 ], [ -92.561090309755713, 16.959301489609864 ], [ -92.560719110084563, 16.959488710134252 ], [ -92.560447310304141, 16.959603430335736 ], [ -92.560224630059196, 16.959718800032448 ], [ -92.559805460039911, 16.959831649991678 ], [ -92.559533649599629, 16.959946379774866 ], [ -92.559286079448015, 16.960085061288908 ], [ -92.559014279565162, 16.960199800858739 ], [ -92.558788659937832, 16.960527889707976 ], [ -92.558662580027203, 16.960762691913789 ], [ -92.558509340112536, 16.961186289698066 ], [ -92.558355429679452, 16.961657149930819 ], [ -92.558276850305873, 16.962010770744083 ], [ -92.558247709607187, 16.962341379839565 ], [ -92.557974769744391, 16.962731450126459 ], [ -92.557877459696599, 16.962899061907414 ], [ -92.557857630461825, 16.963085489884197 ], [ -92.557742429780276, 16.963351510304843 ], [ -92.55739528996088, 16.963583481090559 ], [ -92.557046199916044, 16.963957280430687 ], [ -92.557067830259086, 16.96417033996692 ], [ -92.557089120071709, 16.96440703003227 ], [ -92.557085849660368, 16.964643400164768 ], [ -92.556960999589236, 16.965172089992539 ], [ -92.556631019692944, 16.965357850276348 ], [ -92.556398340320754, 16.965376001150105 ], [ -92.556204400152254, 16.965412860386202 ], [ -92.555990889747605, 16.965524291732414 ], [ -92.555941419601183, 16.965707429991454 ], [ -92.555602259933949, 16.965915050202302 ], [ -92.555097620282822, 16.966175019619097 ], [ -92.554748459772611, 16.966267491506315 ], [ -92.554612140122671, 16.966528260358356 ], [ -92.554204909496733, 16.966583310701999 ], [ -92.554034309957842, 16.966729080234451 ], [ -92.553685289637528, 16.966765600422981 ], [ -92.553297490213765, 16.966802050892856 ], [ -92.552987490406707, 16.966726780434314 ], [ -92.552483289852802, 16.966800259634386 ], [ -92.552095229820409, 16.966948600900388 ], [ -92.551785050092846, 16.966947919831718 ], [ -92.551436030258714, 16.966984452059613 ], [ -92.55103549020491, 16.966930020202771 ], [ -92.550785619550396, 16.967234151119943 ], [ -92.550733539751661, 16.967446261106481 ], [ -92.550729280365545, 16.967753550679028 ], [ -92.550677539859464, 16.967942020174547 ], [ -92.550672772266523, 16.967950352402681 ], [ -92.550476119618139, 16.968294059984661 ], [ -92.550251460213147, 16.968551229791849 ], [ -92.550036691879569, 16.968832572218826 ], [ -92.550005741922433, 16.968873112271375 ], [ -92.550001249944359, 16.968879000419534 ], [ -92.549953825403733, 16.968916583647363 ], [ -92.549678320326024, 16.969134920348754 ], [ -92.54933282008102, 16.969248689992732 ], [ -92.548936879765975, 16.96945637992102 ], [ -92.548564310049514, 16.969553661980321 ], [ -92.548419090313971, 16.96959157975132 ], [ -92.547926219797944, 16.96970345980921 ], [ -92.547704170250483, 16.969771520063485 ], [ -92.547259429558679, 16.969954949851985 ], [ -92.546618180429007, 16.970135850338984 ], [ -92.546321780282398, 16.970250250199616 ], [ -92.545973979910983, 16.970529459892745 ], [ -92.545873749624377, 16.970670029756771 ], [ -92.545847550252489, 16.970787910438531 ], [ -92.545819050077498, 16.97107123037777 ], [ -92.545814779761287, 16.971378520073582 ], [ -92.545909750252719, 16.971616149820555 ], [ -92.546547481316381, 16.972374350348169 ], [ -92.547301722647191, 16.973271048556217 ], [ -92.55475560036102, 16.982132061506604 ], [ -92.555168949668712, 16.985990939965074 ], [ -92.553176620051829, 16.98970078205349 ], [ -92.557243000393456, 16.994126600176045 ], [ -92.557282969685318, 16.994789081024489 ], [ -92.557324259635024, 16.995357021010378 ], [ -92.557242709624418, 16.995923370744663 ], [ -92.557139220129102, 16.996300311019795 ], [ -92.556961690141051, 16.996699941154262 ], [ -92.556857540019777, 16.997124151459978 ], [ -92.556780250333745, 16.997383230536695 ], [ -92.556627619742656, 16.997759541706074 ], [ -92.55647662020273, 16.998017660765452 ], [ -92.556275830379846, 16.99832243016801 ], [ -92.55597581999092, 16.998696860332245 ], [ -92.55580221987077, 16.998812829714563 ], [ -92.555528380376018, 16.999069380978113 ], [ -92.555205999909873, 16.999356710397791 ], [ -92.555047949911042, 16.999766450639438 ], [ -92.555109260192324, 17.000094980074298 ], [ -92.555065820165694, 17.000817031550799 ], [ -92.554950620380339, 17.001484340468991 ], [ -92.554947689652977, 17.001995110095187 ], [ -92.554956820255924, 17.002702710752555 ], [ -92.555759720165611, 17.00296504959956 ], [ -92.556156000234608, 17.00319814066285 ], [ -92.556103629700516, 17.003463451209843 ], [ -92.556085489536244, 17.003828341822828 ], [ -92.556222779429604, 17.004143802155408 ], [ -92.556532220055729, 17.004642120039222 ], [ -92.556484000075727, 17.004980080301674 ], [ -92.556294779641306, 17.005279340335637 ], [ -92.555827080081258, 17.005506150213705 ], [ -92.555629680268609, 17.005772339945768 ], [ -92.555494230070522, 17.006313850260774 ], [ -92.555439399953514, 17.006803889959006 ], [ -92.555671510017149, 17.007670451354567 ], [ -92.555789909841366, 17.00822632096089 ], [ -92.556081909912052, 17.008449710920981 ], [ -92.556051339672152, 17.008722770257009 ], [ -92.556357830136889, 17.008730650157418 ], [ -92.556785749648171, 17.008712720526212 ], [ -92.556645659480481, 17.008949450802305 ], [ -92.556587369898281, 17.009364460109673 ], [ -92.556592690017354, 17.009725090889738 ], [ -92.55617876997097, 17.010251541218775 ], [ -92.555712600224453, 17.010638139847003 ], [ -92.555673250151997, 17.011191450910211 ], [ -92.55578332017987, 17.01148457961348 ], [ -92.555893720212978, 17.011644582126465 ], [ -92.556059000202168, 17.012017720408355 ], [ -92.556113000375888, 17.012603630734095 ], [ -92.556084549905052, 17.012923090132869 ], [ -92.556055780288631, 17.013375689697842 ], [ -92.555749769910136, 17.013960819957891 ], [ -92.555387799787894, 17.014785462008174 ], [ -92.554832460118078, 17.015396681242244 ], [ -92.554443740021767, 17.015821850656948 ], [ -92.554110340090801, 17.016273780935631 ], [ -92.553748859929101, 17.016885420291061 ], [ -92.553387570302263, 17.017417149759421 ], [ -92.553137290222594, 17.017842650733094 ], [ -92.552831199693287, 17.018454380970862 ], [ -92.552442340366539, 17.018932819948638 ], [ -92.55246805959915, 17.019758311531703 ], [ -92.552411280024231, 17.020343979640678 ], [ -92.552271219810535, 17.021009350874028 ], [ -92.551909910264627, 17.021541089624499 ], [ -92.551520720121033, 17.022152660466457 ], [ -92.551270250284347, 17.022658020327572 ], [ -92.550888489975065, 17.022967490775653 ], [ -92.550687520372506, 17.023130419704177 ], [ -92.551045319716877, 17.024063149589509 ], [ -92.551486739919113, 17.02478306073715 ], [ -92.551900949870031, 17.025289880196468 ], [ -92.552287550277342, 17.025770019598749 ], [ -92.552203510037884, 17.02616923038758 ], [ -92.552230000036744, 17.026675202257302 ], [ -92.552617289508035, 17.026862450798696 ], [ -92.552977539901946, 17.026783350391327 ], [ -92.553310379822506, 17.026571081340762 ], [ -92.55364279990215, 17.026545169927108 ], [ -92.553918740432678, 17.026971819596486 ], [ -92.55402851010173, 17.027398080550082 ], [ -92.554193740329339, 17.027797851948723 ], [ -92.554525829627551, 17.027905080311985 ], [ -92.554857489871054, 17.028198710370404 ], [ -92.555106120251494, 17.028465522227435 ], [ -92.555382709729727, 17.0286258796197 ], [ -92.555520680117567, 17.028839199781061 ], [ -92.555686290047618, 17.029079201317671 ], [ -92.556155980167745, 17.029559521048789 ], [ -92.556431999507879, 17.029959521058142 ], [ -92.556652320330087, 17.0304925401419 ], [ -92.556262579779499, 17.031327650844563 ], [ -92.555873650081253, 17.031832711717751 ], [ -92.555508979748808, 17.03230763193584 ], [ -92.555211479804271, 17.032951880566578 ], [ -92.555189720131523, 17.033805420131877 ], [ -92.555474629561161, 17.035058999806559 ], [ -92.555639579594214, 17.035304169648121 ], [ -92.555894179645577, 17.035329220076093 ], [ -92.556136750168605, 17.035084921087734 ], [ -92.556443319861103, 17.034706120273718 ], [ -92.556780769965414, 17.034737020246322 ], [ -92.557092460238394, 17.03484218183284 ], [ -92.557244620052501, 17.035111820243252 ], [ -92.5572438296808, 17.035442320674637 ], [ -92.557154080374971, 17.035711461095453 ], [ -92.556873289679757, 17.035955680002541 ], [ -92.556350880073893, 17.036076919986932 ], [ -92.555945659561772, 17.036424951441358 ], [ -92.55586957012089, 17.036893000015226 ], [ -92.555952779429845, 17.037379352030666 ], [ -92.556419379660809, 17.038100690939253 ], [ -92.556849260068432, 17.038542801101809 ], [ -92.557354919857957, 17.038579909608817 ], [ -92.557713110125292, 17.038706460586365 ], [ -92.557825400237959, 17.039113289953193 ], [ -92.557850400250686, 17.039434859822791 ], [ -92.55782394980092, 17.039723319897419 ], [ -92.55747140032561, 17.040126491915597 ], [ -92.55723900031154, 17.040472222075287 ], [ -92.556913290118715, 17.040753720540327 ], [ -92.556805219659893, 17.040988370404026 ], [ -92.556755480408569, 17.041335910805454 ], [ -92.556842429760337, 17.04178705211492 ], [ -92.557173909599939, 17.042154201120692 ], [ -92.557750570011194, 17.042146089939621 ], [ -92.558131580318459, 17.042250251086884 ], [ -92.558346170125375, 17.042419820223518 ], [ -92.558784280165654, 17.042543081757252 ], [ -92.558614709477339, 17.042857621388318 ], [ -92.558466910021195, 17.043103290122652 ], [ -92.558357079925841, 17.043576651002088 ], [ -92.55862531042709, 17.043767880393382 ], [ -92.558519450422608, 17.044264819932575 ], [ -92.558457319607612, 17.044647030839865 ], [ -92.558067029640625, 17.044911000075128 ], [ -92.557800820237091, 17.045356570330334 ], [ -92.557410970115683, 17.045965740915154 ], [ -92.557293249538105, 17.046557950153307 ], [ -92.557812770237533, 17.046984090196833 ], [ -92.558130539827332, 17.047544311286156 ], [ -92.558684520424336, 17.04759930958809 ], [ -92.559176509758231, 17.047826340543079 ], [ -92.559299060406076, 17.04809025008737 ], [ -92.559034879621876, 17.048336029967519 ], [ -92.558875450386864, 17.048905770226852 ], [ -92.558951619421777, 17.049958061985066 ], [ -92.558908519739319, 17.050577050270615 ], [ -92.558742539546998, 17.050993081986601 ], [ -92.558627970088665, 17.05144890974973 ], [ -92.558553579850326, 17.051828139864334 ], [ -92.55855922995265, 17.052308370699816 ], [ -92.558403379591226, 17.052554680090001 ], [ -92.558070850296332, 17.053012479597598 ], [ -92.557616029745077, 17.053344350062616 ], [ -92.557338369744102, 17.053610031315628 ], [ -92.557105819780205, 17.054334421980936 ], [ -92.557083909804803, 17.054908920265753 ], [ -92.556905889914745, 17.055173780701455 ], [ -92.55669723002903, 17.055300849908896 ], [ -92.556391050396797, 17.055459059945566 ], [ -92.556176199753949, 17.05544271024046 ], [ -92.555986289704876, 17.055362850838772 ], [ -92.555821649522187, 17.05508446114515 ], [ -92.555482020331795, 17.054739891117876 ], [ -92.555066459837931, 17.054717399759301 ], [ -92.554669020265436, 17.055115969735329 ], [ -92.554564579991919, 17.055768380128452 ], [ -92.554491250076282, 17.056321979803521 ], [ -92.554356349756418, 17.056498231202134 ], [ -92.554226050103608, 17.056627520125442 ], [ -92.554081569764122, 17.05664571133288 ], [ -92.553884279841824, 17.056594369920937 ], [ -92.55360631027888, 17.056379371287285 ], [ -92.553384370091962, 17.056246200914554 ], [ -92.55319203012769, 17.056139340805437 ], [ -92.553013909528019, 17.056125060155392 ], [ -92.552811690050063, 17.056119980205086 ], [ -92.552536599707011, 17.056258349894406 ], [ -92.552083000115601, 17.056643001119664 ], [ -92.551775539524115, 17.056928350571351 ], [ -92.551418739621027, 17.057168310345606 ], [ -92.550967629700807, 17.057274310867808 ], [ -92.550282249965178, 17.057588430018615 ], [ -92.549868659794868, 17.058133941627009 ], [ -92.549533400316875, 17.058405320101411 ], [ -92.549094820100635, 17.058837261545609 ], [ -92.548533910104112, 17.059293659652496 ], [ -92.547852800318921, 17.05980895076064 ], [ -92.547359680350155, 17.060206200321748 ], [ -92.546866250055302, 17.060727939584989 ], [ -92.546826309605635, 17.061175979643707 ], [ -92.546514709560341, 17.061486489867619 ], [ -92.546292149536811, 17.062469420112244 ], [ -92.546329830001952, 17.062954979882377 ], [ -92.546119249693248, 17.063287740038398 ], [ -92.545898290210033, 17.063499110165861 ], [ -92.54563494004104, 17.063718520384434 ], [ -92.545310859716665, 17.064235819692197 ], [ -92.544937319694156, 17.064615480874028 ], [ -92.544408399795799, 17.06505446020487 ], [ -92.544239110185828, 17.065643170512121 ], [ -92.544175680290991, 17.066285279725946 ], [ -92.544261310323975, 17.06668986148448 ], [ -92.544359480220336, 17.067035000147751 ], [ -92.544507140102596, 17.067380230759042 ], [ -92.54450636978693, 17.067701349995797 ], [ -92.544283820297196, 17.067953421343994 ], [ -92.544218320094544, 17.068122140652235 ], [ -92.5439447795559, 17.068209080735194 ], [ -92.543618490064858, 17.068583599658091 ], [ -92.543487680049182, 17.069078020132565 ], [ -92.54353874026593, 17.069434541147878 ], [ -92.543694169669919, 17.069563201414219 ], [ -92.543938690254492, 17.069663539622834 ], [ -92.544279770382275, 17.069707080469357 ], [ -92.544528459890685, 17.070015111191324 ], [ -92.54424038036062, 17.070297720770455 ], [ -92.54383990964368, 17.070549661148846 ], [ -92.543597249899562, 17.070812049584568 ], [ -92.543636660279375, 17.071072260599802 ], [ -92.543602919653679, 17.071295539637088 ], [ -92.543786219720729, 17.071863520537246 ], [ -92.543707920029348, 17.072460950356227 ], [ -92.543408630286805, 17.07238420034221 ] ] ] } },
{ "type": "Feature", "properties": { "CVEGEO": "07031", "CVE_ENT": "07", "CVE_MUN": "031", "NOMGEO": "Chilón", "Olvida2": 1, "Region": "XV Meseta Comiteca Tojolabal", "Cabecera": "Yajalón" }, "geometry": { "type": "Polygon", "coordinates": [ [ [ -92.084067148731862, 17.27275900059006 ], [ -92.083391909428585, 17.272006830943539 ], [ -92.082772078588405, 17.271331540968188 ], [ -92.082305488908631, 17.270831060596581 ], [ -92.081078708695458, 17.269534121069654 ], [ -92.079893819444408, 17.268280340836551 ], [ -92.079459199272137, 17.267860620507683 ], [ -92.079124549016754, 17.267530150804472 ], [ -92.078782779119479, 17.267225910674355 ], [ -92.078450859228255, 17.266901421051251 ], [ -92.078129568756339, 17.266569550946265 ], [ -92.077781029258958, 17.266260920683191 ], [ -92.077497684804214, 17.265986546687273 ], [ -92.077424708818668, 17.26591588089013 ], [ -92.077605768830338, 17.265751690789394 ], [ -92.077154258693568, 17.265512380409564 ], [ -92.076620324115311, 17.265287667322692 ], [ -92.075928948999376, 17.264996690756526 ], [ -92.075630093743072, 17.264885265182006 ], [ -92.075627908947737, 17.264884450638778 ], [ -92.07550363193522, 17.265156821557245 ], [ -92.07550324914601, 17.265157660673207 ], [ -92.074877190270101, 17.264867704295938 ], [ -92.074877216649611, 17.264862531990588 ], [ -92.074887526091146, 17.262869501563763 ], [ -92.074887604649831, 17.262854240876486 ], [ -92.074887713193462, 17.262833313824856 ], [ -92.074004754813984, 17.262462290387116 ], [ -92.072891664322668, 17.261705078040819 ], [ -92.072519656356022, 17.261487798589023 ], [ -92.072422473321524, 17.261431036515329 ], [ -92.072056239760329, 17.26121712821336 ], [ -92.07122871370477, 17.260993945118948 ], [ -92.070686421697189, 17.260917142932641 ], [ -92.070301376131368, 17.260753485440354 ], [ -92.070049427298727, 17.260691817265368 ], [ -92.06826101953348, 17.26025406747312 ], [ -92.066245360499167, 17.259645787417188 ], [ -92.065309496556964, 17.259433103030474 ], [ -92.064547084612897, 17.259259834120893 ], [ -92.062540960908791, 17.258803885167101 ], [ -92.061630306852663, 17.258596914278989 ], [ -92.060894943613206, 17.25842976861923 ], [ -92.058697745720494, 17.258125690911747 ], [ -92.047363893251159, 17.242288506426998 ], [ -92.047332515148824, 17.242244657115759 ], [ -92.047270290070855, 17.242172436056681 ], [ -92.047226049201981, 17.242109373976856 ], [ -92.047149665750553, 17.242007250440878 ], [ -92.047136266217365, 17.241989336275726 ], [ -92.032783557692909, 17.222796559962831 ], [ -92.016235591038352, 17.23261083427942 ], [ -92.015674379143164, 17.23292917235004 ], [ -92.014779678696115, 17.233436741083523 ], [ -92.013999998957075, 17.23392948043292 ], [ -92.013952579408681, 17.233973959622652 ], [ -92.013952258934793, 17.23397426044032 ], [ -92.013866218583487, 17.233955661069757 ], [ -92.013004378638016, 17.23378872045696 ], [ -92.008804308612852, 17.233009420554612 ], [ -92.005909218808085, 17.232498721124184 ], [ -92.005011118988548, 17.232340281221415 ], [ -92.004065308672736, 17.232173430374523 ], [ -92.00311076890479, 17.23200505073147 ], [ -92.002240619326628, 17.231851511027436 ], [ -92.001347738710962, 17.231693981024165 ], [ -92.000494618633212, 17.231543460428092 ], [ -92.000387348709836, 17.231534450763913 ], [ -92.000063118820648, 17.231507200940115 ], [ -91.996662459300708, 17.231221230743877 ], [ -91.998261749246765, 17.22996297064515 ], [ -91.997282368821132, 17.229578090628429 ], [ -91.996798179072016, 17.228923260710008 ], [ -91.996038199179623, 17.227661861075131 ], [ -91.995462779463793, 17.216438460572427 ], [ -91.972089659093541, 17.205843151142414 ], [ -91.971821932584717, 17.205887445114595 ], [ -91.971819419401655, 17.205887860766538 ], [ -91.964318108533277, 17.207128631093571 ], [ -91.961590619433082, 17.216294030509982 ], [ -91.961580718564875, 17.216327250423678 ], [ -91.958619551164674, 17.216151018473614 ], [ -91.958617398619865, 17.216150890596548 ], [ -91.956124048592841, 17.215853970852063 ], [ -91.954168629309763, 17.21546748101149 ], [ -91.951601449368027, 17.214962220763905 ], [ -91.951087888538837, 17.214875710843728 ], [ -91.950198488790591, 17.21472591051889 ], [ -91.947982148896315, 17.214428110913126 ], [ -91.945637863773527, 17.214035480147651 ], [ -91.945635539155731, 17.21403509059898 ], [ -91.944250999334827, 17.216011520891787 ], [ -91.930439539041387, 17.215407031012695 ], [ -91.888819199339878, 17.213579680610707 ], [ -91.894639106710926, 17.22735786554227 ], [ -91.894639678900816, 17.227359220754927 ], [ -91.894641012428607, 17.227358816871231 ], [ -91.894641815009123, 17.227358574345917 ], [ -91.89706074872862, 17.226625940445949 ], [ -91.903000179210409, 17.226123720824553 ], [ -91.907547218852258, 17.225792000379709 ], [ -91.911164619220656, 17.225811601266695 ], [ -91.911165326419578, 17.225811759607833 ], [ -91.913202599001067, 17.226268171197347 ], [ -91.913474078938279, 17.227428080814111 ], [ -91.913835708788227, 17.229034030484204 ], [ -91.916919369209339, 17.238674820758884 ], [ -91.916376748731452, 17.239719110585138 ], [ -91.915441658966429, 17.240777950557398 ], [ -91.914321058987284, 17.241877780777344 ], [ -91.913945019192994, 17.242412570527808 ], [ -91.913588918569403, 17.243212050641137 ], [ -91.913251199364879, 17.243940480586854 ], [ -91.91296507879413, 17.244343000782994 ], [ -91.91238481892384, 17.245604601205727 ], [ -91.912343509099415, 17.245728140695601 ], [ -91.911870179325618, 17.246671220574573 ], [ -91.91068880004056, 17.248855119757916 ], [ -91.903674739343018, 17.248710650857678 ], [ -91.855686749240533, 17.249578601143163 ], [ -91.840806429307861, 17.249141370937789 ], [ -91.82413522886668, 17.248898021256885 ], [ -91.804313548579103, 17.248421620732092 ], [ -91.800281198782216, 17.248369740887703 ], [ -91.791866599331371, 17.247940781156075 ], [ -91.784705769432037, 17.247514631047167 ], [ -91.785269438737799, 17.249291005397399 ], [ -91.785269538745808, 17.249291321012233 ], [ -91.782531977524854, 17.248776463063464 ], [ -91.782531169037469, 17.248776310740396 ], [ -91.743128291633454, 17.248347907376164 ], [ -91.743125938739396, 17.248347881228852 ], [ -91.739284354621518, 17.243996988390617 ], [ -91.739283336257657, 17.243995835326398 ], [ -91.737975628561756, 17.242514680562689 ], [ -91.737958139005869, 17.242498850957773 ], [ -91.738008998992072, 17.242443750614882 ], [ -91.73787098405532, 17.240976678777468 ], [ -91.737869759170906, 17.240963653586679 ], [ -91.737824727591445, 17.240484972313137 ], [ -91.737822988176688, 17.240466478036542 ], [ -91.737723067143435, 17.239404317331413 ], [ -91.737722284094801, 17.239395992953252 ], [ -91.737707690663228, 17.239240862744396 ], [ -91.737707117634216, 17.239234775730282 ], [ -91.737657126633209, 17.238703362712691 ], [ -91.737656887100584, 17.238700813654098 ], [ -91.737648405608979, 17.238610659966934 ], [ -91.737593078733852, 17.238022520827212 ], [ -91.736349339307111, 17.23692055094185 ], [ -91.734861119262447, 17.236020340845222 ], [ -91.733647447066332, 17.234860007651481 ], [ -91.733646004764012, 17.234858627958936 ], [ -91.731943028831694, 17.23323045113764 ], [ -91.728152859309489, 17.229890540432233 ], [ -91.724817028954106, 17.227939251170721 ], [ -91.722262969381262, 17.224706110544926 ], [ -91.718826278866317, 17.222457120532706 ], [ -91.717614149139052, 17.221904350407598 ], [ -91.717685748815299, 17.221317400472294 ], [ -91.717983888882713, 17.220084380811414 ], [ -91.717905678631709, 17.219825820663072 ], [ -91.717999458792605, 17.219564491092218 ], [ -91.71806579867733, 17.219138280690835 ], [ -91.718135419059891, 17.21890097108712 ], [ -91.718232478589826, 17.218828550386263 ], [ -91.718453198742182, 17.218801401140485 ], [ -91.71845337296962, 17.218801855921296 ], [ -91.718669199444889, 17.219365880681593 ], [ -91.71949241855107, 17.219756600757734 ], [ -91.720294549264622, 17.219823141020843 ], [ -91.720294604243236, 17.219823111313438 ], [ -91.720909319432039, 17.219490031026641 ], [ -91.721350138979943, 17.21902577057002 ], [ -91.7216460791565, 17.218420401045933 ], [ -91.721512599371081, 17.217755491104786 ], [ -91.721651829035878, 17.217557741175863 ], [ -91.721757258713865, 17.217260420739265 ], [ -91.721827778688734, 17.21702908069485 ], [ -91.721967769305948, 17.216731980929701 ], [ -91.722247228971924, 17.21649668125583 ], [ -91.722465909052588, 17.216351461148594 ], [ -91.722868939295481, 17.216009280820117 ], [ -91.722990778545835, 17.215694450824913 ], [ -91.723229998634764, 17.215435291232819 ], [ -91.723435319016374, 17.215175920695426 ], [ -91.723541568942736, 17.2147766911181 ], [ -91.723681939321295, 17.214413370450519 ], [ -91.723753149353314, 17.21408272113797 ], [ -91.723785109345542, 17.213646630815262 ], [ -91.723685138997283, 17.213385341127488 ], [ -91.723786889283787, 17.213165180765831 ], [ -91.723684089192432, 17.212907020783184 ], [ -91.723458458929102, 17.212650820770662 ], [ -91.722565349189907, 17.212169121239228 ], [ -91.72085326006156, 17.211228169960709 ], [ -91.721020338727286, 17.210942061102326 ], [ -91.721173888965382, 17.210846180670284 ], [ -91.721312708885122, 17.210795651115443 ], [ -91.721453078692278, 17.210734510947006 ], [ -91.721597309239556, 17.210613850481739 ], [ -91.721792378528335, 17.210461111043934 ], [ -91.722045948813317, 17.210397880851538 ], [ -91.72229691873865, 17.210298981212066 ], [ -91.722528278659283, 17.210190250867864 ], [ -91.722731168734683, 17.210126681217901 ], [ -91.722947778735659, 17.210131680662265 ], [ -91.722947936687618, 17.210131798398152 ], [ -91.723072259299187, 17.21022415058259 ], [ -91.723073873428206, 17.210223678848326 ], [ -91.723296179320542, 17.210158631128923 ], [ -91.72329757478704, 17.21015911944129 ], [ -91.723531859195035, 17.210241150540043 ], [ -91.723818168983399, 17.210324031202706 ], [ -91.724525119334672, 17.210389800982306 ], [ -91.724525294014825, 17.210389757800836 ], [ -91.725136889058859, 17.210238260622546 ], [ -91.725480458743803, 17.210209120876581 ], [ -91.725480986638402, 17.210209456978397 ], [ -91.725878078681404, 17.210462550731691 ], [ -91.726053348558352, 17.210648711180163 ], [ -91.72605563300985, 17.210648674067059 ], [ -91.726348178675437, 17.210643970701089 ], [ -91.726885418765193, 17.21044638108409 ], [ -91.72727647891638, 17.210322001221037 ], [ -91.727546318823144, 17.210294030629349 ], [ -91.727765799022208, 17.210196030877619 ], [ -91.728158088545456, 17.210142490843516 ], [ -91.728160140193566, 17.2101427201357 ], [ -91.728527459344349, 17.210183780750782 ], [ -91.728527572782809, 17.210183687165959 ], [ -91.729109600173189, 17.209701906804824 ], [ -91.729110383389056, 17.209701258204312 ], [ -91.734207779926237, 17.205481601147916 ], [ -91.734211230793221, 17.205478744289813 ], [ -91.734592318704813, 17.205163260564927 ], [ -91.735222948832643, 17.202736430636158 ], [ -91.735041348597321, 17.202571456678161 ], [ -91.735039398025478, 17.202569684399062 ], [ -91.734493508579021, 17.202073770918041 ], [ -91.734551859882416, 17.20180857559555 ], [ -91.734552441149717, 17.201805935674841 ], [ -91.7347207394929, 17.20104105043794 ], [ -91.734558630335101, 17.200797957264736 ], [ -91.734557238316185, 17.200795870369927 ], [ -91.733695486700682, 17.199503602912745 ], [ -91.733694075370593, 17.199501484804106 ], [ -91.725556748893098, 17.187297600522172 ], [ -91.725652169316959, 17.181451141086534 ], [ -91.725999568864438, 17.180697221225454 ], [ -91.729370508603495, 17.173380621254442 ], [ -91.735425850414487, 17.160235690225587 ], [ -91.735427619026609, 17.160231850398905 ], [ -91.732275888870106, 17.162954121125782 ], [ -91.731577139007641, 17.163744850627648 ], [ -91.731507148612224, 17.163958550841404 ], [ -91.731435519119856, 17.16407782088443 ], [ -91.731340138788312, 17.164244691070436 ], [ -91.731221449314447, 17.164482801289132 ], [ -91.731027818798566, 17.164651260639186 ], [ -91.730712199310943, 17.164868920594724 ], [ -91.730566879034129, 17.164989370634022 ], [ -91.730201289135223, 17.165160601251724 ], [ -91.729933568771983, 17.165306630508891 ], [ -91.729837368579979, 17.165426280915547 ], [ -91.729643338868314, 17.165571120955438 ], [ -91.7295483693633, 17.165761621251026 ], [ -91.729428428627003, 17.165928890417121 ], [ -91.729307659274284, 17.166048940419262 ], [ -91.728942088899871, 17.166220150912928 ], [ -91.728673538577709, 17.166318951002538 ], [ -91.728380418509914, 17.166418151097375 ], [ -91.728283398657965, 17.166490580490045 ], [ -91.728162629425412, 17.166610620743892 ], [ -91.728017309438243, 17.166731060828624 ], [ -91.727823679076664, 17.166899520819804 ], [ -91.727605889126806, 17.167091980812867 ], [ -91.727340618728178, 17.167379690761564 ], [ -91.72721944871013, 17.167476120469978 ], [ -91.726927148638296, 17.167622540518593 ], [ -91.726609048837403, 17.167698520787877 ], [ -91.726291668385329, 17.167680186692877 ], [ -91.726289319384506, 17.167680050910509 ], [ -91.72604244874961, 17.167613151120491 ], [ -91.72589382897965, 17.167544680499983 ], [ -91.725721059342177, 17.167500221173785 ], [ -91.725546248880931, 17.167337690467534 ], [ -91.725199489053267, 17.167177921119404 ], [ -91.724780678966226, 17.167113801145376 ], [ -91.724557948707584, 17.167022890531822 ], [ -91.724338456655005, 17.167003010108868 ], [ -91.724336479122101, 17.167002831118044 ], [ -91.724189088906215, 17.167005200923811 ], [ -91.723821058591909, 17.167034740699044 ], [ -91.723673678639372, 17.167037110706882 ], [ -91.723503368563541, 17.167134320506161 ], [ -91.723333478581154, 17.167255150660562 ], [ -91.723235078593675, 17.16737259350635 ], [ -91.72323430941384, 17.167373510963444 ], [ -91.722250319182649, 17.166746940544694 ], [ -91.720693289233324, 17.166118550427541 ], [ -91.720822628670916, 17.165295681179387 ], [ -91.718168227681332, 17.164646692473529 ], [ -91.718165888684837, 17.164646120874266 ], [ -91.717151049125619, 17.167538770826624 ], [ -91.719805449309916, 17.168399370445478 ], [ -91.720190818883168, 17.168805491150184 ], [ -91.720044859078769, 17.168890511071783 ], [ -91.719899939046712, 17.169034550973755 ], [ -91.719777519030657, 17.169060140410846 ], [ -91.71951142929322, 17.16930060077512 ], [ -91.719391478581642, 17.16946788050036 ], [ -91.719197418822176, 17.169612710702392 ], [ -91.719030927893428, 17.169873732832411 ], [ -91.719029978546999, 17.169875220885348 ], [ -91.718879739324606, 17.169712280681161 ], [ -91.718632859272034, 17.169645380413971 ], [ -91.718286919323262, 17.169532830530773 ], [ -91.717919298397291, 17.16949170559462 ], [ -91.717917648983374, 17.169491521106202 ], [ -91.71762414794739, 17.169496230695422 ], [ -91.717622878798721, 17.169496250811566 ], [ -91.717351858907463, 17.169453350358264 ], [ -91.717083727990868, 17.169434256858786 ], [ -91.717083697941035, 17.169434255689346 ], [ -91.717081249146659, 17.169434081185685 ], [ -91.716811458645424, 17.169462020699036 ], [ -91.71658079598366, 17.169500819506904 ], [ -91.716578709116291, 17.169501170645152 ], [ -91.715747278593341, 17.168394050538932 ], [ -91.714661139351421, 17.167336980424615 ], [ -91.713289148541335, 17.166369401228774 ], [ -91.713241377738086, 17.166351024015988 ], [ -91.711962383229761, 17.165859004654116 ], [ -91.711961569421561, 17.165858691317982 ], [ -91.711630582258906, 17.165886836934185 ], [ -91.711404320103838, 17.165906076839672 ], [ -91.709963719096521, 17.166028570656028 ], [ -91.708434288786151, 17.167205920677198 ], [ -91.707378319082792, 17.168660260751324 ], [ -91.706656058588095, 17.169979750819792 ], [ -91.706249914468984, 17.170832764823338 ], [ -91.70623242077815, 17.170869505737368 ], [ -91.706168756366509, 17.171003217398887 ], [ -91.706115548693489, 17.171114967982621 ], [ -91.706030958896449, 17.171292628193431 ], [ -91.705955034906324, 17.171452086643484 ], [ -91.705882279423392, 17.171604890604332 ], [ -91.705692049056907, 17.171740080389014 ], [ -91.705219720441349, 17.171827669569435 ], [ -91.705218259195306, 17.171827940669409 ], [ -91.70493522943589, 17.171704891207998 ], [ -91.704560568619854, 17.171453170929365 ], [ -91.703568648632043, 17.170925750411385 ], [ -91.703457898588127, 17.170793471714305 ], [ -91.703217398957634, 17.170506220468646 ], [ -91.702917748997521, 17.170227550826507 ], [ -91.702846809828102, 17.170192165433729 ], [ -91.702846318637867, 17.170191920524559 ], [ -91.702516598908531, 17.170204150464432 ], [ -91.702232658975703, 17.170202320520655 ], [ -91.701948764302529, 17.170351522856254 ], [ -91.701947738894191, 17.170352061263383 ], [ -91.701696218790957, 17.170229200639991 ], [ -91.701539748745233, 17.170046320930172 ], [ -91.701383288747053, 17.169863450836036 ], [ -91.700910998606446, 17.169739181189243 ], [ -91.699966548805349, 17.169460310405974 ], [ -91.699304909424939, 17.169337260510954 ], [ -91.699107199212449, 17.169084481275025 ], [ -91.699446676655683, 17.168513647634306 ], [ -91.699447739001542, 17.168511860593821 ], [ -91.698643779003277, 17.168878551263894 ], [ -91.698276139268899, 17.168931660432456 ], [ -91.697739418761415, 17.169152780852691 ], [ -91.697395919076584, 17.16918188082942 ], [ -91.697150288997193, 17.169185801084009 ], [ -91.696758089096519, 17.169239290870905 ], [ -91.696413778948084, 17.169221150499084 ], [ -91.695947888783905, 17.169275820619326 ], [ -91.695481179158975, 17.169283250537795 ], [ -91.69433074857109, 17.1695377703982 ], [ -91.693933088719618, 17.170701460950113 ], [ -91.693918334999267, 17.17073913444943 ], [ -91.693918109121341, 17.170739710928338 ], [ -91.692304632473935, 17.170204166088805 ], [ -91.692302658562099, 17.170203510700809 ], [ -91.691249518808448, 17.171210861082198 ], [ -91.689328338989895, 17.173551461030019 ], [ -91.688143828595798, 17.17608371080976 ], [ -91.687476088847831, 17.177511171124078 ], [ -91.686104879216188, 17.181296120924781 ], [ -91.685766489362052, 17.183011910562396 ], [ -91.685744918848911, 17.183148310391857 ], [ -91.685391539160605, 17.186336780744075 ], [ -91.685368289905426, 17.186584619814116 ], [ -91.677388738542945, 17.186066080965894 ], [ -91.674582419579934, 17.19143947983596 ], [ -91.678847278940751, 17.196544660528897 ], [ -91.686429028981067, 17.201597171091766 ], [ -91.686283138592444, 17.201956380705681 ], [ -91.685585360382788, 17.202618249373412 ], [ -91.685585168742875, 17.202618430769416 ], [ -91.684406748987271, 17.202436400933127 ], [ -91.682821879108005, 17.201990171126063 ], [ -91.681373079411543, 17.201544820871259 ], [ -91.68051167929211, 17.201452020540405 ], [ -91.679378649211571, 17.201270220872317 ], [ -91.678246858873578, 17.200914120404033 ], [ -91.677295649290414, 17.200689940551172 ], [ -91.676482059394374, 17.200248710432938 ], [ -91.675985778864359, 17.199853170455945 ], [ -91.675352459090178, 17.199587491018008 ], [ -91.674583318783448, 17.19927734075479 ], [ -91.674132027944083, 17.199013124449838 ], [ -91.674131509097549, 17.199012820478341 ], [ -91.673542497603989, 17.199052464988263 ], [ -91.673541379424506, 17.199052540486694 ], [ -91.672544488564355, 17.198871600954359 ], [ -91.672184048914019, 17.198520551277007 ], [ -91.671371076880519, 17.19807963460708 ], [ -91.671370479469473, 17.198079310691444 ], [ -91.670371738609802, 17.198159890998429 ], [ -91.669234079336036, 17.198631830743022 ], [ -91.668551948804918, 17.198845280565273 ], [ -91.667598888505694, 17.198882581137241 ], [ -91.666738313974349, 17.198876890667524 ], [ -91.666736848967815, 17.198876880486651 ], [ -91.666720598519206, 17.198874280959124 ], [ -91.666223488669473, 17.197554320811914 ], [ -91.665619048600448, 17.197230290684921 ], [ -91.664951049175485, 17.197101484557603 ], [ -91.664949889403744, 17.197101261031872 ], [ -91.664259319391363, 17.197128280668213 ], [ -91.663994079072836, 17.197442310823778 ], [ -91.662947688886391, 17.197721371056382 ], [ -91.662139798617346, 17.198224781016044 ], [ -91.662046339036664, 17.199013891266478 ], [ -91.661638569172737, 17.199728950580866 ], [ -91.661360549027606, 17.200198200721715 ], [ -91.661381219038049, 17.200790569889733 ], [ -91.660613758174406, 17.200736295426925 ], [ -91.66061127870411, 17.200736120607086 ], [ -91.659888999072066, 17.201194281222111 ], [ -91.658574479207886, 17.201549170702361 ], [ -91.658034028937564, 17.201893110447902 ], [ -91.657064719103857, 17.202918461134768 ], [ -91.656738019192616, 17.203611570397044 ], [ -91.656250368795838, 17.204039770420923 ], [ -91.655892450058388, 17.204230030980472 ], [ -91.655401599654809, 17.204312371215725 ], [ -91.65510431930214, 17.204292620813732 ], [ -91.654906888997957, 17.204433430875984 ], [ -91.65481319893108, 17.204761280947661 ], [ -91.654859449115406, 17.205039691201293 ], [ -91.654904679083316, 17.205457170553114 ], [ -91.654824659002358, 17.205731021262061 ], [ -91.654476058882167, 17.205782650802036 ], [ -91.65422541939509, 17.205966380826244 ], [ -91.654095458558373, 17.206143201013905 ], [ -91.653962628631277, 17.206319121085393 ], [ -91.65391245925376, 17.206507910819816 ], [ -91.653787889424166, 17.206814480460249 ], [ -91.653589968730344, 17.207049801151161 ], [ -91.653466149322455, 17.207214580770067 ], [ -91.653269488804568, 17.207213620925089 ], [ -91.652999621903646, 17.207259411650845 ], [ -91.65299879935597, 17.207259550997755 ], [ -91.652483905103068, 17.207162656211459 ], [ -91.652483029131531, 17.207162491237131 ], [ -91.652435820352991, 17.207162271426895 ], [ -91.652433488583256, 17.207162260661818 ], [ -91.651926739082668, 17.206610540498005 ], [ -91.651179248771612, 17.205782540904178 ], [ -91.650555288894608, 17.204974050387005 ], [ -91.650479739165405, 17.204789740441768 ], [ -91.650333879112196, 17.204481830396144 ], [ -91.649796368708351, 17.204140310889201 ], [ -91.649404978901018, 17.204059421031658 ], [ -91.649340618589306, 17.202529220885783 ], [ -91.64931976884057, 17.201547520727914 ], [ -91.649185399242995, 17.198660600805461 ], [ -91.649017199449546, 17.195388600596555 ], [ -91.648940139117016, 17.194030820889743 ], [ -91.648807348948765, 17.191726120895808 ], [ -91.648680229218613, 17.189365601286305 ], [ -91.648562999361559, 17.187104311036567 ], [ -91.648550428794735, 17.186849290721547 ], [ -91.648295969218594, 17.182016630732118 ], [ -91.648267688885412, 17.181023660473898 ], [ -91.648194819109747, 17.180074340566911 ], [ -91.648030429183592, 17.177746510403512 ], [ -91.647870769296134, 17.173355400699126 ], [ -91.64785554912342, 17.172498110514638 ], [ -91.647873918575996, 17.172270370862051 ], [ -91.648311738871101, 17.172242850991385 ], [ -91.649031741413182, 17.17219521701406 ], [ -91.649216689337507, 17.172182980695251 ], [ -91.652659599368562, 17.172019220769503 ], [ -91.653601058686007, 17.171967340919117 ], [ -91.658392778971006, 17.17172635108108 ], [ -91.659821828534504, 17.171647461209183 ], [ -91.661412568895031, 17.17155105056872 ], [ -91.662649379387602, 17.171527420617981 ], [ -91.675026339334522, 17.170975380606574 ], [ -91.680244058605993, 17.170742430863626 ], [ -91.679390288571895, 17.158687231115564 ], [ -91.682281548706243, 17.15054486117738 ], [ -91.682534489043874, 17.150392861220229 ], [ -91.682882908653909, 17.150361710396187 ], [ -91.683081598894219, 17.150162260471429 ], [ -91.683141199119078, 17.149939630623219 ], [ -91.683143626925528, 17.149939992560999 ], [ -91.683454219330017, 17.149986260716645 ], [ -91.683456312576666, 17.149986374948416 ], [ -91.683954548915239, 17.1500135706316 ], [ -91.683954555583213, 17.15001360730696 ], [ -91.683986578725253, 17.150201630651551 ], [ -91.683989030584826, 17.150201646592006 ], [ -91.684485598951468, 17.150204881050044 ], [ -91.684485678617378, 17.150205036854381 ], [ -91.684588578694274, 17.150406250800096 ], [ -91.684590639378087, 17.150405605898246 ], [ -91.685286508697516, 17.150187770484521 ], [ -91.685751939056786, 17.150012370441519 ], [ -91.685960968903032, 17.149991421261628 ], [ -91.686321368870836, 17.149904570403809 ], [ -91.68660093906243, 17.14976143111512 ], [ -91.686904088640063, 17.149648220576587 ], [ -91.687191369066127, 17.149576620574752 ], [ -91.687422229220374, 17.149376050986646 ], [ -91.687748508671476, 17.149194431207992 ], [ -91.687960148721984, 17.149012090698072 ], [ -91.688148479274687, 17.148797081182718 ], [ -91.688365059114574, 17.148674120907618 ], [ -91.688625088833135, 17.148509950718882 ], [ -91.688884549262241, 17.148428720748765 ], [ -91.689101138846539, 17.148305751193483 ], [ -91.689534058726608, 17.148101261131362 ], [ -91.689880709344962, 17.147896221054012 ], [ -91.690183849075225, 17.14773234083599 ], [ -91.690443599444905, 17.147609650817799 ], [ -91.690445453491094, 17.147610116862406 ], [ -91.690684509221924, 17.147670280880654 ], [ -91.690685021193318, 17.147669957813285 ], [ -91.690914978887804, 17.147524801098712 ], [ -91.691107738585458, 17.147305580625339 ], [ -91.691353479189701, 17.147076580777178 ], [ -91.691614379029943, 17.146788060881857 ], [ -91.691918088521419, 17.146541251196119 ], [ -91.69217870941857, 17.146294200755275 ], [ -91.69243873907169, 17.146130030675074 ], [ -91.692959949165072, 17.145635890794214 ], [ -91.693048319285865, 17.145346290912954 ], [ -91.693265478568293, 17.145140401124287 ], [ -91.693482398873243, 17.144975951203453 ], [ -91.693873309468032, 17.144605340763452 ], [ -91.693961028882768, 17.144398600971382 ], [ -91.69400622869469, 17.144108680706115 ], [ -91.694181079347274, 17.143778150691304 ], [ -91.694431858623119, 17.143591920994393 ], [ -91.694700689194192, 17.143428341082391 ], [ -91.695007739298205, 17.143264951304086 ], [ -91.695122448745622, 17.14292986071284 ], [ -91.695427659465352, 17.142475800684483 ], [ -91.695647138847903, 17.141938260413639 ], [ -91.695651179224797, 17.141357861045353 ], [ -91.695611508669572, 17.1408600904632 ], [ -91.695613228565151, 17.140611350706649 ], [ -91.695701309170488, 17.140363150639587 ], [ -91.695834909183944, 17.140268400912376 ], [ -91.696026488810347, 17.140214521143648 ], [ -91.696333919052094, 17.139996030967268 ], [ -91.696336264468769, 17.13999629646117 ], [ -91.696677778792136, 17.140035001093537 ], [ -91.696678801819985, 17.140035007600883 ], [ -91.697002818543126, 17.140037091227846 ], [ -91.697300518812924, 17.139958880747727 ], [ -91.697475369158937, 17.139628341180568 ], [ -91.697607399361672, 17.13925605100691 ], [ -91.697654028600041, 17.138758831158199 ], [ -91.697743178722718, 17.138344821190746 ], [ -91.697578748762083, 17.137182921205628 ], [ -91.697197999361165, 17.136484451175054 ], [ -91.698148149106203, 17.135865910464855 ], [ -91.698120319076438, 17.135677400412401 ], [ -91.69944122918956, 17.135349260573161 ], [ -91.699442473003614, 17.135349738610781 ], [ -91.70097448914548, 17.13593889045551 ], [ -91.707580979171226, 17.136639999947629 ], [ -91.716591829075881, 17.137221550327659 ], [ -91.717002139679423, 17.137248020162975 ], [ -91.718120018792135, 17.137962820525324 ], [ -91.720302649374304, 17.139156950652556 ], [ -91.723357568848343, 17.141069711073047 ], [ -91.73137968862298, 17.144048231014775 ], [ -91.73205831906769, 17.145053571265638 ], [ -91.732719848977752, 17.145574861130321 ], [ -91.733379149240875, 17.146037381238742 ], [ -91.73409474943837, 17.146345550815486 ], [ -91.735423369328217, 17.146810740881818 ], [ -91.736895618715764, 17.147139750621438 ], [ -91.736897075901254, 17.147139693523727 ], [ -91.737772747845383, 17.147105125945732 ], [ -91.737894709179585, 17.147100311169325 ], [ -91.737940263549376, 17.147152747973799 ], [ -91.738903119226663, 17.148261061084408 ], [ -91.745559908733782, 17.144526081243445 ], [ -91.750136999065944, 17.139947000898729 ], [ -91.751418708573112, 17.138192110486113 ], [ -91.753194968651329, 17.124319400370286 ], [ -91.734202858970008, 17.117061424649176 ], [ -91.734201019169504, 17.117060721149482 ], [ -91.732973977332406, 17.11808419660543 ], [ -91.732973288674046, 17.118084771034201 ], [ -91.730837449442447, 17.117195800879436 ], [ -91.728926248748365, 17.116218850976406 ], [ -91.727978348591279, 17.115734290486117 ], [ -91.723613749039444, 17.113873090749717 ], [ -91.721321549205882, 17.112634710407235 ], [ -91.719257828707484, 17.111736200815692 ], [ -91.71682453924636, 17.110424741126259 ], [ -91.714569089205526, 17.109543650735546 ], [ -91.711920538751684, 17.108237421267564 ], [ -91.710164288956321, 17.107830431042473 ], [ -91.708056768682752, 17.106424830651374 ], [ -91.705994108675142, 17.10626183105861 ], [ -91.703394198666359, 17.104944021017999 ], [ -91.700478109414647, 17.104174081020282 ], [ -91.701449948907168, 17.100503170821941 ], [ -91.702285459376839, 17.098689721261358 ], [ -91.702954449432099, 17.097151981181437 ], [ -91.703291259040199, 17.096047030713805 ], [ -91.704327888706757, 17.094558980791838 ], [ -91.705159119297633, 17.093686631136794 ], [ -91.707614619273627, 17.093791861279833 ], [ -91.709757738720583, 17.093669820118109 ], [ -91.711763288821984, 17.093359890968955 ], [ -91.713861999010433, 17.093512371272013 ], [ -91.715690250063417, 17.094289199789536 ], [ -91.717884169000214, 17.095605260670311 ], [ -91.720077969091946, 17.096542000430606 ], [ -91.721560488560627, 17.097676630905223 ], [ -91.723484219152525, 17.098076830724484 ], [ -91.725197519438368, 17.098552021068425 ], [ -91.726909819491837, 17.098991490495436 ], [ -91.728516148999788, 17.099221620480005 ], [ -91.728516943043658, 17.099221550340612 ], [ -91.731164798910399, 17.098987460719034 ], [ -91.731166427880751, 17.098987706145355 ], [ -91.733078028918854, 17.099276290573059 ], [ -91.733079832003185, 17.099276359697072 ], [ -91.735073649203756, 17.099352680692569 ], [ -91.735074143852643, 17.099352775448001 ], [ -91.737045909436119, 17.099731170932845 ], [ -91.738317019287834, 17.100365370446063 ], [ -91.740129399317539, 17.101658741220604 ], [ -91.740909508746753, 17.103094890946387 ], [ -91.741266489012474, 17.104300491126107 ], [ -91.742218778633429, 17.105580660860809 ], [ -91.74369990915396, 17.107151860521405 ], [ -91.743701279284025, 17.107150855944543 ], [ -91.746638648581481, 17.10499835103062 ], [ -91.748611888616921, 17.09910489116503 ], [ -91.753111678808921, 17.089496850452417 ], [ -91.759069308516644, 17.088811221088971 ], [ -91.761388539055588, 17.087970920666891 ], [ -91.765573978843591, 17.074295680462793 ], [ -91.773529218818155, 17.059921940589415 ], [ -91.777698889185274, 17.052507381274854 ], [ -91.778193219069408, 17.051270891030484 ], [ -91.778801278635726, 17.049854981157683 ], [ -91.778869968952591, 17.049798120474211 ], [ -91.779164568731801, 17.049658541151633 ], [ -91.779527179347909, 17.049580250828821 ], [ -91.779909059028583, 17.049453851002724 ], [ -91.780105459341399, 17.04933620073712 ], [ -91.780209289414856, 17.049208121123911 ], [ -91.780328059413122, 17.049075401185572 ], [ -91.78039668935179, 17.04890232112021 ], [ -91.780480028744464, 17.048754311127304 ], [ -91.780626399249897, 17.048538430556999 ], [ -91.780722148820729, 17.048395141148045 ], [ -91.780933629454822, 17.048223550962192 ], [ -91.78101467887106, 17.04726460117147 ], [ -91.781147148975208, 17.046364461132477 ], [ -91.781251429172301, 17.045902420858432 ], [ -91.781282628871509, 17.045001680514634 ], [ -91.78131002921873, 17.044685290852364 ], [ -91.781489519301445, 17.044345510820591 ], [ -91.781870619363687, 17.044152971175222 ], [ -91.782023488853767, 17.044007801116209 ], [ -91.782354948645121, 17.043668891057671 ], [ -91.782710578897039, 17.043500580779085 ], [ -91.783092318619808, 17.043210661207702 ], [ -91.783094437633594, 17.043211103545808 ], [ -91.783572859276504, 17.043310940796378 ], [ -91.783900628992626, 17.043532060590376 ], [ -91.784305339117182, 17.043607520705631 ], [ -91.784306079714128, 17.043607366981526 ], [ -91.784761848719896, 17.043512861220464 ], [ -91.785397148694329, 17.043175750530811 ], [ -91.786208618829676, 17.043010140481673 ], [ -91.786765880478512, 17.042989119635561 ], [ -91.787342619756075, 17.043052881098532 ], [ -91.788654279370832, 17.041251511283864 ], [ -91.793091418647194, 17.035157431117021 ], [ -91.803685338892052, 17.037850490784379 ], [ -91.803685918996038, 17.037850178443176 ], [ -91.872437248801901, 17.000817981059154 ], [ -91.877397228975894, 16.997805171110542 ], [ -91.879656888968597, 16.996913801234971 ], [ -91.879659364985912, 16.996913973251964 ], [ -91.881970420721046, 16.997075488632355 ], [ -91.883284453944583, 16.997167308204087 ], [ -91.88568845911378, 16.997335260285169 ], [ -91.885689026445846, 16.997335296131936 ], [ -91.894867978965138, 16.997900710928466 ], [ -91.902099489091597, 16.998120570565089 ], [ -91.9076429400954, 16.998469630214601 ], [ -91.910524168721992, 16.998650970969717 ], [ -91.913085599240759, 16.998812171134293 ], [ -91.91374051019605, 16.999267570590526 ], [ -91.918642798809003, 16.999332120492362 ], [ -91.919599679481664, 16.999389399722673 ], [ -91.919565349092579, 16.999512481169905 ], [ -91.919271028842218, 17.000686831077761 ], [ -91.918923709053814, 17.001848910419412 ], [ -91.918526449293452, 17.003075140643926 ], [ -91.918261798742876, 17.003877970703833 ], [ -91.917105979437878, 17.006640540482962 ], [ -91.918108629151391, 17.006784341153296 ], [ -91.919920139080062, 17.007044921066292 ], [ -91.920838279336877, 17.007120320521327 ], [ -91.920838487617004, 17.007120302048257 ], [ -91.923108149105204, 17.006917550456372 ], [ -91.923993549410341, 17.006663490683277 ], [ -91.924900739146508, 17.006455000533986 ], [ -91.924902530700805, 17.006455325450158 ], [ -91.925823259343204, 17.006622350503797 ], [ -91.925824552336721, 17.006622303190998 ], [ -91.927034028903677, 17.006578350924208 ], [ -91.927707709455262, 17.006436950547425 ], [ -91.928886739281978, 17.006371250897345 ], [ -91.929364478523141, 17.006302371122519 ], [ -91.930104769187039, 17.006186740576027 ], [ -91.93055968917794, 17.006058181009696 ], [ -91.931487849100634, 17.005797580680731 ], [ -91.932443168779344, 17.005685150551063 ], [ -91.933366618905282, 17.005619281248169 ], [ -91.934976139055394, 17.005579820955198 ], [ -91.935910489383204, 17.005537781163742 ], [ -91.938911579007481, 17.005259180615198 ], [ -91.940811278599597, 17.002284060729352 ], [ -91.941785818694214, 17.000715830982539 ], [ -91.943494768633784, 17.000817910785692 ], [ -91.954189829194448, 16.987636770735225 ], [ -91.964367369389421, 16.985866890623239 ], [ -91.970719218705426, 16.984784151208714 ], [ -91.972338048876182, 16.984536861198443 ], [ -91.977245678636876, 16.984078080959527 ], [ -91.977474338799794, 16.98405974069486 ], [ -91.978775218926629, 16.98395545078343 ], [ -91.987233628712318, 16.983277110473029 ], [ -92.000065199422139, 16.982368490479285 ], [ -92.004161228760381, 16.982202090573818 ], [ -92.007028079293093, 16.982086260905469 ], [ -92.056559419328323, 16.980078650644177 ], [ -92.057071169326804, 16.980349180885352 ], [ -92.070872179410159, 16.987644661152867 ], [ -92.070872556819509, 16.987643717192114 ], [ -92.076238149314321, 16.974231021087128 ], [ -92.092391818537891, 16.974020651205901 ], [ -92.098636039668591, 16.973939027440114 ], [ -92.098638441490579, 16.973938996339221 ], [ -92.099922044042927, 16.973922184533791 ], [ -92.09992458233215, 16.973922151633705 ], [ -92.10234511859322, 16.973890419633801 ], [ -92.102347654009264, 16.973890387406232 ], [ -92.106274829389832, 16.973838820428462 ], [ -92.107136818905687, 16.973421741130355 ], [ -92.107558679142116, 16.973202921019595 ], [ -92.107964848666867, 16.972990820422691 ], [ -92.111168708587513, 16.97126280097747 ], [ -92.122574078760451, 16.965106181091475 ], [ -92.127516688973074, 16.961757340554062 ], [ -92.127518919893717, 16.961757670452272 ], [ -92.128451799139455, 16.961895630971149 ], [ -92.129638509099451, 16.962147021166082 ], [ -92.131030078756154, 16.962441770581229 ], [ -92.132260879018418, 16.962802260853106 ], [ -92.133768018942732, 16.963243690983418 ], [ -92.134965019256256, 16.963594260581289 ], [ -92.135253969308806, 16.963678890664923 ], [ -92.135738428763517, 16.963845480464961 ], [ -92.137752828560394, 16.964538170924513 ], [ -92.138339148978815, 16.964739770551638 ], [ -92.138657379259271, 16.964881220545731 ], [ -92.139155118590693, 16.965102450434724 ], [ -92.14052168863104, 16.965709820910604 ], [ -92.141529889175828, 16.966157911285208 ], [ -92.142083048655735, 16.966403750954431 ], [ -92.142267798996173, 16.966485861102903 ], [ -92.142567969207818, 16.966569550704392 ], [ -92.142907849439169, 16.966664320577561 ], [ -92.143599508704014, 16.966857170637081 ], [ -92.144753138801832, 16.967178820485572 ], [ -92.145790798632177, 16.967468110683324 ], [ -92.14584420973452, 16.967483000855317 ], [ -92.146215429163277, 16.967586490856007 ], [ -92.149217289232453, 16.968693920527397 ], [ -92.152423548688006, 16.969903510728503 ], [ -92.154668798685762, 16.970705260531457 ], [ -92.154517859180771, 16.971305510746859 ], [ -92.154214799419094, 16.972356250857153 ], [ -92.153936637803994, 16.973582217640566 ], [ -92.1538560487529, 16.973937400828031 ], [ -92.15378516880908, 16.975585580423999 ], [ -92.153871108630781, 16.977382430796652 ], [ -92.154457198698324, 16.978829970957314 ], [ -92.155739889161751, 16.980548950761364 ], [ -92.1581358485642, 16.982225260969496 ], [ -92.159639569209347, 16.983113020599497 ], [ -92.161008859132409, 16.983656090545651 ], [ -92.162460979159121, 16.984071800641935 ], [ -92.163832579457903, 16.984902880636483 ], [ -92.1663234491499, 16.98645165086262 ], [ -92.170773709420985, 16.988953861243541 ], [ -92.17403325869499, 16.990961710893551 ], [ -92.174034468664132, 16.990961094951682 ], [ -92.17427577941524, 16.990838291101241 ], [ -92.174470368629329, 16.990763150940907 ], [ -92.17471233878571, 16.990616120879491 ], [ -92.174906918961227, 16.990540980524528 ], [ -92.175075859171031, 16.990419181265196 ], [ -92.175120448667201, 16.990229250766649 ], [ -92.175311658827539, 16.990012480442914 ], [ -92.175528539285253, 16.989842380502012 ], [ -92.175866398998878, 16.98959875060741 ], [ -92.176010798882103, 16.989477490437739 ], [ -92.176276168612546, 16.989282710425535 ], [ -92.176418318733255, 16.989067021264255 ], [ -92.176709919385573, 16.988942511226998 ], [ -92.177568569320272, 16.988923630725253 ], [ -92.17756895212591, 16.988923840582395 ], [ -92.177692909114114, 16.988991750746671 ], [ -92.177891418742377, 16.989081860607186 ], [ -92.178041968622509, 16.989220260058318 ], [ -92.178287289054765, 16.989214860011096 ], [ -92.178532059161611, 16.989185860902605 ], [ -92.179048369112962, 16.989221740257637 ], [ -92.179365618910694, 16.989143910673899 ], [ -92.179657219489116, 16.989019400441645 ], [ -92.179997859363112, 16.988893820500515 ], [ -92.180190769353786, 16.988747850478813 ], [ -92.181215048782434, 16.988607221268431 ], [ -92.181215204342038, 16.988607703863892 ], [ -92.181519428951077, 16.989554370416759 ], [ -92.18196687888981, 16.990104120814017 ], [ -92.182655908869478, 16.990917111051388 ], [ -92.183307569421586, 16.991546000591132 ], [ -92.184250088986204, 16.992610580987893 ], [ -92.185462219052056, 16.993662660430331 ], [ -92.185244448985458, 16.998203000674181 ], [ -92.185246908355793, 16.998203525721561 ], [ -92.187003478948327, 16.998578401069462 ], [ -92.187003839913302, 16.998578112692989 ], [ -92.187900909243496, 16.997861600471513 ], [ -92.189007819037755, 16.996866620526852 ], [ -92.190492998824823, 16.995812551049486 ], [ -92.191503289152763, 16.995301721224717 ], [ -92.192512399408059, 16.995063450585864 ], [ -92.194466458857107, 16.994859181139137 ], [ -92.196322258861883, 16.994941350729022 ], [ -92.196322960970178, 16.994941434985751 ], [ -92.198970769445182, 16.99526055073968 ], [ -92.200427061014949, 16.995752686033654 ], [ -92.200935288775753, 16.995924431183976 ], [ -92.202616979180803, 16.997011741238222 ], [ -92.204497979270599, 16.998447180762927 ], [ -92.205137590188244, 16.99902833354043 ], [ -92.205137939108212, 16.999028650583433 ], [ -92.20513890611501, 16.999027442904612 ], [ -92.210567679092264, 16.992247371101538 ], [ -92.208722339294496, 16.991157690821044 ], [ -92.207171518853301, 16.989386510857589 ], [ -92.206179449340055, 16.987551830836548 ], [ -92.206131682388914, 16.987327754028826 ], [ -92.205771579132914, 16.985638461002239 ], [ -92.205874798536954, 16.983634510989617 ], [ -92.206358519440442, 16.981978750582957 ], [ -92.211867429156058, 16.971434290949372 ], [ -92.212112849136417, 16.970964510728287 ], [ -92.220034919339966, 16.955868951257568 ], [ -92.223799578847476, 16.94869438115995 ], [ -92.224455719411893, 16.947353401004239 ], [ -92.232153968657926, 16.947135520505292 ], [ -92.257727540236758, 16.946393180050652 ], [ -92.259877089795452, 16.946330579897083 ], [ -92.268244089543614, 16.93673283104507 ], [ -92.268404519267932, 16.936902751242425 ], [ -92.270913879152388, 16.940200420544954 ], [ -92.27331947890562, 16.943264181132786 ], [ -92.273543659234306, 16.943400881116496 ], [ -92.273790649043036, 16.943466181099321 ], [ -92.274011968893134, 16.943484830975301 ], [ -92.274012406714505, 16.943484820692849 ], [ -92.274208178923459, 16.943480420418776 ], [ -92.274208918594738, 16.943480621671295 ], [ -92.274529318877342, 16.943567681199244 ], [ -92.274849318608929, 16.943607721069 ], [ -92.275392348711904, 16.943737231114412 ], [ -92.275860659319108, 16.943821180557958 ], [ -92.276279908796198, 16.943906230408373 ], [ -92.276625018694034, 16.943969320739573 ], [ -92.276871429116554, 16.944011031063503 ], [ -92.277093888992951, 16.944076881080726 ], [ -92.277096223930428, 16.944077001099931 ], [ -92.277413318814098, 16.94409332066353 ], [ -92.277413474720646, 16.944093362517513 ], [ -92.277734458731317, 16.944180570789033 ], [ -92.278030509282857, 16.944244771155475 ], [ -92.27945708876851, 16.94437802106053 ], [ -92.27945833283357, 16.94437806796115 ], [ -92.279850108586544, 16.944392780904757 ], [ -92.280070848539182, 16.944387820916678 ], [ -92.280438179192529, 16.944355941136713 ], [ -92.280609878605631, 16.944352060537796 ], [ -92.280610486533291, 16.944352264008305 ], [ -92.28080781900124, 16.944418480810363 ], [ -92.281103289130769, 16.944459060633982 ], [ -92.281349709282907, 16.944500750509544 ], [ -92.281571028641437, 16.944519380844255 ], [ -92.281571466402028, 16.94451937144013 ], [ -92.28196345880616, 16.944510550905836 ], [ -92.282819049154782, 16.944373181048004 ], [ -92.282989579235206, 16.944322111067468 ], [ -92.283233708948401, 16.944269370680935 ], [ -92.283234621261613, 16.944269869962728 ], [ -92.283482429013816, 16.944405481101789 ], [ -92.28380242914362, 16.944445520535886 ], [ -92.283803431806888, 16.944445498256059 ], [ -92.284243918608269, 16.94443557106025 ], [ -92.284562199158927, 16.944404780974537 ], [ -92.2845630631641, 16.944405098861456 ], [ -92.285106948923598, 16.944605091023671 ], [ -92.285109422943918, 16.944605251663553 ], [ -92.285377338625267, 16.944622620491018 ], [ -92.285990508758829, 16.944608800899132 ], [ -92.285991417020583, 16.944608997718966 ], [ -92.286286569063776, 16.944672980716099 ], [ -92.286533548746633, 16.944738281146282 ], [ -92.2868552890763, 16.94484912048614 ], [ -92.287178149325314, 16.94500718046374 ], [ -92.287499309179836, 16.945094431261186 ], [ -92.287501629172453, 16.945094550140237 ], [ -92.287818738660917, 16.94511085102641 ], [ -92.288162119305241, 16.945103111137563 ], [ -92.288506078879237, 16.945118971046266 ], [ -92.2888985189159, 16.945110120681857 ], [ -92.289660019381941, 16.945140180666161 ], [ -92.290027348632563, 16.945108280744144 ], [ -92.290344478634509, 16.945030260424122 ], [ -92.29068497872845, 16.944904491208629 ], [ -92.290879479353578, 16.94482923070936 ], [ -92.291296449136851, 16.944819830636149 ], [ -92.291590199330898, 16.944789580809349 ], [ -92.291591932833953, 16.944789818777444 ], [ -92.291885679212385, 16.944830150515017 ], [ -92.292108719017506, 16.944919600870477 ], [ -92.29245439864296, 16.94500628108635 ], [ -92.292873089267218, 16.945067690657645 ], [ -92.293193679277053, 16.945131320879305 ], [ -92.293194475312291, 16.945131149346079 ], [ -92.293315738807451, 16.945104940711236 ], [ -92.29331709881923, 16.945105343380323 ], [ -92.293612348596795, 16.945192720618564 ], [ -92.294923819250542, 16.945635520945633 ], [ -92.295447519272344, 16.945977980733737 ], [ -92.293992369276765, 16.950013250871123 ], [ -92.29362028931132, 16.951073821286069 ], [ -92.293739908963659, 16.951900110425303 ], [ -92.294105348965175, 16.952609281201465 ], [ -92.295085418736093, 16.953025600885777 ], [ -92.296188828916428, 16.953265381088624 ], [ -92.296189719774674, 16.953265198528186 ], [ -92.297600979284482, 16.952975280819903 ], [ -92.29938165916289, 16.952568460533328 ], [ -92.301221939450244, 16.952633750866248 ], [ -92.301222098389658, 16.952633829986791 ], [ -92.301540659403329, 16.952793000876234 ], [ -92.301540774314844, 16.952791982393915 ], [ -92.301731688764036, 16.951101250680015 ], [ -92.304294548617094, 16.950602430550159 ], [ -92.304294479846348, 16.950603087428401 ], [ -92.303960828808854, 16.953778260746876 ], [ -92.306124309302831, 16.954184260724887 ], [ -92.307165969285677, 16.954541750951766 ], [ -92.308146708727435, 16.954781050513063 ], [ -92.308319293197258, 16.954878634924306 ], [ -92.308321721613311, 16.954880008165915 ], [ -92.308881418624409, 16.955196481127572 ], [ -92.308883300641455, 16.955196306953599 ], [ -92.309495139336235, 16.955139550951877 ], [ -92.310618470774287, 16.954555313392127 ], [ -92.310619848490788, 16.954554596989755 ], [ -92.310847449425481, 16.954436221256223 ], [ -92.31176899917142, 16.954085370500078 ], [ -92.312995778606719, 16.954148491205991 ], [ -92.314529549294605, 16.954153650818277 ], [ -92.316802089140495, 16.953453370965992 ], [ -92.318399969275291, 16.952691800941942 ], [ -92.319507049282507, 16.951928600975361 ], [ -92.320553399397454, 16.950988200478903 ], [ -92.321188030334795, 16.949561800215307 ], [ -92.32147871940154, 16.949575481263413 ], [ -92.322707199377305, 16.949166600635941 ], [ -92.322709589647971, 16.949166790481755 ], [ -92.325037829470801, 16.949351290449133 ], [ -92.326999108559477, 16.94988869116559 ], [ -92.328608605205659, 16.950705338173584 ], [ -92.329867629422907, 16.951344140559108 ], [ -92.329869254910861, 16.951343869838389 ], [ -92.330987619038282, 16.951157880466624 ], [ -92.331561353223805, 16.950921408942872 ], [ -92.332425799123982, 16.950565111172104 ], [ -92.332427128033217, 16.950565744874453 ], [ -92.332801829088041, 16.950744450556112 ], [ -92.333207508756445, 16.950989920673674 ], [ -92.333408369010399, 16.951139540789161 ], [ -92.33341032242113, 16.951139312143727 ], [ -92.334537988379196, 16.951007312026118 ], [ -92.336356889389251, 16.950794380604147 ], [ -92.336964509228409, 16.950723250604916 ], [ -92.336965489605021, 16.950723586595643 ], [ -92.337918969266042, 16.951050281089032 ], [ -92.339520393460859, 16.951598973316614 ], [ -92.343092690020626, 16.952822866542512 ], [ -92.344847828725321, 16.953424150857337 ], [ -92.345138429380384, 16.953481051297747 ], [ -92.345138994221159, 16.953480838246627 ], [ -92.34554650855344, 16.953327180808721 ], [ -92.345825048648337, 16.953167631165083 ], [ -92.346270569186515, 16.952955110658458 ], [ -92.346272932459968, 16.952955324606354 ], [ -92.346729088926097, 16.952996691139028 ], [ -92.346730823299083, 16.952996784662574 ], [ -92.347257178863714, 16.953025120716433 ], [ -92.347257404553147, 16.953025159785344 ], [ -92.347646118849283, 16.953093230705395 ], [ -92.347866289177816, 16.953372050433675 ], [ -92.348216999179783, 16.953639110988828 ], [ -92.34855897869906, 16.953761850871125 ], [ -92.349168969459399, 16.954029950830627 ], [ -92.349748288761759, 16.954136200489536 ], [ -92.349997738704829, 16.954350920528579 ], [ -92.350302228833826, 16.954726290855493 ], [ -92.35046699859727, 16.955315151020216 ], [ -92.350715448815478, 16.955824050611511 ], [ -92.350825169153325, 16.9562522806578 ], [ -92.35088011873826, 16.956439651167184 ], [ -92.350922829176312, 16.956700171048972 ], [ -92.350943629074635, 16.956859451116618 ], [ -92.350993339182722, 16.957020800509525 ], [ -92.351009428576077, 16.957214280459123 ], [ -92.351008598576868, 16.95745605039026 ], [ -92.350974258862735, 16.957697721033188 ], [ -92.350889879124864, 16.957874751221723 ], [ -92.350788778953785, 16.958035620787129 ], [ -92.350737798720019, 16.958245000410383 ], [ -92.350787449074218, 16.958422460473731 ], [ -92.350920998929965, 16.958567950855549 ], [ -92.351121118883626, 16.958842621123047 ], [ -92.351204018992135, 16.959100781202523 ], [ -92.351169618675414, 16.959358570949288 ], [ -92.351101979456899, 16.95953566053895 ], [ -92.350965828807929, 16.960147740458595 ], [ -92.351010249174408, 16.960336740958855 ], [ -92.350992619367531, 16.960594581082908 ], [ -92.350991889402906, 16.960804120772501 ], [ -92.351024848605945, 16.960965420918917 ], [ -92.35110822931928, 16.961078510651628 ], [ -92.351241888596988, 16.961191771006341 ], [ -92.351325289340423, 16.961304861038812 ], [ -92.35122441855917, 16.96140125045984 ], [ -92.351073338552652, 16.961481371242186 ], [ -92.350972419009636, 16.961593880601043 ], [ -92.350921749231475, 16.961706540713291 ], [ -92.350904448916339, 16.961867680684271 ], [ -92.350887028798553, 16.962061051259685 ], [ -92.350852909306724, 16.962238250776629 ], [ -92.350852519042888, 16.962351080919742 ], [ -92.350801518595119, 16.962560461028914 ], [ -92.350716908960322, 16.962801971042754 ], [ -92.350665979219684, 16.96299523081683 ], [ -92.350615149384268, 16.963156260544341 ], [ -92.350547739423391, 16.963268881212919 ], [ -92.350464998558138, 16.963341970513351 ], [ -92.350379679465405, 16.963413400678366 ], [ -92.35022859863777, 16.963493521024944 ], [ -92.350127888940676, 16.963541550840979 ], [ -92.35002713927021, 16.963605711243936 ], [ -92.349976708807219, 16.963653911105716 ], [ -92.34994285878058, 16.963750511146014 ], [ -92.349909229363561, 16.963782630521404 ], [ -92.349741678678726, 16.963782110849074 ], [ -92.349574048816862, 16.963797691054303 ], [ -92.349525978076201, 16.963797528282157 ], [ -92.349523778800361, 16.96379752045284 ], [ -92.349406709342944, 16.963732680663192 ], [ -92.349323149284103, 16.963667940444626 ], [ -92.349155878650109, 16.963586820893529 ], [ -92.349022402012864, 16.96353818535415 ], [ -92.349021979418652, 16.963538031282159 ], [ -92.348921449355885, 16.963537711133242 ], [ -92.348820859291578, 16.963553511223438 ], [ -92.348753619216552, 16.96361777058814 ], [ -92.348571142390824, 16.963649084476106 ], [ -92.348569179387638, 16.963649421281509 ], [ -92.348485678572189, 16.963568551167718 ], [ -92.348418849665805, 16.963520002928831 ], [ -92.348418819234823, 16.963519981050776 ], [ -92.348119626417201, 16.96350304414619 ], [ -92.34811725921827, 16.96350291050198 ], [ -92.347983319357525, 16.963470250550369 ], [ -92.347866308774883, 16.963389280999927 ], [ -92.347733933075276, 16.96330909518257 ], [ -92.347732538808344, 16.963308251094887 ], [ -92.347606769114321, 16.963387770605085 ], [ -92.347321909164364, 16.963386860968036 ], [ -92.347086769286534, 16.963547290656734 ], [ -92.346904820541582, 16.963546698673383 ], [ -92.346902449253619, 16.963546690502984 ], [ -92.346835769366351, 16.963449771313844 ], [ -92.346819569483557, 16.963288540441429 ], [ -92.346820119169095, 16.963127351253451 ], [ -92.34663619902615, 16.963013920840272 ], [ -92.346452148755333, 16.962932750966758 ], [ -92.346318449198591, 16.962835620958593 ], [ -92.346000458657628, 16.962721750900656 ], [ -92.345816539150476, 16.962608341237289 ], [ -92.345699578643718, 16.962511250851936 ], [ -92.345565819401386, 16.962430230548897 ], [ -92.345398369032495, 16.962397459490578 ], [ -92.345149554894064, 16.96238068650592 ], [ -92.345147079055351, 16.962380520431729 ], [ -92.34503096045411, 16.962364187432449 ], [ -92.345029848936136, 16.962364031169944 ], [ -92.344912549091731, 16.962363660578358 ], [ -92.34484547880642, 16.962379571026993 ], [ -92.344744829209887, 16.962411480497483 ], [ -92.344627981854003, 16.962443188397824 ], [ -92.344627419331744, 16.962443340986169 ], [ -92.344527890587244, 16.962427046357309 ], [ -92.344526938855338, 16.962426890507366 ], [ -92.344342628983313, 16.962426311273354 ], [ -92.344225219062807, 16.96245817054541 ], [ -92.344141279189202, 16.962506250416261 ], [ -92.343990249243532, 16.962570250807286 ], [ -92.343906289199538, 16.962618321114004 ], [ -92.343805538930269, 16.96268248092478 ], [ -92.343687908849759, 16.962778820569188 ], [ -92.343603779032691, 16.962875250564732 ], [ -92.343519779245696, 16.962939460437795 ], [ -92.343469228875676, 16.963019890691541 ], [ -92.343351378749276, 16.96318069108397 ], [ -92.343267318944442, 16.963261021207884 ], [ -92.34320001932214, 16.963341401275159 ], [ -92.343082549254319, 16.96338937105519 ], [ -92.342864218633977, 16.963533740515409 ], [ -92.342664503601483, 16.963533094997665 ], [ -92.342663138891211, 16.963533090566269 ], [ -92.342547888020164, 16.963516879813753 ], [ -92.342545908899424, 16.963516601177236 ], [ -92.34241173883521, 16.963548400987566 ], [ -92.342294229140478, 16.96361249096709 ], [ -92.34217665880017, 16.963692711137959 ], [ -92.342092578978097, 16.963773030393639 ], [ -92.342092138667994, 16.963901980502442 ], [ -92.342041369394735, 16.964046890626808 ], [ -92.341975620583142, 16.964062465880271 ], [ -92.341974288928611, 16.964062781151906 ], [ -92.341858741234404, 16.964014714637447 ], [ -92.341857169148582, 16.964014060706951 ], [ -92.34173964937834, 16.964078150597835 ], [ -92.341655349233022, 16.964222950675293 ], [ -92.341537378698021, 16.964415980987528 ], [ -92.341486719319548, 16.964528660532764 ], [ -92.341452029128135, 16.964867050929403 ], [ -92.341451178850491, 16.965108820396352 ], [ -92.341366619095794, 16.9653342009067 ], [ -92.341198428577712, 16.965510970513584 ], [ -92.341232259332628, 16.965859491056715 ], [ -92.341331968703798, 16.966101600797852 ], [ -92.341381618655234, 16.966279060825073 ], [ -92.341448289201878, 16.966376000611859 ], [ -92.341548279003831, 16.966537510489857 ], [ -92.341648308924164, 16.966682890448105 ], [ -92.341748228931337, 16.966860520980127 ], [ -92.341865079448652, 16.966989850427261 ], [ -92.341981858783484, 16.967135290489811 ], [ -92.342115118838052, 16.967361380603315 ], [ -92.342231739081015, 16.967555180596698 ], [ -92.342331488606206, 16.9677811711828 ], [ -92.342364278868487, 16.967990820866543 ], [ -92.342363659279684, 16.968168120823375 ], [ -92.342328148948141, 16.968398971069384 ], [ -92.342260248599402, 16.9686514805881 ], [ -92.342209338599872, 16.968833780744806 ], [ -92.342124819480318, 16.969043060533245 ], [ -92.342023549159663, 16.969252280945359 ], [ -92.341905568657566, 16.969445321091207 ], [ -92.341804178753335, 16.96968677089809 ], [ -92.341702628636654, 16.969976580987108 ], [ -92.341684579305692, 16.970347260734908 ], [ -92.341766969028114, 16.970750491287646 ], [ -92.341984079259561, 16.970960740849801 ], [ -92.342167828712348, 16.971122510727621 ], [ -92.342469168823996, 16.971204080675889 ], [ -92.342804088620355, 16.97126963109989 ], [ -92.343138218907697, 16.97156085050278 ], [ -92.343171168767029, 16.971722140951364 ], [ -92.343139089112711, 16.971909420991167 ], [ -92.343088279072802, 16.972066400495184 ], [ -92.343016689157707, 16.972170941022434 ], [ -92.342914878917, 16.972303291229242 ], [ -92.34274113863782, 16.972677980922864 ], [ -92.342310889154433, 16.973273800941655 ], [ -92.341924169439409, 16.973663820930621 ], [ -92.341515969113814, 16.974074341230189 ], [ -92.341128448572235, 16.974312031090726 ], [ -92.341190218573033, 16.975012380779162 ], [ -92.341317878611505, 16.975239320675769 ], [ -92.341466938983856, 16.975466320444475 ], [ -92.341615508611596, 16.975837480656658 ], [ -92.341569309217803, 16.976805181183416 ], [ -92.341694448608706, 16.977752851239263 ], [ -92.341821459213421, 16.978165110995992 ], [ -92.342162859127725, 16.978495691193618 ], [ -92.342548969318699, 16.978778091121693 ], [ -92.342518248597329, 16.979203051147042 ], [ -92.341876778853248, 16.97951500052433 ], [ -92.3419044186127, 16.980146310592684 ], [ -92.34184224862183, 16.980863380451957 ], [ -92.34150881891162, 16.982354260562751 ], [ -92.341446029438458, 16.983243491131745 ], [ -92.342369248748511, 16.983762910891208 ], [ -92.343025319041971, 16.983879800565472 ], [ -92.343621309129119, 16.984111250654042 ], [ -92.343775979092257, 16.984507251045788 ], [ -92.344511768793708, 16.984611920636144 ], [ -92.344967819062873, 16.984908181199476 ], [ -92.34527265909442, 16.985230091263645 ], [ -92.345605489150614, 16.985507521167865 ], [ -92.345845719053898, 16.985749000612589 ], [ -92.346076619356566, 16.986008281235858 ], [ -92.34627953930557, 16.986312031164953 ], [ -92.346352419183148, 16.986686690628261 ], [ -92.3463511793842, 16.987043280961124 ], [ -92.346248618819416, 16.987212340937468 ], [ -92.346108619354411, 16.987479340952227 ], [ -92.346024228535356, 16.987746511130904 ], [ -92.346004549045873, 16.988076290852835 ], [ -92.346028990398608, 16.988526270943236 ], [ -92.346039420291561, 16.988718280213376 ], [ -92.345918405559303, 16.988993148111241 ], [ -92.345917919263059, 16.988994251158317 ], [ -92.345342058816556, 16.988628580659917 ], [ -92.344714799157202, 16.988525951056907 ], [ -92.344009428754987, 16.98832248067486 ], [ -92.343461058584026, 16.988094340472806 ], [ -92.343115215675454, 16.988071822185095 ], [ -92.34311273906269, 16.988071660572576 ], [ -92.342673637696691, 16.988023306669621 ], [ -92.342671859285247, 16.988023110737608 ], [ -92.342377778655546, 16.988037880766719 ], [ -92.342099859122015, 16.988099821073028 ], [ -92.34178056891497, 16.988161421160882 ], [ -92.341642878892031, 16.988261650471159 ], [ -92.341198139311203, 16.988310510465627 ], [ -92.340831509090037, 16.98846023074729 ], [ -92.340491288792478, 16.988534600599181 ], [ -92.339967658611172, 16.98870897056576 ], [ -92.339548818996349, 16.988833370685036 ], [ -92.339296399310484, 16.98903408109026 ], [ -92.338968919408643, 16.989252980487343 ], [ -92.338592719076757, 16.989393170600565 ], [ -92.33821301907372, 16.989432690802509 ], [ -92.337899029186303, 16.989481971035161 ], [ -92.337663489018269, 16.989531520696605 ], [ -92.337427689087804, 16.989656511232031 ], [ -92.33719207896219, 16.989731200517323 ], [ -92.336904248604014, 16.989780570373163 ], [ -92.336668538674687, 16.989880420802194 ], [ -92.336458448605129, 16.990131251232381 ], [ -92.336405079345795, 16.990432911144502 ], [ -92.336299418930565, 16.990734380451542 ], [ -92.336198229072565, 16.990879880759774 ], [ -92.336037179135133, 16.990934751103897 ], [ -92.335775419057185, 16.991009350941571 ], [ -92.33543753957926, 16.991008257260493 ], [ -92.335435459187792, 16.991008250637897 ], [ -92.335174309294217, 16.990906781257429 ], [ -92.334928679179029, 16.990730400453778 ], [ -92.334700705691944, 16.990604124916707 ], [ -92.334700428745961, 16.990603971212074 ], [ -92.334528912892452, 16.990603399766776 ], [ -92.334278243928964, 16.990587022520277 ], [ -92.334275769153479, 16.990586860881791 ], [ -92.334037679436165, 16.990653000716765 ], [ -92.333837339321576, 16.990763251235922 ], [ -92.333644599205854, 16.990903111247043 ], [ -92.333408088563573, 16.991405120602135 ], [ -92.33321081867966, 16.99179640120548 ], [ -92.333079648637423, 16.991921681235446 ], [ -92.33287122941627, 16.99214283101384 ], [ -92.332535859161965, 16.992269570735179 ], [ -92.332298598592701, 16.992355050434963 ], [ -92.332120288758077, 16.992376831219474 ], [ -92.331921198606111, 16.992368815189408 ], [ -92.331918859162556, 16.992368721116211 ], [ -92.33179508874268, 16.992308681183307 ], [ -92.331586148544815, 16.99222600111727 ], [ -92.33141691956034, 16.992195820734135 ], [ -92.331415798619531, 16.992195621238693 ], [ -92.33118330900723, 16.99220231048621 ], [ -92.330788089320137, 16.992208480645584 ], [ -92.330578829404857, 16.992222690565313 ], [ -92.330353878704315, 16.992289050771287 ], [ -92.330306978739216, 16.992400691241333 ], [ -92.330190109113602, 16.992579220565833 ], [ -92.330096428613487, 16.992772720838861 ], [ -92.330026109266512, 16.992936481189183 ], [ -92.329893949049776, 16.993055311283758 ], [ -92.329769738839701, 16.993121980811306 ], [ -92.329575819390683, 16.993180980957483 ], [ -92.329281378652396, 16.993172570738341 ], [ -92.329110909416499, 16.99317200065115 ], [ -92.328886218877699, 16.993163800895129 ], [ -92.328725999207791, 16.993201690570629 ], [ -92.328586338666639, 16.993253400491827 ], [ -92.328376949367041, 16.993297450931088 ], [ -92.328206308734963, 16.993349060835047 ], [ -92.32805885865038, 16.993408200923046 ], [ -92.327864739357892, 16.993519380854014 ], [ -92.32769388925206, 16.993623170612331 ], [ -92.327616058933259, 16.993719821161488 ], [ -92.327545568619584, 16.993928310974823 ], [ -92.327467338594829, 16.994136771026817 ], [ -92.327397049413051, 16.994293080855606 ], [ -92.327249199238054, 16.994464030800437 ], [ -92.327109278674783, 16.994590290602964 ], [ -92.326885509904116, 16.994626643970037 ], [ -92.326884418936032, 16.994626820974592 ], [ -92.326667649235048, 16.994573921023861 ], [ -92.326443319031839, 16.994461370975227 ], [ -92.326288769490773, 16.994341580509328 ], [ -92.326110979144715, 16.994221740428856 ], [ -92.326033919190749, 16.994102221157448 ], [ -92.325894749132956, 16.99403429044505 ], [ -92.325729678594413, 16.993949520597926 ], [ -92.325529918546948, 16.993812340856032 ], [ -92.325452848994075, 16.993672370501894 ], [ -92.325048148775565, 16.99318554126712 ], [ -92.324726908696121, 16.993098350944834 ], [ -92.324603078626566, 16.993053920402527 ], [ -92.324331479457356, 16.992989230467273 ], [ -92.324182538982868, 16.992921750508152 ], [ -92.323813086359436, 16.992812511553595 ], [ -92.32381162902314, 16.992812081120647 ], [ -92.323714078962325, 16.992837911238595 ], [ -92.32352070915735, 16.992960400817257 ], [ -92.323400349323279, 16.993057620806134 ], [ -92.323156749264243, 16.993134000956353 ], [ -92.323059736166897, 16.993136206082962 ], [ -92.323058619200367, 16.993136231171928 ], [ -92.322764419088074, 16.993095897052452 ], [ -92.32276305931201, 16.993095710914325 ], [ -92.322419579083885, 16.993103490776214 ], [ -92.322201089096893, 16.993202940514394 ], [ -92.322129229277891, 16.993275431286538 ], [ -92.321935859198831, 16.993397920831121 ], [ -92.321618659036062, 16.993475980698896 ], [ -92.320956249284663, 16.993491021233471 ], [ -92.320544743041083, 16.993712744691084 ], [ -92.320544379461282, 16.993712940909802 ], [ -92.320052994853853, 16.99362992344463 ], [ -92.320051378794375, 16.993629650942694 ], [ -92.319831168527131, 16.99365826109619 ], [ -92.319683968736527, 16.993661600588595 ], [ -92.319439199373946, 16.993690770642878 ], [ -92.319121429059749, 16.9937452309427 ], [ -92.318779065524524, 16.993752995561284 ], [ -92.318777948552309, 16.993753020618147 ], [ -92.31863016943376, 16.993732750470937 ], [ -92.318435633159723, 16.993713806790414 ], [ -92.318433318917826, 16.99371358114033 ], [ -92.318117279195917, 16.993838861082757 ], [ -92.317998078606422, 16.99398328088391 ], [ -92.317830969099816, 16.994176030708964 ], [ -92.317615939004156, 16.994417110618272 ], [ -92.317302199381103, 16.994636800967704 ], [ -92.317181849363664, 16.994734020874013 ], [ -92.316840109422429, 16.994812620706462 ], [ -92.316448139220569, 16.994845120837969 ], [ -92.316104678909269, 16.994852910394826 ], [ -92.315835949168047, 16.994906250973344 ], [ -92.315689909353267, 16.99495680049527 ], [ -92.315373858691032, 16.995082060971598 ], [ -92.315154198778785, 16.995134280387699 ], [ -92.314909448804642, 16.995163450910184 ], [ -92.314617348631174, 16.995264540464074 ], [ -92.314347479410785, 16.995270660450089 ], [ -92.314176309060784, 16.995298150919144 ], [ -92.314079339218011, 16.995347601075878 ], [ -92.313908168719237, 16.995375091240909 ], [ -92.313738168872092, 16.995449800410007 ], [ -92.313694878924451, 16.995686981275593 ], [ -92.313676118742862, 16.995923620729236 ], [ -92.313582598987523, 16.996114690912567 ], [ -92.313511889417043, 16.996234400778086 ], [ -92.313394418711056, 16.996449631196505 ], [ -92.313274628995671, 16.996570450698357 ], [ -92.31310808928076, 16.996786800459404 ], [ -92.313037949294227, 16.996930111254656 ], [ -92.312648579323636, 16.998072690986803 ], [ -92.312828288818537, 16.999336520506269 ], [ -92.313242519423952, 17.000817381274135 ], [ -92.312307278853112, 17.004685780879825 ], [ -92.311497218713512, 17.005015480876107 ], [ -92.310073549173964, 17.005509781235897 ], [ -92.309754429414269, 17.005651111178437 ], [ -92.309656178995397, 17.005745450825383 ], [ -92.309508828924493, 17.005863341022568 ], [ -92.30894427942097, 17.006051620593887 ], [ -92.308477828841632, 17.006287220403138 ], [ -92.308085059003162, 17.006452060550885 ], [ -92.30766771853402, 17.006640490916482 ], [ -92.307299538577411, 17.006758150523709 ], [ -92.307029618871013, 17.00678148075523 ], [ -92.306651458630483, 17.006888080653358 ], [ -92.306612368974598, 17.00689909087345 ], [ -92.306195168790609, 17.006969481142356 ], [ -92.303249969041616, 17.007674630980308 ], [ -92.299298509152493, 17.008591120677316 ], [ -92.2954942290432, 17.009507690687013 ], [ -92.294733338734332, 17.009719321072595 ], [ -92.294242519345715, 17.009789620828982 ], [ -92.293972508537237, 17.00988375092782 ], [ -92.293800739105308, 17.009883551023702 ], [ -92.293432489181086, 17.010048400917487 ], [ -92.293211599207879, 17.010095380882859 ], [ -92.292818949327796, 17.010142151092918 ], [ -92.292622578873832, 17.010212771256207 ], [ -92.292426278840693, 17.010212540640349 ], [ -92.292180658815155, 17.010424741089469 ], [ -92.292107048764251, 17.010424661261698 ], [ -92.291836939198959, 17.010589621150107 ], [ -92.291689599354413, 17.01068389043915 ], [ -92.291566778634504, 17.010801780959664 ], [ -92.291370309319902, 17.010943220420717 ], [ -92.291222889272277, 17.011108310452418 ], [ -92.291075258940054, 17.011438651242241 ], [ -92.290903138596192, 17.011745370731411 ], [ -92.290853859406624, 17.01191057052047 ], [ -92.290755278634222, 17.012264570658324 ], [ -92.290705799368538, 17.012595030600352 ], [ -92.29060721866351, 17.012949031147535 ], [ -92.290508658661594, 17.01327943039545 ], [ -92.290483849356264, 17.013515490906482 ], [ -92.290385349472714, 17.013798680495512 ], [ -92.290237859344998, 17.014010970983872 ], [ -92.28999216904883, 17.014270381132164 ], [ -92.288985249027391, 17.015001090724702 ], [ -92.288494379070798, 17.015094970589253 ], [ -92.288248999473666, 17.015094690453331 ], [ -92.287807148906822, 17.015235850849216 ], [ -92.287316258938361, 17.015353320505277 ], [ -92.287095398732959, 17.015376680662779 ], [ -92.286800889039498, 17.015423570394464 ], [ -92.286702649207726, 17.015494280408085 ], [ -92.286506199196722, 17.015612091085398 ], [ -92.286383338733472, 17.015753601103484 ], [ -92.286211309428936, 17.015965880856605 ], [ -92.286113078969109, 17.016036581255381 ], [ -92.285744688716633, 17.016295851231707 ], [ -92.285499019459593, 17.016531650590188 ], [ -92.285253138892557, 17.016932690820095 ], [ -92.285130278713467, 17.01707420123336 ], [ -92.284737259185732, 17.01740426104249 ], [ -92.284614348690639, 17.017569371030469 ], [ -92.28427062889412, 17.017734231218299 ], [ -92.284147658875639, 17.017946570478877 ], [ -92.283828448761511, 17.018135061175723 ], [ -92.283484849257505, 17.018181881254915 ], [ -92.283239289394459, 17.018323251002869 ], [ -92.283018369448541, 17.018393820675975 ], [ -92.28257634924276, 17.01865298127332 ], [ -92.282355029301939, 17.019030451276642 ], [ -92.282256459175628, 17.019360850582824 ], [ -92.282207218963748, 17.019502431013215 ], [ -92.282157889449962, 17.019691250986472 ], [ -92.282059419081847, 17.01995082119732 ], [ -92.281985539152444, 17.020163200699393 ], [ -92.281696584233615, 17.020396133984267 ], [ -92.281695149236384, 17.020397290805086 ], [ -92.285701041311242, 17.025468358182675 ], [ -92.285702330506453, 17.025469989641532 ], [ -92.2868921088902, 17.026976050904892 ], [ -92.288042134948753, 17.029244059288818 ], [ -92.288042438918026, 17.029244657334573 ], [ -92.288045723709629, 17.029251136985664 ], [ -92.288046011858498, 17.029251705948266 ], [ -92.288381769085504, 17.029913851029349 ], [ -92.28923739884651, 17.031601200891867 ], [ -92.289276938775217, 17.031679200796162 ], [ -92.291303918902457, 17.035676520991217 ], [ -92.292526228811155, 17.039255801171738 ], [ -92.292583598986582, 17.039423781088516 ], [ -92.293224278683979, 17.04129982062701 ], [ -92.293229939203258, 17.041364850401042 ], [ -92.293118258624176, 17.041478081105744 ], [ -92.28029359681419, 17.060375112757832 ], [ -92.280292878657988, 17.060376170785826 ], [ -92.289956909406229, 17.067072691249013 ], [ -92.289959124659077, 17.06707267012618 ], [ -92.29208242339493, 17.067052844024854 ], [ -92.29208511019317, 17.067052820135654 ], [ -92.292178015767163, 17.067051951774101 ], [ -92.292180176383724, 17.067051931580387 ], [ -92.294926733430671, 17.06702623988792 ], [ -92.29492923859064, 17.067026216776156 ], [ -92.30320318903604, 17.066948515566494 ], [ -92.303205690447015, 17.066948492071667 ], [ -92.304006049292525, 17.066940951055951 ], [ -92.30538819878376, 17.066927939715754 ], [ -92.307206089359028, 17.065243630937477 ], [ -92.307724489543901, 17.06476331044615 ], [ -92.31346462909589, 17.067625800703119 ], [ -92.312776568925017, 17.068356940511883 ], [ -92.312994599053823, 17.070930421235008 ], [ -92.315323779029512, 17.073269970661205 ], [ -92.314905858671253, 17.073859740829487 ], [ -92.317825599257773, 17.074925030484732 ], [ -92.320621999339693, 17.076580350705125 ], [ -92.32091507913745, 17.077949910536024 ], [ -92.320917466826032, 17.077949646768904 ], [ -92.322608939176021, 17.077762711063528 ], [ -92.324474579404509, 17.077599260671526 ], [ -92.32447468615311, 17.077599629582856 ], [ -92.325012628951868, 17.079464800958473 ], [ -92.325014857582858, 17.079464096037501 ], [ -92.327468049065288, 17.078688091232163 ], [ -92.327470286806502, 17.078688328002681 ], [ -92.328817919138487, 17.078831021259308 ], [ -92.328818116723568, 17.07883094088492 ], [ -92.330661689287183, 17.07807942122097 ], [ -92.332746909099043, 17.07722935063072 ], [ -92.333407449124692, 17.076842570418474 ], [ -92.335119658669925, 17.076270400460704 ], [ -92.335987678895094, 17.075929490982737 ], [ -92.341982908577606, 17.075446950812243 ], [ -92.342702599254338, 17.074890660661222 ], [ -92.344172908878207, 17.073809311123824 ], [ -92.344810739238156, 17.073325660816142 ], [ -92.345807449270595, 17.072560980677061 ], [ -92.346362428556404, 17.07212491086398 ], [ -92.347025779069611, 17.071573800711924 ], [ -92.348055318649998, 17.070638251037931 ], [ -92.348103799264962, 17.070595570877668 ], [ -92.348542108915879, 17.070236431028825 ], [ -92.349031019387439, 17.069745820691718 ], [ -92.349247429153067, 17.06945655099091 ], [ -92.349451569422243, 17.06923617130202 ], [ -92.350052249432807, 17.068508751262307 ], [ -92.350819518648805, 17.069290080885715 ], [ -92.351628888768445, 17.070132371026737 ], [ -92.352849828987303, 17.071397420827349 ], [ -92.350733649338949, 17.07288385043125 ], [ -92.349674749428658, 17.074535751158535 ], [ -92.349271748773049, 17.074902200680938 ], [ -92.348938348532116, 17.075245891221726 ], [ -92.348414768862952, 17.07579497043201 ], [ -92.347200939093355, 17.076941510650052 ], [ -92.346642689450917, 17.077463140831284 ], [ -92.346104179110284, 17.077989800481685 ], [ -92.345952398631809, 17.078166950689504 ], [ -92.346142768653394, 17.078418821167652 ], [ -92.346637749148329, 17.079037750801714 ], [ -92.347556109004572, 17.080406740411831 ], [ -92.348479948931768, 17.081752540909172 ], [ -92.348606578885082, 17.081882220946763 ], [ -92.348934319278669, 17.081641250697668 ], [ -92.350653048927072, 17.080288910726527 ], [ -92.351539178984311, 17.079576600846188 ], [ -92.352125918651993, 17.080243051008953 ], [ -92.352327018721681, 17.080451621223968 ], [ -92.353014018623753, 17.081270891039431 ], [ -92.35419913914194, 17.082733940398771 ], [ -92.354627999262391, 17.083341680498282 ], [ -92.355352799432382, 17.084180881237021 ], [ -92.355775428626217, 17.084655141220697 ], [ -92.356137718738509, 17.08501835063403 ], [ -92.356568448983367, 17.085412261203846 ], [ -92.357138708506682, 17.085989061231576 ], [ -92.35817725870163, 17.087032461025352 ], [ -92.358528318664611, 17.087361720655409 ], [ -92.359315319292222, 17.088267460533451 ], [ -92.359916629071719, 17.088924691069316 ], [ -92.360491829201479, 17.088554141207489 ], [ -92.360788318593251, 17.088332250379704 ], [ -92.361447819488575, 17.087819940558255 ], [ -92.362796938908673, 17.086960480603171 ], [ -92.364515508691881, 17.085862721145372 ], [ -92.364957139301154, 17.085562321052084 ], [ -92.365710169304535, 17.085077020723375 ], [ -92.366103379008919, 17.08479194101109 ], [ -92.366597979378326, 17.085470801040589 ], [ -92.366629604653127, 17.085513120163931 ], [ -92.366662616067316, 17.085557293577367 ], [ -92.367315351476535, 17.08643073895713 ], [ -92.367567379303097, 17.086767970974371 ], [ -92.36808902855212, 17.08749197074885 ], [ -92.368281938583721, 17.087749510859091 ], [ -92.369000379009108, 17.08725214051714 ], [ -92.369089149191979, 17.087187511042249 ], [ -92.369681572629602, 17.086788096072777 ], [ -92.370256180340775, 17.086400692004219 ], [ -92.370292866846555, 17.086375958319973 ], [ -92.370423488630038, 17.086287890522843 ], [ -92.370433657803559, 17.086281421851659 ], [ -92.370521166011471, 17.086225752173114 ], [ -92.370560418932456, 17.086200780810735 ], [ -92.371005969437633, 17.085906460939508 ], [ -92.371094629051058, 17.085848540687685 ], [ -92.372110108943261, 17.085183091073219 ], [ -92.370329719355098, 17.082693420760975 ], [ -92.369958108849659, 17.082217650451714 ], [ -92.371089228599743, 17.081325340434709 ], [ -92.374195549185742, 17.07937197088992 ], [ -92.374263118575186, 17.079330510503709 ], [ -92.382634629004755, 17.073688620754723 ], [ -92.385616578970385, 17.071700680480298 ], [ -92.386654648602601, 17.070986350933563 ], [ -92.387251308563776, 17.070580540856302 ], [ -92.387673349185832, 17.070272140742787 ], [ -92.388244248979305, 17.069880140939841 ], [ -92.388848058725131, 17.069244770442829 ], [ -92.38931479892527, 17.06974051038716 ], [ -92.391531750004404, 17.072579999976096 ], [ -92.390402378748931, 17.074862620442016 ], [ -92.388997659381829, 17.077628060552431 ], [ -92.387927618618406, 17.079575881136677 ], [ -92.387566998899175, 17.080360141120888 ], [ -92.38716408871035, 17.080996551027493 ], [ -92.386216488530508, 17.08249335110596 ], [ -92.385780919343588, 17.08350174093194 ], [ -92.385504249403837, 17.084048380813933 ], [ -92.385464889402328, 17.084113620563954 ], [ -92.385245909161441, 17.084518110646826 ], [ -92.385124418985626, 17.084920911025456 ], [ -92.384913878981564, 17.085463861156619 ], [ -92.3848109093408, 17.085796450506351 ], [ -92.384769968831975, 17.08595851104835 ], [ -92.384740148811247, 17.086375081229807 ], [ -92.384689949272811, 17.086587980873947 ], [ -92.384629618807907, 17.086945800843562 ], [ -92.384610119037063, 17.087019281253436 ], [ -92.384601648719212, 17.087054620917417 ], [ -92.384261618978144, 17.088521141283994 ], [ -92.384227849469127, 17.088705860845991 ], [ -92.384111419142315, 17.088940831264559 ], [ -92.383639659465317, 17.090012200726814 ], [ -92.382813478570924, 17.091892090635653 ], [ -92.382638848790577, 17.092235720980458 ], [ -92.382631018802911, 17.092289030855532 ], [ -92.382608785723747, 17.092339347224691 ], [ -92.382546726473777, 17.092479796531237 ], [ -92.382495999294903, 17.092594600703404 ], [ -92.381073479388775, 17.095622280884776 ], [ -92.380747338714158, 17.096414180410456 ], [ -92.380889628848522, 17.096667650586507 ], [ -92.380923259138186, 17.096686830518731 ], [ -92.380996998863964, 17.096844860518331 ], [ -92.381555319279101, 17.097663001204413 ], [ -92.383199150074702, 17.100187089569893 ], [ -92.384384078779178, 17.116579651163466 ], [ -92.389935878976402, 17.121469890899377 ], [ -92.402340948900729, 17.132394950560013 ], [ -92.398374921281373, 17.13452946037582 ], [ -92.39837374578353, 17.134530093208983 ], [ -92.397279427121632, 17.135119025736245 ], [ -92.397276166654265, 17.135120780275422 ], [ -92.397253611248246, 17.135132919133603 ], [ -92.39725067157238, 17.135134500685151 ], [ -92.397209329835491, 17.135156748946383 ], [ -92.397209235922176, 17.135156799906419 ], [ -92.397172316404067, 17.135176668959378 ], [ -92.397172074841407, 17.135176799089667 ], [ -92.396588332274433, 17.135490946743207 ], [ -92.396587302473165, 17.135491501173682 ], [ -92.396560036140627, 17.135506175176566 ], [ -92.396559033770018, 17.135506714180568 ], [ -92.396529210079379, 17.135522764499825 ], [ -92.396528194961505, 17.135523310826642 ], [ -92.394920433634681, 17.13638852791847 ], [ -92.394917748156359, 17.136389972878661 ], [ -92.394871254654745, 17.136414993421429 ], [ -92.394868626848975, 17.136416407710065 ], [ -92.394838597439417, 17.136432567556646 ], [ -92.394835819981196, 17.136434062693972 ], [ -92.393715866777413, 17.137036749301437 ], [ -92.393714827205599, 17.137037308514969 ], [ -92.393664375432039, 17.137064458127806 ], [ -92.393663145153752, 17.13706511997648 ], [ -92.393620115210624, 17.137088275735 ], [ -92.393618747026238, 17.137089011949072 ], [ -92.390740768586369, 17.138637691051088 ], [ -92.390678292484637, 17.138680246486565 ], [ -92.390677347682072, 17.13868089053198 ], [ -92.387038428534538, 17.141159431000361 ], [ -92.386204706223637, 17.141729014443058 ], [ -92.385823888661164, 17.141989179552134 ], [ -92.384980213419624, 17.142565549918391 ], [ -92.384849052145725, 17.14265515413209 ], [ -92.384843133270607, 17.142659197573153 ], [ -92.384380807984073, 17.142975038299767 ], [ -92.384368504590384, 17.142983443523566 ], [ -92.384352755469678, 17.142994201977899 ], [ -92.384090075272923, 17.143173652441263 ], [ -92.384074421913382, 17.14318434646345 ], [ -92.383945028828848, 17.143272741075247 ], [ -92.381756919392771, 17.145223274231039 ], [ -92.377263369237454, 17.149228680817686 ], [ -92.373077349911838, 17.152790393620744 ], [ -92.371488787555151, 17.154141962983132 ], [ -92.37052294891096, 17.154963691261305 ], [ -92.368068748823774, 17.152591461239261 ], [ -92.371813628676563, 17.143457401077896 ], [ -92.369367119161325, 17.140226150549868 ], [ -92.367949938835608, 17.142367461087108 ], [ -92.361872509201845, 17.151549570488559 ], [ -92.360201968587816, 17.154073321176401 ], [ -92.359013049410521, 17.153260150556346 ], [ -92.35827137865499, 17.152867030521577 ], [ -92.357949229374483, 17.152634491093195 ], [ -92.357205848715822, 17.152099690823331 ], [ -92.353772848885214, 17.148525110435415 ], [ -92.349218829081337, 17.143640580523364 ], [ -92.344193318971662, 17.138336150803113 ], [ -92.338994769055802, 17.132915461134754 ], [ -92.341587308718431, 17.132012821140425 ], [ -92.340417678547794, 17.128397970844297 ], [ -92.339130088604861, 17.128404941240948 ], [ -92.338505908832332, 17.128075200594516 ], [ -92.337826229419548, 17.127362980627698 ], [ -92.33765762893502, 17.126816290888179 ], [ -92.337318858767276, 17.1261598006658 ], [ -92.337093978785163, 17.125449080397622 ], [ -92.337095919123172, 17.124902920497096 ], [ -92.337271119069854, 17.123592750464844 ], [ -92.33729144891214, 17.12336769046837 ], [ -92.336793088916977, 17.121392290553771 ], [ -92.336106949036051, 17.121518001059165 ], [ -92.335593568998434, 17.121712630830732 ], [ -92.335128428697786, 17.121835880633633 ], [ -92.334835169064291, 17.12195722118593 ], [ -92.334468259232381, 17.122079370559138 ], [ -92.33419984869542, 17.12222405098499 ], [ -92.334053919331907, 17.122343741085672 ], [ -92.333488794197507, 17.122684933626516 ], [ -92.333487414256908, 17.122685767163993 ], [ -92.333407059019478, 17.122734280780925 ], [ -92.333191443516199, 17.123669244067802 ], [ -92.333191381127534, 17.123669516045535 ], [ -92.332845572029328, 17.125169016920072 ], [ -92.332845094236475, 17.125171090055154 ], [ -92.332719688551293, 17.125714860699979 ], [ -92.331478459390638, 17.127686750535258 ], [ -92.330697149121832, 17.127684171290046 ], [ -92.329465628972841, 17.127535751132204 ], [ -92.328865249356966, 17.127360550636169 ], [ -92.327921678960436, 17.127040691083515 ], [ -92.329735308763105, 17.130371321197043 ], [ -92.32947519852074, 17.132110860999525 ], [ -92.325403828908833, 17.132431450981752 ], [ -92.319796139227108, 17.132872800581868 ], [ -92.317938688803309, 17.133018951164658 ], [ -92.316299258645984, 17.134532460673476 ], [ -92.310449618799581, 17.139932420788003 ], [ -92.309986629267499, 17.142392740527402 ], [ -92.304528278629618, 17.146540800996451 ], [ -92.304348519086886, 17.146677400497033 ], [ -92.304360478649087, 17.14688432040677 ], [ -92.304382419117346, 17.147264180644726 ], [ -92.302563824432639, 17.147787072728146 ], [ -92.302561919065852, 17.147787621135112 ], [ -92.301361041899483, 17.146302933031581 ], [ -92.301358548832241, 17.146299850975776 ], [ -92.301365339398387, 17.1478068308171 ], [ -92.300570480108547, 17.149334096466312 ], [ -92.300570378869054, 17.149334290797682 ], [ -92.299707679027705, 17.149205151274437 ], [ -92.297672287489149, 17.1488492201069 ], [ -92.297669889238065, 17.148848800512194 ], [ -92.297669512841281, 17.148850000545508 ], [ -92.297667870619406, 17.148855243405475 ], [ -92.297595939361585, 17.149084821030051 ], [ -92.297448459164713, 17.149202710548437 ], [ -92.297325479304007, 17.149367831146396 ], [ -92.29722688939006, 17.149674651000463 ], [ -92.297226598920034, 17.149910741111725 ], [ -92.29747194882691, 17.150099880771361 ], [ -92.297594598608114, 17.150218061092289 ], [ -92.297717179113761, 17.150383460465278 ], [ -92.297839828659008, 17.150501650555118 ], [ -92.297962488885616, 17.150596220818286 ], [ -92.298158818609707, 17.150714480974365 ], [ -92.29833056909149, 17.15083271111855 ], [ -92.298403289356187, 17.151635491068447 ], [ -92.297176532798403, 17.152294219828438 ], [ -92.297174649317299, 17.152295231187871 ], [ -92.296562682958367, 17.151091529774543 ], [ -92.296562148777682, 17.151090480393339 ], [ -92.295014219391774, 17.151797060952148 ], [ -92.295527908679261, 17.153473890542163 ], [ -92.29553008064785, 17.15347304733217 ], [ -92.297468828735376, 17.152720510964617 ], [ -92.297467047683838, 17.152722326367943 ], [ -92.295895248970965, 17.154324220940286 ], [ -92.295649348872786, 17.154583660630141 ], [ -92.295526338986889, 17.154772400477682 ], [ -92.295354218866805, 17.154961081248572 ], [ -92.295157579223201, 17.155102520511559 ], [ -92.294960978577578, 17.15522035050623 ], [ -92.294862689371939, 17.155267460793304 ], [ -92.294764319278912, 17.15538540061209 ], [ -92.294764259087671, 17.155432620839196 ], [ -92.29468499759794, 17.155499137513512 ], [ -92.294683549678155, 17.155500352816141 ], [ -92.294567599012311, 17.155597660777374 ], [ -92.29441988933813, 17.155904421160987 ], [ -92.294345939437505, 17.15614043100112 ], [ -92.294198348568315, 17.1563291409268 ], [ -92.294050818772149, 17.156494251245551 ], [ -92.293927829276143, 17.156659371270226 ], [ -92.293878568807557, 17.156777371271122 ], [ -92.293780018543799, 17.157036951238755 ], [ -92.293067791232232, 17.158120246268279 ], [ -92.293066519445134, 17.158122180815191 ], [ -92.29282243654805, 17.157698646789662 ], [ -92.292821459320962, 17.157696951244407 ], [ -92.289403599227697, 17.161187280901704 ], [ -92.288862599408532, 17.161776910911723 ], [ -92.288493689405996, 17.162201450864181 ], [ -92.288223338526791, 17.16236642111593 ], [ -92.288100289030041, 17.162578750817197 ], [ -92.28748579857411, 17.163003020536571 ], [ -92.28748051137616, 17.163058785131415 ], [ -92.287480489099465, 17.163059020812884 ], [ -92.285984829005287, 17.162817030691901 ], [ -92.283436453039826, 17.16233697814193 ], [ -92.283435779445909, 17.162336850934505 ], [ -92.281744894571318, 17.162304216105898 ], [ -92.281742568524251, 17.162304171150829 ], [ -92.281457564789392, 17.162087775878121 ], [ -92.281268628886494, 17.161944320823565 ], [ -92.279000769258076, 17.160222370529365 ], [ -92.278934089302481, 17.160174820735048 ], [ -92.278084009092126, 17.15952963715138 ], [ -92.277613377353958, 17.159172439022118 ], [ -92.277612753516081, 17.15917196748098 ], [ -92.276551618975844, 17.158366580678695 ], [ -92.274475360227598, 17.156808607453009 ], [ -92.274474059404753, 17.156807631007798 ], [ -92.274334619880847, 17.156903916670945 ], [ -92.274334528828305, 17.156903979512428 ], [ -92.274333823107938, 17.1569044674346 ], [ -92.271500949373234, 17.158860570489068 ], [ -92.271346278580111, 17.158983510656334 ], [ -92.269945659133867, 17.159946180651897 ], [ -92.264934538909742, 17.163554250408247 ], [ -92.268569509240592, 17.164839850919588 ], [ -92.266765519403052, 17.168214571267928 ], [ -92.264787138754244, 17.171915340664139 ], [ -92.263552318553067, 17.174225111089044 ], [ -92.262316619015309, 17.176536450783164 ], [ -92.260683258834561, 17.17959145064988 ], [ -92.259879078557816, 17.18109552068983 ], [ -92.258291089044505, 17.184065480759784 ], [ -92.2474944641192, 17.186713840008533 ], [ -92.247492748727737, 17.186714260843843 ], [ -92.232863258602208, 17.175550600439632 ], [ -92.216834619077858, 17.162998601251644 ], [ -92.207730978643184, 17.17120657077901 ], [ -92.209177109420466, 17.172932230705428 ], [ -92.213980479326253, 17.17919588110135 ], [ -92.218906549365698, 17.185719291287764 ], [ -92.222215059160206, 17.190257080770792 ], [ -92.225277678932343, 17.192650661158318 ], [ -92.228714399284911, 17.195786050869987 ], [ -92.224263169414726, 17.200316171126392 ], [ -92.209284819344319, 17.214940260933709 ], [ -92.208559688677298, 17.215877680564851 ], [ -92.20837762910071, 17.21611303086253 ], [ -92.20784094878249, 17.216806830655731 ], [ -92.207365179253031, 17.217421890994157 ], [ -92.206944428890509, 17.21796582062769 ], [ -92.206568218680417, 17.218452170916109 ], [ -92.206246458771759, 17.218868111081477 ], [ -92.205001198929907, 17.220477861107476 ], [ -92.203472770117628, 17.222453630148816 ], [ -92.197967249014624, 17.229570030854564 ], [ -92.19628354920637, 17.231868550626707 ], [ -92.195785249187225, 17.232389450687268 ], [ -92.191314849370002, 17.237413846672041 ], [ -92.191314818671927, 17.237413880861467 ], [ -92.187944678872825, 17.23714214057124 ], [ -92.183176939084944, 17.234205181272834 ], [ -92.182548509041098, 17.233534710946891 ], [ -92.182245479150353, 17.233211400783077 ], [ -92.181155538984058, 17.232273221287127 ], [ -92.180366538757539, 17.23146128126162 ], [ -92.178419229015773, 17.229492550468013 ], [ -92.178188349084536, 17.229148460899289 ], [ -92.177464829081131, 17.228084620724651 ], [ -92.177092119331505, 17.227522720944553 ], [ -92.176975518645236, 17.227359280760357 ], [ -92.176723488685923, 17.227032920517441 ], [ -92.176569218905115, 17.226822380943641 ], [ -92.17544567883445, 17.225406620879163 ], [ -92.174392169164364, 17.224553631179457 ], [ -92.172110398896578, 17.222308371001098 ], [ -92.171507449080408, 17.221479890813569 ], [ -92.170637308891955, 17.220193261233661 ], [ -92.169150648846482, 17.218766321006921 ], [ -92.167910019281848, 17.2174978908577 ], [ -92.166929229029193, 17.21661695064169 ], [ -92.166067619132264, 17.215926250861425 ], [ -92.166012580807973, 17.215867718780309 ], [ -92.164645138604826, 17.214413450741084 ], [ -92.162387749333348, 17.212439120566316 ], [ -92.162320919258505, 17.212401940563467 ], [ -92.161622568785475, 17.212155940733119 ], [ -92.161009198596702, 17.211939881010721 ], [ -92.160114318673905, 17.211592710389841 ], [ -92.158071488915596, 17.21105308095505 ], [ -92.156939568866846, 17.210793120394616 ], [ -92.155133700565372, 17.210254883557106 ], [ -92.155131879233736, 17.210254340468268 ], [ -92.154929679063102, 17.210370570605917 ], [ -92.153134109162721, 17.211887880847563 ], [ -92.150700368683218, 17.214335630609881 ], [ -92.149668119264646, 17.215374371114219 ], [ -92.147402938911313, 17.217523920719763 ], [ -92.146497858852442, 17.218271771051796 ], [ -92.145712829312032, 17.219153140951207 ], [ -92.144677998607577, 17.220204051128224 ], [ -92.144035278602558, 17.221021221196235 ], [ -92.143294879348204, 17.221754171208044 ], [ -92.141960399052493, 17.222803571111616 ], [ -92.141750308717562, 17.223184620466949 ], [ -92.141083969271932, 17.223871950747039 ], [ -92.139513579220818, 17.225268680673423 ], [ -92.13893541907747, 17.225962230882544 ], [ -92.138457379206969, 17.22624589074222 ], [ -92.137430799425331, 17.227223801007561 ], [ -92.136019348648489, 17.228489381090473 ], [ -92.135219978598826, 17.229230680516032 ], [ -92.134395858913038, 17.229970020789796 ], [ -92.133497968667854, 17.23072795052785 ], [ -92.133472088747865, 17.230776180476106 ], [ -92.132933998959274, 17.23132195068349 ], [ -92.13270074895776, 17.231531511257025 ], [ -92.129969349145156, 17.233853660647672 ], [ -92.129673679319481, 17.234497940722463 ], [ -92.129370248771806, 17.235652250520349 ], [ -92.126704448854241, 17.238157230577396 ], [ -92.123556229104807, 17.24123415103978 ], [ -92.123693308963993, 17.242789541157325 ], [ -92.123931909156866, 17.242879740682909 ], [ -92.124415289165398, 17.243929720641944 ], [ -92.124857798923315, 17.245070451036742 ], [ -92.125119999250259, 17.245730771222711 ], [ -92.125199148707921, 17.245940351269404 ], [ -92.12497097894402, 17.25007932084192 ], [ -92.125199829159143, 17.250805710450855 ], [ -92.117875249116295, 17.251715660594357 ], [ -92.117896888812353, 17.256858721003642 ], [ -92.115461142545257, 17.256849965126349 ], [ -92.115108900719278, 17.256848695638087 ], [ -92.11472634674989, 17.256847315807647 ], [ -92.114705208276007, 17.256847239928479 ], [ -92.114530931232551, 17.256846611278817 ], [ -92.114363907286574, 17.256846008184684 ], [ -92.114312545199013, 17.256845823100424 ], [ -92.114299773204664, 17.256845777072083 ], [ -92.113780777818036, 17.256843901830404 ], [ -92.113776593640878, 17.256843886798951 ], [ -92.113717480198432, 17.256843673449012 ], [ -92.113510848886364, 17.25684292606234 ], [ -92.11345999262879, 17.256842742555442 ], [ -92.113045390537778, 17.256841242111982 ], [ -92.11295249387328, 17.25684090559178 ], [ -92.112940124103702, 17.256840860783523 ], [ -92.1129032634569, 17.256840727459664 ], [ -92.112593396533782, 17.256839605364892 ], [ -92.112549579537571, 17.256839446785008 ], [ -92.109046131206625, 17.256826715190691 ], [ -92.108562799437166, 17.256824950862004 ], [ -92.101369399285787, 17.264303550745122 ], [ -92.101130109540605, 17.264658907979243 ], [ -92.101061334039201, 17.26476104271801 ], [ -92.100962941757388, 17.264907159682004 ], [ -92.100879198869976, 17.265031521209625 ], [ -92.100518658832556, 17.265574951161472 ], [ -92.100061478666674, 17.266204450799695 ], [ -92.099545108804321, 17.266801230895137 ], [ -92.098203249365554, 17.267779540849638 ], [ -92.097056339083309, 17.268591091158928 ], [ -92.096762738510066, 17.268711461242113 ], [ -92.096323488948428, 17.269021770787855 ], [ -92.095276249366762, 17.269997650733444 ], [ -92.091478369043386, 17.273709150956172 ], [ -92.088409836164473, 17.277293289717996 ], [ -92.088408740292479, 17.277294570355796 ], [ -92.084067148731862, 17.27275900059006 ] ] ] } },
{ "type": "Feature", "properties": { "CVEGEO": "07038", "CVE_ENT": "07", "CVE_MUN": "038", "NOMGEO": "Huixtán", "Olvida2": 1, "Region": "V Altos Tsotsil Tseltal", "Cabecera": "San Cristóbal de Las Casas" }, "geometry": { "type": "Polygon", "coordinates": [ [ [ -92.467162103306777, 16.778132417472602 ], [ -92.463984249882017, 16.777287459809322 ], [ -92.461077110244872, 16.777039680227517 ], [ -92.461027339615853, 16.776809050097022 ], [ -92.459990279891073, 16.775566509956082 ], [ -92.45952800019721, 16.775300450278774 ], [ -92.459361049618522, 16.774967399817612 ], [ -92.458996879671588, 16.774702650374085 ], [ -92.458683109638415, 16.774344019561344 ], [ -92.458516149977697, 16.774010969782633 ], [ -92.458151980307647, 16.773746220317349 ], [ -92.45796085028482, 16.773389220284173 ], [ -92.457694779680637, 16.773125750279476 ], [ -92.457355150110359, 16.772861310034784 ], [ -92.457210349931287, 16.772693969668115 ], [ -92.457016860055035, 16.772502350405041 ], [ -92.456678569702191, 16.77214341996525 ], [ -92.45658248959549, 16.772000350008977 ], [ -92.456414879923244, 16.771714549895258 ], [ -92.456418249766358, 16.771478289793997 ], [ -92.456447169912849, 16.77117148033906 ], [ -92.456476420460433, 16.77084102965598 ], [ -92.4564808000178, 16.77053388041201 ], [ -92.4565315403715, 16.770416400361473 ], [ -92.456750000177976, 16.768859649836415 ], [ -92.456735380181073, 16.766449079944781 ], [ -92.45666575071688, 16.766068487192872 ], [ -92.456644369612647, 16.76595161955051 ], [ -92.456479450411848, 16.765476819913733 ], [ -92.456288660279654, 16.765096180019647 ], [ -92.456193600097194, 16.764882250404774 ], [ -92.455976599943497, 16.764619430373681 ], [ -92.455638660255815, 16.764236849998792 ], [ -92.455551893425181, 16.764150927240642 ], [ -92.45551127733475, 16.764110706463295 ], [ -92.455454587154946, 16.764054568857247 ], [ -92.455227489834328, 16.763829680111517 ], [ -92.455058880114052, 16.763614749671628 ], [ -92.45481599969996, 16.763446120277575 ], [ -92.454523399684462, 16.763324080314764 ], [ -92.454035969566974, 16.763104939612319 ], [ -92.453866319560262, 16.762960909927621 ], [ -92.453696350447032, 16.762840490210699 ], [ -92.453502179574173, 16.762696139681879 ], [ -92.453331879869424, 16.76259934976769 ], [ -92.452695950001527, 16.762472750108277 ], [ -92.451862037602055, 16.762120703213533 ], [ -92.451811365064842, 16.762099310643958 ], [ -92.451754537221959, 16.762075319673979 ], [ -92.449575199794296, 16.761155250329029 ], [ -92.444756059824144, 16.761965510325368 ], [ -92.431919740136664, 16.764228280439305 ], [ -92.422524709893509, 16.765969310074535 ], [ -92.41605300041202, 16.76739474973234 ], [ -92.412973880290295, 16.767534180176511 ], [ -92.408588570445886, 16.769610080172441 ], [ -92.408113709756563, 16.769921310390046 ], [ -92.406887000381644, 16.769858339986389 ], [ -92.406377690453596, 16.769402420139574 ], [ -92.405310650316039, 16.768442680009127 ], [ -92.404825569893205, 16.768010719906954 ], [ -92.404510050325598, 16.767746509661059 ], [ -92.40426750999265, 16.767530540360152 ], [ -92.40402562979304, 16.767267260108824 ], [ -92.403783430040789, 16.767027630077589 ], [ -92.403090479911128, 16.765646909635663 ], [ -92.401670619974794, 16.763570949548154 ], [ -92.400585939748026, 16.762114249969468 ], [ -92.400131649778345, 16.761233279612835 ], [ -92.398696399556954, 16.756720880222723 ], [ -92.398443030048526, 16.753737400062171 ], [ -92.397697379899284, 16.75082911980051 ], [ -92.397627740209273, 16.750557479839603 ], [ -92.396775879934935, 16.750597890142991 ], [ -92.396705906424316, 16.750570230352206 ], [ -92.396287049761384, 16.750404660082427 ], [ -92.39602003029546, 16.750095140166973 ], [ -92.39590625998359, 16.749125150283128 ], [ -92.395912110286645, 16.748487059737212 ], [ -92.395702850343838, 16.748306429604845 ], [ -92.395446000389668, 16.748280949580039 ], [ -92.395231920196451, 16.748272080355111 ], [ -92.394820880367689, 16.748262629722589 ], [ -92.392628340317913, 16.748297419670287 ], [ -92.392371351390651, 16.748316965546845 ], [ -92.391480459946465, 16.748384720273503 ], [ -92.390606709954426, 16.748448110276431 ], [ -92.39046126412606, 16.748444933153753 ], [ -92.390169970438166, 16.74843856966994 ], [ -92.389506519923131, 16.748477449926344 ], [ -92.389120019704464, 16.748504059546793 ], [ -92.388797109720144, 16.748480889956195 ], [ -92.388370380193166, 16.748457430400357 ], [ -92.388082019982761, 16.748456570116062 ], [ -92.387776369798814, 16.748444550077391 ], [ -92.387464339664675, 16.74838328992838 ], [ -92.386921289734573, 16.748271550009857 ], [ -92.386321937065986, 16.748106448666448 ], [ -92.385771140261966, 16.747954720300552 ], [ -92.385221579927048, 16.748000090153628 ], [ -92.385194688480254, 16.74800898302572 ], [ -92.384922140477869, 16.748099109840265 ], [ -92.384537289974503, 16.748180249953222 ], [ -92.384158720442358, 16.748208510089228 ], [ -92.383902169613194, 16.748254749975697 ], [ -92.383815831610136, 16.74824718801819 ], [ -92.383453259941987, 16.748215430346455 ], [ -92.383181919828417, 16.748378550290212 ], [ -92.382935769960866, 16.748470980384297 ], [ -92.382738230044467, 16.748611090395858 ], [ -92.382516170072449, 16.748750999955721 ], [ -92.382474014613834, 16.748795884638422 ], [ -92.382317979722998, 16.748962020426461 ], [ -92.38226446014977, 16.749007620304226 ], [ -92.382070740412061, 16.749172619649823 ], [ -92.381946349747992, 16.749360630028068 ], [ -92.381821519877079, 16.749595909803606 ], [ -92.381745319957005, 16.749878879762036 ], [ -92.381666400083517, 16.750064169654991 ], [ -92.381695927945259, 16.750490294715057 ], [ -92.381696219814771, 16.750494509823408 ], [ -92.381618650060858, 16.750777340060178 ], [ -92.38156343020718, 16.750829139584919 ], [ -92.381511179953989, 16.750902619737396 ], [ -92.381369579840936, 16.751034310125767 ], [ -92.38129199977115, 16.751317139880527 ], [ -92.381192169606138, 16.751434109978199 ], [ -92.381089059978891, 16.751787569631897 ], [ -92.380919224852448, 16.751982193915982 ], [ -92.380864540082626, 16.752044860414092 ], [ -92.380690429637383, 16.752208170204653 ], [ -92.380468200385693, 16.752299919919327 ], [ -92.38027020025423, 16.752415630385062 ], [ -92.379999220189873, 16.752483090211612 ], [ -92.379752449528638, 16.752574510341944 ], [ -92.379456920458097, 16.752641659980185 ], [ -92.379161080217585, 16.752732449763005 ], [ -92.378840679595967, 16.752822919816392 ], [ -92.378494740436849, 16.752984020004046 ], [ -92.378148140407177, 16.753192420167444 ], [ -92.377899080439875, 16.75344937974517 ], [ -92.377507080226451, 16.753809180454457 ], [ -92.377145800306991, 16.754186219731675 ], [ -92.376768229532971, 16.754495690312798 ], [ -92.376334490047597, 16.754945349612246 ], [ -92.376032709615373, 16.75515959994922 ], [ -92.375719284073782, 16.755397735322397 ], [ -92.375714459925831, 16.755401400368406 ], [ -92.375763089585462, 16.755277489881113 ], [ -92.375780480405652, 16.755235180025061 ], [ -92.37590830336643, 16.754984517834441 ], [ -92.378220780120813, 16.750449509755338 ], [ -92.37126485965851, 16.752067320005811 ], [ -92.37105665154543, 16.752028052740698 ], [ -92.369841482016938, 16.751798869857645 ], [ -92.359697369631292, 16.749885260386556 ], [ -92.350345780105769, 16.74915817982577 ], [ -92.348872659586505, 16.748774049886983 ], [ -92.345867830000628, 16.747990459860116 ], [ -92.339366080296244, 16.746391319735075 ], [ -92.336033999621947, 16.745680910240065 ], [ -92.33346000025648, 16.742671480435 ], [ -92.332814579573011, 16.741916860403116 ], [ -92.331644950422856, 16.74067452020406 ], [ -92.326939290147934, 16.736538139766459 ], [ -92.326245050020731, 16.734933379871823 ], [ -92.325704050310861, 16.732856689797362 ], [ -92.324026650457512, 16.73103506004535 ], [ -92.307427170035126, 16.716096749589074 ], [ -92.307242430326127, 16.715991139595719 ], [ -92.303226579659878, 16.699733709872085 ], [ -92.301623799805185, 16.699310489588893 ], [ -92.295254490251494, 16.698189320255974 ], [ -92.292671179566668, 16.697774710280409 ], [ -92.28619881986053, 16.696735740228878 ], [ -92.278271049886868, 16.695871720373429 ], [ -92.274019889825382, 16.695440400173812 ], [ -92.271714119564379, 16.695224079962475 ], [ -92.270275970414644, 16.694316709979468 ], [ -92.269486259575174, 16.693481020048321 ], [ -92.268555309975341, 16.691881339903851 ], [ -92.268365850401409, 16.689338620342095 ], [ -92.268404170396337, 16.689308649608225 ], [ -92.268382880191766, 16.688946350235074 ], [ -92.269082819750594, 16.687533030179509 ], [ -92.270675459740062, 16.685045179896296 ], [ -92.27099693999152, 16.684606019935124 ], [ -92.271746939816964, 16.683538049918027 ], [ -92.273022659866982, 16.681613200246158 ], [ -92.273368079566012, 16.68086514983068 ], [ -92.274050120439313, 16.6792853197657 ], [ -92.274094579783423, 16.679107320104411 ], [ -92.274345910095249, 16.678390380385572 ], [ -92.274574139806433, 16.677776709563972 ], [ -92.27478949014548, 16.677195060265323 ], [ -92.27515678024163, 16.676215420044567 ], [ -92.275601880249511, 16.675013750077287 ], [ -92.27625494037747, 16.673296539831924 ], [ -92.276562830318852, 16.672449709608205 ], [ -92.277045079927973, 16.671217170360563 ], [ -92.277545949564299, 16.669564199998046 ], [ -92.277812979525692, 16.668229030136146 ], [ -92.277988890367496, 16.667008170357768 ], [ -92.278002220440555, 16.666904819937507 ], [ -92.278317949681821, 16.663228290340264 ], [ -92.278374480337618, 16.662008110340242 ], [ -92.278379510045752, 16.661944219847275 ], [ -92.278446849639749, 16.661114019767666 ], [ -92.278489079946908, 16.660832769778686 ], [ -92.278532349691787, 16.660567620221695 ], [ -92.278591450024919, 16.660313020299782 ], [ -92.27864322015273, 16.66013738043997 ], [ -92.278674289586235, 16.659977050303148 ], [ -92.278723889843064, 16.659803660274218 ], [ -92.278758289749007, 16.659629509805285 ], [ -92.27879809007031, 16.659493320239868 ], [ -92.278824349928755, 16.659341019911604 ], [ -92.278866450267699, 16.659197889856404 ], [ -92.278945619625986, 16.658687719688142 ], [ -92.279043200020041, 16.658221539824609 ], [ -92.279179250182281, 16.657046370122231 ], [ -92.279376380151646, 16.655584230428097 ], [ -92.279567259892929, 16.654062799569086 ], [ -92.278720549837516, 16.649009089649162 ], [ -92.277622319993625, 16.644962820200149 ], [ -92.277097949717643, 16.642968579543524 ], [ -92.277994620312469, 16.642887549782195 ], [ -92.278443649842245, 16.634577109786928 ], [ -92.278798860010866, 16.629016380047378 ], [ -92.282989029859465, 16.629261680166785 ], [ -92.283868889623577, 16.629573880248532 ], [ -92.287797350017215, 16.630124149676611 ], [ -92.291383259986489, 16.630482979562903 ], [ -92.308088490142893, 16.632609980246404 ], [ -92.319331020195833, 16.634038940127098 ], [ -92.325606029652604, 16.634831600224246 ], [ -92.325922079608731, 16.634734660194297 ], [ -92.326215859960158, 16.634709400070236 ], [ -92.326362549862253, 16.634661340073887 ], [ -92.326656200151731, 16.634612459818193 ], [ -92.327023620266857, 16.634610400169748 ], [ -92.327415819742967, 16.634655419811509 ], [ -92.330455429993577, 16.635016149925335 ], [ -92.333409980103681, 16.634978219838267 ], [ -92.337794220223387, 16.634869660346052 ], [ -92.34463637978115, 16.634622230102355 ], [ -92.352338510290679, 16.634169339917172 ], [ -92.35608113627417, 16.633945841481609 ], [ -92.359778919653721, 16.633724928102851 ], [ -92.359846002476559, 16.633720919191592 ], [ -92.359921773141053, 16.633716391804349 ], [ -92.360285949828381, 16.633694630041994 ], [ -92.360887030140972, 16.633761471781519 ], [ -92.360958441477081, 16.633769412377916 ], [ -92.361074330997923, 16.633782298892047 ], [ -92.362408897415122, 16.633930695482448 ], [ -92.362481536411806, 16.633938771954966 ], [ -92.362538478572219, 16.633945103008408 ], [ -92.362594204392551, 16.633951299063824 ], [ -92.362718139474964, 16.633965078803534 ], [ -92.362842872118406, 16.63397894725486 ], [ -92.365268099300877, 16.634248582032829 ], [ -92.365325307853169, 16.6342549419441 ], [ -92.365432145919272, 16.634266819293096 ], [ -92.365444910412833, 16.634268238545665 ], [ -92.365507216041024, 16.634275164978661 ], [ -92.365557752019072, 16.63428078278244 ], [ -92.366172105393872, 16.634349078648953 ], [ -92.366239158248391, 16.634356532373971 ], [ -92.366310121636999, 16.634364420522694 ], [ -92.36837271019651, 16.634593690413819 ], [ -92.368674404775021, 16.633912095594134 ], [ -92.368697895680228, 16.633859023806639 ], [ -92.368729971211835, 16.633786558379597 ], [ -92.368764149893366, 16.63370933963435 ], [ -92.369436139570581, 16.631965290793424 ], [ -92.371372479619936, 16.626939580132014 ], [ -92.371963600309357, 16.625474370237907 ], [ -92.373318230148385, 16.62201653996501 ], [ -92.375190200079004, 16.617195319988824 ], [ -92.387602599804339, 16.617378310188045 ], [ -92.368987910123465, 16.605643880221997 ], [ -92.368583059967037, 16.605319690448038 ], [ -92.368486949710203, 16.605261310417291 ], [ -92.361822539877494, 16.600471849611619 ], [ -92.364399320088154, 16.598042830099185 ], [ -92.375289919828944, 16.586978739933262 ], [ -92.410140019999432, 16.621809229564374 ], [ -92.417513199998325, 16.627137689956154 ], [ -92.424336919987752, 16.634564540359261 ], [ -92.426065519629546, 16.636426260205766 ], [ -92.425092859868627, 16.633121939816967 ], [ -92.424222380390773, 16.62825822966008 ], [ -92.437557689646241, 16.625124170316333 ], [ -92.437654140201417, 16.625097799826047 ], [ -92.437839280436521, 16.62195071968344 ], [ -92.438417849599929, 16.619511280212546 ], [ -92.445583020337537, 16.620888620334249 ], [ -92.448169430340059, 16.621392449656042 ], [ -92.461861289717021, 16.623763859786873 ], [ -92.463323630061112, 16.62404615005574 ], [ -92.464149820201072, 16.624173480247002 ], [ -92.464906350452452, 16.624282279807094 ], [ -92.465520140165367, 16.624374850233419 ], [ -92.465948250269577, 16.624447370365218 ], [ -92.468537880070187, 16.624928279591799 ], [ -92.470135220017752, 16.625306969999606 ], [ -92.470579309609363, 16.62537621998462 ], [ -92.471055889734473, 16.625475740119494 ], [ -92.471898680224768, 16.625690909687673 ], [ -92.472394510133299, 16.625803259879703 ], [ -92.472908600022635, 16.625927060108864 ], [ -92.474119619941305, 16.62621028992967 ], [ -92.474076380001378, 16.62672656982356 ], [ -92.473870660254136, 16.627936260443999 ], [ -92.473788119659602, 16.62843124972358 ], [ -92.473708910431725, 16.628942140271 ], [ -92.473620249887972, 16.629441980031384 ], [ -92.473515819824186, 16.629951650070883 ], [ -92.473355079846215, 16.630687860143443 ], [ -92.473206580134118, 16.631433799710059 ], [ -92.4731193696921, 16.631918910107736 ], [ -92.473057910134173, 16.632441710444777 ], [ -92.472854060056846, 16.634108860137978 ], [ -92.472679150077369, 16.635081309914643 ], [ -92.472585860118429, 16.635564850307286 ], [ -92.472042860433618, 16.638669119842181 ], [ -92.471929719982711, 16.638792799969629 ], [ -92.471853419971481, 16.638876219930008 ], [ -92.47087544982088, 16.639945279750457 ], [ -92.469526799701953, 16.641419540216813 ], [ -92.469002599995463, 16.641992550183527 ], [ -92.468467980080021, 16.642032999709848 ], [ -92.467547820132111, 16.642102620247329 ], [ -92.466706019902531, 16.642166289603043 ], [ -92.466602950185802, 16.642165380084098 ], [ -92.465731709549544, 16.642157749744861 ], [ -92.465634970157794, 16.64215390959766 ], [ -92.465261710152987, 16.642139049632835 ], [ -92.464758520398959, 16.641995619843335 ], [ -92.463932939768526, 16.641760289793083 ], [ -92.463292970223549, 16.641577889922697 ], [ -92.462963710025619, 16.641629380446481 ], [ -92.462089580232416, 16.641766079677669 ], [ -92.461204339691179, 16.641904539604525 ], [ -92.460211940004967, 16.642059719715572 ], [ -92.459347060118418, 16.642194970247953 ], [ -92.458242260241065, 16.642367719969425 ], [ -92.456947419571108, 16.642570180021607 ], [ -92.455465090401304, 16.642801949911462 ], [ -92.455260140449241, 16.642834000152433 ], [ -92.453664509871402, 16.643060370419345 ], [ -92.452043019723973, 16.643212830115811 ], [ -92.451962150379202, 16.64323847974687 ], [ -92.449882950373521, 16.64389689041581 ], [ -92.445236400066662, 16.642490599646141 ], [ -92.442748709596401, 16.641717490340657 ], [ -92.44108477019536, 16.641011259760127 ], [ -92.437323370370223, 16.639445979762208 ], [ -92.437424999580074, 16.640492749822748 ], [ -92.437863520022347, 16.640803650274769 ], [ -92.438349600267529, 16.641280370056943 ], [ -92.439006659850122, 16.641829420426095 ], [ -92.439273600178922, 16.642138880119088 ], [ -92.439419630479932, 16.642258259661428 ], [ -92.439442460043438, 16.642447539628307 ], [ -92.439561679794295, 16.642826680386094 ], [ -92.439657220333444, 16.64311108987636 ], [ -92.439728650255375, 16.643348029787607 ], [ -92.439775999614156, 16.643537510173022 ], [ -92.439749800328372, 16.643726370211937 ], [ -92.439819349864052, 16.64417602013685 ], [ -92.439915089970498, 16.644436779603272 ], [ -92.440034309556268, 16.644815940236388 ], [ -92.440080380125607, 16.645147220460142 ], [ -92.440101319670191, 16.645549180293493 ], [ -92.439235709955483, 16.646392879801734 ], [ -92.438285783166904, 16.647274656193154 ], [ -92.438024340349827, 16.647517340028909 ], [ -92.437874720108042, 16.647799720385837 ], [ -92.437674380385673, 16.64827077009372 ], [ -92.437656990545548, 16.64832363332323 ], [ -92.43764065320012, 16.648373298495571 ], [ -92.437606849806627, 16.64847605980086 ], [ -92.437573569884009, 16.648577180321279 ], [ -92.437645649579892, 16.64874323004296 ], [ -92.437742030069572, 16.648933109749045 ], [ -92.43803222038072, 16.649384579659209 ], [ -92.438127650365828, 16.649680820180887 ], [ -92.438223080078473, 16.649977030027124 ], [ -92.438063660267389, 16.650320249659398 ], [ -92.437968379793233, 16.650525350063266 ], [ -92.437965565690433, 16.650531407628016 ], [ -92.43794769845087, 16.650569874217645 ], [ -92.437923939230046, 16.650621027568594 ], [ -92.437873109618025, 16.650730460210834 ], [ -92.437711859768797, 16.650941849641324 ], [ -92.437599367060088, 16.651089324024692 ], [ -92.437557195859796, 16.651144609588368 ], [ -92.437552759972547, 16.651150424424806 ], [ -92.437550620383831, 16.651153229743578 ], [ -92.437512044700014, 16.651125694163778 ], [ -92.437099957634501, 16.650831538901894 ], [ -92.437014629888665, 16.650770630134854 ], [ -92.43699064744898, 16.650766697517103 ], [ -92.436895244528642, 16.650751052458663 ], [ -92.436787924618301, 16.650733453024042 ], [ -92.436635150324648, 16.650708400229451 ], [ -92.436255679944239, 16.650646150041471 ], [ -92.43590378010957, 16.650716279857559 ], [ -92.435401429986783, 16.650816385182544 ], [ -92.435232451158925, 16.650850057182581 ], [ -92.435046900895827, 16.65088703183558 ], [ -92.43500305027095, 16.650895769955934 ], [ -92.434632350076484, 16.651223580443013 ], [ -92.434148289798046, 16.651596090171374 ], [ -92.433842339550722, 16.65183154026883 ], [ -92.433596339660966, 16.651924029648466 ], [ -92.433424290172539, 16.651969880047421 ], [ -92.433227949957711, 16.651991880147541 ], [ -92.433032249883382, 16.651942979608886 ], [ -92.43291050993848, 16.651847430232934 ], [ -92.432241090284705, 16.651574690009092 ], [ -92.431382579798111, 16.65122490989561 ], [ -92.43084139999452, 16.651004400018497 ], [ -92.429463349180963, 16.650442915842294 ], [ -92.428364179883019, 16.649995050089842 ], [ -92.427797381590082, 16.649764103503561 ], [ -92.423708919623607, 16.648098139762585 ], [ -92.422684149762432, 16.647680550409593 ], [ -92.422082194098053, 16.64743525192204 ], [ -92.421920565480974, 16.647369387688883 ], [ -92.421892990136072, 16.647358150405672 ], [ -92.421759910268904, 16.647303919676503 ], [ -92.420630749698191, 16.646843779533761 ], [ -92.420016000485717, 16.646593259733329 ], [ -92.419970588988647, 16.646574754302051 ], [ -92.419952062994483, 16.646567205130268 ], [ -92.419878659651886, 16.646537292302082 ], [ -92.41933955046521, 16.646317599811173 ], [ -92.419281336877688, 16.646293875197145 ], [ -92.419065520012552, 16.64620591984788 ], [ -92.418849185806124, 16.646117759929655 ], [ -92.418389833582737, 16.645930565217682 ], [ -92.418345136697141, 16.645912350406114 ], [ -92.418313096248426, 16.64589929280454 ], [ -92.417012589918798, 16.645369298908012 ], [ -92.416945350849161, 16.645341897105659 ], [ -92.416908386227561, 16.645326832569182 ], [ -92.416152819838175, 16.645018910401248 ], [ -92.415757639729904, 16.645872523524346 ], [ -92.415727739561518, 16.645937109888504 ], [ -92.415631728639724, 16.646064320681486 ], [ -92.415603660090326, 16.646101509798644 ], [ -92.415382379555211, 16.646170570205918 ], [ -92.415061550251693, 16.64640422028652 ], [ -92.414864350436588, 16.646520739878309 ], [ -92.414715980373984, 16.646661309720166 ], [ -92.41451880044302, 16.646777830237763 ], [ -92.414400326373723, 16.646822362909315 ], [ -92.414214032411692, 16.646892388223787 ], [ -92.414149779732881, 16.646916539676905 ], [ -92.414027001374677, 16.646915511127379 ], [ -92.413904957937532, 16.646914488309701 ], [ -92.413889213887259, 16.646914356609457 ], [ -92.413880110191329, 16.646914279994569 ], [ -92.413873484980328, 16.646913061322614 ], [ -92.413855366132324, 16.646909728437546 ], [ -92.413719310532429, 16.646884699881696 ], [ -92.41361085962258, 16.646864750083843 ], [ -92.413242280386811, 16.64695619991576 ], [ -92.412995199723611, 16.647166829671868 ], [ -92.412961689881726, 16.647236290411559 ], [ -92.41287028007612, 16.647425770143712 ], [ -92.41272039963826, 16.647731770047336 ], [ -92.412727244263095, 16.647781015905991 ], [ -92.412737222255416, 16.647852805913192 ], [ -92.412743420153888, 16.647897399704515 ], [ -92.412796759601306, 16.647962836213505 ], [ -92.413131400384174, 16.64837337045557 ], [ -92.413350539552027, 16.648540650185417 ], [ -92.413546029902292, 16.648613200228148 ], [ -92.413595799902296, 16.648617982529672 ], [ -92.413677352423505, 16.648625817605247 ], [ -92.413815490409519, 16.648639089862112 ], [ -92.413952361847109, 16.64874898535955 ], [ -92.413989172531615, 16.648778540875135 ], [ -92.414083229719949, 16.648854060210962 ], [ -92.414155620197661, 16.648984660149022 ], [ -92.414227979873587, 16.649115259896963 ], [ -92.414324980486242, 16.64923424970338 ], [ -92.414421540036599, 16.649400509799626 ], [ -92.41454073624493, 16.649500736217725 ], [ -92.414540971996729, 16.649500934071533 ], [ -92.414591880178776, 16.649543740085985 ], [ -92.414598338178791, 16.649547706549214 ], [ -92.414786939651066, 16.649663549570686 ], [ -92.414982200092808, 16.649759719650184 ], [ -92.415444579838834, 16.650141770373125 ], [ -92.415565460264588, 16.65033185967399 ], [ -92.415591243174802, 16.650357149961565 ], [ -92.415844372800009, 16.650605445591076 ], [ -92.415857089984414, 16.65061791988558 ], [ -92.416003119665817, 16.650737319647863 ], [ -92.416124850182825, 16.650832890093408 ], [ -92.416315186075735, 16.650926628633879 ], [ -92.416417770092636, 16.650977150325602 ], [ -92.416664613188019, 16.651118750398211 ], [ -92.416710460208137, 16.651145050037041 ], [ -92.416731499895761, 16.651162252876105 ], [ -92.416856490187158, 16.651264449924359 ], [ -92.417186991571484, 16.65151928797032 ], [ -92.417197369692943, 16.651527290246118 ], [ -92.417439969721187, 16.651812939902822 ], [ -92.417595069397649, 16.651981993503718 ], [ -92.417658489829819, 16.652051120432048 ], [ -92.417753779883313, 16.652359180416763 ], [ -92.417798050248862, 16.652542939831619 ], [ -92.417919219930056, 16.653045980333573 ], [ -92.418039019575374, 16.653354249916188 ], [ -92.418158620039392, 16.653686139985716 ], [ -92.418376709936496, 16.653971579686196 ], [ -92.418383109935377, 16.655226459908135 ], [ -92.418389509550622, 16.656481350397907 ], [ -92.418403433633046, 16.659215229785755 ], [ -92.418412119965637, 16.660920569985326 ], [ -92.422775152598462, 16.663741475351216 ], [ -92.424189579772914, 16.664655920078886 ], [ -92.426871059983853, 16.666403649625064 ], [ -92.428774854943086, 16.667572754259893 ], [ -92.429016999751283, 16.667721450106516 ], [ -92.429135820595079, 16.667788877265448 ], [ -92.429160200847178, 16.66780271233187 ], [ -92.430169646710738, 16.668375536474631 ], [ -92.430188765303996, 16.668386385877884 ], [ -92.43019929077856, 16.668392358817499 ], [ -92.433286339841317, 16.670144080032074 ], [ -92.434332619668055, 16.671050890289429 ], [ -92.434646919782821, 16.671549849601124 ], [ -92.435063110144412, 16.671624199568498 ], [ -92.43511276968691, 16.671553709922964 ], [ -92.435138979895711, 16.6713648503708 ], [ -92.435116149766785, 16.671175569827888 ], [ -92.435092479694617, 16.671080829610649 ], [ -92.435093739919509, 16.670939029640071 ], [ -92.435168429629059, 16.668803049875915 ], [ -92.435193089945884, 16.667584880315911 ], [ -92.435342199777395, 16.667057370226932 ], [ -92.435353595424843, 16.66689941772308 ], [ -92.435356195671133, 16.666863379579191 ], [ -92.435358517318718, 16.666831199760853 ], [ -92.435364169597833, 16.666752860319683 ], [ -92.435302000011845, 16.666387230347105 ], [ -92.43523966026622, 16.666082490298091 ], [ -92.434987619686012, 16.665777250087881 ], [ -92.434588799910841, 16.665207650074077 ], [ -92.436344124167007, 16.665947053351491 ], [ -92.43639869902502, 16.665970041748054 ], [ -92.436513996441732, 16.6660186077746 ], [ -92.444125252302683, 16.669224403772905 ], [ -92.445940229644265, 16.669988780116238 ], [ -92.4466562895946, 16.669427429961019 ], [ -92.446853080022777, 16.66935814981376 ], [ -92.447025320023542, 16.669288659797804 ], [ -92.447059980192307, 16.669285919900503 ], [ -92.447295250482966, 16.669267259647253 ], [ -92.447589049766137, 16.669316940218486 ], [ -92.447662600486041, 16.669317549693222 ], [ -92.447945690379726, 16.669382980037788 ], [ -92.447980710160735, 16.669391079850318 ], [ -92.448176229923689, 16.66946357982712 ], [ -92.448323769630576, 16.669417539992605 ], [ -92.448691540020491, 16.669420550080641 ], [ -92.448888519859452, 16.669327650344279 ], [ -92.449085720037431, 16.669211090202747 ], [ -92.449116345407944, 16.669191771676076 ], [ -92.449233659983307, 16.669117769981028 ], [ -92.449307229967573, 16.669118369941188 ], [ -92.449601660071679, 16.669097149948385 ], [ -92.449798429750984, 16.669027880112594 ], [ -92.449945539557831, 16.669029080217534 ], [ -92.450093279777946, 16.668959380016169 ], [ -92.450241430462881, 16.668842429778504 ], [ -92.45058531989585, 16.668774350261167 ], [ -92.450585540054931, 16.66875071994501 ], [ -92.450879970175848, 16.668729510160382 ], [ -92.451100420175052, 16.668754949746528 ], [ -92.451272879758676, 16.668661830163444 ], [ -92.45144450980365, 16.668663230380268 ], [ -92.451690119661166, 16.668617980198526 ], [ -92.447186880176616, 16.675955080104011 ], [ -92.446933090228001, 16.676922030319826 ], [ -92.446871249600093, 16.678363260295107 ], [ -92.44898997397064, 16.678347095810803 ], [ -92.454485050373734, 16.678305030005621 ], [ -92.455093399624957, 16.678466090288961 ], [ -92.45590209042976, 16.678297920160997 ], [ -92.456286450438668, 16.678843659837096 ], [ -92.457010600326583, 16.678613230440043 ], [ -92.457477569874328, 16.67831357009824 ], [ -92.457586370376674, 16.678206630463471 ], [ -92.459601539812283, 16.677381050066831 ], [ -92.462594180448804, 16.676772579846968 ], [ -92.462752540226205, 16.676792769036595 ], [ -92.463452629846358, 16.676882020186831 ], [ -92.465615140253078, 16.67633631040842 ], [ -92.467737842101897, 16.675188326842321 ], [ -92.467869562933856, 16.675117089570971 ], [ -92.467947850304824, 16.675074749824073 ], [ -92.470410289957798, 16.674553570019935 ], [ -92.47362968982911, 16.674777830266969 ], [ -92.473853972737146, 16.674735922273289 ], [ -92.474033050219759, 16.674702460441178 ], [ -92.474383910175675, 16.674743459619968 ], [ -92.47449889004119, 16.67470581993436 ], [ -92.474979680377729, 16.674802090375444 ], [ -92.475596650356039, 16.67485088027836 ], [ -92.476583310269561, 16.674936320454677 ], [ -92.476759442716897, 16.675042754838948 ], [ -92.477464339992366, 16.675468710098762 ], [ -92.477577140953557, 16.675562990227242 ], [ -92.477608199799036, 16.675588949898724 ], [ -92.477877570153623, 16.675725429898367 ], [ -92.478161980219966, 16.675697350100027 ], [ -92.478708349843316, 16.675549880410326 ], [ -92.480146540179135, 16.675344200396754 ], [ -92.480623619622037, 16.675143379669308 ], [ -92.480731401899106, 16.675235943231996 ], [ -92.480786857990154, 16.675283568958577 ], [ -92.480820969601481, 16.675312864637768 ], [ -92.480842470799573, 16.675331330388961 ], [ -92.480874222271353, 16.675358598661738 ], [ -92.480907506803504, 16.675387183086514 ], [ -92.481106119640131, 16.675557749554656 ], [ -92.481624369902292, 16.675743219818649 ], [ -92.482140859888617, 16.675819169967209 ], [ -92.482631920356866, 16.67574574010623 ], [ -92.482706454863674, 16.675748401440888 ], [ -92.482739453070607, 16.675749580249196 ], [ -92.482787206606673, 16.675751285575323 ], [ -92.483381049603437, 16.675772490166892 ], [ -92.483597049667125, 16.67567968021746 ], [ -92.483743059592399, 16.675648970414251 ], [ -92.48442359986413, 16.675607119667966 ], [ -92.485043890448324, 16.67600768010033 ], [ -92.485402317785784, 16.675912738700401 ], [ -92.485479798466457, 16.67589221505165 ], [ -92.485509327062474, 16.675884393239318 ], [ -92.486287510239265, 16.675678260373139 ], [ -92.486701595592663, 16.675495416377792 ], [ -92.486778110880593, 16.67546163012025 ], [ -92.486791232363643, 16.675455836284051 ], [ -92.486892476433496, 16.675411130286658 ], [ -92.487186089954392, 16.675281479932426 ], [ -92.488239024838904, 16.674777641450195 ], [ -92.488292149989178, 16.674752219895641 ], [ -92.488322789019293, 16.674733545248753 ], [ -92.488403501107214, 16.674684351150802 ], [ -92.488466538727522, 16.674645929076931 ], [ -92.488530253868532, 16.674607094647602 ], [ -92.489052829648983, 16.674288580157523 ], [ -92.489526905761934, 16.674107281949947 ], [ -92.489576027241142, 16.67408849718548 ], [ -92.489623551351102, 16.674070322651826 ], [ -92.489743919953924, 16.674024290239078 ], [ -92.490518809639738, 16.673701047661105 ], [ -92.490571751880893, 16.673678962767404 ], [ -92.490649275126813, 16.673646623572708 ], [ -92.491231711787947, 16.673403657708363 ], [ -92.491340507687013, 16.673358273208247 ], [ -92.49143359075201, 16.67331944287022 ], [ -92.491480083021543, 16.6733000480376 ], [ -92.49296438045981, 16.672680850046749 ], [ -92.492985652235433, 16.675083896041709 ], [ -92.492986286082768, 16.675155528628242 ], [ -92.492986699436472, 16.675202223403453 ], [ -92.493000507714569, 16.676762092228689 ], [ -92.4930010566476, 16.676824075603708 ], [ -92.493009519876296, 16.677780110145097 ], [ -92.493013479017108, 16.678227434812388 ], [ -92.493015940190944, 16.67850543031599 ], [ -92.493048397309011, 16.678505062185096 ], [ -92.49310841736191, 16.678504382559577 ], [ -92.493789740282253, 16.678496660239357 ], [ -92.493882350140353, 16.678495660276248 ], [ -92.515332339642413, 16.678245630098004 ], [ -92.515622340455081, 16.67947421969631 ], [ -92.515615819767135, 16.679604890255394 ], [ -92.515471289531206, 16.680241650247766 ], [ -92.515919489900327, 16.681424999749897 ], [ -92.516238799776872, 16.682642250211778 ], [ -92.516478380439892, 16.683657850316695 ], [ -92.516498020095895, 16.685776450032474 ], [ -92.516637149702021, 16.687532309660629 ], [ -92.516728400295506, 16.688249089740342 ], [ -92.516718649669187, 16.690601109615052 ], [ -92.516454750246325, 16.694936399669935 ], [ -92.516599640165836, 16.695758597654521 ], [ -92.516734829883958, 16.696525739844411 ], [ -92.515903860133193, 16.696204200258151 ], [ -92.512667221475681, 16.695560504509544 ], [ -92.512418770470532, 16.695511089878519 ], [ -92.512242119586347, 16.695425309561429 ], [ -92.508212630372185, 16.69685908021173 ], [ -92.507964510245785, 16.697141579995261 ], [ -92.507864459612776, 16.697354089578333 ], [ -92.507887719898108, 16.69752014026658 ], [ -92.50798491994226, 16.697663030039575 ], [ -92.508057919695361, 16.697758350388249 ], [ -92.508278230058664, 16.697878460169679 ], [ -92.508499490139044, 16.697880109667398 ], [ -92.508843490333433, 16.697906350021707 ], [ -92.509016149616258, 16.697836549583251 ], [ -92.510096750113306, 16.697986740452539 ], [ -92.510243890119042, 16.698035220067805 ], [ -92.510636879718078, 16.698085520056647 ], [ -92.510857569755174, 16.698158249540313 ], [ -92.511004320091601, 16.698254120409167 ], [ -92.511470109873343, 16.698423449865633 ], [ -92.511641450360088, 16.698519489669945 ], [ -92.511647690009568, 16.698532993750327 ], [ -92.511674594578878, 16.698591225890752 ], [ -92.51169611468525, 16.698637803419619 ], [ -92.511762289766509, 16.698781029912421 ], [ -92.51190735034605, 16.699090140278283 ], [ -92.511955379928239, 16.699232680170791 ], [ -92.512100250304712, 16.699565479682224 ], [ -92.512120480184905, 16.700110620394732 ], [ -92.5127207400119, 16.701915910422247 ], [ -92.513031645260142, 16.704051553059948 ], [ -92.513040195741951, 16.704110285614675 ], [ -92.51304026913445, 16.704110787622188 ], [ -92.513049473543418, 16.70417401160703 ], [ -92.513093690356513, 16.704477739752754 ], [ -92.513557799907545, 16.704860310026021 ], [ -92.513679780091209, 16.70497967989019 ], [ -92.513826539566011, 16.705075550140709 ], [ -92.513924120465177, 16.705171059598626 ], [ -92.514046309833745, 16.705266740138736 ], [ -92.514192680073407, 16.705409999974446 ], [ -92.514339450444993, 16.705505859591977 ], [ -92.514510599797418, 16.705625599600236 ], [ -92.514680820000223, 16.705863820285057 ], [ -92.51480354951849, 16.705888420205749 ], [ -92.514974709830796, 16.706008149561832 ], [ -92.515169710108751, 16.706222860112312 ], [ -92.515389849905446, 16.70636665977235 ], [ -92.515491433043763, 16.706421039189827 ], [ -92.515659149678939, 16.706510819804731 ], [ -92.5159761398359, 16.706844890215169 ], [ -92.516122543726439, 16.707084206401646 ], [ -92.516302820096271, 16.707378889798619 ], [ -92.516311510410119, 16.707394060316144 ], [ -92.516202043830447, 16.707432024262864 ], [ -92.515301593224791, 16.707744300975232 ], [ -92.515124169941785, 16.707805830370674 ], [ -92.515090176025367, 16.70818826944063 ], [ -92.514935750436607, 16.709925550230725 ], [ -92.514353520243873, 16.716475749574972 ], [ -92.51416115017048, 16.717378690213774 ], [ -92.513996450324001, 16.718272230201105 ], [ -92.513799649722245, 16.719126949596191 ], [ -92.51352844998317, 16.719988539882323 ], [ -92.51331762970284, 16.720824420223583 ], [ -92.513004119908246, 16.722460720186604 ], [ -92.512913920092586, 16.723195220270849 ], [ -92.512928819921399, 16.724106139653834 ], [ -92.512788147224711, 16.724853753727363 ], [ -92.511993490354769, 16.729076880265026 ], [ -92.511959738157287, 16.729256248779283 ], [ -92.511835180104455, 16.729918169601635 ], [ -92.511682019758737, 16.730732179896744 ], [ -92.511748259612745, 16.732851879592772 ], [ -92.511791829983537, 16.734245860114367 ], [ -92.511878539615395, 16.73465299966751 ], [ -92.513153513579681, 16.736463769919304 ], [ -92.514511620404818, 16.738392550399841 ], [ -92.514821029543526, 16.73934958018889 ], [ -92.514850119758066, 16.740281089715673 ], [ -92.514892820243091, 16.741648120018052 ], [ -92.5141754298904, 16.744677799926851 ], [ -92.513542030149253, 16.746281539896192 ], [ -92.513001111061925, 16.747007323759291 ], [ -92.51287111255742, 16.747181750244806 ], [ -92.511955180355173, 16.748410690270564 ], [ -92.511912681139151, 16.748444244297715 ], [ -92.51104333364745, 16.749130608461485 ], [ -92.510991350107318, 16.749171650316462 ], [ -92.510704719994862, 16.749397949657393 ], [ -92.510689229885912, 16.749526249676954 ], [ -92.511001037031292, 16.74968224695667 ], [ -92.511991000255861, 16.750177520436178 ], [ -92.513169139872048, 16.750470600183476 ], [ -92.513767349530625, 16.750489620397872 ], [ -92.513858339949181, 16.750828949673718 ], [ -92.513907230005742, 16.751011319902009 ], [ -92.514270450333399, 16.75134688005511 ], [ -92.514826540117312, 16.7519212302475 ], [ -92.515141689557652, 16.752185259689174 ], [ -92.515724629810791, 16.752594550175807 ], [ -92.516780049664206, 16.753731000004514 ], [ -92.516852149876897, 16.753992339939945 ], [ -92.517021259698751, 16.754525999549973 ], [ -92.517034119791646, 16.755059290392449 ], [ -92.517031490357368, 16.756098480305706 ], [ -92.516944850379403, 16.758086519734494 ], [ -92.516657349602667, 16.759799109623497 ], [ -92.516489939664226, 16.762018170225144 ], [ -92.516156132587255, 16.763465066384633 ], [ -92.516121830147, 16.76361374985451 ], [ -92.515309139938353, 16.765052539815986 ], [ -92.514994770388071, 16.765467119626241 ], [ -92.514124909741014, 16.766614279550947 ], [ -92.513079340199539, 16.766994170152717 ], [ -92.511367370259848, 16.768630860232427 ], [ -92.510716819727136, 16.768669679909401 ], [ -92.510274709540582, 16.768711200119579 ], [ -92.510151750168973, 16.768733229760588 ], [ -92.509782550099956, 16.76882295044344 ], [ -92.509561829593878, 16.768820090017165 ], [ -92.50919032045141, 16.769075199732018 ], [ -92.508796259740407, 16.769188229983346 ], [ -92.508376370122846, 16.769395459860185 ], [ -92.508055229953484, 16.769556709928839 ], [ -92.507685369760509, 16.769693679609617 ], [ -92.507388420358737, 16.769878860046084 ], [ -92.50699402982066, 16.770015519675006 ], [ -92.506572799723301, 16.770317249833763 ], [ -92.50630136966015, 16.770431880144177 ], [ -92.505635550213043, 16.770683150221338 ], [ -92.505289879993782, 16.770844080009621 ], [ -92.504723820245488, 16.770978489889831 ], [ -92.504280050093186, 16.7711381397033 ], [ -92.503836939662307, 16.77125051977178 ], [ -92.501841780116095, 16.771838939845065 ], [ -92.50067928046974, 16.772238999714109 ], [ -92.500666419571203, 16.772201880159372 ], [ -92.500331140055536, 16.771229877103099 ], [ -92.500238660157876, 16.770961769880785 ], [ -92.499957399911253, 16.771031509629417 ], [ -92.499459000234793, 16.771156979761031 ], [ -92.498968570232023, 16.771273630275896 ], [ -92.498554180223906, 16.771348710434435 ], [ -92.498442420098087, 16.771356380216751 ], [ -92.497890979932393, 16.771407019974198 ], [ -92.497779895947289, 16.771439067513899 ], [ -92.496839859811956, 16.771710260100676 ], [ -92.495275430269174, 16.772230750365633 ], [ -92.495263080165103, 16.77223822012532 ], [ -92.494157480010657, 16.772316230090549 ], [ -92.493113540201534, 16.772515909813304 ], [ -92.49281831022931, 16.772587220319302 ], [ -92.492100909577687, 16.772764349860644 ], [ -92.491213649593249, 16.77291353961315 ], [ -92.491277339549569, 16.773182260100597 ], [ -92.49168245022031, 16.773794890461762 ], [ -92.492452910475819, 16.774755799623144 ], [ -92.492131949838139, 16.775044169952174 ], [ -92.489087310390332, 16.776989340244153 ], [ -92.487738391462031, 16.777970602668923 ], [ -92.486534450214762, 16.778846380180088 ], [ -92.486477480094365, 16.77888351026478 ], [ -92.486465000183927, 16.778747140377881 ], [ -92.485594680052841, 16.778591750340823 ], [ -92.485357339981491, 16.778034920130416 ], [ -92.485112290067832, 16.777825740412307 ], [ -92.484992969956295, 16.777252419859707 ], [ -92.483470150426712, 16.776187380425885 ], [ -92.482051999875154, 16.775009459824759 ], [ -92.481711749817222, 16.774497710418427 ], [ -92.48137151007019, 16.773985970277689 ], [ -92.472191029771693, 16.77946939988345 ], [ -92.467162103306777, 16.778132417472602 ] ] ] } },
{ "type": "Feature", "properties": { "CVEGEO": "07066", "CVE_ENT": "07", "CVE_MUN": "066", "NOMGEO": "Pantelhó", "Olvida2": 1, "Region": "V Altos Tsotsil Tseltal", "Cabecera": "San Cristóbal de Las Casas" }, "geometry": { "type": "Polygon", "coordinates": [ [ [ -92.430501250448842, 17.1231078899282 ], [ -92.427278489772021, 17.120913619953107 ], [ -92.416056629912205, 17.114099970223545 ], [ -92.414115920446321, 17.11300917017428 ], [ -92.408481230161172, 17.109841940223365 ], [ -92.406429660379843, 17.108084599839156 ], [ -92.402962310164597, 17.106068289811724 ], [ -92.399246089961906, 17.104835739865418 ], [ -92.396466629682038, 17.104440970105475 ], [ -92.393938449933643, 17.10397634009302 ], [ -92.393406089984879, 17.103792799094741 ], [ -92.39128911005929, 17.103062910161878 ], [ -92.390917607481327, 17.102787478356362 ], [ -92.389200580174446, 17.101514449571539 ], [ -92.387795690023964, 17.100297920404618 ], [ -92.3857590204003, 17.099981449796172 ], [ -92.384491309739303, 17.099937029587224 ], [ -92.38393868012875, 17.099917660292185 ], [ -92.383388109859439, 17.099999880125075 ], [ -92.383199150074702, 17.100187089569893 ], [ -92.381555319279101, 17.097663001204413 ], [ -92.380996998863964, 17.096844860518331 ], [ -92.380923259138186, 17.096686830518731 ], [ -92.380889628848522, 17.096667650586507 ], [ -92.380747338714158, 17.096414180410456 ], [ -92.381073479388775, 17.095622280884776 ], [ -92.382495999294903, 17.092594600703404 ], [ -92.382546726473777, 17.092479796531237 ], [ -92.382608785723747, 17.092339347224691 ], [ -92.382631018802911, 17.092289030855532 ], [ -92.382638848790577, 17.092235720980458 ], [ -92.382813478570924, 17.091892090635653 ], [ -92.383639659465317, 17.090012200726814 ], [ -92.384111419142315, 17.088940831264559 ], [ -92.384227849469127, 17.088705860845991 ], [ -92.384261618978144, 17.088521141283994 ], [ -92.384601648719212, 17.087054620917417 ], [ -92.384610119037063, 17.087019281253436 ], [ -92.384629618807907, 17.086945800843562 ], [ -92.384689949272811, 17.086587980873947 ], [ -92.384740148811247, 17.086375081229807 ], [ -92.384769968831975, 17.08595851104835 ], [ -92.3848109093408, 17.085796450506351 ], [ -92.384913878981564, 17.085463861156619 ], [ -92.385124418985626, 17.084920911025456 ], [ -92.385245909161441, 17.084518110646826 ], [ -92.385464889402328, 17.084113620563954 ], [ -92.385504249403837, 17.084048380813933 ], [ -92.385780919343588, 17.08350174093194 ], [ -92.386216488530508, 17.08249335110596 ], [ -92.38716408871035, 17.080996551027493 ], [ -92.387566998899175, 17.080360141120888 ], [ -92.387927618618406, 17.079575881136677 ], [ -92.388997659381829, 17.077628060552431 ], [ -92.390402378748931, 17.074862620442016 ], [ -92.391531750004404, 17.072579999976096 ], [ -92.393630770071738, 17.072890799589651 ], [ -92.395487920275428, 17.072088880209058 ], [ -92.395990380428856, 17.07148879960684 ], [ -92.400424740318996, 17.0661928197752 ], [ -92.401367969912641, 17.065023569795507 ], [ -92.401876879668905, 17.064473939765843 ], [ -92.402070369938315, 17.064235309885731 ], [ -92.402289649654918, 17.064090889961921 ], [ -92.402362139895459, 17.063995510390303 ], [ -92.402555019755809, 17.06370959977987 ], [ -92.402749119997992, 17.063518229942897 ], [ -92.402870739825858, 17.063422250230904 ], [ -92.402844949944495, 17.063328019563478 ], [ -92.40281766015012, 17.063115649884462 ], [ -92.402791570057204, 17.062997779859899 ], [ -92.40278882969352, 17.062785119696201 ], [ -92.404312570132248, 17.062292090105483 ], [ -92.405697510404806, 17.061947090141459 ], [ -92.40618498027176, 17.061899219787737 ], [ -92.406775059609501, 17.061851649885547 ], [ -92.407698710354396, 17.061755739709298 ], [ -92.408571380401128, 17.061561089876552 ], [ -92.40913719983547, 17.061069750063375 ], [ -92.409472259937147, 17.060553090035121 ], [ -92.409756950307482, 17.059740489601282 ], [ -92.409966719842899, 17.058286799678029 ], [ -92.409970979684118, 17.056931119864025 ], [ -92.409751309708298, 17.055076820168473 ], [ -92.409740311667079, 17.054983986761396 ], [ -92.409702022909585, 17.054660810946459 ], [ -92.409665720346524, 17.054354400027407 ], [ -92.409617022913693, 17.054161332659309 ], [ -92.409031450076597, 17.051839689637816 ], [ -92.408977979461469, 17.051664296648283 ], [ -92.408305050040383, 17.049456949576097 ], [ -92.407759749580109, 17.047824200292986 ], [ -92.407374215481454, 17.047432046821122 ], [ -92.40726081838055, 17.047316702520153 ], [ -92.407177380001187, 17.047231830319081 ], [ -92.404443310162662, 17.046245750216588 ], [ -92.399842950041474, 17.034294820156223 ], [ -92.410398170296489, 17.030895520319387 ], [ -92.415064480079835, 17.028751860418094 ], [ -92.418380970369284, 17.026842800195762 ], [ -92.417770819757891, 17.026275680321 ], [ -92.417170220210139, 17.02589244974293 ], [ -92.416536860084733, 17.025629350229462 ], [ -92.415885429861063, 17.025432739925964 ], [ -92.415357919787667, 17.024807739604647 ], [ -92.415081109863294, 17.024431580062547 ], [ -92.414804289954745, 17.024055450289914 ], [ -92.414435940281507, 17.023341859942072 ], [ -92.414127089912, 17.022382750006823 ], [ -92.413856030367569, 17.021194859962751 ], [ -92.413503339926677, 17.020607980380287 ], [ -92.412600820356033, 17.019669689632849 ], [ -92.411971220061588, 17.019030420414548 ], [ -92.41197382996404, 17.0181956300734 ], [ -92.412528550242456, 17.017514179570497 ], [ -92.412919460333555, 17.016139850021318 ], [ -92.412658180068192, 17.015191620405286 ], [ -92.411573739852869, 17.014109599973558 ], [ -92.410536319597938, 17.013278169581213 ], [ -92.409610119510347, 17.012357920295148 ], [ -92.409147459801247, 17.011747580278822 ], [ -92.408785919625828, 17.011226850375611 ], [ -92.408540349729222, 17.010596769578466 ], [ -92.407978380244501, 17.010017939957162 ], [ -92.408338400207427, 17.009723109967101 ], [ -92.408974890238923, 17.009000259630184 ], [ -92.409527050083497, 17.008449749892236 ], [ -92.41012674974121, 17.007979939725175 ], [ -92.410522630331457, 17.007647540244225 ], [ -92.411362719960493, 17.006844819756093 ], [ -92.412095170227374, 17.006041720218814 ], [ -92.412455370384677, 17.005651660036548 ], [ -92.413391580160237, 17.00472266038382 ], [ -92.414479970235078, 17.003466110254511 ], [ -92.41483271996124, 17.003058849703546 ], [ -92.415600689636832, 17.002347919582558 ], [ -92.415887549975693, 17.001988950254912 ], [ -92.41645364999404, 17.001280549618357 ], [ -92.417481580079098, 17.00102768956053 ], [ -92.417703170361236, 17.000973180323289 ], [ -92.418028109914943, 17.000893249551989 ], [ -92.418337379796952, 17.000817169732933 ], [ -92.418649320046327, 17.000747049921852 ], [ -92.419212680355812, 17.00062038003173 ], [ -92.420031580127471, 17.000436259869943 ], [ -92.420934750312441, 17.000233200168431 ], [ -92.421725779902616, 17.000055339727016 ], [ -92.422684829911901, 16.99959357020618 ], [ -92.423616849850461, 16.99877588019703 ], [ -92.424262800407888, 16.998202399731905 ], [ -92.424722000444532, 16.99779471975387 ], [ -92.425563319939727, 16.996884030080448 ], [ -92.42566625008044, 16.996772619557124 ], [ -92.426606229703111, 16.995886740382883 ], [ -92.427592719832361, 16.994957019781292 ], [ -92.427978649526082, 16.994593280368182 ], [ -92.429039769920649, 16.993480780332781 ], [ -92.437251419886934, 16.986135750301642 ], [ -92.438320059594645, 16.98517980014455 ], [ -92.439226400132526, 16.984369050384682 ], [ -92.43930876984173, 16.984294799845792 ], [ -92.447433169626521, 16.977029820668406 ], [ -92.467153379865891, 16.973555220874264 ], [ -92.472299629987106, 16.973143890710837 ], [ -92.479605550037107, 16.971509350161764 ], [ -92.485362490258453, 16.970923220403066 ], [ -92.486227199493442, 16.970579952153894 ], [ -92.486622199791512, 16.970443309609951 ], [ -92.48696943039792, 16.970211449913229 ], [ -92.487634949919212, 16.970054710034145 ], [ -92.487956280328575, 16.969917079698622 ], [ -92.488500319761357, 16.969664169620412 ], [ -92.488897019759037, 16.969409320760867 ], [ -92.490928180061942, 16.968230280335927 ], [ -92.493318000132334, 16.96863971056295 ], [ -92.492402169793692, 16.971816170118824 ], [ -92.492549139876331, 16.973427881214974 ], [ -92.49282824951473, 16.97492515223065 ], [ -92.493382679801343, 16.976366252018774 ], [ -92.493960319825931, 16.977945520882535 ], [ -92.49433691991895, 16.979098060505166 ], [ -92.494628059839712, 16.980583889593291 ], [ -92.495054549553558, 16.981345430080342 ], [ -92.495597919856309, 16.98262537061693 ], [ -92.495920179891399, 16.985020400616708 ], [ -92.496308169743855, 16.986288060811535 ], [ -92.496467620401518, 16.987807779731362 ], [ -92.496735179561455, 16.989235950005693 ], [ -92.49718254966038, 16.990584461268622 ], [ -92.497511060249977, 16.991794290182895 ], [ -92.497757309917077, 16.99272754981406 ], [ -92.498131060293616, 16.994432420721182 ], [ -92.498259595276295, 16.99508188037478 ], [ -92.49834078000238, 16.995492090072609 ], [ -92.498316889683949, 16.995800600122269 ], [ -92.498276650253928, 16.996320290292822 ], [ -92.498174935824935, 16.996471877902501 ], [ -92.49763784974175, 16.997272289916896 ], [ -92.49722140828861, 16.997990554832796 ], [ -92.497118909968194, 16.998167340620988 ], [ -92.496852799971506, 16.998741399916174 ], [ -92.496546379848766, 16.999454689884534 ], [ -92.496592800207139, 17.000856780743241 ], [ -92.496662200003627, 17.002954030867404 ], [ -92.507859649793389, 17.00365792001444 ], [ -92.50819192041034, 17.003906980404853 ], [ -92.508464179493515, 17.004370370454883 ], [ -92.508619260342769, 17.004634319956416 ], [ -92.508945829830807, 17.005173829640963 ], [ -92.509092430126614, 17.005447059987024 ], [ -92.509197769799442, 17.005643380287669 ], [ -92.509768659726575, 17.006085320089266 ], [ -92.510021000728074, 17.006312448767666 ], [ -92.510390260022476, 17.006644800271495 ], [ -92.51091141988546, 17.007040089917691 ], [ -92.511633169952077, 17.007740119547908 ], [ -92.512501319900849, 17.008367419682145 ], [ -92.513172060428218, 17.008926280402672 ], [ -92.513646319877267, 17.009487579588072 ], [ -92.513895420050702, 17.009744450021266 ], [ -92.514145150311094, 17.010048579735642 ], [ -92.514223599852812, 17.010402110219477 ], [ -92.514325659790529, 17.0106844501822 ], [ -92.51445227981516, 17.010966479814229 ], [ -92.514701369798843, 17.011223339637816 ], [ -92.514776650175406, 17.011340570552822 ], [ -92.51500404968921, 17.011810420101071 ], [ -92.515307030269952, 17.012421119911668 ], [ -92.515661060190737, 17.013172979578972 ], [ -92.51568814948935, 17.01336172079905 ], [ -92.515740460109171, 17.013597419670411 ], [ -92.515768199545747, 17.013833400495951 ], [ -92.515787915564815, 17.013938740037112 ], [ -92.515794680223252, 17.013974879720649 ], [ -92.515771060379507, 17.014046080406938 ], [ -92.515799120073922, 17.014305690368751 ], [ -92.515825599937529, 17.014447169651373 ], [ -92.515877909951143, 17.014682859818056 ], [ -92.515881080170956, 17.014919150241614 ], [ -92.516031940348725, 17.015177249685781 ], [ -92.516157619610567, 17.015388380418798 ], [ -92.516185030269739, 17.015600750420166 ], [ -92.516237980470109, 17.015883689862523 ], [ -92.51619044971028, 17.016002460205709 ], [ -92.516144180293509, 17.016215740013653 ], [ -92.515875589558291, 17.016503093448872 ], [ -92.515853599589278, 17.016526620110916 ], [ -92.515732379989672, 17.016646290296908 ], [ -92.51541342013526, 17.016673909731793 ], [ -92.515242450047154, 17.01674693968781 ], [ -92.515089379946033, 17.016802662132207 ], [ -92.515059385095753, 17.016813582050808 ], [ -92.514973550110454, 17.016844830158654 ], [ -92.514703379729809, 17.0168482000044 ], [ -92.514408020274502, 17.016804619661514 ], [ -92.514111709805988, 17.016690140334273 ], [ -92.513840259561022, 17.01659897967215 ], [ -92.513666749847474, 17.016482970293684 ], [ -92.513394679736749, 17.016344550162962 ], [ -92.513294850179989, 17.016227630331059 ], [ -92.513072219595571, 17.01611224978371 ], [ -92.512751019688963, 17.015974430202888 ], [ -92.512602379750476, 17.015881749601078 ], [ -92.512354880037051, 17.015743029863422 ], [ -92.512132879758866, 17.015674890914266 ], [ -92.511813259590809, 17.01565525034021 ], [ -92.511027340145574, 17.015665031107435 ], [ -92.51070995001335, 17.015810780138359 ], [ -92.510463709865491, 17.015766580272313 ], [ -92.509980429858032, 17.016363451323393 ], [ -92.50951602013437, 17.016534659687458 ], [ -92.509371179796702, 17.016725539754574 ], [ -92.508906430183572, 17.016873119669309 ], [ -92.508661459818214, 17.016923430035568 ], [ -92.508294319750931, 17.017022540465593 ], [ -92.508122080285389, 17.01700105022989 ], [ -92.50777727970501, 17.016934429936693 ], [ -92.507471599891289, 17.016883570133672 ], [ -92.505888979686432, 17.020924621184502 ], [ -92.5056684558066, 17.021420165861617 ], [ -92.505405090035964, 17.022011979555799 ], [ -92.504176939995901, 17.026141461320165 ], [ -92.50364703003882, 17.029193690512354 ], [ -92.503556020377033, 17.030602451224162 ], [ -92.504592569933862, 17.03029387976553 ], [ -92.50473218023896, 17.029868179825996 ], [ -92.504899340221883, 17.029495819826018 ], [ -92.505342689768597, 17.02941702046553 ], [ -92.50609034042165, 17.029472079589137 ], [ -92.506700550075777, 17.029127421270974 ], [ -92.507366170278701, 17.028782880633997 ], [ -92.507892739605239, 17.028651020908971 ], [ -92.508363849901059, 17.028545650960996 ], [ -92.509001479507987, 17.028307551123103 ], [ -92.509639309602719, 17.027989570806263 ], [ -92.512187079962331, 17.028086080381978 ], [ -92.513476779738696, 17.028281649859373 ], [ -92.513792820233931, 17.028329570382713 ], [ -92.514262339634072, 17.028836599575627 ], [ -92.51442733961494, 17.029289651077445 ], [ -92.514120679728919, 17.030061089938005 ], [ -92.513288969707844, 17.03037863012111 ], [ -92.512873179732537, 17.030510770174882 ], [ -92.512458149527646, 17.03035002015821 ], [ -92.512264220369715, 17.030376170175874 ], [ -92.512041199656721, 17.03093480104225 ], [ -92.511596399692593, 17.031572780928396 ], [ -92.51123517031489, 17.032024569610304 ], [ -92.51106732007473, 17.032663200881554 ], [ -92.510871650358851, 17.033355030538406 ], [ -92.510537749555397, 17.033940020393949 ], [ -92.510480910049012, 17.034499051524822 ], [ -92.510396829990214, 17.034871620052531 ], [ -92.510256619512987, 17.035536951194121 ], [ -92.510253770319409, 17.036628651360616 ], [ -92.510030580075167, 17.037240520200498 ], [ -92.509530579874422, 17.037798480501031 ], [ -92.508836689622896, 17.038355970136248 ], [ -92.508391399654471, 17.039166830212039 ], [ -92.507501379659431, 17.040575890525709 ], [ -92.507084029954527, 17.041293820913598 ], [ -92.506638479629004, 17.042198051024926 ], [ -92.505777819939709, 17.042968121873582 ], [ -92.504585110081749, 17.043604259567193 ], [ -92.504233415274811, 17.043750773859582 ], [ -92.504095420221532, 17.043808260428385 ], [ -92.503959707477819, 17.04386479674638 ], [ -92.503530080844399, 17.044043772068306 ], [ -92.503352538879952, 17.044117738039578 ], [ -92.503321219625548, 17.044130781630621 ], [ -92.503169019856145, 17.044194179907091 ], [ -92.503060030138485, 17.044239580118095 ], [ -92.502781079518144, 17.044602338820923 ], [ -92.502716818011919, 17.044685908643679 ], [ -92.502640579735356, 17.044785049766393 ], [ -92.502365169877706, 17.045143199694426 ], [ -92.502113549870259, 17.046021259838373 ], [ -92.501751429715981, 17.046792550299209 ], [ -92.501602000088155, 17.047393690338019 ], [ -92.501563999520982, 17.047827430190043 ], [ -92.501535779538983, 17.048048690291257 ], [ -92.501461419658895, 17.048305260330526 ], [ -92.501423919897476, 17.048553060274759 ], [ -92.501367880394639, 17.04884509003838 ], [ -92.501348784679394, 17.048977120876661 ], [ -92.501311579957104, 17.049234510166311 ], [ -92.501882520057265, 17.049575200389558 ], [ -92.50213047962869, 17.050081709888051 ], [ -92.502360180187267, 17.050929950014009 ], [ -92.502580632557397, 17.051071016431564 ], [ -92.502686079582361, 17.051138479976629 ], [ -92.503289740328597, 17.051653379625005 ], [ -92.504202540325778, 17.052110399611863 ], [ -92.504949510350116, 17.052458370190518 ], [ -92.505973109956656, 17.052940140379466 ], [ -92.506387480138926, 17.053367179939052 ], [ -92.507355220382593, 17.054035200775175 ], [ -92.507963619967185, 17.054409449674527 ], [ -92.509292089967289, 17.054838681109185 ], [ -92.510232550166108, 17.05534685963945 ], [ -92.510702539915727, 17.05569414149921 ], [ -92.511172179578978, 17.05617455045013 ], [ -92.512374980220883, 17.056992019626559 ], [ -92.512928290104696, 17.057259619839105 ], [ -92.513259310388293, 17.057792941116176 ], [ -92.513368579585091, 17.058378980952106 ], [ -92.513505710202168, 17.058911850120428 ], [ -92.513892750385693, 17.059205680924858 ], [ -92.515249110260143, 17.059581690380142 ], [ -92.516799430274091, 17.059931520530785 ], [ -92.517658019774416, 17.059986821030598 ], [ -92.517767980051758, 17.060306599777469 ], [ -92.517822370386142, 17.060706140504525 ], [ -92.518208939956324, 17.061186319983964 ], [ -92.518707000134469, 17.061400520840202 ], [ -92.519344460423042, 17.061268909963324 ], [ -92.519871380127512, 17.061030509955071 ], [ -92.520342770291947, 17.060845230166866 ], [ -92.520758419650861, 17.060792950014331 ], [ -92.521257090008973, 17.060767509888286 ], [ -92.521616859907837, 17.060901491242031 ], [ -92.521948520099045, 17.061195170045028 ], [ -92.522958680205519, 17.061551570611854 ], [ -92.523512420257703, 17.061659380954925 ], [ -92.523982919502856, 17.061820250739903 ], [ -92.524204179842712, 17.061953891089683 ], [ -92.524452820429374, 17.062220740351592 ], [ -92.524729080207763, 17.062514291224275 ], [ -92.525033659723505, 17.062568250638812 ], [ -92.525283029807966, 17.062542221974105 ], [ -92.525587200424823, 17.062755940217087 ], [ -92.525697120367283, 17.063102340818944 ], [ -92.526083999684474, 17.063476021321254 ], [ -92.526582420201819, 17.063557061265126 ], [ -92.526942180007296, 17.063691029922627 ], [ -92.527024949928432, 17.063824350057274 ], [ -92.527329260220412, 17.06398483009481 ], [ -92.527578779761711, 17.063905519791568 ], [ -92.527856119553476, 17.063773029746468 ], [ -92.528104970341531, 17.06396000020775 ], [ -92.528520419860087, 17.063987600239876 ], [ -92.528741019666953, 17.064387511587775 ], [ -92.529045320263364, 17.064547971178325 ], [ -92.529350310163181, 17.064442170479197 ], [ -92.529543550122526, 17.064708889731147 ], [ -92.529820629658445, 17.064682910104953 ], [ -92.530152450325772, 17.064923311255964 ], [ -92.530456619881008, 17.06513703047121 ], [ -92.530705119922843, 17.06545712171906 ], [ -92.530759800086315, 17.065750140083942 ], [ -92.530952569985303, 17.06620325184641 ], [ -92.53103501979021, 17.066469710812942 ], [ -92.531449859573002, 17.066736919605454 ], [ -92.53169965026882, 17.066551119658627 ], [ -92.532142739777868, 17.066605401272373 ], [ -92.532446780325472, 17.066872350476004 ], [ -92.532861779610698, 17.06708631976549 ], [ -92.533165509916273, 17.06748642993033 ], [ -92.533359620159828, 17.067407000139646 ], [ -92.533913780346523, 17.06735502179561 ], [ -92.534218090076806, 17.067515480528769 ], [ -92.534273230364079, 17.067622110524926 ], [ -92.53468849028819, 17.067729570044371 ], [ -92.534854970351887, 17.067623451007929 ], [ -92.535408679968569, 17.067757849788382 ], [ -92.53598987959522, 17.067972180240048 ], [ -92.536875879684914, 17.068160602198539 ], [ -92.537170400297313, 17.068436349629284 ], [ -92.537928060038595, 17.068724430011347 ], [ -92.53842389039562, 17.069037940453168 ], [ -92.538978180398317, 17.069390219845708 ], [ -92.539531449626338, 17.069710981305118 ], [ -92.539752020126613, 17.070137519770974 ], [ -92.539917250275678, 17.070537290590067 ], [ -92.540193599692245, 17.070804179697273 ], [ -92.540553800228494, 17.070778371347391 ], [ -92.540913739586074, 17.070859080624476 ], [ -92.541162080204529, 17.071259029630891 ], [ -92.542054859812879, 17.071582450330673 ], [ -92.542442750243808, 17.07155668963588 ], [ -92.542885480183585, 17.07177069037532 ], [ -92.543408630286805, 17.07238420034221 ], [ -92.543707920029348, 17.072460950356227 ], [ -92.54349119963814, 17.072769220030878 ], [ -92.543457799625244, 17.07340431961471 ], [ -92.543416710314787, 17.073976580139693 ], [ -92.543260259966615, 17.074299029645267 ], [ -92.542948380474755, 17.074534519700215 ], [ -92.542965579703562, 17.07563672040121 ], [ -92.543300969729813, 17.076524150063261 ], [ -92.543224089677821, 17.077025979904398 ], [ -92.543337750096114, 17.077319349665125 ], [ -92.543585090037524, 17.077521430393041 ], [ -92.544137690415724, 17.077614280232783 ], [ -92.544594679933354, 17.077835149847804 ], [ -92.545260819909771, 17.07827631960301 ], [ -92.545679799854, 17.078442140356429 ], [ -92.54594619995396, 17.078644260187879 ], [ -92.546498180113261, 17.078993579641729 ], [ -92.546842580224578, 17.079387019982157 ], [ -92.547058659686741, 17.079952450099906 ], [ -92.54720997976591, 17.080615059639641 ], [ -92.547246880138289, 17.080974979690904 ], [ -92.547323889572638, 17.081419740286197 ], [ -92.547609630314398, 17.081961549580299 ], [ -92.54808303014876, 17.082359660149493 ], [ -92.548312260020552, 17.082669569847972 ], [ -92.548263800186618, 17.083065920071995 ], [ -92.548774980284222, 17.083144310079454 ], [ -92.549631399854817, 17.083751600091453 ], [ -92.550194550096535, 17.084135480199429 ], [ -92.550618319665276, 17.084525429903319 ], [ -92.55124062995371, 17.085145400299645 ], [ -92.552918430321441, 17.08642114973976 ], [ -92.553442770319663, 17.0869720298058 ], [ -92.553896679511155, 17.087526450303159 ], [ -92.554416799853072, 17.087917629652374 ], [ -92.555042980244451, 17.088221969583088 ], [ -92.555640020444315, 17.088479490063893 ], [ -92.556330880225531, 17.088570000208215 ], [ -92.557042550241732, 17.088907050056953 ], [ -92.557483090078406, 17.089407799575564 ], [ -92.557650119552861, 17.089624140078506 ], [ -92.55781108005219, 17.090240939582376 ], [ -92.557830509777276, 17.090496939938745 ], [ -92.558029770391428, 17.091100549804025 ], [ -92.558033419862127, 17.091367289587403 ], [ -92.55800928036966, 17.091625880095169 ], [ -92.558008169851206, 17.09209697981813 ], [ -92.558158140347146, 17.092652229904626 ], [ -92.558423600167657, 17.093029259708672 ], [ -92.55885855034424, 17.093357120385857 ], [ -92.559127289841527, 17.093524779927563 ], [ -92.559516379856646, 17.093686059626368 ], [ -92.560131630001067, 17.093945679853132 ], [ -92.560457970203728, 17.094411919698924 ], [ -92.560713749718076, 17.094699939797689 ], [ -92.560959219687476, 17.094813400119975 ], [ -92.561300260140243, 17.095173490401589 ], [ -92.561598279722162, 17.09564637028295 ], [ -92.561864400124577, 17.096067910189308 ], [ -92.561927340376641, 17.096581379896346 ], [ -92.561894109620653, 17.097063860178491 ], [ -92.561916020288734, 17.097539540057376 ], [ -92.562041890465395, 17.098432599955579 ], [ -92.561736619844211, 17.098345649713167 ], [ -92.56133217997629, 17.098431079978354 ], [ -92.561124140216265, 17.099034910038245 ], [ -92.561278910236354, 17.101387860185618 ], [ -92.561383679902136, 17.101948820135192 ], [ -92.56162509018634, 17.102619979596813 ], [ -92.562281599716442, 17.103017399622836 ], [ -92.563300969634994, 17.103472119833278 ], [ -92.564506520285732, 17.104040429845604 ], [ -92.565123849938161, 17.104409450195245 ], [ -92.565290120414787, 17.104626689971791 ], [ -92.565310109768774, 17.105032909704871 ], [ -92.564801890294419, 17.105572080320744 ], [ -92.564181750374217, 17.106247120156233 ], [ -92.563699550109035, 17.10692599988365 ], [ -92.563067199533492, 17.107439480264276 ], [ -92.562590619663325, 17.107564340284558 ], [ -92.561876449700904, 17.107448340429475 ], [ -92.561389230283453, 17.107023970326217 ], [ -92.560783659548093, 17.106278919872363 ], [ -92.560308659833609, 17.105728709971501 ], [ -92.560011679685147, 17.105441980313195 ], [ -92.558884169624591, 17.104696029645165 ], [ -92.558263600039041, 17.104442750106866 ], [ -92.557703910391567, 17.104464419658342 ], [ -92.557548079881357, 17.104875999936052 ], [ -92.55745176961311, 17.105344889941602 ], [ -92.557282709958571, 17.106339970155464 ], [ -92.557280379741954, 17.107323949993141 ], [ -92.557243600111903, 17.107758630411631 ], [ -92.557409350378194, 17.108159480341875 ], [ -92.558085489674838, 17.108735779864581 ], [ -92.558770620021264, 17.10888097019712 ], [ -92.560129350037712, 17.108776169628694 ], [ -92.561260520320147, 17.108675169884961 ], [ -92.562428260225786, 17.10888363029078 ], [ -92.563276140144325, 17.10924228013608 ], [ -92.564017219952021, 17.109906550039319 ], [ -92.564932449753059, 17.111736349628202 ], [ -92.564892090246246, 17.112882260401847 ], [ -92.564673720436758, 17.113507219891403 ], [ -92.564682849792561, 17.114003629568131 ], [ -92.56474348960198, 17.114609309727555 ], [ -92.564813970132306, 17.115373880337231 ], [ -92.564885349953627, 17.115781079757841 ], [ -92.564822939560287, 17.115969549683012 ], [ -92.564595399790107, 17.116078250273112 ], [ -92.564099350019035, 17.116106999560667 ], [ -92.560561090261359, 17.115027399812782 ], [ -92.557598113750316, 17.113841522585684 ], [ -92.556958829977688, 17.113585650398431 ], [ -92.555107196961615, 17.112442033579669 ], [ -92.554646680014102, 17.112157599789018 ], [ -92.553984549580036, 17.111857029902559 ], [ -92.553462949179803, 17.11171958502231 ], [ -92.553061200031152, 17.111613719654777 ], [ -92.552737555973835, 17.111720756422653 ], [ -92.552222865064508, 17.111890975714594 ], [ -92.552065324295612, 17.111943077306982 ], [ -92.551979801789258, 17.111971360991994 ], [ -92.551814860232128, 17.112025910220208 ], [ -92.550830369568487, 17.112149170036719 ], [ -92.550321423475154, 17.112115579227272 ], [ -92.549583779790026, 17.112066890041209 ], [ -92.548469429616915, 17.111524649587434 ], [ -92.54782580025315, 17.111220799953418 ], [ -92.547248719940995, 17.110876550194774 ], [ -92.547164720433656, 17.110468109845595 ], [ -92.547753060304544, 17.109820739765631 ], [ -92.548782109618202, 17.109221570121985 ], [ -92.54950317000241, 17.108950779893199 ], [ -92.549821030283326, 17.108448980448074 ], [ -92.55021247993551, 17.108204879618381 ], [ -92.550745179644409, 17.108539179975647 ], [ -92.551551819908426, 17.109045379689338 ], [ -92.551926979944298, 17.109090569722049 ], [ -92.552284430012904, 17.108862709986003 ], [ -92.552720370027856, 17.108541380198346 ], [ -92.553417599858363, 17.108289680097336 ], [ -92.554071220045273, 17.107935819777818 ], [ -92.554259740358461, 17.107282979922587 ], [ -92.554175680317186, 17.106890880355397 ], [ -92.553717629683433, 17.106546890014904 ], [ -92.553214319622057, 17.106697139659367 ], [ -92.552159660053647, 17.106803380080233 ], [ -92.551519059765269, 17.106982879922288 ], [ -92.550897910017738, 17.106909120360591 ], [ -92.549881940123853, 17.106599290451779 ], [ -92.549336709638638, 17.106272460343877 ], [ -92.548357849682247, 17.106179829743297 ], [ -92.54754806030482, 17.106268480117741 ], [ -92.546718719800708, 17.106628449656476 ], [ -92.545851750066504, 17.106988340091032 ], [ -92.545086139692245, 17.107469120005316 ], [ -92.544237550071742, 17.107416250453639 ], [ -92.543758780357948, 17.10797588985735 ], [ -92.543492079825512, 17.108586980372042 ], [ -92.54295989032174, 17.109299429884125 ], [ -92.542269180444919, 17.109756649901946 ], [ -92.541999080266748, 17.111744049764084 ], [ -92.542301369880008, 17.112235920013596 ], [ -92.54400681962737, 17.115010940068768 ], [ -92.543757249563285, 17.11535006024954 ], [ -92.540415280021861, 17.115463340149461 ], [ -92.541079520416389, 17.118751139640676 ], [ -92.540708429907852, 17.11887755012248 ], [ -92.538915970448699, 17.11946021959043 ], [ -92.538719849726036, 17.120112320295103 ], [ -92.53627058067498, 17.128255558199633 ], [ -92.536065403830008, 17.128937681326718 ], [ -92.535981290229614, 17.129217320249282 ], [ -92.535587450338369, 17.129156580447795 ], [ -92.535498080309679, 17.129133140369778 ], [ -92.535363449527438, 17.129478970051053 ], [ -92.534981750122853, 17.130427420290946 ], [ -92.534922119952824, 17.130565680184304 ], [ -92.534905436251876, 17.130630319080058 ], [ -92.534898940106615, 17.130655489653265 ], [ -92.534446850427628, 17.131844050269905 ], [ -92.534401570424549, 17.131961779878562 ], [ -92.534148679632722, 17.132659689960114 ], [ -92.5341228495232, 17.132728580139943 ], [ -92.532542890350911, 17.132212657375732 ], [ -92.532461733818835, 17.132186155779657 ], [ -92.532430892589019, 17.132176084416813 ], [ -92.532344092532341, 17.132147739929543 ], [ -92.531095940053845, 17.131740150274034 ], [ -92.521557370193648, 17.1316230598344 ], [ -92.521505200038192, 17.119990220226018 ], [ -92.521495030304891, 17.115958749710689 ], [ -92.520554289841726, 17.1118296902428 ], [ -92.52050077954901, 17.111594860033463 ], [ -92.520381379965301, 17.110607580090566 ], [ -92.520141199655981, 17.108621489934819 ], [ -92.519973379968746, 17.107111029896821 ], [ -92.519913089641037, 17.106284599697904 ], [ -92.519805880211578, 17.105624180143447 ], [ -92.519878320357975, 17.105528750427851 ], [ -92.520073630382868, 17.105431780198217 ], [ -92.520173180140759, 17.105525079819699 ], [ -92.520370399612887, 17.105569880038448 ], [ -92.520468370273122, 17.105545030329782 ], [ -92.520713460023529, 17.105494690264656 ], [ -92.520884830088519, 17.105445290451275 ], [ -92.521080450275491, 17.10537195022949 ], [ -92.521251489860944, 17.105298910236812 ], [ -92.521325220356744, 17.105297999972155 ], [ -92.521569980235029, 17.105224029687498 ], [ -92.521740710281662, 17.10512736974411 ], [ -92.52188559981964, 17.104936490382144 ], [ -92.522055050450277, 17.104745310049747 ], [ -92.522296630441559, 17.104435049716763 ], [ -92.52241789035115, 17.104315370205487 ], [ -92.522464490362651, 17.104125719724564 ], [ -92.522560539598246, 17.103959079662193 ], [ -92.52258191983492, 17.103722479976902 ], [ -92.522577139874002, 17.103368029774398 ], [ -92.522550020359873, 17.103179290227711 ], [ -92.522597250226696, 17.10303691025528 ], [ -92.52261959958237, 17.102871179677795 ], [ -92.52266681984122, 17.102728800067609 ], [ -92.522690120264301, 17.102633969679058 ], [ -92.522738309690794, 17.102562459685434 ], [ -92.522736079691612, 17.102397059858863 ], [ -92.522832450042685, 17.102254050231551 ], [ -92.523000939961733, 17.101991970325439 ], [ -92.523220170016302, 17.101847429810057 ], [ -92.523342709607505, 17.101822279808303 ], [ -92.523613000397972, 17.101818889956483 ], [ -92.523958600013671, 17.101932739858231 ], [ -92.524106029573687, 17.101930910333675 ], [ -92.524230820084696, 17.102071139667885 ], [ -92.524478120329363, 17.102186219678213 ], [ -92.524577369821259, 17.102255879889039 ], [ -92.52472511987969, 17.102277679657281 ], [ -92.524749689979572, 17.102277369846018 ], [ -92.524971479777065, 17.102321859545231 ], [ -92.525289950076385, 17.10224696984001 ], [ -92.525733520021944, 17.10233597018858 ], [ -92.525882859527528, 17.102475910319836 ], [ -92.525884150144151, 17.102570419700953 ], [ -92.525862770322789, 17.102807029878317 ], [ -92.525865000268837, 17.102972430443746 ], [ -92.525891169747595, 17.103090279914415 ], [ -92.525918620170387, 17.103302630147972 ], [ -92.526020420356943, 17.103561340052622 ], [ -92.526095419742774, 17.103654940191948 ], [ -92.526269019901619, 17.103770920020921 ], [ -92.526368570467994, 17.103864219611385 ], [ -92.526713539530206, 17.103930800177753 ], [ -92.526885549631544, 17.103928650127326 ], [ -92.52705691035969, 17.103879250271977 ], [ -92.5273007198155, 17.10373438014874 ], [ -92.527546429609757, 17.103731309672465 ], [ -92.527693229818141, 17.103682220031907 ], [ -92.527863949847742, 17.103585540437933 ], [ -92.527986490314873, 17.103560370264425 ], [ -92.528180199631208, 17.103345249812865 ], [ -92.528302739765081, 17.1033200802915 ], [ -92.528472829549486, 17.103176140062125 ], [ -92.528643229956231, 17.103055849792298 ], [ -92.52883980023023, 17.103053380131666 ], [ -92.529010219646011, 17.102933079849667 ], [ -92.52930282968569, 17.102763970167555 ], [ -92.529351339881288, 17.102716109855514 ], [ -92.529620350338959, 17.102618200450177 ], [ -92.529912659521898, 17.102425460235224 ], [ -92.530132520450977, 17.10232816984016 ], [ -92.530373770218731, 17.101994279607069 ], [ -92.530297170256688, 17.101782540209143 ], [ -92.530148139928059, 17.101666230402014 ], [ -92.529926350072756, 17.101621740345681 ], [ -92.529778599585157, 17.101599950261065 ], [ -92.529631169973797, 17.101601819747355 ], [ -92.529286219621525, 17.101535229927251 ], [ -92.529136540088814, 17.101371659809466 ], [ -92.52896231032102, 17.101208420329431 ], [ -92.52896006019003, 17.101043000287927 ], [ -92.528712750319627, 17.100927920204615 ], [ -92.52858734043798, 17.100740429647413 ], [ -92.528558600218545, 17.100433549659154 ], [ -92.528530520287134, 17.100173919770342 ], [ -92.52852284996888, 17.099606820101304 ], [ -92.528612829735664, 17.098991199793772 ], [ -92.528854709883646, 17.098704570228421 ], [ -92.529291880309557, 17.098320950181737 ], [ -92.529609690442641, 17.098198819983043 ], [ -92.529804030230508, 17.098030939841916 ], [ -92.529974109989965, 17.097887000064027 ], [ -92.530193019556336, 17.097718829738078 ], [ -92.530435849638138, 17.0975030795904 ], [ -92.530654110018176, 17.097287649887125 ], [ -92.530919279784612, 17.096906170210897 ], [ -92.531015320405075, 17.096739539977357 ], [ -92.531135620284431, 17.09654895005982 ], [ -92.531133370131371, 17.09638354970766 ], [ -92.531252380108882, 17.096098450073814 ], [ -92.531394690358979, 17.095718520411506 ], [ -92.531489459535038, 17.095457370078083 ], [ -92.531511149740709, 17.095244380068998 ], [ -92.53163112025652, 17.09503018021131 ], [ -92.531845540215798, 17.094531180047674 ], [ -92.532039549913549, 17.094339680273471 ], [ -92.532207709672292, 17.094053969891061 ], [ -92.532374580177986, 17.093673740298396 ], [ -92.532421150469958, 17.093484079627071 ], [ -92.532493580374179, 17.09338862990916 ], [ -92.532562820393025, 17.09305689039946 ], [ -92.532635569851635, 17.092985080027265 ], [ -92.532385380356459, 17.092657339808593 ], [ -92.532086689795193, 17.092377479798632 ], [ -92.531838429596618, 17.092191520194849 ], [ -92.531418490200267, 17.092031350170064 ], [ -92.531121079827031, 17.091846000370179 ], [ -92.530996000196978, 17.091682140102041 ], [ -92.530624880211974, 17.091497719701852 ], [ -92.53047616997965, 17.091405050115895 ], [ -92.52993563001769, 17.091411819723604 ], [ -92.529764279569434, 17.091461230420006 ], [ -92.529567380254719, 17.091440060297352 ], [ -92.529247970432337, 17.091444060060908 ], [ -92.529123519934146, 17.091327459842894 ], [ -92.528851649983707, 17.091212690148794 ], [ -92.528702309728047, 17.091072749792204 ], [ -92.528327680291596, 17.090628400439289 ], [ -92.528197149508216, 17.09006283033602 ], [ -92.52819109041728, 17.089613860139384 ], [ -92.528039510106169, 17.089308519692604 ], [ -92.52791506036553, 17.089191909730921 ], [ -92.527762520176481, 17.088815680427274 ], [ -92.527761249746675, 17.088721150350327 ], [ -92.527684339964907, 17.088485779943284 ], [ -92.527210799993298, 17.087995400054467 ], [ -92.52698743023447, 17.087832750347722 ], [ -92.526837779724119, 17.087669180007531 ], [ -92.526664199661923, 17.087553199728479 ], [ -92.526390419596893, 17.087296650042958 ], [ -92.526263089992426, 17.086967369576072 ], [ -92.526136420402565, 17.086685349755662 ], [ -92.526108020407335, 17.086402089892353 ], [ -92.526105770015093, 17.086236690296374 ], [ -92.526152680208114, 17.086070659683948 ], [ -92.526249999574176, 17.085998539876922 ], [ -92.526297219731816, 17.085856149604123 ], [ -92.526318280089825, 17.085595909595529 ], [ -92.526089170099894, 17.08500794006639 ], [ -92.52588590981324, 17.084514170113867 ], [ -92.528995679962691, 17.083695320243496 ], [ -92.529044179680426, 17.083647449680072 ], [ -92.529239140259975, 17.083526850014657 ], [ -92.529383349893678, 17.083288689757357 ], [ -92.529452909935586, 17.082980580307787 ], [ -92.529500119816163, 17.082838180376623 ], [ -92.530035540179014, 17.082453339979761 ], [ -92.530182309726982, 17.082404230332134 ], [ -92.530426400226503, 17.082282999817533 ], [ -92.530668580052307, 17.082020000350031 ], [ -92.530740689935087, 17.081900920308172 ], [ -92.530860649538766, 17.081686719902699 ], [ -92.530954450463142, 17.081354659976 ], [ -92.530976460344093, 17.081165319868258 ], [ -92.530948049920696, 17.080882060050062 ], [ -92.530896029724701, 17.080670020242579 ], [ -92.530819449914389, 17.080458279947134 ], [ -92.530743820083302, 17.080317420239652 ], [ -92.530495250310764, 17.080107830061888 ], [ -92.530247649576651, 17.079969120344053 ], [ -92.530098309595459, 17.07982919986916 ], [ -92.529950259669377, 17.079783779968434 ], [ -92.529701050459622, 17.079526939902404 ], [ -92.529527140243658, 17.079387310246176 ], [ -92.529476089546989, 17.079246140295886 ], [ -92.52929323032545, 17.078444880349355 ], [ -92.529265780080578, 17.078232520454165 ], [ -92.52911517958951, 17.077998079862724 ], [ -92.529088050242237, 17.077809339883792 ], [ -92.528912549697623, 17.077551570082424 ], [ -92.528788429557551, 17.077458580344167 ], [ -92.528341400008216, 17.077109679970008 ], [ -92.528150991644353, 17.076998494932905 ], [ -92.5281432602427, 17.076993980161028 ], [ -92.527871399942313, 17.076879220392204 ], [ -92.527624770451311, 17.076811419850461 ], [ -92.527426939917106, 17.0767193498816 ], [ -92.527328659697886, 17.076720579707107 ], [ -92.527231029975368, 17.076769080342974 ], [ -92.527107859717418, 17.076746980315686 ], [ -92.526911319646118, 17.076749429921982 ], [ -92.526787510117458, 17.076680090223025 ], [ -92.526589369593395, 17.076564400032449 ], [ -92.526290079643914, 17.076237259705405 ], [ -92.525992060219806, 17.076004660433025 ], [ -92.525842740328159, 17.075864720245438 ], [ -92.525596420156816, 17.075820539841871 ], [ -92.525301599851787, 17.075824230294266 ], [ -92.52517780013774, 17.075754879942608 ], [ -92.524880420314929, 17.075569519651275 ], [ -92.524756940023224, 17.075523800380914 ], [ -92.524584319537936, 17.075478689996441 ], [ -92.524435950372336, 17.075409650345229 ], [ -92.524262379690967, 17.075293650344378 ], [ -92.52403903022963, 17.075130999744704 ], [ -92.524011910265131, 17.074942259947626 ], [ -92.523935649865621, 17.07475414976075 ], [ -92.523786320369481, 17.07461421967049 ], [ -92.523711349827366, 17.074520620425055 ], [ -92.523389419689309, 17.074335569659151 ], [ -92.523115970038603, 17.074102650166225 ], [ -92.523086098463068, 17.074041559307354 ], [ -92.522736920486608, 17.073327459691711 ], [ -92.522709170475821, 17.073091479717505 ], [ -92.522507520233574, 17.072715849763771 ], [ -92.522257690067832, 17.072411740071949 ], [ -92.522033380377138, 17.072178200028418 ], [ -92.521883749851838, 17.072014630102657 ], [ -92.521562769862854, 17.071900460078812 ], [ -92.521390169756671, 17.071855349951385 ], [ -92.521315510482452, 17.071785379660394 ], [ -92.521142890125518, 17.071740279715691 ], [ -92.521142569774156, 17.071716650154706 ], [ -92.520871369930376, 17.071649139881522 ], [ -92.520698750254468, 17.071604020455467 ], [ -92.520153169560174, 17.071232690048554 ], [ -92.520002259798773, 17.07097460026705 ], [ -92.519853569646472, 17.070881920252937 ], [ -92.519554940108762, 17.070602050029873 ], [ -92.519432419694652, 17.070627200419302 ], [ -92.51908688039029, 17.070513349646895 ], [ -92.51866542048694, 17.070234999694698 ], [ -92.518092080353128, 17.069627679782023 ], [ -92.517770150253355, 17.069442620045582 ], [ -92.517547450141507, 17.06932722987797 ], [ -92.517274029580889, 17.069094289724042 ], [ -92.517101419904805, 17.069049180274796 ], [ -92.51680629012364, 17.069029229598296 ], [ -92.516633999938222, 17.069007739997147 ], [ -92.516339510108452, 17.069035050067704 ], [ -92.516069260330227, 17.069038419638968 ], [ -92.515896969931745, 17.069016920117299 ], [ -92.515600889891985, 17.068926090044982 ], [ -92.515428279720538, 17.068880969544448 ], [ -92.515132199648662, 17.068790120426936 ], [ -92.512918169829376, 17.070424799715326 ], [ -92.512770770176161, 17.070426629608356 ], [ -92.51252382041514, 17.070335170452939 ], [ -92.512252619640321, 17.070267649602286 ], [ -92.511859219639049, 17.070248910278117 ], [ -92.511539520316092, 17.07022925025824 ], [ -92.511293520027095, 17.070208679866784 ], [ -92.511147399560897, 17.070305030131038 ], [ -92.511026460222453, 17.070448340445768 ], [ -92.510784279945412, 17.07071131981564 ], [ -92.510518150015386, 17.071021859598396 ], [ -92.510272800240728, 17.071048550257839 ], [ -92.510053677600681, 17.071210916338167 ], [ -92.509980849798339, 17.071264879669695 ], [ -92.509932660070888, 17.071336380270196 ], [ -92.509860859789868, 17.071479079570743 ], [ -92.509838510433354, 17.071644800329317 ], [ -92.509842630413402, 17.071951980118438 ], [ -92.509794770084397, 17.07204711017776 ], [ -92.509650849902343, 17.072308880308565 ], [ -92.509555750354195, 17.072546399614811 ], [ -92.509360799705021, 17.072666980017274 ], [ -92.509069480109744, 17.072930580169743 ], [ -92.50872648016319, 17.073005739614246 ], [ -92.508644015463844, 17.07315295203653 ], [ -92.508606490377133, 17.073219940325586 ], [ -92.508461290045744, 17.073387180113539 ], [ -92.508293449880256, 17.073696509598484 ], [ -92.508295979633857, 17.07388553969589 ], [ -92.508349250060576, 17.074192119863731 ], [ -92.508476200241972, 17.074497779638705 ], [ -92.508855200205716, 17.075272979897022 ], [ -92.508984060424339, 17.075720430030966 ], [ -92.509036369604573, 17.07595611025889 ], [ -92.508989770336768, 17.076145770068596 ], [ -92.508542000084148, 17.077569350083333 ], [ -92.508503019968572, 17.07832611955509 ], [ -92.508559449826734, 17.07886897954193 ], [ -92.508493030276483, 17.07941339979681 ], [ -92.508449600172497, 17.079839340259838 ], [ -92.508358940463481, 17.080407680050921 ], [ -92.508619219731884, 17.081491600343387 ], [ -92.508720979992816, 17.081750309632927 ], [ -92.508775829755635, 17.082175029627102 ], [ -92.508832890124893, 17.08276517007857 ], [ -92.508836710095935, 17.083048720091139 ], [ -92.508915170357497, 17.083402249767566 ], [ -92.509468709981789, 17.084364349612596 ], [ -92.509669059959933, 17.084645479552421 ], [ -92.509770829883237, 17.084904179999246 ], [ -92.509895909876306, 17.085068059879433 ], [ -92.509971829930791, 17.085232550075439 ], [ -92.510147309968289, 17.085490339764117 ], [ -92.510246859730628, 17.085583650310461 ], [ -92.510297579616378, 17.085701179604776 ], [ -92.510375110181585, 17.085983820034237 ], [ -92.510402520142591, 17.086196180160815 ], [ -92.51038271975824, 17.086550940099102 ], [ -92.510299904136232, 17.08693254414613 ], [ -92.510290149806252, 17.086977490091872 ], [ -92.510288686209947, 17.086983055892418 ], [ -92.510196629872581, 17.087333169883262 ], [ -92.51007949015036, 17.087760030400826 ], [ -92.509959819711625, 17.087997849978638 ], [ -92.510012449640854, 17.088257169694085 ], [ -92.509942549960741, 17.088541649739067 ], [ -92.509773719916979, 17.08878008003478 ], [ -92.509676719704117, 17.088875819592065 ], [ -92.509457170135207, 17.088996720459399 ], [ -92.509187540246614, 17.089047339773593 ], [ -92.508942150340502, 17.0890740195732 ], [ -92.508670290142831, 17.088959230019377 ], [ -92.508050660315774, 17.08856514974379 ], [ -92.507013949610524, 17.088223520058502 ], [ -92.506693919566814, 17.088180219596321 ], [ -92.506300800197963, 17.088185109704678 ], [ -92.50600564964563, 17.088165139950899 ], [ -92.505394549626715, 17.088409049904893 ], [ -92.50481025973869, 17.088818079988407 ], [ -92.504372429804903, 17.089154369949359 ], [ -92.504058400415872, 17.089560050353885 ], [ -92.503717279814467, 17.089776980369319 ], [ -92.503523879901167, 17.09001571022031 ], [ -92.5033040200248, 17.090112970082366 ], [ -92.503108080237382, 17.090162659972375 ], [ -92.502887259922559, 17.090189050164323 ], [ -92.502411229723705, 17.090311630364948 ], [ -92.50195674983145, 17.090436910256013 ], [ -92.501793720205839, 17.090438920091 ], [ -92.501465349686356, 17.090442999919926 ], [ -92.501219019599176, 17.090398780414649 ], [ -92.500901509564741, 17.090544509846577 ], [ -92.500861769878114, 17.090606310141418 ], [ -92.500732979592271, 17.090806570328084 ], [ -92.500516910212369, 17.091187380041088 ], [ -92.500397849816252, 17.091472460401697 ], [ -92.500303680091804, 17.091780859556998 ], [ -92.500184619932696, 17.092065950084539 ], [ -92.499968859837594, 17.092470380164031 ], [ -92.499848849946474, 17.092684580273339 ], [ -92.499777660218385, 17.092874520394581 ], [ -92.499707750141852, 17.093158999767244 ], [ -92.499849570052348, 17.094575259615109 ], [ -92.499779319909663, 17.09483610966706 ], [ -92.499495219817419, 17.095643169934757 ], [ -92.499330800216995, 17.096212419966864 ], [ -92.499261199995445, 17.096520510448855 ], [ -92.499141820315202, 17.096781950410698 ], [ -92.49902212000589, 17.097019770336544 ], [ -92.498780519640377, 17.097329999954543 ], [ -92.498585520233263, 17.097450579576119 ], [ -92.49846180462427, 17.097586253846782 ], [ -92.498367549575264, 17.097689619969824 ], [ -92.498221689521401, 17.097809580209113 ], [ -92.498027340028457, 17.097977429985214 ], [ -92.49770949021557, 17.098099520099648 ], [ -92.497710450153974, 17.098170420264182 ], [ -92.49751482039116, 17.098243740167032 ], [ -92.497393540341079, 17.098363399672625 ], [ -92.497321400116363, 17.098482460360689 ], [ -92.497273849697137, 17.098601219774956 ], [ -92.497204229875877, 17.098909319706763 ], [ -92.497207380331744, 17.099145620422441 ], [ -92.497335620420159, 17.099545800408062 ], [ -92.497584479707712, 17.099779059820566 ], [ -92.497833980240728, 17.100059580149583 ], [ -92.498009139747751, 17.100293750258896 ], [ -92.498077907095222, 17.100364641915842 ], [ -92.49825833988379, 17.100550650156649 ], [ -92.498386249883524, 17.100927200059932 ], [ -92.498340889637248, 17.101211350397687 ], [ -92.498270650372831, 17.101472200354635 ], [ -92.498174570277399, 17.101638830146559 ], [ -92.497884449769842, 17.101996919843518 ], [ -92.497884770016185, 17.102020550094082 ], [ -92.49769072008705, 17.10221202010662 ], [ -92.497667400424575, 17.102306849999565 ], [ -92.497620150134381, 17.102449230353329 ], [ -92.497620779980252, 17.102496480267725 ], [ -92.497649150195713, 17.102779740072666 ], [ -92.497701449704849, 17.103015430408579 ], [ -92.497777689942851, 17.10320355010446 ], [ -92.498021279932019, 17.103416620029865 ], [ -92.498147689721677, 17.103527199684063 ], [ -92.494052279645558, 17.107328310163247 ], [ -92.493465880193256, 17.114087020116767 ], [ -92.492382230087102, 17.116082420170311 ], [ -92.492345890091258, 17.116156509645883 ], [ -92.491775139973484, 17.117123119815286 ], [ -92.493055800150231, 17.117723150449713 ], [ -92.492940860359369, 17.12013771038843 ], [ -92.492993479538725, 17.12039703008427 ], [ -92.493342230187778, 17.120747230411144 ], [ -92.493940219780455, 17.121354320272804 ], [ -92.494213680351223, 17.121587280350923 ], [ -92.494487460428346, 17.121843860201206 ], [ -92.494661379825288, 17.121983520102688 ], [ -92.494860819728487, 17.122193750282594 ], [ -92.495109400069225, 17.122403399774655 ], [ -92.495235740272733, 17.122661800036553 ], [ -92.495287720159183, 17.122873860209996 ], [ -92.495291510387105, 17.123157420153923 ], [ -92.495367449665878, 17.123321920197323 ], [ -92.495396749781463, 17.123676060165248 ], [ -92.495450310140939, 17.124006260013967 ], [ -92.49547868013245, 17.124289520397024 ], [ -92.495580749538107, 17.124571859878177 ], [ -92.495609430262562, 17.124878740290583 ], [ -92.495685999910123, 17.125090509718628 ], [ -92.495739879695051, 17.125444339644126 ], [ -92.495864949671201, 17.125608229658056 ], [ -92.495992569824622, 17.125961150183493 ], [ -92.496192950067311, 17.126242290310245 ], [ -92.496318349644639, 17.126429800244861 ], [ -92.496543000041015, 17.12668700007627 ], [ -92.496743689881953, 17.126991750435621 ], [ -92.497090579703794, 17.127200170292269 ], [ -92.497216620319747, 17.127434949623037 ], [ -92.49734171003881, 17.127598849975271 ], [ -92.497392750163854, 17.127740020063051 ], [ -92.497421429828677, 17.128046889753101 ], [ -92.492282059519624, 17.127874020363329 ], [ -92.492243349674609, 17.12790636982945 ], [ -92.486809279762952, 17.132448949777114 ], [ -92.48671531994566, 17.132527490392583 ], [ -92.446392260224442, 17.133204020050101 ], [ -92.445356820341374, 17.133221280009803 ], [ -92.430501250448842, 17.1231078899282 ] ] ] } }
]
}
