{
"type": "FeatureCollection",
"name": "marginacion_municipal_veracruz_2020",
"crs": { "type": "name", "properties": { "name": "urn:ogc:def:crs:OGC:1.3:CRS84" } },
"features": [
{ "type": "Feature", "properties": { "CVEGEO": "30001", "NOM_ENT": "Veracruz de Ignacio de la Llave", "NOMGEO": "Acajete", "POB1": 9701.0, "GRADO_MAR": "Medio", "IM": 0.0, "IM_NORM": 0.0, "ANALF": 0.0, "SIN_EDUC": 0.0, "SIN_DREN": 0.79, "SIN_ELEC": 0.79, "SIN_AGUA": 3.12, "PISO_TIER": 4.88, "HACIN": 0.79, "LOC5000": 0.0, "ING2SM": 0.0, "POB_TOT": 0 }, "geometry": { "type": "Polygon", "coordinates": [ [ [ -96.99661, 19.61364 ], [ -96.99996, 19.57336 ], [ -96.98833, 19.56266 ], [ -97.01829, 19.55161 ], [ -97.00392, 19.53672 ], [ -97.01128, 19.53482 ], [ -97.00024, 19.52954 ], [ -97.02224, 19.52552 ], [ -97.01368, 19.52341 ], [ -97.01694, 19.51153 ], [ -97.03012, 19.5139 ], [ -97.02833, 19.50532 ], [ -97.10456, 19.5313 ], [ -97.10041, 19.54788 ], [ -97.09121, 19.55175 ], [ -97.0951, 19.568 ], [ -97.08647, 19.56666 ], [ -97.09331, 19.58289 ], [ -97.04101, 19.61517 ], [ -97.03699, 19.62717 ], [ -97.03661, 19.61923 ], [ -96.99661, 19.61364 ] ] ] } },
{ "type": "Feature", "properties": { "CVEGEO": "30002", "NOM_ENT": "Veracruz de Ignacio de la Llave", "NOMGEO": "Acatlán", "POB1": 3441.0, "GRADO_MAR": "Medio", "IM": 0.0, "IM_NORM": 0.0, "ANALF": 0.0, "SIN_EDUC": 0.0, "SIN_DREN": 0.12, "SIN_ELEC": 0.12, "SIN_AGUA": 0.15, "PISO_TIER": 0.23, "HACIN": 0.12, "LOC5000": 0.0, "ING2SM": 0.0, "POB_TOT": 0 }, "geometry": { "type": "Polygon", "coordinates": [ [ [ -96.82016, 19.71103 ], [ -96.81327, 19.69581 ], [ -96.83026, 19.68346 ], [ -96.82466, 19.67243 ], [ -96.85326, 19.6626 ], [ -96.85228, 19.67542 ], [ -96.8644, 19.69003 ], [ -96.85443, 19.6954 ], [ -96.85577, 19.70876 ], [ -96.82016, 19.71103 ] ] ] } },
{ "type": "Feature", "properties": { "CVEGEO": "30003", "NOM_ENT": "Veracruz de Ignacio de la Llave", "NOMGEO": "Acayucan", "POB1": 80815.0, "GRADO_MAR": "Bajo", "IM": 0.0, "IM_NORM": 0.0, "ANALF": 0.0, "SIN_EDUC": 0.0, "SIN_DREN": 1.53, "SIN_ELEC": 1.53, "SIN_AGUA": 6.95, "PISO_TIER": 5.87, "HACIN": 1.53, "LOC5000": 0.0, "ING2SM": 0.0, "POB_TOT": 0 }, "geometry": { "type": "Polygon", "coordinates": [ [ [ -94.99334, 18.14554 ], [ -94.99847, 18.1286 ], [ -94.98915, 18.12588 ], [ -94.98954, 18.1064 ], [ -94.93759, 18.14109 ], [ -94.91765, 18.12887 ], [ -94.91399, 18.11859 ], [ -94.92172, 18.11247 ], [ -94.8841, 18.10709 ], [ -94.87799, 18.07045 ], [ -94.85451, 18.03966 ], [ -94.86847, 18.0418 ], [ -94.8712, 18.03139 ], [ -94.8495, 17.99845 ], [ -94.87234, 17.98703 ], [ -94.89478, 17.99814 ], [ -94.89924, 17.97152 ], [ -94.91187, 17.97128 ], [ -94.90752, 17.95887 ], [ -94.89052, 17.95243 ], [ -94.9302, 17.92137 ], [ -94.95632, 17.92213 ], [ -94.96023, 17.92833 ], [ -94.98253, 17.90766 ], [ -94.98918, 17.92905 ], [ -95.01043, 17.92994 ], [ -95.01022, 17.95298 ], [ -95.00135, 17.95439 ], [ -95.00701, 17.96198 ], [ -95.0533, 17.96022 ], [ -95.05826, 17.97431 ], [ -95.09696, 17.97275 ], [ -95.09686, 17.95588 ], [ -95.13352, 17.96838 ], [ -95.13112, 17.94456 ], [ -95.14834, 17.94219 ], [ -95.16842, 17.95817 ], [ -95.16836, 17.98128 ], [ -95.19551, 17.98445 ], [ -95.20819, 18.01891 ], [ -95.19071, 18.01992 ], [ -95.21117, 18.02405 ], [ -95.19875, 18.03056 ], [ -95.20051, 18.04034 ], [ -95.21342, 18.0307 ], [ -95.2229, 18.05114 ], [ -95.24233, 18.053 ], [ -95.24186, 18.06299 ], [ -95.22825, 18.06028 ], [ -95.23505, 18.07312 ], [ -95.22638, 18.08734 ], [ -95.24795, 18.09863 ], [ -95.25974, 18.11861 ], [ -95.25206, 18.12316 ], [ -95.24336, 18.10875 ], [ -95.22514, 18.11222 ], [ -95.2266, 18.09836 ], [ -95.19209, 18.07645 ], [ -95.18589, 18.06216 ], [ -95.18276, 18.07438 ], [ -95.15994, 18.0767 ], [ -95.15966, 18.08914 ], [ -95.12045, 18.13338 ], [ -95.10276, 18.12761 ], [ -95.08685, 18.1424 ], [ -95.07372, 18.1354 ], [ -95.06214, 18.14331 ], [ -95.05655, 18.13994 ], [ -95.06621, 18.13247 ], [ -95.05042, 18.12567 ], [ -95.04447, 18.11101 ], [ -95.03376, 18.12196 ], [ -95.02061, 18.12158 ], [ -95.01704, 18.14098 ], [ -95.00244, 18.12587 ], [ -94.99929, 18.14822 ], [ -94.99334, 18.14554 ] ] ] } },
{ "type": "Feature", "properties": { "CVEGEO": "30004", "NOM_ENT": "Veracruz de Ignacio de la Llave", "NOMGEO": "Actopan", "POB1": 41742.0, "GRADO_MAR": "Bajo", "IM": 0.0, "IM_NORM": 0.0, "ANALF": 0.0, "SIN_EDUC": 0.0, "SIN_DREN": 0.93, "SIN_ELEC": 0.93, "SIN_AGUA": 0.86, "PISO_TIER": 1.86, "HACIN": 0.93, "LOC5000": 0.0, "ING2SM": 0.0, "POB_TOT": 0 }, "geometry": { "type": "Polygon", "coordinates": [ [ [ -96.43518, 19.709 ], [ -96.42678, 19.71662 ], [ -96.41049, 19.711 ], [ -96.39154, 19.67827 ], [ -96.39776, 19.65409 ], [ -96.372, 19.60188 ], [ -96.37928, 19.59224 ], [ -96.3743, 19.56168 ], [ -96.33007, 19.49751 ], [ -96.3563, 19.47902 ], [ -96.37361, 19.48449 ], [ -96.36883, 19.47419 ], [ -96.3835, 19.47046 ], [ -96.39086, 19.45734 ], [ -96.39842, 19.46369 ], [ -96.41367, 19.45584 ], [ -96.45869, 19.46141 ], [ -96.47478, 19.45217 ], [ -96.49442, 19.4194 ], [ -96.51369, 19.41722 ], [ -96.51436, 19.39948 ], [ -96.53072, 19.40323 ], [ -96.53807, 19.39465 ], [ -96.55429, 19.40034 ], [ -96.55957, 19.41725 ], [ -96.56957, 19.40595 ], [ -96.57773, 19.42179 ], [ -96.60603, 19.42032 ], [ -96.64825, 19.43649 ], [ -96.65503, 19.45472 ], [ -96.68883, 19.45504 ], [ -96.71137, 19.47306 ], [ -96.70493, 19.48131 ], [ -96.73301, 19.5065 ], [ -96.72933, 19.51665 ], [ -96.77375, 19.52899 ], [ -96.794, 19.54545 ], [ -96.79028, 19.55387 ], [ -96.75994, 19.56308 ], [ -96.75778, 19.57532 ], [ -96.70644, 19.56464 ], [ -96.6806, 19.53233 ], [ -96.66872, 19.53616 ], [ -96.66642, 19.54438 ], [ -96.6847, 19.55963 ], [ -96.68228, 19.58185 ], [ -96.65974, 19.58957 ], [ -96.63101, 19.57832 ], [ -96.62204, 19.58801 ], [ -96.60619, 19.58694 ], [ -96.62262, 19.60072 ], [ -96.61906, 19.61914 ], [ -96.55955, 19.61919 ], [ -96.53943, 19.65493 ], [ -96.52679, 19.66205 ], [ -96.5216, 19.68285 ], [ -96.51355, 19.68967 ], [ -96.49914, 19.6845 ], [ -96.5037, 19.70576 ], [ -96.47158, 19.71034 ], [ -96.46448, 19.71504 ], [ -96.47041, 19.71875 ], [ -96.44811, 19.72705 ], [ -96.43518, 19.709 ] ] ] } },
{ "type": "Feature", "properties": { "CVEGEO": "30005", "NOM_ENT": "Veracruz de Ignacio de la Llave", "NOMGEO": "Acula", "POB1": 5253.0, "GRADO_MAR": "Alto", "IM": 0.0, "IM_NORM": 0.0, "ANALF": 0.0, "SIN_EDUC": 0.0, "SIN_DREN": 5.79, "SIN_ELEC": 5.79, "SIN_AGUA": 19.36, "PISO_TIER": 1.87, "HACIN": 5.79, "LOC5000": 0.0, "ING2SM": 0.0, "POB_TOT": 0 }, "geometry": { "type": "Polygon", "coordinates": [ [ [ -95.8254, 18.65723 ], [ -95.82348, 18.64562 ], [ -95.80369, 18.64684 ], [ -95.81148, 18.6162 ], [ -95.79347, 18.61543 ], [ -95.78617, 18.58178 ], [ -95.76217, 18.56454 ], [ -95.7585, 18.55311 ], [ -95.76555, 18.54625 ], [ -95.75852, 18.53707 ], [ -95.7389, 18.53622 ], [ -95.72904, 18.54458 ], [ -95.70421, 18.50132 ], [ -95.72073, 18.48135 ], [ -95.74611, 18.48657 ], [ -95.75469, 18.47142 ], [ -95.78726, 18.46484 ], [ -95.81105, 18.4832 ], [ -95.81738, 18.47869 ], [ -95.85077, 18.49385 ], [ -95.83339, 18.50374 ], [ -95.82663, 18.53947 ], [ -95.85054, 18.56621 ], [ -95.86754, 18.56451 ], [ -95.86549, 18.57575 ], [ -95.88297, 18.58239 ], [ -95.87642, 18.59399 ], [ -95.89249, 18.60754 ], [ -95.86553, 18.64473 ], [ -95.84783, 18.64909 ], [ -95.84774, 18.66136 ], [ -95.8254, 18.65723 ] ] ] } },
{ "type": "Feature", "properties": { "CVEGEO": "30006", "NOM_ENT": "Veracruz de Ignacio de la Llave", "NOMGEO": "Acultzingo", "POB1": 23100.0, "GRADO_MAR": "Alto", "IM": 0.0, "IM_NORM": 0.0, "ANALF": 0.0, "SIN_EDUC": 0.0, "SIN_DREN": 4.79, "SIN_ELEC": 4.79, "SIN_AGUA": 22.49, "PISO_TIER": 15.5, "HACIN": 4.79, "LOC5000": 0.0, "ING2SM": 0.0, "POB_TOT": 0 }, "geometry": { "type": "Polygon", "coordinates": [ [ [ -97.20587, 18.78264 ], [ -97.22534, 18.75828 ], [ -97.20882, 18.7445 ], [ -97.22153, 18.73689 ], [ -97.21576, 18.72033 ], [ -97.2335, 18.70202 ], [ -97.22922, 18.69164 ], [ -97.2193, 18.69114 ], [ -97.23062, 18.6811 ], [ -97.22775, 18.66823 ], [ -97.24028, 18.66626 ], [ -97.2438, 18.64692 ], [ -97.23542, 18.64357 ], [ -97.25987, 18.62425 ], [ -97.27184, 18.62778 ], [ -97.28186, 18.65249 ], [ -97.3032, 18.67428 ], [ -97.32317, 18.66431 ], [ -97.33102, 18.68312 ], [ -97.33725, 18.67859 ], [ -97.34397, 18.68576 ], [ -97.34219, 18.70589 ], [ -97.35002, 18.71714 ], [ -97.34214, 18.72581 ], [ -97.34439, 18.749 ], [ -97.32662, 18.7665 ], [ -97.29829, 18.77296 ], [ -97.28067, 18.76337 ], [ -97.2781, 18.77407 ], [ -97.22179, 18.79158 ], [ -97.20587, 18.78264 ] ] ] } },
{ "type": "Feature", "properties": { "CVEGEO": "30007", "NOM_ENT": "Veracruz de Ignacio de la Llave", "NOMGEO": "Camarón de Tejeda", "POB1": 6538.0, "GRADO_MAR": "Medio", "IM": 0.0, "IM_NORM": 0.0, "ANALF": 0.0, "SIN_EDUC": 0.0, "SIN_DREN": 11.41, "SIN_ELEC": 11.41, "SIN_AGUA": 1.25, "PISO_TIER": 2.03, "HACIN": 11.41, "LOC5000": 0.0, "ING2SM": 0.0, "POB_TOT": 0 }, "geometry": { "type": "Polygon", "coordinates": [ [ [ -96.55338, 19.05085 ], [ -96.54978, 19.03837 ], [ -96.54737, 19.04547 ], [ -96.54015, 19.04525 ], [ -96.54209, 19.03906 ], [ -96.51471, 19.04759 ], [ -96.50402, 19.03891 ], [ -96.50335, 19.05091 ], [ -96.48261, 19.04523 ], [ -96.48251, 19.02974 ], [ -96.49028, 19.0298 ], [ -96.49192, 19.01864 ], [ -96.48749, 18.98673 ], [ -96.50516, 18.99722 ], [ -96.52032, 18.99413 ], [ -96.52863, 18.97826 ], [ -96.55898, 18.97638 ], [ -96.55723, 18.96552 ], [ -96.5382, 18.96203 ], [ -96.54187, 18.95506 ], [ -96.57757, 18.96055 ], [ -96.60032, 18.95503 ], [ -96.60367, 18.96177 ], [ -96.61333, 18.95034 ], [ -96.61679, 18.95774 ], [ -96.60405, 18.96973 ], [ -96.63225, 18.97655 ], [ -96.61678, 18.97814 ], [ -96.61038, 18.9876 ], [ -96.61128, 19.0166 ], [ -96.66777, 19.01994 ], [ -96.6644, 19.03334 ], [ -96.64605, 19.03723 ], [ -96.63966, 19.05219 ], [ -96.63097, 19.04264 ], [ -96.61764, 19.04658 ], [ -96.61529, 19.0557 ], [ -96.60229, 19.04409 ], [ -96.5998, 19.05082 ], [ -96.59563, 19.04567 ], [ -96.55338, 19.05085 ] ] ] } },
{ "type": "Feature", "properties": { "CVEGEO": "30008", "NOM_ENT": "Veracruz de Ignacio de la Llave", "NOMGEO": "Alpatláhuac", "POB1": 10338.0, "GRADO_MAR": "Alto", "IM": 0.0, "IM_NORM": 0.0, "ANALF": 0.0, "SIN_EDUC": 0.0, "SIN_DREN": 0.58, "SIN_ELEC": 0.58, "SIN_AGUA": 11.31, "PISO_TIER": 7.03, "HACIN": 0.58, "LOC5000": 0.0, "ING2SM": 0.0, "POB_TOT": 0 }, "geometry": { "type": "Polygon", "coordinates": [ [ [ -97.06645, 19.11289 ], [ -97.06382, 19.101 ], [ -97.07859, 19.0993 ], [ -97.07829, 19.09244 ], [ -97.09836, 19.07959 ], [ -97.1212, 19.0762 ], [ -97.11505, 19.06805 ], [ -97.13503, 19.07 ], [ -97.13272, 19.0636 ], [ -97.16711, 19.06324 ], [ -97.19762, 19.0767 ], [ -97.20141, 19.09973 ], [ -97.11977, 19.13678 ], [ -97.06645, 19.11289 ] ] ] } },
{ "type": "Feature", "properties": { "CVEGEO": "30009", "NOM_ENT": "Veracruz de Ignacio de la Llave", "NOMGEO": "Alto Lucero de Gutiérrez Barrios", "POB1": 28184.0, "GRADO_MAR": "Bajo", "IM": 0.0, "IM_NORM": 0.0, "ANALF": 0.0, "SIN_EDUC": 0.0, "SIN_DREN": 1.19, "SIN_ELEC": 1.19, "SIN_AGUA": 0.98, "PISO_TIER": 1.26, "HACIN": 1.19, "LOC5000": 0.0, "ING2SM": 0.0, "POB_TOT": 0 }, "geometry": { "type": "Polygon", "coordinates": [ [ [ -96.44928, 19.84887 ], [ -96.43795, 19.80785 ], [ -96.40687, 19.74735 ], [ -96.39934, 19.7182 ], [ -96.40691, 19.70515 ], [ -96.42678, 19.71662 ], [ -96.43518, 19.709 ], [ -96.45018, 19.72723 ], [ -96.47041, 19.71875 ], [ -96.46448, 19.71504 ], [ -96.47158, 19.71034 ], [ -96.5037, 19.70576 ], [ -96.49914, 19.6845 ], [ -96.51355, 19.68967 ], [ -96.5216, 19.68285 ], [ -96.52679, 19.66205 ], [ -96.53943, 19.65493 ], [ -96.55955, 19.61919 ], [ -96.61906, 19.61914 ], [ -96.62262, 19.60072 ], [ -96.60592, 19.58724 ], [ -96.62204, 19.58801 ], [ -96.63101, 19.57832 ], [ -96.65974, 19.58957 ], [ -96.68241, 19.58173 ], [ -96.6847, 19.55963 ], [ -96.66532, 19.53927 ], [ -96.67541, 19.53315 ], [ -96.70644, 19.56464 ], [ -96.75487, 19.57219 ], [ -96.74998, 19.60148 ], [ -96.75972, 19.61509 ], [ -96.74676, 19.61967 ], [ -96.75685, 19.63104 ], [ -96.74423, 19.64418 ], [ -96.74445, 19.66316 ], [ -96.73489, 19.66605 ], [ -96.74374, 19.67371 ], [ -96.72766, 19.67355 ], [ -96.7202, 19.69524 ], [ -96.71447, 19.69459 ], [ -96.72997, 19.71901 ], [ -96.71693, 19.71829 ], [ -96.70542, 19.72801 ], [ -96.68787, 19.72082 ], [ -96.68233, 19.74041 ], [ -96.67132, 19.73508 ], [ -96.66559, 19.7156 ], [ -96.65321, 19.73668 ], [ -96.67214, 19.74115 ], [ -96.67547, 19.74884 ], [ -96.65086, 19.75373 ], [ -96.64678, 19.77426 ], [ -96.62498, 19.78439 ], [ -96.61037, 19.78175 ], [ -96.58109, 19.79204 ], [ -96.54162, 19.84884 ], [ -96.53655, 19.86614 ], [ -96.54525, 19.87614 ], [ -96.52593, 19.90494 ], [ -96.53646, 19.91664 ], [ -96.52627, 19.92477 ], [ -96.44928, 19.84887 ] ] ] } },
{ "type": "Feature", "properties": { "CVEGEO": "30010", "NOM_ENT": "Veracruz de Ignacio de la Llave", "NOMGEO": "Altotonga", "POB1": 64234.0, "GRADO_MAR": "Medio", "IM": 0.0, "IM_NORM": 0.0, "ANALF": 0.0, "SIN_EDUC": 0.0, "SIN_DREN": 0.92, "SIN_ELEC": 0.92, "SIN_AGUA": 5.22, "PISO_TIER": 8.87, "HACIN": 0.92, "LOC5000": 0.0, "ING2SM": 0.0, "POB_TOT": 0 }, "geometry": { "type": "Polygon", "coordinates": [ [ [ -96.94993, 19.86448 ], [ -96.98857, 19.83282 ], [ -96.97557, 19.83212 ], [ -96.95996, 19.81484 ], [ -96.97795, 19.80602 ], [ -96.97108, 19.80085 ], [ -96.97537, 19.79686 ], [ -96.99679, 19.80026 ], [ -96.99586, 19.77674 ], [ -97.02036, 19.78792 ], [ -97.05877, 19.7639 ], [ -97.07112, 19.76614 ], [ -97.07785, 19.74623 ], [ -97.1074, 19.74051 ], [ -97.13041, 19.76133 ], [ -97.14436, 19.73894 ], [ -97.16755, 19.72421 ], [ -97.18557, 19.68837 ], [ -97.19921, 19.68333 ], [ -97.196, 19.67789 ], [ -97.25619, 19.68811 ], [ -97.25913, 19.68012 ], [ -97.23636, 19.65701 ], [ -97.23803, 19.63679 ], [ -97.25753, 19.64571 ], [ -97.26785, 19.638 ], [ -97.28094, 19.68609 ], [ -97.27015, 19.6977 ], [ -97.27144, 19.71691 ], [ -97.28307, 19.732 ], [ -97.28105, 19.75583 ], [ -97.25976, 19.77581 ], [ -97.26551, 19.77983 ], [ -97.26057, 19.78902 ], [ -97.22921, 19.77274 ], [ -97.20878, 19.7818 ], [ -97.18938, 19.75668 ], [ -97.18026, 19.77262 ], [ -97.1853, 19.78694 ], [ -97.16266, 19.79291 ], [ -97.13815, 19.81454 ], [ -97.13795, 19.82942 ], [ -97.13177, 19.82497 ], [ -97.11503, 19.8451 ], [ -97.10463, 19.84145 ], [ -97.09638, 19.85391 ], [ -97.08313, 19.84776 ], [ -97.068, 19.8558 ], [ -97.05783, 19.84409 ], [ -97.05051, 19.84728 ], [ -97.05686, 19.85376 ], [ -97.03239, 19.86515 ], [ -97.00852, 19.85834 ], [ -97.00361, 19.88273 ], [ -96.97448, 19.88213 ], [ -96.95629, 19.89299 ], [ -96.94993, 19.86448 ] ] ] } },
{ "type": "Feature", "properties": { "CVEGEO": "30011", "NOM_ENT": "Veracruz de Ignacio de la Llave", "NOMGEO": "Alvarado", "POB1": 57035.0, "GRADO_MAR": "Muy bajo", "IM": 0.0, "IM_NORM": 0.0, "ANALF": 0.0, "SIN_EDUC": 0.0, "SIN_DREN": 1.21, "SIN_ELEC": 1.21, "SIN_AGUA": 4.19, "PISO_TIER": 1.91, "HACIN": 1.21, "LOC5000": 0.0, "ING2SM": 0.0, "POB_TOT": 0 }, "geometry": { "type": "Polygon", "coordinates": [ [ [ -96.07348, 19.07122 ], [ -96.0432, 19.05868 ], [ -96.01133, 19.0565 ], [ -95.98224, 19.06531 ], [ -95.97389, 19.05792 ], [ -95.96079, 18.96665 ], [ -95.94172, 18.92686 ], [ -95.94093, 18.90539 ], [ -95.88488, 18.84724 ], [ -95.80824, 18.80888 ], [ -95.75041, 18.79511 ], [ -95.72073, 18.7691 ], [ -95.66437, 18.74205 ], [ -95.60707, 18.72573 ], [ -95.5253, 18.71482 ], [ -95.50993, 18.68896 ], [ -95.51187, 18.66486 ], [ -95.55062, 18.65297 ], [ -95.57542, 18.66624 ], [ -95.59431, 18.69204 ], [ -95.62796, 18.69363 ], [ -95.63499, 18.70731 ], [ -95.63694, 18.69555 ], [ -95.65619, 18.68692 ], [ -95.69602, 18.67406 ], [ -95.71597, 18.67782 ], [ -95.7262, 18.66551 ], [ -95.72025, 18.61749 ], [ -95.73618, 18.59962 ], [ -95.75052, 18.60009 ], [ -95.74877, 18.57966 ], [ -95.75788, 18.55504 ], [ -95.76604, 18.57152 ], [ -95.77569, 18.5695 ], [ -95.78617, 18.58178 ], [ -95.79379, 18.61586 ], [ -95.81148, 18.6162 ], [ -95.80369, 18.64684 ], [ -95.82348, 18.64562 ], [ -95.82443, 18.65663 ], [ -95.83904, 18.65448 ], [ -95.84738, 18.66146 ], [ -95.84783, 18.64909 ], [ -95.86553, 18.64473 ], [ -95.88681, 18.62283 ], [ -95.89922, 18.62542 ], [ -95.8872, 18.66005 ], [ -95.88295, 18.71904 ], [ -95.87095, 18.72681 ], [ -95.86562, 18.75204 ], [ -95.87578, 18.74549 ], [ -95.88344, 18.76064 ], [ -95.89758, 18.75092 ], [ -95.90721, 18.75343 ], [ -95.91022, 18.77647 ], [ -95.93717, 18.79443 ], [ -95.97334, 18.78945 ], [ -95.9759, 18.80114 ], [ -95.99603, 18.80234 ], [ -95.99846, 18.82685 ], [ -95.9825, 18.83368 ], [ -95.98626, 18.88509 ], [ -96.02256, 18.88559 ], [ -96.03163, 18.89748 ], [ -96.02841, 18.92507 ], [ -96.01926, 18.93442 ], [ -96.04389, 18.98662 ], [ -96.07042, 18.9866 ], [ -96.07559, 18.99764 ], [ -96.09079, 19.00191 ], [ -96.09213, 18.99466 ], [ -96.1111, 19.01048 ], [ -96.10962, 19.02687 ], [ -96.09559, 19.0361 ], [ -96.097, 19.04702 ], [ -96.10387, 19.0468 ], [ -96.1098, 19.058 ], [ -96.11735, 19.05574 ], [ -96.12054, 19.06071 ], [ -96.11703, 19.08389 ], [ -96.10572, 19.08321 ], [ -96.10662, 19.09192 ], [ -96.09901, 19.09436 ], [ -96.10226, 19.09929 ], [ -96.09846, 19.1023 ], [ -96.07348, 19.07122 ] ] ] } },
{ "type": "Feature", "properties": { "CVEGEO": "30012", "NOM_ENT": "Veracruz de Ignacio de la Llave", "NOMGEO": "Amatitlán", "POB1": 7866.0, "GRADO_MAR": "Medio", "IM": 0.0, "IM_NORM": 0.0, "ANALF": 0.0, "SIN_EDUC": 0.0, "SIN_DREN": 4.57, "SIN_ELEC": 4.57, "SIN_AGUA": 10.5, "PISO_TIER": 2.72, "HACIN": 4.57, "LOC5000": 0.0, "ING2SM": 0.0, "POB_TOT": 0 }, "geometry": { "type": "Polygon", "coordinates": [ [ [ -95.67139, 18.48087 ], [ -95.66469, 18.45822 ], [ -95.63953, 18.43796 ], [ -95.64791, 18.43417 ], [ -95.62681, 18.40801 ], [ -95.63242, 18.38304 ], [ -95.61416, 18.38572 ], [ -95.61393, 18.36367 ], [ -95.59772, 18.36456 ], [ -95.594, 18.35494 ], [ -95.63748, 18.35141 ], [ -95.64615, 18.37474 ], [ -95.70034, 18.39608 ], [ -95.74058, 18.4193 ], [ -95.73636, 18.42427 ], [ -95.75717, 18.43877 ], [ -95.77334, 18.44178 ], [ -95.7665, 18.45475 ], [ -95.77662, 18.45706 ], [ -95.77641, 18.47211 ], [ -95.75469, 18.47142 ], [ -95.74611, 18.48657 ], [ -95.72073, 18.48135 ], [ -95.70417, 18.50069 ], [ -95.71663, 18.52361 ], [ -95.67139, 18.48087 ] ] ] } },
{ "type": "Feature", "properties": { "CVEGEO": "30013", "NOM_ENT": "Veracruz de Ignacio de la Llave", "NOMGEO": "Naranjos Amatlán", "POB1": 26843.0, "GRADO_MAR": "Muy bajo", "IM": 0.0, "IM_NORM": 0.0, "ANALF": 0.0, "SIN_EDUC": 0.0, "SIN_DREN": 0.5, "SIN_ELEC": 0.5, "SIN_AGUA": 6.38, "PISO_TIER": 3.82, "HACIN": 0.5, "LOC5000": 0.0, "ING2SM": 0.0, "POB_TOT": 0 }, "geometry": { "type": "Polygon", "coordinates": [ [ [ -97.66437, 21.35471 ], [ -97.65539, 21.34178 ], [ -97.64373, 21.34786 ], [ -97.60324, 21.32711 ], [ -97.60235, 21.3457 ], [ -97.58288, 21.35157 ], [ -97.58149, 21.33502 ], [ -97.59409, 21.30687 ], [ -97.59374, 21.29837 ], [ -97.58322, 21.29604 ], [ -97.60574, 21.29555 ], [ -97.61603, 21.28307 ], [ -97.64508, 21.28633 ], [ -97.64007, 21.29246 ], [ -97.65958, 21.28004 ], [ -97.67081, 21.306 ], [ -97.68555, 21.29119 ], [ -97.67681, 21.28305 ], [ -97.66976, 21.28811 ], [ -97.67711, 21.26797 ], [ -97.71536, 21.26893 ], [ -97.71836, 21.26445 ], [ -97.7067, 21.26113 ], [ -97.71582, 21.25312 ], [ -97.72594, 21.26437 ], [ -97.74497, 21.26738 ], [ -97.77444, 21.33102 ], [ -97.79231, 21.33836 ], [ -97.77466, 21.3622 ], [ -97.76802, 21.35891 ], [ -97.77675, 21.34698 ], [ -97.77372, 21.33993 ], [ -97.76788, 21.3472 ], [ -97.73165, 21.33357 ], [ -97.718, 21.34526 ], [ -97.70795, 21.3354 ], [ -97.70761, 21.34252 ], [ -97.69824, 21.34365 ], [ -97.69739, 21.35746 ], [ -97.6851, 21.36367 ], [ -97.66437, 21.35471 ] ] ] } },
{ "type": "Feature", "properties": { "CVEGEO": "30014", "NOM_ENT": "Veracruz de Ignacio de la Llave", "NOMGEO": "Amatlán de los Reyes", "POB1": 46955.0, "GRADO_MAR": "Bajo", "IM": 0.0, "IM_NORM": 0.0, "ANALF": 0.0, "SIN_EDUC": 0.0, "SIN_DREN": 1.48, "SIN_ELEC": 1.48, "SIN_AGUA": 7.36, "PISO_TIER": 4.3, "HACIN": 1.48, "LOC5000": 0.0, "ING2SM": 0.0, "POB_TOT": 0 }, "geometry": { "type": "Polygon", "coordinates": [ [ [ -96.82971, 18.94246 ], [ -96.83644, 18.92474 ], [ -96.8176, 18.90567 ], [ -96.8293, 18.90119 ], [ -96.82479, 18.88213 ], [ -96.8553, 18.86552 ], [ -96.8223, 18.84341 ], [ -96.82046, 18.81769 ], [ -96.83174, 18.82438 ], [ -96.84966, 18.8071 ], [ -96.83516, 18.79906 ], [ -96.83768, 18.78588 ], [ -96.86859, 18.78338 ], [ -96.88864, 18.80076 ], [ -96.892, 18.79001 ], [ -96.90432, 18.78609 ], [ -96.92405, 18.79469 ], [ -96.93416, 18.81652 ], [ -96.95715, 18.8253 ], [ -96.95604, 18.84087 ], [ -96.94449, 18.85583 ], [ -96.8984, 18.86447 ], [ -96.89639, 18.87262 ], [ -96.88537, 18.87514 ], [ -96.88149, 18.8857 ], [ -96.90693, 18.8967 ], [ -96.90619, 18.90709 ], [ -96.87525, 18.91121 ], [ -96.88309, 18.92659 ], [ -96.88139, 18.94938 ], [ -96.87097, 18.95941 ], [ -96.85418, 18.96051 ], [ -96.82971, 18.94246 ] ] ] } },
{ "type": "Feature", "properties": { "CVEGEO": "30015", "NOM_ENT": "Veracruz de Ignacio de la Llave", "NOMGEO": "Angel R. Cabada", "POB1": 33839.0, "GRADO_MAR": "Medio", "IM": 0.0, "IM_NORM": 0.0, "ANALF": 0.0, "SIN_EDUC": 0.0, "SIN_DREN": 3.62, "SIN_ELEC": 3.62, "SIN_AGUA": 4.24, "PISO_TIER": 2.4, "HACIN": 3.62, "LOC5000": 0.0, "ING2SM": 0.0, "POB_TOT": 0 }, "geometry": { "type": "Polygon", "coordinates": [ [ [ -95.2857, 18.70562 ], [ -95.29449, 18.70697 ], [ -95.30239, 18.6917 ], [ -95.2923, 18.68084 ], [ -95.29496, 18.66527 ], [ -95.28612, 18.66407 ], [ -95.29274, 18.6245 ], [ -95.29956, 18.6215 ], [ -95.28744, 18.61591 ], [ -95.28424, 18.60277 ], [ -95.26055, 18.5998 ], [ -95.26934, 18.59155 ], [ -95.29381, 18.59598 ], [ -95.29845, 18.5903 ], [ -95.3058, 18.59751 ], [ -95.30822, 18.58546 ], [ -95.32206, 18.58374 ], [ -95.32664, 18.5725 ], [ -95.31368, 18.55417 ], [ -95.33276, 18.52673 ], [ -95.32836, 18.51771 ], [ -95.34863, 18.51399 ], [ -95.34963, 18.50669 ], [ -95.3822, 18.50496 ], [ -95.3804, 18.48917 ], [ -95.40122, 18.4952 ], [ -95.41575, 18.48737 ], [ -95.42649, 18.49111 ], [ -95.42713, 18.50127 ], [ -95.44098, 18.50253 ], [ -95.44407, 18.48656 ], [ -95.47029, 18.47983 ], [ -95.47519, 18.46925 ], [ -95.50235, 18.47384 ], [ -95.50317, 18.52409 ], [ -95.48616, 18.55095 ], [ -95.49262, 18.55933 ], [ -95.48171, 18.56353 ], [ -95.48374, 18.55434 ], [ -95.46972, 18.55353 ], [ -95.46019, 18.57589 ], [ -95.47064, 18.64084 ], [ -95.46723, 18.65591 ], [ -95.45805, 18.65962 ], [ -95.47304, 18.68639 ], [ -95.43705, 18.71087 ], [ -95.28664, 18.71387 ], [ -95.2857, 18.70562 ] ] ] } },
{ "type": "Feature", "properties": { "CVEGEO": "30016", "NOM_ENT": "Veracruz de Ignacio de la Llave", "NOMGEO": "La Antigua", "POB1": 28682.0, "GRADO_MAR": "Muy bajo", "IM": 0.0, "IM_NORM": 0.0, "ANALF": 0.0, "SIN_EDUC": 0.0, "SIN_DREN": 0.44, "SIN_ELEC": 0.44, "SIN_AGUA": 0.39, "PISO_TIER": 1.17, "HACIN": 0.44, "LOC5000": 0.0, "ING2SM": 0.0, "POB_TOT": 0 }, "geometry": { "type": "Polygon", "coordinates": [ [ [ -96.30669, 19.37343 ], [ -96.31086, 19.35702 ], [ -96.29559, 19.32315 ], [ -96.26344, 19.29047 ], [ -96.22155, 19.26538 ], [ -96.22765, 19.26057 ], [ -96.22643, 19.22081 ], [ -96.24141, 19.22549 ], [ -96.27298, 19.2648 ], [ -96.28682, 19.25989 ], [ -96.29111, 19.2435 ], [ -96.30958, 19.23268 ], [ -96.33939, 19.24185 ], [ -96.32204, 19.29556 ], [ -96.34573, 19.31462 ], [ -96.35453, 19.33258 ], [ -96.34943, 19.34124 ], [ -96.35981, 19.34269 ], [ -96.37369, 19.36427 ], [ -96.38479, 19.36058 ], [ -96.37225, 19.38144 ], [ -96.37709, 19.40071 ], [ -96.33211, 19.39588 ], [ -96.32993, 19.40883 ], [ -96.32066, 19.40973 ], [ -96.30669, 19.37343 ] ] ] } },
{ "type": "Feature", "properties": { "CVEGEO": "30017", "NOM_ENT": "Veracruz de Ignacio de la Llave", "NOMGEO": "Apazapan", "POB1": 4709.0, "GRADO_MAR": "Bajo", "IM": 0.0, "IM_NORM": 0.0, "ANALF": 0.0, "SIN_EDUC": 0.0, "SIN_DREN": 1.83, "SIN_ELEC": 1.83, "SIN_AGUA": 0.62, "PISO_TIER": 2.19, "HACIN": 1.83, "LOC5000": 0.0, "ING2SM": 0.0, "POB_TOT": 0 }, "geometry": { "type": "Polygon", "coordinates": [ [ [ -96.67942, 19.36909 ], [ -96.66361, 19.36092 ], [ -96.65408, 19.33784 ], [ -96.6396, 19.35237 ], [ -96.56022, 19.33984 ], [ -96.59232, 19.31949 ], [ -96.61317, 19.33624 ], [ -96.62859, 19.32054 ], [ -96.66487, 19.31453 ], [ -96.67604, 19.30366 ], [ -96.69282, 19.30552 ], [ -96.69863, 19.31597 ], [ -96.7052, 19.31076 ], [ -96.71859, 19.31538 ], [ -96.73806, 19.3716 ], [ -96.70724, 19.35767 ], [ -96.69697, 19.37078 ], [ -96.67552, 19.38306 ], [ -96.67942, 19.36909 ] ] ] } },
{ "type": "Feature", "properties": { "CVEGEO": "30018", "NOM_ENT": "Veracruz de Ignacio de la Llave", "NOMGEO": "Aquila", "POB1": 1978.0, "GRADO_MAR": "Alto", "IM": 0.0, "IM_NORM": 0.0, "ANALF": 0.0, "SIN_EDUC": 0.0, "SIN_DREN": 5.23, "SIN_ELEC": 5.23, "SIN_AGUA": 2.74, "PISO_TIER": 7.61, "HACIN": 5.23, "LOC5000": 0.0, "ING2SM": 0.0, "POB_TOT": 0 }, "geometry": { "type": "Polygon", "coordinates": [ [ [ -97.29219, 18.7864 ], [ -97.29999, 18.77603 ], [ -97.33078, 18.76391 ], [ -97.34018, 18.7784 ], [ -97.35408, 18.77607 ], [ -97.35203, 18.79289 ], [ -97.32576, 18.81299 ], [ -97.29219, 18.7864 ] ] ] } },
{ "type": "Feature", "properties": { "CVEGEO": "30019", "NOM_ENT": "Veracruz de Ignacio de la Llave", "NOMGEO": "Astacinga", "POB1": 6909.0, "GRADO_MAR": "Alto", "IM": 0.0, "IM_NORM": 0.0, "ANALF": 0.0, "SIN_EDUC": 0.0, "SIN_DREN": 1.2, "SIN_ELEC": 1.2, "SIN_AGUA": 3.88, "PISO_TIER": 22.62, "HACIN": 1.2, "LOC5000": 0.0, "ING2SM": 0.0, "POB_TOT": 0 }, "geometry": { "type": "Polygon", "coordinates": [ [ [ -97.07114, 18.56918 ], [ -97.11046, 18.52145 ], [ -97.14456, 18.57093 ], [ -97.10046, 18.57564 ], [ -97.08532, 18.58517 ], [ -97.04885, 18.58839 ], [ -97.04807, 18.58144 ], [ -97.07114, 18.56918 ] ] ] } },
{ "type": "Feature", "properties": { "CVEGEO": "30020", "NOM_ENT": "Veracruz de Ignacio de la Llave", "NOMGEO": "Atlahuilco", "POB1": 11577.0, "GRADO_MAR": "Muy alto", "IM": 0.0, "IM_NORM": 0.0, "ANALF": 0.0, "SIN_EDUC": 0.0, "SIN_DREN": 1.36, "SIN_ELEC": 1.36, "SIN_AGUA": 10.36, "PISO_TIER": 28.25, "HACIN": 1.36, "LOC5000": 0.0, "ING2SM": 0.0, "POB_TOT": 0 }, "geometry": { "type": "Polygon", "coordinates": [ [ [ -97.12107, 18.70836 ], [ -97.12832, 18.7041 ], [ -97.1212, 18.70149 ], [ -97.10274, 18.71231 ], [ -97.10114, 18.70575 ], [ -97.08802, 18.70753 ], [ -97.08545, 18.71605 ], [ -97.0742, 18.71271 ], [ -97.07615, 18.70268 ], [ -97.06285, 18.70355 ], [ -97.06678, 18.69946 ], [ -97.05373, 18.68561 ], [ -97.05506, 18.66531 ], [ -97.06402, 18.66387 ], [ -97.07848, 18.64137 ], [ -97.10943, 18.65538 ], [ -97.13418, 18.64809 ], [ -97.13312, 18.66009 ], [ -97.14604, 18.66777 ], [ -97.17789, 18.65873 ], [ -97.18537, 18.66776 ], [ -97.16625, 18.68678 ], [ -97.15177, 18.67226 ], [ -97.13887, 18.67949 ], [ -97.13222, 18.73032 ], [ -97.12107, 18.70836 ] ] ] } },
{ "type": "Feature", "properties": { "CVEGEO": "30021", "NOM_ENT": "Veracruz de Ignacio de la Llave", "NOMGEO": "Atoyac", "POB1": 23461.0, "GRADO_MAR": "Bajo", "IM": 0.0, "IM_NORM": 0.0, "ANALF": 0.0, "SIN_EDUC": 0.0, "SIN_DREN": 2.0, "SIN_ELEC": 2.0, "SIN_AGUA": 14.57, "PISO_TIER": 3.45, "HACIN": 2.0, "LOC5000": 0.0, "ING2SM": 0.0, "POB_TOT": 0 }, "geometry": { "type": "Polygon", "coordinates": [ [ [ -96.84721, 19.00281 ], [ -96.81488, 19.00889 ], [ -96.81426, 18.99873 ], [ -96.79645, 18.99816 ], [ -96.77217, 18.93683 ], [ -96.71133, 18.83851 ], [ -96.72191, 18.84762 ], [ -96.7424, 18.83895 ], [ -96.78105, 18.87649 ], [ -96.82452, 18.87905 ], [ -96.8293, 18.90119 ], [ -96.8176, 18.90567 ], [ -96.83644, 18.92474 ], [ -96.82971, 18.94246 ], [ -96.83809, 18.94252 ], [ -96.85643, 18.96311 ], [ -96.84821, 18.97129 ], [ -96.85834, 18.97323 ], [ -96.86752, 19.00184 ], [ -96.86579, 19.0085 ], [ -96.84721, 19.00281 ] ] ] } },
{ "type": "Feature", "properties": { "CVEGEO": "30022", "NOM_ENT": "Veracruz de Ignacio de la Llave", "NOMGEO": "Atzacan", "POB1": 22651.0, "GRADO_MAR": "Medio", "IM": 0.0, "IM_NORM": 0.0, "ANALF": 0.0, "SIN_EDUC": 0.0, "SIN_DREN": 1.29, "SIN_ELEC": 1.29, "SIN_AGUA": 3.14, "PISO_TIER": 13.04, "HACIN": 1.29, "LOC5000": 0.0, "ING2SM": 0.0, "POB_TOT": 0 }, "geometry": { "type": "Polygon", "coordinates": [ [ [ -97.02129, 18.93202 ], [ -97.05975, 18.94569 ], [ -97.0679, 18.9179 ], [ -97.06308, 18.89468 ], [ -97.08204, 18.89336 ], [ -97.07898, 18.88603 ], [ -97.09579, 18.87778 ], [ -97.10632, 18.88458 ], [ -97.10806, 18.89458 ], [ -97.09829, 18.89767 ], [ -97.10629, 18.91078 ], [ -97.08804, 18.92356 ], [ -97.09425, 18.93698 ], [ -97.12125, 18.94899 ], [ -97.12769, 18.97084 ], [ -97.10259, 18.99201 ], [ -97.08041, 18.97478 ], [ -97.0524, 18.9835 ], [ -97.04779, 18.99163 ], [ -97.02129, 18.93202 ] ] ] } },
{ "type": "Feature", "properties": { "CVEGEO": "30023", "NOM_ENT": "Veracruz de Ignacio de la Llave", "NOMGEO": "Atzalan", "POB1": 49180.0, "GRADO_MAR": "Alto", "IM": 0.0, "IM_NORM": 0.0, "ANALF": 0.0, "SIN_EDUC": 0.0, "SIN_DREN": 2.15, "SIN_ELEC": 2.15, "SIN_AGUA": 4.26, "PISO_TIER": 7.76, "HACIN": 2.15, "LOC5000": 0.0, "ING2SM": 0.0, "POB_TOT": 0 }, "geometry": { "type": "Polygon", "coordinates": [ [ [ -97.04127, 20.04814 ], [ -97.0403, 20.03371 ], [ -97.05019, 20.03094 ], [ -97.05549, 20.04352 ], [ -97.06178, 20.03353 ], [ -97.05287, 19.99099 ], [ -97.02792, 19.97782 ], [ -97.00677, 19.97973 ], [ -97.01368, 19.96757 ], [ -97.00178, 19.95873 ], [ -96.99347, 19.9613 ], [ -96.98793, 19.98125 ], [ -96.97945, 19.97143 ], [ -96.96365, 19.9737 ], [ -96.96377, 19.95035 ], [ -96.95241, 19.92417 ], [ -96.95629, 19.89299 ], [ -96.97448, 19.88213 ], [ -97.00361, 19.88273 ], [ -97.00852, 19.85834 ], [ -97.03187, 19.86526 ], [ -97.05686, 19.85376 ], [ -97.05051, 19.84728 ], [ -97.05783, 19.84409 ], [ -97.068, 19.8558 ], [ -97.08313, 19.84776 ], [ -97.09638, 19.85391 ], [ -97.10463, 19.84145 ], [ -97.11503, 19.8451 ], [ -97.13177, 19.82497 ], [ -97.13795, 19.82942 ], [ -97.13815, 19.81454 ], [ -97.16266, 19.79291 ], [ -97.1853, 19.78694 ], [ -97.18026, 19.77262 ], [ -97.18881, 19.75686 ], [ -97.20878, 19.7818 ], [ -97.22599, 19.77275 ], [ -97.25029, 19.77871 ], [ -97.24928, 19.78586 ], [ -97.26055, 19.78808 ], [ -97.2479, 19.79543 ], [ -97.26052, 19.79726 ], [ -97.24396, 19.8061 ], [ -97.23609, 19.82947 ], [ -97.25569, 19.83969 ], [ -97.24688, 19.85418 ], [ -97.25203, 19.88425 ], [ -97.24362, 19.90196 ], [ -97.22467, 19.90755 ], [ -97.22462, 19.92061 ], [ -97.17212, 19.98215 ], [ -97.17312, 19.99298 ], [ -97.14863, 19.99897 ], [ -97.15303, 20.01328 ], [ -97.09823, 20.02275 ], [ -97.08753, 20.04795 ], [ -97.078, 20.0537 ], [ -97.04127, 20.04814 ] ] ] } },
{ "type": "Feature", "properties": { "CVEGEO": "30024", "NOM_ENT": "Veracruz de Ignacio de la Llave", "NOMGEO": "Tlaltetela", "POB1": 16485.0, "GRADO_MAR": "Medio", "IM": 0.0, "IM_NORM": 0.0, "ANALF": 0.0, "SIN_EDUC": 0.0, "SIN_DREN": 2.0, "SIN_ELEC": 2.0, "SIN_AGUA": 1.1, "PISO_TIER": 5.98, "HACIN": 2.0, "LOC5000": 0.0, "ING2SM": 0.0, "POB_TOT": 0 }, "geometry": { "type": "Polygon", "coordinates": [ [ [ -96.80446, 19.35912 ], [ -96.7974, 19.33475 ], [ -96.77618, 19.33837 ], [ -96.7698, 19.32764 ], [ -96.77405, 19.30536 ], [ -96.74247, 19.3166 ], [ -96.74288, 19.29994 ], [ -96.72534, 19.28275 ], [ -96.72335, 19.26777 ], [ -96.69476, 19.26996 ], [ -96.70936, 19.28749 ], [ -96.69944, 19.31585 ], [ -96.69282, 19.30552 ], [ -96.67604, 19.30366 ], [ -96.66487, 19.31453 ], [ -96.62859, 19.32054 ], [ -96.61169, 19.33656 ], [ -96.59699, 19.32002 ], [ -96.61481, 19.30251 ], [ -96.60925, 19.29311 ], [ -96.63525, 19.27764 ], [ -96.66716, 19.2749 ], [ -96.69476, 19.25434 ], [ -96.80063, 19.22013 ], [ -96.831, 19.23931 ], [ -96.77853, 19.26899 ], [ -96.75395, 19.27332 ], [ -96.76428, 19.28575 ], [ -96.79265, 19.28321 ], [ -96.83175, 19.29983 ], [ -96.85698, 19.28713 ], [ -96.88865, 19.28696 ], [ -96.91459, 19.2767 ], [ -96.96672, 19.22398 ], [ -96.98533, 19.21761 ], [ -96.96774, 19.19467 ], [ -97.00628, 19.20983 ], [ -97.02593, 19.20387 ], [ -97.03082, 19.21687 ], [ -97.00123, 19.23654 ], [ -97.0044, 19.2569 ], [ -96.98517, 19.2864 ], [ -96.97457, 19.28313 ], [ -96.94678, 19.29685 ], [ -96.9391, 19.30887 ], [ -96.92398, 19.30938 ], [ -96.89492, 19.34417 ], [ -96.88153, 19.34475 ], [ -96.87216, 19.35924 ], [ -96.85468, 19.36463 ], [ -96.85386, 19.37266 ], [ -96.80446, 19.35912 ] ] ] } },
{ "type": "Feature", "properties": { "CVEGEO": "30025", "NOM_ENT": "Veracruz de Ignacio de la Llave", "NOMGEO": "Ayahualulco", "POB1": 27217.0, "GRADO_MAR": "Alto", "IM": 0.0, "IM_NORM": 0.0, "ANALF": 0.0, "SIN_EDUC": 0.0, "SIN_DREN": 0.88, "SIN_ELEC": 0.88, "SIN_AGUA": 0.83, "PISO_TIER": 8.47, "HACIN": 0.88, "LOC5000": 0.0, "ING2SM": 0.0, "POB_TOT": 0 }, "geometry": { "type": "MultiPolygon", "coordinates": [ [ [ [ -96.9972, 19.37447 ], [ -97.01585, 19.35836 ], [ -97.03544, 19.35277 ], [ -97.0468, 19.36332 ], [ -97.04184, 19.38275 ], [ -97.01276, 19.38532 ], [ -96.9972, 19.37447 ] ] ], [ [ [ -97.1463, 19.44931 ], [ -97.15435, 19.4651 ], [ -97.16507, 19.45834 ], [ -97.17493, 19.42341 ], [ -97.16744, 19.40429 ], [ -97.15071, 19.40188 ], [ -97.12562, 19.37592 ], [ -97.1326, 19.36302 ], [ -97.12959, 19.3477 ], [ -97.14845, 19.32025 ], [ -97.17542, 19.32793 ], [ -97.20027, 19.30926 ], [ -97.2156, 19.32332 ], [ -97.20471, 19.32996 ], [ -97.2102, 19.35944 ], [ -97.22386, 19.35696 ], [ -97.23361, 19.37121 ], [ -97.2667, 19.38249 ], [ -97.22041, 19.38577 ], [ -97.25794, 19.44238 ], [ -97.27471, 19.45312 ], [ -97.25926, 19.47344 ], [ -97.25174, 19.46862 ], [ -97.14987, 19.48608 ], [ -97.1463, 19.44931 ] ] ] ] } },
{ "type": "Feature", "properties": { "CVEGEO": "30026", "NOM_ENT": "Veracruz de Ignacio de la Llave", "NOMGEO": "Banderilla", "POB1": 25993.0, "GRADO_MAR": "Muy bajo", "IM": 0.0, "IM_NORM": 0.0, "ANALF": 0.0, "SIN_EDUC": 0.0, "SIN_DREN": 0.08, "SIN_ELEC": 0.08, "SIN_AGUA": 1.73, "PISO_TIER": 1.59, "HACIN": 0.08, "LOC5000": 0.0, "ING2SM": 0.0, "POB_TOT": 0 }, "geometry": { "type": "Polygon", "coordinates": [ [ [ -96.91695, 19.60282 ], [ -96.93058, 19.59354 ], [ -96.8977, 19.58206 ], [ -96.90301, 19.57175 ], [ -96.92548, 19.57996 ], [ -96.9624, 19.56668 ], [ -96.96784, 19.5755 ], [ -96.98877, 19.57906 ], [ -96.95834, 19.58737 ], [ -96.97235, 19.59515 ], [ -96.95812, 19.59502 ], [ -96.94183, 19.6124 ], [ -96.91695, 19.60282 ] ] ] } },
{ "type": "Feature", "properties": { "CVEGEO": "30027", "NOM_ENT": "Veracruz de Ignacio de la Llave", "NOMGEO": "Benito Juárez", "POB1": 16120.0, "GRADO_MAR": "Alto", "IM": 0.0, "IM_NORM": 0.0, "ANALF": 0.0, "SIN_EDUC": 0.0, "SIN_DREN": 1.0, "SIN_ELEC": 1.0, "SIN_AGUA": 28.24, "PISO_TIER": 13.5, "HACIN": 1.0, "LOC5000": 0.0, "ING2SM": 0.0, "POB_TOT": 0 }, "geometry": { "type": "Polygon", "coordinates": [ [ [ -98.22291, 20.89743 ], [ -98.20857, 20.89636 ], [ -98.1985, 20.88561 ], [ -98.18668, 20.90454 ], [ -98.14567, 20.88156 ], [ -98.13276, 20.8976 ], [ -98.12513, 20.89599 ], [ -98.12706, 20.87262 ], [ -98.11851, 20.88082 ], [ -98.1088, 20.85773 ], [ -98.12105, 20.8255 ], [ -98.13509, 20.82674 ], [ -98.12964, 20.82012 ], [ -98.13495, 20.80815 ], [ -98.09985, 20.79688 ], [ -98.11294, 20.78658 ], [ -98.08697, 20.77335 ], [ -98.09793, 20.75273 ], [ -98.10322, 20.76352 ], [ -98.11061, 20.75989 ], [ -98.11366, 20.74236 ], [ -98.10454, 20.73682 ], [ -98.10973, 20.72741 ], [ -98.13109, 20.72941 ], [ -98.14283, 20.74277 ], [ -98.17095, 20.73255 ], [ -98.17944, 20.74046 ], [ -98.19274, 20.73815 ], [ -98.20461, 20.74642 ], [ -98.1961, 20.76058 ], [ -98.21962, 20.75527 ], [ -98.23399, 20.76044 ], [ -98.22681, 20.76681 ], [ -98.23898, 20.78047 ], [ -98.23309, 20.78345 ], [ -98.24891, 20.79637 ], [ -98.24488, 20.80222 ], [ -98.23365, 20.79755 ], [ -98.2247, 20.81823 ], [ -98.25376, 20.82149 ], [ -98.26232, 20.84689 ], [ -98.25464, 20.84895 ], [ -98.25621, 20.85897 ], [ -98.2655, 20.86653 ], [ -98.25096, 20.8973 ], [ -98.22486, 20.90662 ], [ -98.22291, 20.89743 ] ] ] } },
{ "type": "Feature", "properties": { "CVEGEO": "30028", "NOM_ENT": "Veracruz de Ignacio de la Llave", "NOMGEO": "Boca del Río", "POB1": 144550.0, "GRADO_MAR": "Muy bajo", "IM": 0.0, "IM_NORM": 0.0, "ANALF": 0.0, "SIN_EDUC": 0.0, "SIN_DREN": 0.03, "SIN_ELEC": 0.03, "SIN_AGUA": 0.4, "PISO_TIER": 0.67, "HACIN": 0.03, "LOC5000": 0.0, "ING2SM": 0.0, "POB_TOT": 0 }, "geometry": { "type": "Polygon", "coordinates": [ [ [ -96.09266, 19.15117 ], [ -96.10517, 19.12772 ], [ -96.09901, 19.09436 ], [ -96.10662, 19.09192 ], [ -96.10572, 19.08321 ], [ -96.11691, 19.08423 ], [ -96.1172, 19.0557 ], [ -96.14217, 19.05755 ], [ -96.14129, 19.06783 ], [ -96.13136, 19.07006 ], [ -96.14435, 19.08175 ], [ -96.14078, 19.09433 ], [ -96.11834, 19.0919 ], [ -96.10968, 19.09859 ], [ -96.12975, 19.11853 ], [ -96.14965, 19.10951 ], [ -96.14275, 19.13438 ], [ -96.12937, 19.14623 ], [ -96.13151, 19.16517 ], [ -96.11832, 19.1717 ], [ -96.09266, 19.15117 ] ] ] } },
{ "type": "Feature", "properties": { "CVEGEO": "30029", "NOM_ENT": "Veracruz de Ignacio de la Llave", "NOMGEO": "Calcahualco", "POB1": 13701.0, "GRADO_MAR": "Alto", "IM": 0.0, "IM_NORM": 0.0, "ANALF": 0.0, "SIN_EDUC": 0.0, "SIN_DREN": 0.6, "SIN_ELEC": 0.6, "SIN_AGUA": 4.15, "PISO_TIER": 13.9, "HACIN": 0.6, "LOC5000": 0.0, "ING2SM": 0.0, "POB_TOT": 0 }, "geometry": { "type": "Polygon", "coordinates": [ [ [ -97.17996, 19.16931 ], [ -97.13652, 19.16011 ], [ -97.13072, 19.16768 ], [ -97.10872, 19.16841 ], [ -97.06669, 19.15945 ], [ -97.06797, 19.14846 ], [ -97.05287, 19.13229 ], [ -97.05193, 19.10673 ], [ -97.12028, 19.13674 ], [ -97.20152, 19.0996 ], [ -97.19762, 19.0767 ], [ -97.17566, 19.06486 ], [ -97.26718, 19.0298 ], [ -97.26965, 19.06307 ], [ -97.26139, 19.09662 ], [ -97.22231, 19.12343 ], [ -97.21956, 19.13613 ], [ -97.19719, 19.14656 ], [ -97.20963, 19.15985 ], [ -97.19458, 19.17181 ], [ -97.18712, 19.16342 ], [ -97.17996, 19.16931 ] ] ] } },
{ "type": "Feature", "properties": { "CVEGEO": "30030", "NOM_ENT": "Veracruz de Ignacio de la Llave", "NOMGEO": "Camerino Z. Mendoza", "POB1": 41835.0, "GRADO_MAR": "Bajo", "IM": 0.0, "IM_NORM": 0.0, "ANALF": 0.0, "SIN_EDUC": 0.0, "SIN_DREN": 0.31, "SIN_ELEC": 0.31, "SIN_AGUA": 8.6, "PISO_TIER": 8.42, "HACIN": 0.31, "LOC5000": 0.0, "ING2SM": 0.0, "POB_TOT": 0 }, "geometry": { "type": "Polygon", "coordinates": [ [ [ -97.13176, 18.79642 ], [ -97.14021, 18.76328 ], [ -97.16173, 18.7637 ], [ -97.1611, 18.77911 ], [ -97.184, 18.78522 ], [ -97.18486, 18.79753 ], [ -97.19775, 18.79374 ], [ -97.20029, 18.80555 ], [ -97.18638, 18.81562 ], [ -97.13176, 18.79642 ] ] ] } },
{ "type": "Feature", "properties": { "CVEGEO": "30031", "NOM_ENT": "Veracruz de Ignacio de la Llave", "NOMGEO": "Carrillo Puerto", "POB1": 18888.0, "GRADO_MAR": "Alto", "IM": 0.0, "IM_NORM": 0.0, "ANALF": 0.0, "SIN_EDUC": 0.0, "SIN_DREN": 14.27, "SIN_ELEC": 14.27, "SIN_AGUA": 3.28, "PISO_TIER": 7.09, "HACIN": 14.27, "LOC5000": 0.0, "ING2SM": 0.0, "POB_TOT": 0 }, "geometry": { "type": "Polygon", "coordinates": [ [ [ -96.55044, 18.88196 ], [ -96.51765, 18.86074 ], [ -96.48752, 18.83706 ], [ -96.48047, 18.82152 ], [ -96.46856, 18.81802 ], [ -96.47243, 18.80465 ], [ -96.46447, 18.791 ], [ -96.47238, 18.77768 ], [ -96.49438, 18.77708 ], [ -96.49978, 18.76579 ], [ -96.52331, 18.75401 ], [ -96.55969, 18.76227 ], [ -96.59359, 18.7602 ], [ -96.63004, 18.77262 ], [ -96.64701, 18.76646 ], [ -96.68491, 18.77731 ], [ -96.68773, 18.80247 ], [ -96.70151, 18.80745 ], [ -96.69892, 18.81651 ], [ -96.68787, 18.81415 ], [ -96.68899, 18.85338 ], [ -96.66866, 18.84746 ], [ -96.66063, 18.85655 ], [ -96.64004, 18.84738 ], [ -96.64278, 18.8586 ], [ -96.63539, 18.8643 ], [ -96.64464, 18.87387 ], [ -96.61737, 18.88744 ], [ -96.60058, 18.88844 ], [ -96.58654, 18.87446 ], [ -96.56801, 18.87944 ], [ -96.5722, 18.88913 ], [ -96.56253, 18.88062 ], [ -96.55044, 18.88196 ] ] ] } },
{ "type": "Feature", "properties": { "CVEGEO": "30032", "NOM_ENT": "Veracruz de Ignacio de la Llave", "NOMGEO": "Catemaco", "POB1": 49451.0, "GRADO_MAR": "Medio", "IM": 0.0, "IM_NORM": 0.0, "ANALF": 0.0, "SIN_EDUC": 0.0, "SIN_DREN": 1.21, "SIN_ELEC": 1.21, "SIN_AGUA": 4.9, "PISO_TIER": 6.71, "HACIN": 1.21, "LOC5000": 0.0, "ING2SM": 0.0, "POB_TOT": 0 }, "geometry": { "type": "Polygon", "coordinates": [ [ [ -95.04404, 18.57779 ], [ -94.98795, 18.55445 ], [ -94.89906, 18.54868 ], [ -94.91314, 18.47699 ], [ -94.90685, 18.45198 ], [ -94.89386, 18.44839 ], [ -94.87656, 18.45737 ], [ -94.86399, 18.45233 ], [ -94.88219, 18.44364 ], [ -94.8965, 18.40894 ], [ -94.86917, 18.38958 ], [ -94.88024, 18.37181 ], [ -94.89539, 18.36859 ], [ -94.89917, 18.35414 ], [ -94.90489, 18.3612 ], [ -94.91638, 18.35402 ], [ -94.93858, 18.35684 ], [ -94.94601, 18.3655 ], [ -94.973, 18.36387 ], [ -94.98865, 18.34493 ], [ -95.00375, 18.34786 ], [ -95.02595, 18.33751 ], [ -95.03167, 18.32654 ], [ -95.01757, 18.32038 ], [ -95.01993, 18.31175 ], [ -95.0303, 18.30968 ], [ -95.03032, 18.29915 ], [ -95.02298, 18.29814 ], [ -95.02103, 18.28438 ], [ -95.03514, 18.28114 ], [ -95.04116, 18.27113 ], [ -95.06318, 18.27697 ], [ -95.07813, 18.31534 ], [ -95.09807, 18.30371 ], [ -95.11533, 18.31053 ], [ -95.12241, 18.29871 ], [ -95.14356, 18.28907 ], [ -95.14605, 18.30423 ], [ -95.15749, 18.29816 ], [ -95.1636, 18.30526 ], [ -95.15907, 18.31731 ], [ -95.14878, 18.31858 ], [ -95.1557, 18.3944 ], [ -95.13488, 18.42274 ], [ -95.12998, 18.44622 ], [ -95.15137, 18.4919 ], [ -95.12098, 18.49575 ], [ -95.09171, 18.48932 ], [ -95.07425, 18.50346 ], [ -95.08727, 18.5285 ], [ -95.13592, 18.53489 ], [ -95.12157, 18.54736 ], [ -95.09929, 18.54955 ], [ -95.10132, 18.57153 ], [ -95.0802, 18.57645 ], [ -95.04971, 18.59963 ], [ -95.04404, 18.57779 ] ] ] } },
{ "type": "Feature", "properties": { "CVEGEO": "30033", "NOM_ENT": "Veracruz de Ignacio de la Llave", "NOMGEO": "Cazones de Herrera", "POB1": 24421.0, "GRADO_MAR": "Alto", "IM": 0.0, "IM_NORM": 0.0, "ANALF": 0.0, "SIN_EDUC": 0.0, "SIN_DREN": 0.75, "SIN_ELEC": 0.75, "SIN_AGUA": 22.36, "PISO_TIER": 7.13, "HACIN": 0.75, "LOC5000": 0.0, "ING2SM": 0.0, "POB_TOT": 0 }, "geometry": { "type": "Polygon", "coordinates": [ [ [ -97.26902, 20.79863 ], [ -97.25619, 20.77798 ], [ -97.23564, 20.77967 ], [ -97.21808, 20.79592 ], [ -97.19382, 20.73968 ], [ -97.20117, 20.72455 ], [ -97.18065, 20.67071 ], [ -97.20061, 20.67315 ], [ -97.19917, 20.66512 ], [ -97.21234, 20.65374 ], [ -97.23086, 20.66027 ], [ -97.26413, 20.65428 ], [ -97.26355, 20.64425 ], [ -97.27953, 20.63148 ], [ -97.28382, 20.61574 ], [ -97.29367, 20.61713 ], [ -97.29231, 20.62669 ], [ -97.30512, 20.63396 ], [ -97.2894, 20.64572 ], [ -97.30654, 20.66234 ], [ -97.35101, 20.64921 ], [ -97.3796, 20.65484 ], [ -97.37069, 20.66895 ], [ -97.37692, 20.67582 ], [ -97.36619, 20.68225 ], [ -97.381, 20.69939 ], [ -97.38478, 20.68981 ], [ -97.41018, 20.72101 ], [ -97.39038, 20.73772 ], [ -97.35736, 20.7311 ], [ -97.36062, 20.73999 ], [ -97.34543, 20.7395 ], [ -97.33697, 20.7628 ], [ -97.31675, 20.7804 ], [ -97.31644, 20.79705 ], [ -97.30387, 20.79407 ], [ -97.30645, 20.7999 ], [ -97.26902, 20.79863 ] ] ] } },
{ "type": "Feature", "properties": { "CVEGEO": "30034", "NOM_ENT": "Veracruz de Ignacio de la Llave", "NOMGEO": "Cerro Azul", "POB1": 25011.0, "GRADO_MAR": "Muy bajo", "IM": 0.0, "IM_NORM": 0.0, "ANALF": 0.0, "SIN_EDUC": 0.0, "SIN_DREN": 0.58, "SIN_ELEC": 0.58, "SIN_AGUA": 2.18, "PISO_TIER": 3.27, "HACIN": 0.58, "LOC5000": 0.0, "ING2SM": 0.0, "POB_TOT": 0 }, "geometry": { "type": "Polygon", "coordinates": [ [ [ -97.75011, 21.22025 ], [ -97.74901, 21.20842 ], [ -97.71238, 21.20317 ], [ -97.70506, 21.1896 ], [ -97.7085, 21.17144 ], [ -97.72248, 21.17168 ], [ -97.70444, 21.15657 ], [ -97.72522, 21.15453 ], [ -97.71986, 21.14152 ], [ -97.72724, 21.13077 ], [ -97.74054, 21.14587 ], [ -97.74775, 21.13199 ], [ -97.77535, 21.14304 ], [ -97.77925, 21.16421 ], [ -97.80687, 21.18508 ], [ -97.84425, 21.18513 ], [ -97.84392, 21.19746 ], [ -97.82708, 21.21873 ], [ -97.82928, 21.22903 ], [ -97.82217, 21.21717 ], [ -97.79302, 21.23964 ], [ -97.75011, 21.22025 ] ] ] } },
{ "type": "Feature", "properties": { "CVEGEO": "30035", "NOM_ENT": "Veracruz de Ignacio de la Llave", "NOMGEO": "Citlaltépetl", "POB1": 11165.0, "GRADO_MAR": "Medio", "IM": 0.0, "IM_NORM": 0.0, "ANALF": 0.0, "SIN_EDUC": 0.0, "SIN_DREN": 3.49, "SIN_ELEC": 3.49, "SIN_AGUA": 3.42, "PISO_TIER": 11.31, "HACIN": 3.49, "LOC5000": 0.0, "ING2SM": 0.0, "POB_TOT": 0 }, "geometry": { "type": "Polygon", "coordinates": [ [ [ -97.89713, 21.37636 ], [ -97.88918, 21.38516 ], [ -97.89015, 21.40785 ], [ -97.86243, 21.37971 ], [ -97.85181, 21.3785 ], [ -97.86407, 21.34699 ], [ -97.85797, 21.31817 ], [ -97.84184, 21.3044 ], [ -97.85092, 21.29541 ], [ -97.84718, 21.28662 ], [ -97.86213, 21.28493 ], [ -97.86607, 21.26873 ], [ -97.87208, 21.2695 ], [ -97.87199, 21.24613 ], [ -97.90648, 21.30978 ], [ -97.90259, 21.31909 ], [ -97.91209, 21.35324 ], [ -97.90644, 21.35321 ], [ -97.90395, 21.37193 ], [ -97.94232, 21.38869 ], [ -97.95695, 21.41462 ], [ -97.93212, 21.4276 ], [ -97.89713, 21.37636 ] ] ] } },
{ "type": "Feature", "properties": { "CVEGEO": "30036", "NOM_ENT": "Veracruz de Ignacio de la Llave", "NOMGEO": "Coacoatzintla", "POB1": 11018.0, "GRADO_MAR": "Bajo", "IM": 0.0, "IM_NORM": 0.0, "ANALF": 0.0, "SIN_EDUC": 0.0, "SIN_DREN": 0.56, "SIN_ELEC": 0.56, "SIN_AGUA": 2.51, "PISO_TIER": 5.32, "HACIN": 0.56, "LOC5000": 0.0, "ING2SM": 0.0, "POB_TOT": 0 }, "geometry": { "type": "Polygon", "coordinates": [ [ [ -96.97509, 19.71881 ], [ -96.9596, 19.72241 ], [ -96.93971, 19.70748 ], [ -96.93089, 19.67277 ], [ -96.91353, 19.66891 ], [ -96.91711, 19.63513 ], [ -96.96269, 19.63724 ], [ -96.96854, 19.64366 ], [ -96.9765, 19.68301 ], [ -96.96625, 19.68217 ], [ -96.98108, 19.716 ], [ -96.99308, 19.71695 ], [ -96.98532, 19.7272 ], [ -96.97509, 19.71881 ] ] ] } },
{ "type": "Feature", "properties": { "CVEGEO": "30037", "NOM_ENT": "Veracruz de Ignacio de la Llave", "NOMGEO": "Coahuitlán", "POB1": 8176.0, "GRADO_MAR": "Alto", "IM": 0.0, "IM_NORM": 0.0, "ANALF": 0.0, "SIN_EDUC": 0.0, "SIN_DREN": 1.7, "SIN_ELEC": 1.7, "SIN_AGUA": 7.44, "PISO_TIER": 10.49, "HACIN": 1.7, "LOC5000": 0.0, "ING2SM": 0.0, "POB_TOT": 0 }, "geometry": { "type": "Polygon", "coordinates": [ [ [ -97.6594, 20.26743 ], [ -97.68284, 20.26226 ], [ -97.70517, 20.22745 ], [ -97.75123, 20.26012 ], [ -97.75624, 20.27992 ], [ -97.74089, 20.27457 ], [ -97.7084, 20.28529 ], [ -97.70427, 20.30324 ], [ -97.67609, 20.30561 ], [ -97.6594, 20.26743 ] ] ] } },
{ "type": "Feature", "properties": { "CVEGEO": "30038", "NOM_ENT": "Veracruz de Ignacio de la Llave", "NOMGEO": "Coatepec", "POB1": 93911.0, "GRADO_MAR": "Muy bajo", "IM": 0.0, "IM_NORM": 0.0, "ANALF": 0.0, "SIN_EDUC": 0.0, "SIN_DREN": 0.41, "SIN_ELEC": 0.41, "SIN_AGUA": 1.64, "PISO_TIER": 2.96, "HACIN": 0.41, "LOC5000": 0.0, "ING2SM": 0.0, "POB_TOT": 0 }, "geometry": { "type": "Polygon", "coordinates": [ [ [ -97.07963, 19.52022 ], [ -97.02948, 19.5053 ], [ -97.03191, 19.5123 ], [ -97.01752, 19.51109 ], [ -97.01511, 19.52201 ], [ -96.99397, 19.50665 ], [ -96.98041, 19.51471 ], [ -96.96498, 19.50635 ], [ -96.94226, 19.51428 ], [ -96.93531, 19.49286 ], [ -96.90607, 19.4939 ], [ -96.90657, 19.4854 ], [ -96.89927, 19.48532 ], [ -96.90337, 19.4632 ], [ -96.88666, 19.44582 ], [ -96.83368, 19.43706 ], [ -96.817, 19.42029 ], [ -96.80785, 19.42409 ], [ -96.79839, 19.41705 ], [ -96.80748, 19.39936 ], [ -96.81607, 19.39749 ], [ -96.81423, 19.38369 ], [ -96.82518, 19.37899 ], [ -96.79703, 19.36498 ], [ -96.80076, 19.35727 ], [ -96.84126, 19.36767 ], [ -96.86005, 19.38443 ], [ -96.90547, 19.37714 ], [ -96.94998, 19.42247 ], [ -96.99184, 19.44092 ], [ -96.999, 19.46234 ], [ -97.03585, 19.47157 ], [ -97.0717, 19.50946 ], [ -97.10483, 19.52009 ], [ -97.10445, 19.5303 ], [ -97.09517, 19.53219 ], [ -97.07963, 19.52022 ] ] ] } },
{ "type": "Feature", "properties": { "CVEGEO": "30039", "NOM_ENT": "Veracruz de Ignacio de la Llave", "NOMGEO": "Coatzacoalcos", "POB1": 310698.0, "GRADO_MAR": "Muy bajo", "IM": 0.0, "IM_NORM": 0.0, "ANALF": 0.0, "SIN_EDUC": 0.0, "SIN_DREN": 0.24, "SIN_ELEC": 0.24, "SIN_AGUA": 2.6, "PISO_TIER": 1.3, "HACIN": 0.24, "LOC5000": 0.0, "ING2SM": 0.0, "POB_TOT": 0 }, "geometry": { "type": "Polygon", "coordinates": [ [ [ -94.60553, 18.19558 ], [ -94.55654, 18.16778 ], [ -94.48856, 18.15111 ], [ -94.41997, 18.15681 ], [ -94.41574, 18.16643 ], [ -94.41561, 18.15823 ], [ -94.40761, 18.15967 ], [ -94.4127, 18.16626 ], [ -94.41244, 18.1666 ], [ -94.40611, 18.15952 ], [ -94.35502, 18.16397 ], [ -94.24009, 18.188 ], [ -94.22345, 18.13579 ], [ -94.23802, 18.12772 ], [ -94.24017, 18.08687 ], [ -94.25715, 18.06988 ], [ -94.28591, 18.07345 ], [ -94.30123, 18.09575 ], [ -94.3108, 18.09726 ], [ -94.32156, 18.07534 ], [ -94.34452, 18.06098 ], [ -94.36575, 18.08226 ], [ -94.38988, 18.07227 ], [ -94.39946, 18.07783 ], [ -94.40017, 18.09094 ], [ -94.40922, 18.08773 ], [ -94.41464, 18.09773 ], [ -94.43502, 18.09287 ], [ -94.43962, 18.11099 ], [ -94.44732, 18.102 ], [ -94.4656, 18.10345 ], [ -94.47008, 18.11189 ], [ -94.51995, 18.10091 ], [ -94.52472, 18.11188 ], [ -94.51584, 18.11252 ], [ -94.51423, 18.12444 ], [ -94.53735, 18.14214 ], [ -94.57773, 18.12263 ], [ -94.59652, 18.12655 ], [ -94.60083, 18.15229 ], [ -94.63257, 18.15906 ], [ -94.63902, 18.17314 ], [ -94.62617, 18.21131 ], [ -94.60553, 18.19558 ] ] ] } },
{ "type": "Feature", "properties": { "CVEGEO": "30040", "NOM_ENT": "Veracruz de Ignacio de la Llave", "NOMGEO": "Coatzintla", "POB1": 55016.0, "GRADO_MAR": "Muy bajo", "IM": 0.0, "IM_NORM": 0.0, "ANALF": 0.0, "SIN_EDUC": 0.0, "SIN_DREN": 0.35, "SIN_ELEC": 0.35, "SIN_AGUA": 5.86, "PISO_TIER": 8.85, "HACIN": 0.35, "LOC5000": 0.0, "ING2SM": 0.0, "POB_TOT": 0 }, "geometry": { "type": "Polygon", "coordinates": [ [ [ -97.45514, 20.49164 ], [ -97.40643, 20.48856 ], [ -97.3935, 20.48015 ], [ -97.41788, 20.46103 ], [ -97.44774, 20.45649 ], [ -97.45193, 20.43046 ], [ -97.44244, 20.42798 ], [ -97.4572, 20.41425 ], [ -97.48026, 20.41057 ], [ -97.46148, 20.40393 ], [ -97.47467, 20.383 ], [ -97.4685, 20.36829 ], [ -97.47264, 20.35459 ], [ -97.50126, 20.37671 ], [ -97.51327, 20.37715 ], [ -97.51553, 20.36757 ], [ -97.52553, 20.36999 ], [ -97.54838, 20.3566 ], [ -97.61255, 20.34792 ], [ -97.62399, 20.35111 ], [ -97.62226, 20.36132 ], [ -97.65112, 20.38185 ], [ -97.65273, 20.3976 ], [ -97.63636, 20.3982 ], [ -97.64772, 20.40804 ], [ -97.63755, 20.4179 ], [ -97.63536, 20.45218 ], [ -97.59588, 20.46399 ], [ -97.57604, 20.4909 ], [ -97.53103, 20.48406 ], [ -97.51624, 20.50409 ], [ -97.4993, 20.49663 ], [ -97.48811, 20.50753 ], [ -97.45514, 20.49164 ] ] ] } },
{ "type": "Feature", "properties": { "CVEGEO": "30041", "NOM_ENT": "Veracruz de Ignacio de la Llave", "NOMGEO": "Coetzala", "POB1": 2355.0, "GRADO_MAR": "Muy alto", "IM": 0.0, "IM_NORM": 0.0, "ANALF": 0.0, "SIN_EDUC": 0.0, "SIN_DREN": 4.54, "SIN_ELEC": 4.54, "SIN_AGUA": 38.22, "PISO_TIER": 26.84, "HACIN": 4.54, "LOC5000": 0.0, "ING2SM": 0.0, "POB_TOT": 0 }, "geometry": { "type": "Polygon", "coordinates": [ [ [ -96.90432, 18.78609 ], [ -96.90631, 18.77254 ], [ -96.91534, 18.76097 ], [ -96.93752, 18.75511 ], [ -96.93736, 18.76674 ], [ -96.92778, 18.77388 ], [ -96.92806, 18.78072 ], [ -96.937, 18.78158 ], [ -96.92112, 18.79493 ], [ -96.90432, 18.78609 ] ] ] } },
{ "type": "Feature", "properties": { "CVEGEO": "30042", "NOM_ENT": "Veracruz de Ignacio de la Llave", "NOMGEO": "Colipa", "POB1": 5743.0, "GRADO_MAR": "Alto", "IM": 0.0, "IM_NORM": 0.0, "ANALF": 0.0, "SIN_EDUC": 0.0, "SIN_DREN": 10.15, "SIN_ELEC": 10.15, "SIN_AGUA": 6.15, "PISO_TIER": 5.05, "HACIN": 10.15, "LOC5000": 0.0, "ING2SM": 0.0, "POB_TOT": 0 }, "geometry": { "type": "Polygon", "coordinates": [ [ [ -96.64507, 19.99077 ], [ -96.64177, 19.96039 ], [ -96.65431, 19.94689 ], [ -96.63735, 19.9477 ], [ -96.6376, 19.94191 ], [ -96.65477, 19.91487 ], [ -96.65171, 19.89873 ], [ -96.67427, 19.87208 ], [ -96.69463, 19.87268 ], [ -96.70202, 19.88407 ], [ -96.71537, 19.87797 ], [ -96.71824, 19.88643 ], [ -96.70922, 19.89197 ], [ -96.72146, 19.90538 ], [ -96.7395, 19.90842 ], [ -96.75568, 19.88893 ], [ -96.79737, 19.93243 ], [ -96.79364, 19.94171 ], [ -96.77252, 19.93685 ], [ -96.73443, 19.98807 ], [ -96.73003, 19.97135 ], [ -96.72031, 19.97875 ], [ -96.70318, 19.96911 ], [ -96.66254, 19.9985 ], [ -96.66157, 19.98882 ], [ -96.64507, 19.99077 ] ] ] } },
{ "type": "Feature", "properties": { "CVEGEO": "30043", "NOM_ENT": "Veracruz de Ignacio de la Llave", "NOMGEO": "Comapa", "POB1": 19876.0, "GRADO_MAR": "Alto", "IM": 0.0, "IM_NORM": 0.0, "ANALF": 0.0, "SIN_EDUC": 0.0, "SIN_DREN": 10.52, "SIN_ELEC": 10.52, "SIN_AGUA": 16.16, "PISO_TIER": 4.88, "HACIN": 10.52, "LOC5000": 0.0, "ING2SM": 0.0, "POB_TOT": 0 }, "geometry": { "type": "Polygon", "coordinates": [ [ [ -96.65165, 19.19675 ], [ -96.62416, 19.20387 ], [ -96.58912, 19.17281 ], [ -96.56812, 19.17256 ], [ -96.54423, 19.15555 ], [ -96.53435, 19.16362 ], [ -96.5297, 19.15611 ], [ -96.51301, 19.15666 ], [ -96.51748, 19.14964 ], [ -96.50804, 19.15695 ], [ -96.49285, 19.13925 ], [ -96.55172, 19.12948 ], [ -96.57254, 19.1344 ], [ -96.57027, 19.11891 ], [ -96.54624, 19.10574 ], [ -96.56768, 19.10076 ], [ -96.56775, 19.08122 ], [ -96.62985, 19.09184 ], [ -96.62791, 19.08227 ], [ -96.64319, 19.08022 ], [ -96.64036, 19.07572 ], [ -96.65974, 19.08008 ], [ -96.66685, 19.07424 ], [ -96.66802, 19.08111 ], [ -96.67555, 19.07488 ], [ -96.6849, 19.08519 ], [ -96.73841, 19.08948 ], [ -96.77965, 19.10208 ], [ -96.82313, 19.14034 ], [ -96.90671, 19.16448 ], [ -96.92373, 19.19338 ], [ -96.91363, 19.19965 ], [ -96.85689, 19.16979 ], [ -96.81902, 19.16037 ], [ -96.76187, 19.16135 ], [ -96.7175, 19.16771 ], [ -96.70578, 19.18139 ], [ -96.67712, 19.19292 ], [ -96.66774, 19.20682 ], [ -96.64882, 19.20757 ], [ -96.65165, 19.19675 ] ] ] } },
{ "type": "Feature", "properties": { "CVEGEO": "30044", "NOM_ENT": "Veracruz de Ignacio de la Llave", "NOMGEO": "Córdoba", "POB1": 204721.0, "GRADO_MAR": "Muy bajo", "IM": 0.0, "IM_NORM": 0.0, "ANALF": 0.0, "SIN_EDUC": 0.0, "SIN_DREN": 0.27, "SIN_ELEC": 0.27, "SIN_AGUA": 3.95, "PISO_TIER": 3.01, "HACIN": 0.27, "LOC5000": 0.0, "ING2SM": 0.0, "POB_TOT": 0 }, "geometry": { "type": "Polygon", "coordinates": [ [ [ -96.89823, 18.99175 ], [ -96.90505, 18.98547 ], [ -96.90442, 18.96377 ], [ -96.87334, 18.95734 ], [ -96.88288, 18.94199 ], [ -96.87525, 18.91121 ], [ -96.90619, 18.90709 ], [ -96.90693, 18.8967 ], [ -96.88149, 18.8857 ], [ -96.88537, 18.87514 ], [ -96.89639, 18.87262 ], [ -96.8984, 18.86447 ], [ -96.94449, 18.85583 ], [ -96.96393, 18.83713 ], [ -96.98339, 18.90277 ], [ -96.95978, 18.90089 ], [ -96.95597, 18.90664 ], [ -97.00342, 18.95233 ], [ -96.98922, 18.97722 ], [ -96.99707, 18.98678 ], [ -96.98129, 18.98613 ], [ -96.98293, 19.00198 ], [ -96.97438, 19.0056 ], [ -96.92862, 19.01065 ], [ -96.89823, 18.99175 ] ] ] } },
{ "type": "Feature", "properties": { "CVEGEO": "30045", "NOM_ENT": "Veracruz de Ignacio de la Llave", "NOMGEO": "Cosamaloapan de Carpio", "POB1": 54737.0, "GRADO_MAR": "Bajo", "IM": 0.0, "IM_NORM": 0.0, "ANALF": 0.0, "SIN_EDUC": 0.0, "SIN_DREN": 2.07, "SIN_ELEC": 2.07, "SIN_AGUA": 5.66, "PISO_TIER": 4.31, "HACIN": 2.07, "LOC5000": 0.0, "ING2SM": 0.0, "POB_TOT": 0 }, "geometry": { "type": "Polygon", "coordinates": [ [ [ -95.9036, 18.42567 ], [ -95.90619, 18.40081 ], [ -95.88585, 18.40517 ], [ -95.89968, 18.37726 ], [ -95.87121, 18.37862 ], [ -95.8558, 18.36637 ], [ -95.81804, 18.392 ], [ -95.78755, 18.3841 ], [ -95.77855, 18.39988 ], [ -95.77937, 18.37589 ], [ -95.77071, 18.35995 ], [ -95.77689, 18.35981 ], [ -95.7794, 18.34177 ], [ -95.76648, 18.31474 ], [ -95.78589, 18.32857 ], [ -95.78004, 18.34075 ], [ -95.79001, 18.33958 ], [ -95.80592, 18.31658 ], [ -95.83959, 18.3332 ], [ -95.85045, 18.31957 ], [ -95.84925, 18.28735 ], [ -95.91336, 18.27246 ], [ -95.9152, 18.24732 ], [ -95.95266, 18.25024 ], [ -95.9563, 18.22139 ], [ -95.97217, 18.21597 ], [ -95.96168, 18.23121 ], [ -95.97685, 18.25071 ], [ -95.99237, 18.24926 ], [ -95.99312, 18.23906 ], [ -95.97617, 18.23565 ], [ -95.99895, 18.20723 ], [ -95.99136, 18.19855 ], [ -95.97988, 18.19965 ], [ -95.98252, 18.18933 ], [ -96.00672, 18.18453 ], [ -96.01134, 18.20988 ], [ -96.03499, 18.2163 ], [ -96.05114, 18.17358 ], [ -96.0634, 18.17591 ], [ -96.07606, 18.1614 ], [ -96.11205, 18.16577 ], [ -96.12304, 18.15423 ], [ -96.12258, 18.14157 ], [ -96.13563, 18.13411 ], [ -96.17966, 18.14056 ], [ -96.18828, 18.1513 ], [ -96.1828, 18.15782 ], [ -96.18758, 18.16619 ], [ -96.17023, 18.1698 ], [ -96.17333, 18.19042 ], [ -96.14997, 18.19062 ], [ -96.13973, 18.19927 ], [ -96.13837, 18.18476 ], [ -96.12034, 18.18503 ], [ -96.11847, 18.19174 ], [ -96.07818, 18.19983 ], [ -96.06905, 18.21414 ], [ -96.0804, 18.2187 ], [ -96.0797, 18.22768 ], [ -96.06209, 18.2397 ], [ -96.06515, 18.24893 ], [ -96.05356, 18.25165 ], [ -96.07202, 18.27463 ], [ -96.0699, 18.28776 ], [ -96.0557, 18.2899 ], [ -96.05528, 18.2998 ], [ -96.07155, 18.31453 ], [ -96.08238, 18.30529 ], [ -96.09195, 18.3186 ], [ -96.08634, 18.33137 ], [ -96.06811, 18.33452 ], [ -96.06641, 18.35219 ], [ -96.05477, 18.36459 ], [ -96.03509, 18.36275 ], [ -96.03308, 18.38251 ], [ -96.01659, 18.37541 ], [ -96.01055, 18.39431 ], [ -95.99237, 18.40162 ], [ -95.98509, 18.42688 ], [ -95.94736, 18.42087 ], [ -95.93902, 18.41096 ], [ -95.92968, 18.41807 ], [ -95.93271, 18.43175 ], [ -95.9036, 18.42567 ] ] ] } },
{ "type": "Feature", "properties": { "CVEGEO": "30046", "NOM_ENT": "Veracruz de Ignacio de la Llave", "NOMGEO": "Cosautlán de Carvajal", "POB1": 16167.0, "GRADO_MAR": "Medio", "IM": 0.0, "IM_NORM": 0.0, "ANALF": 0.0, "SIN_EDUC": 0.0, "SIN_DREN": 2.37, "SIN_ELEC": 2.37, "SIN_AGUA": 1.18, "PISO_TIER": 6.52, "HACIN": 2.37, "LOC5000": 0.0, "ING2SM": 0.0, "POB_TOT": 0 }, "geometry": { "type": "Polygon", "coordinates": [ [ [ -96.92226, 19.34918 ], [ -96.89588, 19.34525 ], [ -96.8957, 19.33599 ], [ -96.96047, 19.28883 ], [ -96.98072, 19.28982 ], [ -97.00722, 19.31834 ], [ -97.02419, 19.31886 ], [ -97.0345, 19.33611 ], [ -97.02786, 19.33994 ], [ -97.03546, 19.34926 ], [ -97.03068, 19.35492 ], [ -96.97144, 19.35594 ], [ -96.94423, 19.36864 ], [ -96.92903, 19.36561 ], [ -96.92226, 19.34918 ] ] ] } },
{ "type": "Feature", "properties": { "CVEGEO": "30047", "NOM_ENT": "Veracruz de Ignacio de la Llave", "NOMGEO": "Coscomatepec", "POB1": 59471.0, "GRADO_MAR": "Alto", "IM": 0.0, "IM_NORM": 0.0, "ANALF": 0.0, "SIN_EDUC": 0.0, "SIN_DREN": 0.98, "SIN_ELEC": 0.98, "SIN_AGUA": 4.59, "PISO_TIER": 7.95, "HACIN": 0.98, "LOC5000": 0.0, "ING2SM": 0.0, "POB_TOT": 0 }, "geometry": { "type": "Polygon", "coordinates": [ [ [ -96.99972, 19.08608 ], [ -97.00458, 19.07418 ], [ -97.00863, 19.07935 ], [ -97.01813, 19.07377 ], [ -97.00597, 19.05128 ], [ -97.03301, 19.04944 ], [ -97.02064, 19.03906 ], [ -97.02385, 19.02832 ], [ -97.03199, 19.03704 ], [ -97.05857, 19.02385 ], [ -97.0693, 19.03071 ], [ -97.06496, 19.00278 ], [ -97.08564, 18.99743 ], [ -97.09197, 18.98383 ], [ -97.15371, 19.00489 ], [ -97.19559, 19.04134 ], [ -97.18549, 19.0628 ], [ -97.11505, 19.06805 ], [ -97.1212, 19.0762 ], [ -97.09836, 19.07959 ], [ -97.07829, 19.09244 ], [ -97.07859, 19.0993 ], [ -97.06382, 19.101 ], [ -97.06645, 19.11289 ], [ -97.05193, 19.10673 ], [ -97.05578, 19.13065 ], [ -97.03532, 19.13183 ], [ -96.99972, 19.08608 ] ] ] } },
{ "type": "Feature", "properties": { "CVEGEO": "30048", "NOM_ENT": "Veracruz de Ignacio de la Llave", "NOMGEO": "Cosoleacaque", "POB1": 130903.0, "GRADO_MAR": "Muy bajo", "IM": 0.0, "IM_NORM": 0.0, "ANALF": 0.0, "SIN_EDUC": 0.0, "SIN_DREN": 0.48, "SIN_ELEC": 0.48, "SIN_AGUA": 10.58, "PISO_TIER": 1.8, "HACIN": 0.48, "LOC5000": 0.0, "ING2SM": 0.0, "POB_TOT": 0 }, "geometry": { "type": "Polygon", "coordinates": [ [ [ -94.51423, 18.12444 ], [ -94.51584, 18.11252 ], [ -94.52472, 18.11188 ], [ -94.51995, 18.10091 ], [ -94.47008, 18.11189 ], [ -94.4656, 18.10345 ], [ -94.44732, 18.102 ], [ -94.43813, 18.11065 ], [ -94.43647, 18.09394 ], [ -94.42407, 18.09804 ], [ -94.41566, 18.08215 ], [ -94.41951, 18.05534 ], [ -94.45027, 18.05494 ], [ -94.46009, 18.02847 ], [ -94.48614, 18.02016 ], [ -94.50322, 18.03223 ], [ -94.49595, 18.05418 ], [ -94.50378, 18.05143 ], [ -94.516, 18.06873 ], [ -94.55101, 18.07075 ], [ -94.56959, 18.09415 ], [ -94.57985, 18.08162 ], [ -94.57002, 18.03817 ], [ -94.57919, 18.02678 ], [ -94.56493, 18.01311 ], [ -94.55563, 18.02406 ], [ -94.53276, 18.02841 ], [ -94.54839, 18.0119 ], [ -94.54593, 18.00606 ], [ -94.58467, 18.00754 ], [ -94.58709, 17.98936 ], [ -94.57682, 17.98642 ], [ -94.58527, 17.97832 ], [ -94.58755, 17.9841 ], [ -94.59731, 17.98288 ], [ -94.56431, 17.96094 ], [ -94.56917, 17.92936 ], [ -94.5817, 17.91914 ], [ -94.57667, 17.9134 ], [ -94.58886, 17.89636 ], [ -94.62224, 17.90196 ], [ -94.61977, 17.88532 ], [ -94.64664, 17.86992 ], [ -94.65522, 17.88226 ], [ -94.66187, 17.87297 ], [ -94.6738, 17.8747 ], [ -94.68979, 17.88693 ], [ -94.68021, 17.89931 ], [ -94.68983, 17.91814 ], [ -94.67142, 17.95565 ], [ -94.6285, 17.9247 ], [ -94.60725, 17.93792 ], [ -94.61336, 17.96456 ], [ -94.62235, 17.96089 ], [ -94.63614, 17.97172 ], [ -94.64697, 17.96328 ], [ -94.6589, 17.97761 ], [ -94.65097, 18.0175 ], [ -94.61938, 18.0382 ], [ -94.60405, 18.05981 ], [ -94.60682, 18.07597 ], [ -94.59593, 18.07475 ], [ -94.58786, 18.09071 ], [ -94.59415, 18.09634 ], [ -94.5872, 18.10137 ], [ -94.5878, 18.12001 ], [ -94.56018, 18.13613 ], [ -94.53529, 18.139 ], [ -94.51423, 18.12444 ] ] ] } },
{ "type": "Feature", "properties": { "CVEGEO": "30049", "NOM_ENT": "Veracruz de Ignacio de la Llave", "NOMGEO": "Cotaxtla", "POB1": 22050.0, "GRADO_MAR": "Medio", "IM": 0.0, "IM_NORM": 0.0, "ANALF": 0.0, "SIN_EDUC": 0.0, "SIN_DREN": 7.34, "SIN_ELEC": 7.34, "SIN_AGUA": 1.28, "PISO_TIER": 3.23, "HACIN": 7.34, "LOC5000": 0.0, "ING2SM": 0.0, "POB_TOT": 0 }, "geometry": { "type": "Polygon", "coordinates": [ [ [ -96.29745, 18.96625 ], [ -96.30082, 18.93506 ], [ -96.2845, 18.94318 ], [ -96.27931, 18.91921 ], [ -96.26347, 18.91731 ], [ -96.25891, 18.90364 ], [ -96.24707, 18.90188 ], [ -96.21849, 18.92051 ], [ -96.21152, 18.88689 ], [ -96.19342, 18.90234 ], [ -96.18391, 18.84247 ], [ -96.19226, 18.84517 ], [ -96.19601, 18.83253 ], [ -96.21239, 18.83953 ], [ -96.2203, 18.82828 ], [ -96.24353, 18.82738 ], [ -96.26962, 18.80982 ], [ -96.26732, 18.79516 ], [ -96.27904, 18.78244 ], [ -96.34081, 18.79867 ], [ -96.33988, 18.78782 ], [ -96.35649, 18.79295 ], [ -96.41929, 18.77301 ], [ -96.41517, 18.76123 ], [ -96.39904, 18.75515 ], [ -96.40545, 18.74607 ], [ -96.42362, 18.75006 ], [ -96.42055, 18.73628 ], [ -96.45576, 18.74213 ], [ -96.47546, 18.73642 ], [ -96.4745, 18.7521 ], [ -96.46751, 18.7528 ], [ -96.48253, 18.76891 ], [ -96.46577, 18.78598 ], [ -96.47243, 18.80465 ], [ -96.46594, 18.81359 ], [ -96.52797, 18.86342 ], [ -96.5127, 18.87686 ], [ -96.53888, 18.90672 ], [ -96.49735, 18.90136 ], [ -96.49398, 18.9112 ], [ -96.51628, 18.91248 ], [ -96.52028, 18.91919 ], [ -96.4954, 18.91553 ], [ -96.49996, 18.92863 ], [ -96.46772, 18.92997 ], [ -96.46661, 18.93953 ], [ -96.45001, 18.94928 ], [ -96.43397, 18.93701 ], [ -96.42651, 18.94445 ], [ -96.39605, 18.93571 ], [ -96.39288, 18.94346 ], [ -96.37272, 18.94575 ], [ -96.35681, 18.95837 ], [ -96.35009, 18.97465 ], [ -96.32598, 18.96326 ], [ -96.3101, 18.97924 ], [ -96.29745, 18.96625 ] ] ] } },
{ "type": "Feature", "properties": { "CVEGEO": "30050", "NOM_ENT": "Veracruz de Ignacio de la Llave", "NOMGEO": "Coxquihui", "POB1": 16333.0, "GRADO_MAR": "Muy alto", "IM": 0.0, "IM_NORM": 0.0, "ANALF": 0.0, "SIN_EDUC": 0.0, "SIN_DREN": 2.3, "SIN_ELEC": 2.3, "SIN_AGUA": 36.64, "PISO_TIER": 17.92, "HACIN": 2.3, "LOC5000": 0.0, "ING2SM": 0.0, "POB_TOT": 0 }, "geometry": { "type": "Polygon", "coordinates": [ [ [ -97.48281, 20.25916 ], [ -97.48617, 20.24523 ], [ -97.51664, 20.24169 ], [ -97.52732, 20.2201 ], [ -97.54094, 20.21576 ], [ -97.53696, 20.20515 ], [ -97.55181, 20.20534 ], [ -97.54854, 20.19438 ], [ -97.5423, 20.20243 ], [ -97.53103, 20.19983 ], [ -97.53037, 20.1887 ], [ -97.52155, 20.1907 ], [ -97.51838, 20.209 ], [ -97.50582, 20.20647 ], [ -97.50502, 20.19623 ], [ -97.515, 20.19445 ], [ -97.51364, 20.1821 ], [ -97.50564, 20.17837 ], [ -97.51679, 20.16874 ], [ -97.53121, 20.16846 ], [ -97.53721, 20.17599 ], [ -97.54448, 20.16693 ], [ -97.56922, 20.16431 ], [ -97.57642, 20.17655 ], [ -97.5863, 20.15761 ], [ -97.60565, 20.15775 ], [ -97.60448, 20.16687 ], [ -97.62159, 20.17232 ], [ -97.62064, 20.18025 ], [ -97.60058, 20.18848 ], [ -97.60433, 20.19468 ], [ -97.57108, 20.20297 ], [ -97.56751, 20.21187 ], [ -97.57558, 20.21836 ], [ -97.54525, 20.24572 ], [ -97.55713, 20.25011 ], [ -97.57511, 20.24338 ], [ -97.58189, 20.26689 ], [ -97.54271, 20.2735 ], [ -97.48281, 20.25916 ] ] ] } },
{ "type": "Feature", "properties": { "CVEGEO": "30051", "NOM_ENT": "Veracruz de Ignacio de la Llave", "NOMGEO": "Coyutla", "POB1": 23096.0, "GRADO_MAR": "Alto", "IM": 0.0, "IM_NORM": 0.0, "ANALF": 0.0, "SIN_EDUC": 0.0, "SIN_DREN": 0.62, "SIN_ELEC": 0.62, "SIN_AGUA": 8.46, "PISO_TIER": 12.59, "HACIN": 0.62, "LOC5000": 0.0, "ING2SM": 0.0, "POB_TOT": 0 }, "geometry": { "type": "Polygon", "coordinates": [ [ [ -97.70882, 20.45484 ], [ -97.69772, 20.43251 ], [ -97.67304, 20.41885 ], [ -97.67207, 20.40853 ], [ -97.66099, 20.41295 ], [ -97.64037, 20.4038 ], [ -97.63636, 20.3982 ], [ -97.65265, 20.39766 ], [ -97.65494, 20.38804 ], [ -97.63899, 20.36795 ], [ -97.62226, 20.36132 ], [ -97.62399, 20.35111 ], [ -97.57411, 20.35026 ], [ -97.58269, 20.34701 ], [ -97.583, 20.31934 ], [ -97.60079, 20.32043 ], [ -97.60478, 20.31336 ], [ -97.58262, 20.28243 ], [ -97.60888, 20.27461 ], [ -97.60532, 20.26294 ], [ -97.58189, 20.26689 ], [ -97.57511, 20.24338 ], [ -97.59165, 20.24479 ], [ -97.60998, 20.23525 ], [ -97.60402, 20.22338 ], [ -97.62361, 20.22019 ], [ -97.62397, 20.20899 ], [ -97.63538, 20.20899 ], [ -97.64855, 20.24436 ], [ -97.67862, 20.24764 ], [ -97.67972, 20.26292 ], [ -97.6594, 20.26743 ], [ -97.66266, 20.28426 ], [ -97.67621, 20.29537 ], [ -97.67764, 20.31361 ], [ -97.68998, 20.31937 ], [ -97.67312, 20.3366 ], [ -97.67439, 20.34723 ], [ -97.69462, 20.33516 ], [ -97.70068, 20.31992 ], [ -97.74287, 20.35119 ], [ -97.74444, 20.38011 ], [ -97.76563, 20.38123 ], [ -97.73459, 20.4513 ], [ -97.72582, 20.45823 ], [ -97.70882, 20.45484 ] ] ] } },
{ "type": "Feature", "properties": { "CVEGEO": "30052", "NOM_ENT": "Veracruz de Ignacio de la Llave", "NOMGEO": "Cuichapa", "POB1": 11869.0, "GRADO_MAR": "Medio", "IM": 0.0, "IM_NORM": 0.0, "ANALF": 0.0, "SIN_EDUC": 0.0, "SIN_DREN": 1.99, "SIN_ELEC": 1.99, "SIN_AGUA": 0.48, "PISO_TIER": 5.66, "HACIN": 1.99, "LOC5000": 0.0, "ING2SM": 0.0, "POB_TOT": 0 }, "geometry": { "type": "Polygon", "coordinates": [ [ [ -96.86859, 18.78338 ], [ -96.84823, 18.78724 ], [ -96.82877, 18.77595 ], [ -96.799, 18.77577 ], [ -96.78705, 18.76286 ], [ -96.77222, 18.7685 ], [ -96.72521, 18.74728 ], [ -96.73337, 18.73954 ], [ -96.7923, 18.74853 ], [ -96.84172, 18.76636 ], [ -96.85406, 18.75825 ], [ -96.86615, 18.76053 ], [ -96.88393, 18.77864 ], [ -96.90432, 18.78609 ], [ -96.892, 18.79001 ], [ -96.88864, 18.80076 ], [ -96.86859, 18.78338 ] ] ] } },
{ "type": "Feature", "properties": { "CVEGEO": "30053", "NOM_ENT": "Veracruz de Ignacio de la Llave", "NOMGEO": "Cuitláhuac", "POB1": 28075.0, "GRADO_MAR": "Bajo", "IM": 0.0, "IM_NORM": 0.0, "ANALF": 0.0, "SIN_EDUC": 0.0, "SIN_DREN": 1.58, "SIN_ELEC": 1.58, "SIN_AGUA": 4.61, "PISO_TIER": 2.16, "HACIN": 1.58, "LOC5000": 0.0, "ING2SM": 0.0, "POB_TOT": 0 }, "geometry": { "type": "Polygon", "coordinates": [ [ [ -96.68787, 18.81415 ], [ -96.69892, 18.81651 ], [ -96.70151, 18.80745 ], [ -96.68773, 18.80247 ], [ -96.68491, 18.77731 ], [ -96.64701, 18.76646 ], [ -96.63004, 18.77262 ], [ -96.59359, 18.7602 ], [ -96.55969, 18.76227 ], [ -96.52331, 18.75401 ], [ -96.4835, 18.78007 ], [ -96.47379, 18.77712 ], [ -96.48263, 18.76505 ], [ -96.46751, 18.7528 ], [ -96.4745, 18.7521 ], [ -96.47546, 18.73642 ], [ -96.48971, 18.73989 ], [ -96.5191, 18.72604 ], [ -96.6543, 18.7515 ], [ -96.66162, 18.74524 ], [ -96.66791, 18.75025 ], [ -96.72167, 18.74362 ], [ -96.7774, 18.76865 ], [ -96.78035, 18.77888 ], [ -96.7667, 18.78313 ], [ -96.78019, 18.79239 ], [ -96.75644, 18.79868 ], [ -96.76677, 18.80731 ], [ -96.74769, 18.84566 ], [ -96.73547, 18.83776 ], [ -96.72191, 18.84762 ], [ -96.71133, 18.83851 ], [ -96.71166, 18.84847 ], [ -96.69017, 18.85366 ], [ -96.68787, 18.81415 ] ] ] } },
{ "type": "Feature", "properties": { "CVEGEO": "30054", "NOM_ENT": "Veracruz de Ignacio de la Llave", "NOMGEO": "Chacaltianguis", "POB1": 11461.0, "GRADO_MAR": "Medio", "IM": 0.0, "IM_NORM": 0.0, "ANALF": 0.0, "SIN_EDUC": 0.0, "SIN_DREN": 2.99, "SIN_ELEC": 2.99, "SIN_AGUA": 6.0, "PISO_TIER": 1.49, "HACIN": 2.99, "LOC5000": 0.0, "ING2SM": 0.0, "POB_TOT": 0 }, "geometry": { "type": "Polygon", "coordinates": [ [ [ -95.76648, 18.31474 ], [ -95.76864, 18.30605 ], [ -95.77797, 18.30068 ], [ -95.78282, 18.30957 ], [ -95.78241, 18.29369 ], [ -95.79207, 18.28566 ], [ -95.78209, 18.28162 ], [ -95.77894, 18.26877 ], [ -95.76413, 18.2741 ], [ -95.74921, 18.2447 ], [ -95.72923, 18.24092 ], [ -95.74714, 18.2339 ], [ -95.73421, 18.23235 ], [ -95.73076, 18.21872 ], [ -95.7175, 18.2161 ], [ -95.72532, 18.21104 ], [ -95.7171, 18.20493 ], [ -95.70513, 18.20757 ], [ -95.70765, 18.18879 ], [ -95.72621, 18.18226 ], [ -95.7286, 18.16401 ], [ -95.76542, 18.15065 ], [ -95.7695, 18.13006 ], [ -95.77851, 18.12987 ], [ -95.78089, 18.093 ], [ -95.82305, 18.08038 ], [ -95.83316, 18.12902 ], [ -95.85153, 18.13079 ], [ -95.84982, 18.14115 ], [ -95.86751, 18.15065 ], [ -95.87308, 18.16407 ], [ -95.87157, 18.17929 ], [ -95.8628, 18.17345 ], [ -95.84136, 18.18322 ], [ -95.84449, 18.20508 ], [ -95.88843, 18.25065 ], [ -95.90153, 18.23963 ], [ -95.91725, 18.26858 ], [ -95.84925, 18.28735 ], [ -95.85045, 18.31957 ], [ -95.83737, 18.33405 ], [ -95.80592, 18.31658 ], [ -95.79001, 18.33958 ], [ -95.78004, 18.34075 ], [ -95.78629, 18.32947 ], [ -95.76648, 18.31474 ] ] ] } },
{ "type": "Feature", "properties": { "CVEGEO": "30055", "NOM_ENT": "Veracruz de Ignacio de la Llave", "NOMGEO": "Chalma", "POB1": 13527.0, "GRADO_MAR": "Alto", "IM": 0.0, "IM_NORM": 0.0, "ANALF": 0.0, "SIN_EDUC": 0.0, "SIN_DREN": 1.37, "SIN_ELEC": 1.37, "SIN_AGUA": 27.81, "PISO_TIER": 8.81, "HACIN": 1.37, "LOC5000": 0.0, "ING2SM": 0.0, "POB_TOT": 0 }, "geometry": { "type": "MultiPolygon", "coordinates": [ [ [ [ -98.24764, 21.2262 ], [ -98.25072, 21.21052 ], [ -98.23899, 21.22095 ], [ -98.23159, 21.20545 ], [ -98.22569, 21.21341 ], [ -98.21624, 21.20784 ], [ -98.22039, 21.18153 ], [ -98.22797, 21.19271 ], [ -98.23491, 21.18752 ], [ -98.2304, 21.17666 ], [ -98.21242, 21.17053 ], [ -98.20709, 21.15618 ], [ -98.22314, 21.15666 ], [ -98.2491, 21.1294 ], [ -98.26466, 21.14115 ], [ -98.28217, 21.13641 ], [ -98.29553, 21.14829 ], [ -98.27562, 21.18884 ], [ -98.29877, 21.19031 ], [ -98.29179, 21.20419 ], [ -98.25373, 21.22958 ], [ -98.24764, 21.2262 ] ] ], [ [ [ -98.381, 21.25272 ], [ -98.38085, 21.23382 ], [ -98.37431, 21.24547 ], [ -98.36738, 21.2411 ], [ -98.36812, 21.23224 ], [ -98.34618, 21.22437 ], [ -98.33629, 21.21529 ], [ -98.33604, 21.20158 ], [ -98.32014, 21.20021 ], [ -98.30989, 21.18399 ], [ -98.31585, 21.18688 ], [ -98.34072, 21.16979 ], [ -98.3424, 21.17969 ], [ -98.37181, 21.18389 ], [ -98.37855, 21.17621 ], [ -98.36773, 21.15883 ], [ -98.41643, 21.15498 ], [ -98.42351, 21.16362 ], [ -98.41896, 21.17821 ], [ -98.42921, 21.21471 ], [ -98.45225, 21.2393 ], [ -98.43239, 21.25635 ], [ -98.39906, 21.26737 ], [ -98.381, 21.25272 ] ] ] ] } },
{ "type": "Feature", "properties": { "CVEGEO": "30056", "NOM_ENT": "Veracruz de Ignacio de la Llave", "NOMGEO": "Chiconamel", "POB1": 6610.0, "GRADO_MAR": "Alto", "IM": 0.0, "IM_NORM": 0.0, "ANALF": 0.0, "SIN_EDUC": 0.0, "SIN_DREN": 3.4, "SIN_ELEC": 3.4, "SIN_AGUA": 14.7, "PISO_TIER": 10.14, "HACIN": 3.4, "LOC5000": 0.0, "ING2SM": 0.0, "POB_TOT": 0 }, "geometry": { "type": "MultiPolygon", "coordinates": [ [ [ [ -98.3424, 21.17969 ], [ -98.34211, 21.16077 ], [ -98.36506, 21.15809 ], [ -98.3782, 21.17454 ], [ -98.37181, 21.18389 ], [ -98.3424, 21.17969 ] ] ], [ [ [ -98.48958, 21.32058 ], [ -98.47792, 21.32107 ], [ -98.45835, 21.30372 ], [ -98.45999, 21.28445 ], [ -98.44425, 21.28486 ], [ -98.43248, 21.26572 ], [ -98.43358, 21.25269 ], [ -98.45225, 21.2393 ], [ -98.42921, 21.21471 ], [ -98.41896, 21.17821 ], [ -98.42401, 21.16726 ], [ -98.44676, 21.17981 ], [ -98.44667, 21.19962 ], [ -98.45962, 21.2048 ], [ -98.45289, 21.21003 ], [ -98.45694, 21.21483 ], [ -98.47965, 21.22389 ], [ -98.48081, 21.23067 ], [ -98.46925, 21.23416 ], [ -98.46835, 21.24965 ], [ -98.499, 21.25223 ], [ -98.51654, 21.24427 ], [ -98.54397, 21.2639 ], [ -98.50585, 21.31935 ], [ -98.4873, 21.3314 ], [ -98.48958, 21.32058 ] ] ] ] } },
{ "type": "Feature", "properties": { "CVEGEO": "30057", "NOM_ENT": "Veracruz de Ignacio de la Llave", "NOMGEO": "Chiconquiaco", "POB1": 13881.0, "GRADO_MAR": "Alto", "IM": 0.0, "IM_NORM": 0.0, "ANALF": 0.0, "SIN_EDUC": 0.0, "SIN_DREN": 1.74, "SIN_ELEC": 1.74, "SIN_AGUA": 8.34, "PISO_TIER": 6.0, "HACIN": 1.74, "LOC5000": 0.0, "ING2SM": 0.0, "POB_TOT": 0 }, "geometry": { "type": "Polygon", "coordinates": [ [ [ -96.74693, 19.78866 ], [ -96.72096, 19.78052 ], [ -96.70739, 19.75507 ], [ -96.69152, 19.75912 ], [ -96.6928, 19.74958 ], [ -96.65359, 19.73717 ], [ -96.66314, 19.71785 ], [ -96.67133, 19.72147 ], [ -96.67286, 19.73709 ], [ -96.68233, 19.74041 ], [ -96.68787, 19.72082 ], [ -96.70926, 19.72729 ], [ -96.7413, 19.70898 ], [ -96.75063, 19.72654 ], [ -96.76241, 19.73234 ], [ -96.76945, 19.7274 ], [ -96.76989, 19.73544 ], [ -96.78163, 19.72492 ], [ -96.77307, 19.71308 ], [ -96.79184, 19.71688 ], [ -96.79505, 19.69981 ], [ -96.8185, 19.69948 ], [ -96.82016, 19.71103 ], [ -96.83807, 19.71987 ], [ -96.84084, 19.76367 ], [ -96.8608, 19.77286 ], [ -96.85995, 19.77949 ], [ -96.83851, 19.7811 ], [ -96.84907, 19.81761 ], [ -96.83345, 19.817 ], [ -96.82266, 19.7948 ], [ -96.79546, 19.8078 ], [ -96.79835, 19.78471 ], [ -96.7824, 19.8012 ], [ -96.77445, 19.78947 ], [ -96.75502, 19.79134 ], [ -96.7397, 19.81626 ], [ -96.74693, 19.78866 ] ] ] } },
{ "type": "Feature", "properties": { "CVEGEO": "30058", "NOM_ENT": "Veracruz de Ignacio de la Llave", "NOMGEO": "Chicontepec", "POB1": 53858.0, "GRADO_MAR": "Alto", "IM": 0.0, "IM_NORM": 0.0, "ANALF": 0.0, "SIN_EDUC": 0.0, "SIN_DREN": 0.64, "SIN_ELEC": 0.64, "SIN_AGUA": 17.49, "PISO_TIER": 11.91, "HACIN": 0.64, "LOC5000": 0.0, "ING2SM": 0.0, "POB_TOT": 0 }, "geometry": { "type": "Polygon", "coordinates": [ [ [ -97.94155, 21.16682 ], [ -97.9509, 21.13214 ], [ -97.95056, 21.11548 ], [ -97.9425, 21.10732 ], [ -97.94994, 21.10653 ], [ -97.93882, 21.10139 ], [ -97.91712, 21.1062 ], [ -97.89384, 21.07444 ], [ -97.87249, 21.0672 ], [ -97.88421, 21.05672 ], [ -97.882, 21.04729 ], [ -97.91252, 21.05067 ], [ -97.92107, 21.02633 ], [ -97.90559, 21.01932 ], [ -97.91263, 21.00987 ], [ -97.92598, 21.01 ], [ -97.92555, 20.99799 ], [ -97.90456, 21.00244 ], [ -97.90905, 20.98787 ], [ -97.90305, 20.98586 ], [ -97.89982, 20.99706 ], [ -97.89426, 20.9841 ], [ -97.87672, 20.98134 ], [ -97.86544, 20.98895 ], [ -97.86177, 20.9749 ], [ -97.85077, 20.97674 ], [ -97.85825, 20.9699 ], [ -97.85429, 20.9711 ], [ -97.84823, 20.97 ], [ -97.86402, 20.95976 ], [ -97.85838, 20.95424 ], [ -97.86793, 20.95246 ], [ -97.87832, 20.93638 ], [ -97.87447, 20.90356 ], [ -97.88025, 20.89329 ], [ -97.89951, 20.89798 ], [ -97.91729, 20.88084 ], [ -97.92339, 20.88081 ], [ -97.92981, 20.87941 ], [ -97.91591, 20.87485 ], [ -97.92372, 20.86656 ], [ -97.91727, 20.85956 ], [ -97.92775, 20.84517 ], [ -97.95451, 20.83184 ], [ -97.96263, 20.84002 ], [ -97.96036, 20.85411 ], [ -97.9908, 20.87758 ], [ -97.99268, 20.86701 ], [ -98.01106, 20.86085 ], [ -98.00275, 20.87826 ], [ -98.0267, 20.88272 ], [ -98.04117, 20.89526 ], [ -98.05871, 20.87232 ], [ -98.082, 20.87223 ], [ -98.07676, 20.86536 ], [ -98.08141, 20.8632 ], [ -98.09991, 20.87292 ], [ -98.11046, 20.86217 ], [ -98.11851, 20.88082 ], [ -98.12706, 20.87262 ], [ -98.12715, 20.89744 ], [ -98.14567, 20.88156 ], [ -98.18472, 20.90467 ], [ -98.1953, 20.8987 ], [ -98.1985, 20.88561 ], [ -98.20857, 20.89636 ], [ -98.22291, 20.89743 ], [ -98.22901, 20.90819 ], [ -98.2227, 20.91844 ], [ -98.22981, 20.91459 ], [ -98.23935, 20.92302 ], [ -98.22857, 20.95761 ], [ -98.2161, 20.9526 ], [ -98.20953, 20.96709 ], [ -98.21691, 20.97374 ], [ -98.215, 20.98962 ], [ -98.20061, 20.99469 ], [ -98.20206, 21.01175 ], [ -98.18899, 21.01832 ], [ -98.18826, 21.0313 ], [ -98.16115, 21.01913 ], [ -98.15077, 21.04722 ], [ -98.14913, 21.08302 ], [ -98.18756, 21.11081 ], [ -98.17611, 21.11089 ], [ -98.15658, 21.13918 ], [ -98.12138, 21.1449 ], [ -98.11418, 21.15858 ], [ -98.09586, 21.16616 ], [ -98.08686, 21.15967 ], [ -98.04849, 21.16508 ], [ -98.04295, 21.15576 ], [ -98.01288, 21.14863 ], [ -97.96328, 21.17045 ], [ -97.96042, 21.18126 ], [ -97.94155, 21.16682 ] ] ] } },
{ "type": "Feature", "properties": { "CVEGEO": "30059", "NOM_ENT": "Veracruz de Ignacio de la Llave", "NOMGEO": "Chinameca", "POB1": 22638.0, "GRADO_MAR": "Medio", "IM": 0.0, "IM_NORM": 0.0, "ANALF": 0.0, "SIN_EDUC": 0.0, "SIN_DREN": 3.34, "SIN_ELEC": 3.34, "SIN_AGUA": 13.94, "PISO_TIER": 7.24, "HACIN": 3.34, "LOC5000": 0.0, "ING2SM": 0.0, "POB_TOT": 0 }, "geometry": { "type": "Polygon", "coordinates": [ [ [ -94.71119, 18.11021 ], [ -94.71304, 18.10386 ], [ -94.67551, 18.09673 ], [ -94.67812, 18.09114 ], [ -94.67607, 18.08861 ], [ -94.66319, 18.09833 ], [ -94.66163, 18.08773 ], [ -94.62872, 18.09364 ], [ -94.62673, 18.0999 ], [ -94.61288, 18.09865 ], [ -94.61347, 18.1075 ], [ -94.58786, 18.09071 ], [ -94.59593, 18.07475 ], [ -94.60682, 18.07597 ], [ -94.60405, 18.05981 ], [ -94.61938, 18.0382 ], [ -94.65097, 18.0175 ], [ -94.65031, 18.00981 ], [ -94.66949, 18.01213 ], [ -94.67231, 17.99306 ], [ -94.65249, 17.99067 ], [ -94.6591, 17.97813 ], [ -94.6543, 17.97168 ], [ -94.68841, 17.95763 ], [ -94.69657, 17.96592 ], [ -94.69223, 18.00654 ], [ -94.70388, 18.0051 ], [ -94.69878, 18.01039 ], [ -94.7053, 18.01697 ], [ -94.7254, 18.02401 ], [ -94.78958, 18.02427 ], [ -94.80025, 18.04123 ], [ -94.81959, 18.04328 ], [ -94.79517, 18.07217 ], [ -94.80022, 18.08657 ], [ -94.74608, 18.08205 ], [ -94.73645, 18.10192 ], [ -94.74372, 18.10545 ], [ -94.74311, 18.1172 ], [ -94.71119, 18.11021 ] ] ] } },
{ "type": "Feature", "properties": { "CVEGEO": "30060", "NOM_ENT": "Veracruz de Ignacio de la Llave", "NOMGEO": "Chinampa de Gorostiza", "POB1": 16283.0, "GRADO_MAR": "Alto", "IM": 0.0, "IM_NORM": 0.0, "ANALF": 0.0, "SIN_EDUC": 0.0, "SIN_DREN": 1.68, "SIN_ELEC": 1.68, "SIN_AGUA": 20.17, "PISO_TIER": 10.09, "HACIN": 1.68, "LOC5000": 0.0, "ING2SM": 0.0, "POB_TOT": 0 }, "geometry": { "type": "Polygon", "coordinates": [ [ [ -97.59752, 21.4171 ], [ -97.59843, 21.4 ], [ -97.58549, 21.39644 ], [ -97.58691, 21.39046 ], [ -97.57657, 21.39295 ], [ -97.57491, 21.38292 ], [ -97.5659, 21.38848 ], [ -97.56007, 21.38379 ], [ -97.55916, 21.37254 ], [ -97.58469, 21.3591 ], [ -97.58856, 21.34721 ], [ -97.60235, 21.3457 ], [ -97.60324, 21.32711 ], [ -97.64373, 21.34786 ], [ -97.65539, 21.34178 ], [ -97.66017, 21.35166 ], [ -97.6851, 21.36367 ], [ -97.69739, 21.35746 ], [ -97.69824, 21.34365 ], [ -97.70223, 21.34702 ], [ -97.70844, 21.33525 ], [ -97.71681, 21.34526 ], [ -97.73165, 21.33357 ], [ -97.76788, 21.3472 ], [ -97.77628, 21.34346 ], [ -97.76802, 21.35891 ], [ -97.77466, 21.3622 ], [ -97.75098, 21.38623 ], [ -97.76438, 21.40471 ], [ -97.75341, 21.41411 ], [ -97.73105, 21.4152 ], [ -97.70223, 21.39099 ], [ -97.68553, 21.3899 ], [ -97.68072, 21.4095 ], [ -97.66476, 21.41553 ], [ -97.64738, 21.41152 ], [ -97.64209, 21.41613 ], [ -97.6473, 21.42178 ], [ -97.59752, 21.4171 ] ] ] } },
{ "type": "Feature", "properties": { "CVEGEO": "30061", "NOM_ENT": "Veracruz de Ignacio de la Llave", "NOMGEO": "Las Choapas", "POB1": 81080.0, "GRADO_MAR": "Alto", "IM": 0.0, "IM_NORM": 0.0, "ANALF": 0.0, "SIN_EDUC": 0.0, "SIN_DREN": 3.14, "SIN_ELEC": 3.14, "SIN_AGUA": 18.28, "PISO_TIER": 10.85, "HACIN": 3.14, "LOC5000": 0.0, "ING2SM": 0.0, "POB_TOT": 0 }, "geometry": { "type": "Polygon", "coordinates": [ [ [ -94.17607, 17.97869 ], [ -94.15476, 17.98392 ], [ -94.11243, 17.96604 ], [ -94.09015, 17.96825 ], [ -94.088, 17.90648 ], [ -94.0793, 17.89104 ], [ -94.08342, 17.86987 ], [ -94.0626, 17.86309 ], [ -94.03315, 17.87255 ], [ -94.03753, 17.86266 ], [ -94.02944, 17.84567 ], [ -94.02303, 17.84625 ], [ -94.02594, 17.84038 ], [ -94.01634, 17.84449 ], [ -93.99561, 17.83662 ], [ -93.99461, 17.84602 ], [ -93.98786, 17.83436 ], [ -93.98456, 17.85157 ], [ -93.96762, 17.84514 ], [ -93.96787, 17.83704 ], [ -93.95594, 17.83339 ], [ -93.95744, 17.82531 ], [ -93.96499, 17.82996 ], [ -93.95832, 17.81973 ], [ -93.96799, 17.81787 ], [ -93.95679, 17.81064 ], [ -93.96316, 17.7995 ], [ -93.95063, 17.80041 ], [ -93.9561, 17.78172 ], [ -93.93525, 17.75909 ], [ -93.9401, 17.75317 ], [ -93.92231, 17.74633 ], [ -93.91011, 17.75469 ], [ -93.89127, 17.74808 ], [ -93.87704, 17.75656 ], [ -93.8696, 17.73932 ], [ -93.88366, 17.73553 ], [ -93.87616, 17.7333 ], [ -93.88072, 17.72628 ], [ -93.86999, 17.71353 ], [ -93.86499, 17.72218 ], [ -93.84857, 17.72071 ], [ -93.84301, 17.71136 ], [ -93.82658, 17.71919 ], [ -93.82233, 17.69957 ], [ -93.80698, 17.70592 ], [ -93.80515, 17.68935 ], [ -93.77256, 17.69271 ], [ -93.76503, 17.67457 ], [ -93.75976, 17.68511 ], [ -93.75178, 17.68398 ], [ -93.75671, 17.67687 ], [ -93.7385, 17.67937 ], [ -93.74658, 17.66011 ], [ -93.73269, 17.64916 ], [ -93.72999, 17.64129 ], [ -93.73798, 17.63495 ], [ -93.73527, 17.63008 ], [ -93.73102, 17.63583 ], [ -93.73288, 17.62576 ], [ -93.71472, 17.62085 ], [ -93.71916, 17.63346 ], [ -93.71318, 17.63067 ], [ -93.70969, 17.61163 ], [ -93.69965, 17.61368 ], [ -93.69946, 17.59602 ], [ -93.6776, 17.58587 ], [ -93.6773, 17.57576 ], [ -93.65916, 17.56548 ], [ -93.65671, 17.55534 ], [ -93.61359, 17.55251 ], [ -93.62726, 17.53168 ], [ -93.62501, 17.51463 ], [ -93.63733, 17.50981 ], [ -93.62607, 17.50442 ], [ -93.6241, 17.49345 ], [ -93.63934, 17.45958 ], [ -93.64771, 17.46174 ], [ -93.65041, 17.45885 ], [ -93.63659, 17.45527 ], [ -93.64517, 17.4424 ], [ -93.6382, 17.43608 ], [ -93.6493, 17.43247 ], [ -93.65757, 17.4169 ], [ -93.67299, 17.41992 ], [ -93.69491, 17.3878 ], [ -93.68574, 17.37237 ], [ -93.63495, 17.3377 ], [ -93.64519, 17.33068 ], [ -93.6415, 17.31795 ], [ -93.62743, 17.31284 ], [ -93.62438, 17.32248 ], [ -93.60793, 17.31493 ], [ -93.63813, 17.29095 ], [ -93.66441, 17.28619 ], [ -93.66269, 17.25627 ], [ -93.76297, 17.23934 ], [ -93.77244, 17.24582 ], [ -93.7886, 17.23232 ], [ -93.80144, 17.24038 ], [ -93.82662, 17.19049 ], [ -93.82713, 17.1725 ], [ -93.86091, 17.16374 ], [ -93.86742, 17.13696 ], [ -94.08749, 17.14943 ], [ -94.09007, 17.18456 ], [ -94.00162, 17.18413 ], [ -94.00187, 17.19964 ], [ -93.93173, 17.20012 ], [ -93.92465, 17.30092 ], [ -93.96805, 17.30304 ], [ -93.96211, 17.31834 ], [ -93.97019, 17.3237 ], [ -94.03421, 17.325 ], [ -94.0352, 17.34395 ], [ -94.12789, 17.34593 ], [ -94.17828, 17.33955 ], [ -94.20821, 17.32386 ], [ -94.21651, 17.35738 ], [ -94.21171, 17.37024 ], [ -94.18494, 17.3919 ], [ -94.18542, 17.41102 ], [ -94.20282, 17.41397 ], [ -94.23129, 17.47036 ], [ -94.22809, 17.49094 ], [ -94.21717, 17.49836 ], [ -94.20635, 17.48836 ], [ -94.20759, 17.49903 ], [ -94.19696, 17.50519 ], [ -94.20414, 17.51762 ], [ -94.21126, 17.50806 ], [ -94.23216, 17.5085 ], [ -94.22768, 17.52153 ], [ -94.23981, 17.53921 ], [ -94.22218, 17.54815 ], [ -94.20769, 17.54065 ], [ -94.19821, 17.54435 ], [ -94.20503, 17.55354 ], [ -94.22541, 17.55623 ], [ -94.21886, 17.58211 ], [ -94.20751, 17.57754 ], [ -94.19691, 17.58617 ], [ -94.19056, 17.56486 ], [ -94.17525, 17.58376 ], [ -94.16574, 17.57314 ], [ -94.15198, 17.58185 ], [ -94.14361, 17.5748 ], [ -94.12268, 17.59069 ], [ -94.15059, 17.60677 ], [ -94.16852, 17.60028 ], [ -94.16083, 17.62419 ], [ -94.14497, 17.63543 ], [ -94.16681, 17.6457 ], [ -94.1697, 17.65946 ], [ -94.18351, 17.65142 ], [ -94.20089, 17.65526 ], [ -94.19588, 17.66666 ], [ -94.17872, 17.67559 ], [ -94.19146, 17.69544 ], [ -94.18152, 17.71105 ], [ -94.20895, 17.73238 ], [ -94.22676, 17.73385 ], [ -94.2175, 17.7451 ], [ -94.22546, 17.76164 ], [ -94.19818, 17.78848 ], [ -94.20925, 17.79882 ], [ -94.22066, 17.78779 ], [ -94.22201, 17.79767 ], [ -94.19975, 17.84191 ], [ -94.20171, 17.85512 ], [ -94.21308, 17.85868 ], [ -94.241, 17.84092 ], [ -94.25066, 17.8445 ], [ -94.25469, 17.832 ], [ -94.26344, 17.84984 ], [ -94.29709, 17.83852 ], [ -94.31522, 17.83975 ], [ -94.30807, 17.84114 ], [ -94.31235, 17.85007 ], [ -94.29453, 17.85124 ], [ -94.30231, 17.86386 ], [ -94.2925, 17.87114 ], [ -94.28376, 17.86661 ], [ -94.29475, 17.86384 ], [ -94.29028, 17.85587 ], [ -94.27188, 17.86235 ], [ -94.26679, 17.89022 ], [ -94.25854, 17.88905 ], [ -94.22283, 17.94243 ], [ -94.20804, 17.95003 ], [ -94.21675, 17.97011 ], [ -94.19731, 17.98969 ], [ -94.1798, 17.98828 ], [ -94.17607, 17.97869 ] ] ] } },
{ "type": "Feature", "properties": { "CVEGEO": "30062", "NOM_ENT": "Veracruz de Ignacio de la Llave", "NOMGEO": "Chocamán", "POB1": 20839.0, "GRADO_MAR": "Medio", "IM": 0.0, "IM_NORM": 0.0, "ANALF": 0.0, "SIN_EDUC": 0.0, "SIN_DREN": 0.81, "SIN_ELEC": 0.81, "SIN_AGUA": 3.59, "PISO_TIER": 7.97, "HACIN": 0.81, "LOC5000": 0.0, "ING2SM": 0.0, "POB_TOT": 0 }, "geometry": { "type": "Polygon", "coordinates": [ [ [ -96.99828, 19.00806 ], [ -96.99121, 18.9791 ], [ -97.01288, 18.98872 ], [ -97.01433, 18.97862 ], [ -97.03175, 18.97228 ], [ -97.03293, 18.96375 ], [ -97.04755, 18.99171 ], [ -97.07133, 18.97531 ], [ -97.08672, 18.97569 ], [ -97.08815, 18.9948 ], [ -97.06496, 19.00278 ], [ -97.0693, 19.03071 ], [ -97.05857, 19.02385 ], [ -97.03141, 19.03617 ], [ -96.99828, 19.00806 ] ] ] } },
{ "type": "Feature", "properties": { "CVEGEO": "30063", "NOM_ENT": "Veracruz de Ignacio de la Llave", "NOMGEO": "Chontla", "POB1": 13359.0, "GRADO_MAR": "Alto", "IM": 0.0, "IM_NORM": 0.0, "ANALF": 0.0, "SIN_EDUC": 0.0, "SIN_DREN": 1.05, "SIN_ELEC": 1.05, "SIN_AGUA": 6.39, "PISO_TIER": 13.73, "HACIN": 1.05, "LOC5000": 0.0, "ING2SM": 0.0, "POB_TOT": 0 }, "geometry": { "type": "Polygon", "coordinates": [ [ [ -98.01251, 21.65976 ], [ -97.99621, 21.6661 ], [ -97.99065, 21.65799 ], [ -97.98562, 21.6339 ], [ -97.99132, 21.62752 ], [ -97.97633, 21.61656 ], [ -97.98267, 21.60375 ], [ -97.96885, 21.59525 ], [ -97.98227, 21.55426 ], [ -97.9781, 21.50968 ], [ -97.9922, 21.48046 ], [ -97.98839, 21.46555 ], [ -97.96352, 21.42645 ], [ -97.97012, 21.41625 ], [ -97.96602, 21.40634 ], [ -97.90395, 21.37193 ], [ -97.90644, 21.35321 ], [ -97.91209, 21.35324 ], [ -97.90259, 21.31909 ], [ -97.90648, 21.30978 ], [ -97.87145, 21.24606 ], [ -97.87088, 21.23813 ], [ -97.88757, 21.23179 ], [ -97.9153, 21.1979 ], [ -97.93914, 21.19969 ], [ -97.95817, 21.18464 ], [ -97.96185, 21.2105 ], [ -97.93645, 21.20381 ], [ -97.92912, 21.21729 ], [ -97.93724, 21.23334 ], [ -97.97235, 21.24681 ], [ -97.97171, 21.25763 ], [ -97.99607, 21.24761 ], [ -98.00255, 21.25309 ], [ -98.00263, 21.29193 ], [ -98.01153, 21.30718 ], [ -98.0054, 21.31138 ], [ -98.01653, 21.32692 ], [ -98.04512, 21.32862 ], [ -98.04677, 21.33951 ], [ -98.0364, 21.3517 ], [ -98.03811, 21.38956 ], [ -98.05416, 21.4261 ], [ -98.06449, 21.43351 ], [ -98.06195, 21.44862 ], [ -98.06873, 21.45051 ], [ -98.04939, 21.48732 ], [ -98.03268, 21.48678 ], [ -98.02412, 21.49482 ], [ -98.02123, 21.53695 ], [ -98.02823, 21.53999 ], [ -98.02688, 21.55439 ], [ -98.0366, 21.5591 ], [ -98.01767, 21.58183 ], [ -98.00958, 21.57588 ], [ -97.99996, 21.58356 ], [ -97.98668, 21.60996 ], [ -98.01124, 21.63773 ], [ -98.03072, 21.63992 ], [ -98.02977, 21.65594 ], [ -98.04456, 21.66001 ], [ -98.03804, 21.66748 ], [ -98.01251, 21.65976 ] ] ] } },
{ "type": "Feature", "properties": { "CVEGEO": "30077", "NOM_ENT": "Veracruz de Ignacio de la Llave", "NOMGEO": "Isla", "POB1": 42807.0, "GRADO_MAR": "Bajo", "IM": 0.0, "IM_NORM": 0.0, "ANALF": 0.0, "SIN_EDUC": 0.0, "SIN_DREN": 2.03, "SIN_ELEC": 2.03, "SIN_AGUA": 2.67, "PISO_TIER": 5.51, "HACIN": 2.03, "LOC5000": 0.0, "ING2SM": 0.0, "POB_TOT": 0 }, "geometry": { "type": "Polygon", "coordinates": [ [ [ -95.53349, 18.3222 ], [ -95.50555, 18.31786 ], [ -95.50725, 18.28435 ], [ -95.49466, 18.2734 ], [ -95.50927, 18.26728 ], [ -95.51559, 18.25385 ], [ -95.50242, 18.23748 ], [ -95.47225, 18.25 ], [ -95.46358, 18.26807 ], [ -95.46374, 18.26102 ], [ -95.45097, 18.2624 ], [ -95.45839, 18.25175 ], [ -95.43337, 18.24666 ], [ -95.4448, 18.24154 ], [ -95.4431, 18.22049 ], [ -95.43012, 18.22277 ], [ -95.43176, 18.23617 ], [ -95.42421, 18.24398 ], [ -95.41674, 18.22976 ], [ -95.40351, 18.23333 ], [ -95.38015, 18.22268 ], [ -95.38808, 18.22239 ], [ -95.39055, 18.21244 ], [ -95.40236, 18.21494 ], [ -95.41221, 18.2 ], [ -95.40274, 18.19563 ], [ -95.40282, 18.18276 ], [ -95.38673, 18.19137 ], [ -95.38873, 18.17786 ], [ -95.41645, 18.1714 ], [ -95.4387, 18.15505 ], [ -95.44916, 18.1541 ], [ -95.45909, 18.17524 ], [ -95.48003, 18.1933 ], [ -95.50604, 18.15912 ], [ -95.51733, 18.12795 ], [ -95.51813, 18.11765 ], [ -95.50167, 18.10354 ], [ -95.49861, 18.09038 ], [ -95.44702, 18.02808 ], [ -95.42843, 18.01754 ], [ -95.44228, 17.99607 ], [ -95.42733, 17.98856 ], [ -95.44733, 17.96981 ], [ -95.43936, 17.97118 ], [ -95.43104, 17.95926 ], [ -95.45152, 17.94917 ], [ -95.45064, 17.93998 ], [ -95.44351, 17.94057 ], [ -95.4591, 17.9215 ], [ -95.46709, 17.92883 ], [ -95.4748, 17.92247 ], [ -95.47771, 17.90701 ], [ -95.49147, 17.91011 ], [ -95.52039, 17.89824 ], [ -95.53377, 17.90604 ], [ -95.56577, 17.9022 ], [ -95.56273, 17.88331 ], [ -95.63172, 17.8915 ], [ -95.65193, 17.9097 ], [ -95.65713, 17.89216 ], [ -95.69678, 17.88146 ], [ -95.70091, 17.90886 ], [ -95.71524, 17.91778 ], [ -95.729, 17.91573 ], [ -95.72894, 17.92128 ], [ -95.71264, 17.94661 ], [ -95.71731, 17.95352 ], [ -95.69792, 17.95871 ], [ -95.69975, 17.9821 ], [ -95.69255, 17.99226 ], [ -95.68378, 17.99753 ], [ -95.67137, 17.99249 ], [ -95.66912, 17.99831 ], [ -95.6602, 17.99231 ], [ -95.65937, 18.00894 ], [ -95.6479, 18.02099 ], [ -95.64558, 18.06842 ], [ -95.62993, 18.07087 ], [ -95.62544, 18.08554 ], [ -95.66189, 18.09446 ], [ -95.6673, 18.12292 ], [ -95.65086, 18.123 ], [ -95.65371, 18.14384 ], [ -95.63876, 18.15322 ], [ -95.65105, 18.15863 ], [ -95.65046, 18.1689 ], [ -95.66164, 18.16807 ], [ -95.64637, 18.17434 ], [ -95.65797, 18.18908 ], [ -95.64643, 18.18227 ], [ -95.64566, 18.20479 ], [ -95.63346, 18.20514 ], [ -95.62886, 18.22275 ], [ -95.60968, 18.21355 ], [ -95.60685, 18.2308 ], [ -95.59215, 18.228 ], [ -95.59608, 18.23598 ], [ -95.58534, 18.24362 ], [ -95.5693, 18.23562 ], [ -95.57023, 18.24381 ], [ -95.57952, 18.24246 ], [ -95.58018, 18.25892 ], [ -95.55907, 18.27646 ], [ -95.5735, 18.29009 ], [ -95.59058, 18.29088 ], [ -95.57939, 18.29827 ], [ -95.59658, 18.30856 ], [ -95.592, 18.32451 ], [ -95.59904, 18.32914 ], [ -95.58456, 18.33134 ], [ -95.60484, 18.34095 ], [ -95.5856, 18.36068 ], [ -95.5508, 18.36188 ], [ -95.53349, 18.3222 ] ] ] } },
{ "type": "Feature", "properties": { "CVEGEO": "30078", "NOM_ENT": "Veracruz de Ignacio de la Llave", "NOMGEO": "Ixcatepec", "POB1": 12379.0, "GRADO_MAR": "Alto", "IM": 0.0, "IM_NORM": 0.0, "ANALF": 0.0, "SIN_EDUC": 0.0, "SIN_DREN": 1.95, "SIN_ELEC": 1.95, "SIN_AGUA": 18.2, "PISO_TIER": 18.95, "HACIN": 1.95, "LOC5000": 0.0, "ING2SM": 0.0, "POB_TOT": 0 }, "geometry": { "type": "Polygon", "coordinates": [ [ [ -98.04591, 21.3391 ], [ -98.04054, 21.32457 ], [ -98.02341, 21.32973 ], [ -98.0054, 21.31138 ], [ -98.01153, 21.30718 ], [ -98.00263, 21.29193 ], [ -97.99937, 21.24863 ], [ -97.97171, 21.25763 ], [ -97.97235, 21.24681 ], [ -97.93724, 21.23334 ], [ -97.92893, 21.21678 ], [ -97.93645, 21.20381 ], [ -97.96185, 21.2105 ], [ -97.95994, 21.18905 ], [ -97.96782, 21.18525 ], [ -97.96328, 21.17045 ], [ -98.01244, 21.14869 ], [ -98.04366, 21.15668 ], [ -98.02949, 21.17363 ], [ -98.04514, 21.19706 ], [ -98.06103, 21.19868 ], [ -98.07037, 21.20876 ], [ -98.05884, 21.21678 ], [ -98.07017, 21.22031 ], [ -98.05577, 21.23002 ], [ -98.07679, 21.24329 ], [ -98.09305, 21.23815 ], [ -98.11643, 21.24546 ], [ -98.09891, 21.25232 ], [ -98.09107, 21.27396 ], [ -98.06555, 21.27512 ], [ -98.07004, 21.31323 ], [ -98.06063, 21.32916 ], [ -98.07093, 21.33813 ], [ -98.06367, 21.34857 ], [ -98.04591, 21.3391 ] ] ] } },
{ "type": "Feature", "properties": { "CVEGEO": "30079", "NOM_ENT": "Veracruz de Ignacio de la Llave", "NOMGEO": "Ixhuacán de los Reyes", "POB1": 11387.0, "GRADO_MAR": "Alto", "IM": 0.0, "IM_NORM": 0.0, "ANALF": 0.0, "SIN_EDUC": 0.0, "SIN_DREN": 0.53, "SIN_ELEC": 0.53, "SIN_AGUA": 0.71, "PISO_TIER": 11.31, "HACIN": 0.53, "LOC5000": 0.0, "ING2SM": 0.0, "POB_TOT": 0 }, "geometry": { "type": "Polygon", "coordinates": [ [ [ -97.13413, 19.42239 ], [ -97.09394, 19.42291 ], [ -97.05734, 19.3949 ], [ -97.04121, 19.39791 ], [ -97.02891, 19.39091 ], [ -97.0479, 19.37716 ], [ -97.04151, 19.36887 ], [ -97.0468, 19.36332 ], [ -97.02803, 19.34398 ], [ -97.0345, 19.33611 ], [ -97.03034, 19.32518 ], [ -97.00722, 19.31834 ], [ -96.98784, 19.29526 ], [ -96.97145, 19.28981 ], [ -96.97457, 19.28313 ], [ -96.98337, 19.28757 ], [ -96.98571, 19.28005 ], [ -97.00384, 19.29648 ], [ -97.01475, 19.29007 ], [ -97.03098, 19.29732 ], [ -97.0455, 19.32128 ], [ -97.05568, 19.31197 ], [ -97.07117, 19.32151 ], [ -97.10096, 19.30359 ], [ -97.12935, 19.30889 ], [ -97.13674, 19.3227 ], [ -97.14845, 19.32025 ], [ -97.12959, 19.3477 ], [ -97.1326, 19.36302 ], [ -97.12562, 19.37592 ], [ -97.15071, 19.40188 ], [ -97.16744, 19.40429 ], [ -97.17493, 19.42341 ], [ -97.16507, 19.45834 ], [ -97.15435, 19.4651 ], [ -97.13413, 19.42239 ] ] ] } },
{ "type": "Feature", "properties": { "CVEGEO": "30080", "NOM_ENT": "Veracruz de Ignacio de la Llave", "NOMGEO": "Ixhuatlán del Café", "POB1": 23132.0, "GRADO_MAR": "Medio", "IM": 0.0, "IM_NORM": 0.0, "ANALF": 0.0, "SIN_EDUC": 0.0, "SIN_DREN": 0.79, "SIN_ELEC": 0.79, "SIN_AGUA": 9.3, "PISO_TIER": 7.61, "HACIN": 0.79, "LOC5000": 0.0, "ING2SM": 0.0, "POB_TOT": 0 }, "geometry": { "type": "Polygon", "coordinates": [ [ [ -96.8897, 19.09107 ], [ -96.89662, 19.08669 ], [ -96.8946, 19.0646 ], [ -96.8744, 19.0463 ], [ -96.88237, 19.03975 ], [ -96.883, 19.00564 ], [ -96.85799, 19.01079 ], [ -96.86752, 19.00184 ], [ -96.85834, 18.97323 ], [ -96.84821, 18.97129 ], [ -96.86273, 18.95729 ], [ -96.90442, 18.96377 ], [ -96.90505, 18.98547 ], [ -96.89823, 18.99175 ], [ -96.91372, 19.00662 ], [ -96.96382, 19.00839 ], [ -96.97544, 19.03238 ], [ -96.983, 19.03291 ], [ -96.9843, 19.02146 ], [ -96.99514, 19.03255 ], [ -96.99802, 19.02599 ], [ -97.01112, 19.06811 ], [ -97.01786, 19.07008 ], [ -96.98236, 19.09596 ], [ -96.96982, 19.08492 ], [ -96.95084, 19.08379 ], [ -96.89941, 19.0958 ], [ -96.8897, 19.09107 ] ] ] } },
{ "type": "Feature", "properties": { "CVEGEO": "30081", "NOM_ENT": "Veracruz de Ignacio de la Llave", "NOMGEO": "Ixhuatlancillo", "POB1": 27295.0, "GRADO_MAR": "Bajo", "IM": 0.0, "IM_NORM": 0.0, "ANALF": 0.0, "SIN_EDUC": 0.0, "SIN_DREN": 0.28, "SIN_ELEC": 0.28, "SIN_AGUA": 5.46, "PISO_TIER": 7.7, "HACIN": 0.28, "LOC5000": 0.0, "ING2SM": 0.0, "POB_TOT": 0 }, "geometry": { "type": "Polygon", "coordinates": [ [ [ -97.12706, 18.90549 ], [ -97.11103, 18.87096 ], [ -97.12993, 18.86304 ], [ -97.15759, 18.8656 ], [ -97.16556, 18.85843 ], [ -97.17725, 18.86346 ], [ -97.18053, 18.85688 ], [ -97.20482, 18.87223 ], [ -97.21802, 18.91167 ], [ -97.20753, 18.91764 ], [ -97.1893, 18.91139 ], [ -97.17908, 18.92919 ], [ -97.12706, 18.90549 ] ] ] } },
{ "type": "Feature", "properties": { "CVEGEO": "30082", "NOM_ENT": "Veracruz de Ignacio de la Llave", "NOMGEO": "Ixhuatlán del Sureste", "POB1": 15831.0, "GRADO_MAR": "Bajo", "IM": 0.0, "IM_NORM": 0.0, "ANALF": 0.0, "SIN_EDUC": 0.0, "SIN_DREN": 0.93, "SIN_ELEC": 0.93, "SIN_AGUA": 16.3, "PISO_TIER": 3.92, "HACIN": 0.93, "LOC5000": 0.0, "ING2SM": 0.0, "POB_TOT": 0 }, "geometry": { "type": "Polygon", "coordinates": [ [ [ -94.31844, 18.05757 ], [ -94.33562, 18.02762 ], [ -94.33296, 18.00944 ], [ -94.35207, 18.00613 ], [ -94.35917, 17.99138 ], [ -94.37303, 17.98602 ], [ -94.34966, 17.91596 ], [ -94.37173, 17.8979 ], [ -94.38286, 17.91324 ], [ -94.39625, 17.90523 ], [ -94.41269, 17.9125 ], [ -94.43706, 17.91048 ], [ -94.44982, 17.95125 ], [ -94.42712, 17.98385 ], [ -94.42963, 17.99645 ], [ -94.44276, 17.99956 ], [ -94.46009, 18.02847 ], [ -94.45686, 18.04919 ], [ -94.44605, 18.05619 ], [ -94.42213, 18.05245 ], [ -94.40951, 18.03347 ], [ -94.33739, 18.06497 ], [ -94.31844, 18.05757 ] ] ] } },
{ "type": "Feature", "properties": { "CVEGEO": "30083", "NOM_ENT": "Veracruz de Ignacio de la Llave", "NOMGEO": "Ixhuatlán de Madero", "POB1": 50836.0, "GRADO_MAR": "Alto", "IM": 0.0, "IM_NORM": 0.0, "ANALF": 0.0, "SIN_EDUC": 0.0, "SIN_DREN": 0.96, "SIN_ELEC": 0.96, "SIN_AGUA": 21.53, "PISO_TIER": 18.7, "HACIN": 0.96, "LOC5000": 0.0, "ING2SM": 0.0, "POB_TOT": 0 }, "geometry": { "type": "Polygon", "coordinates": [ [ [ -98.00275, 20.87826 ], [ -98.01106, 20.86085 ], [ -97.99268, 20.86701 ], [ -97.9908, 20.87758 ], [ -97.96036, 20.85411 ], [ -97.96263, 20.84002 ], [ -97.95451, 20.83184 ], [ -97.92326, 20.84854 ], [ -97.91727, 20.85956 ], [ -97.92372, 20.86656 ], [ -97.91409, 20.87598 ], [ -97.90354, 20.87093 ], [ -97.90705, 20.85207 ], [ -97.88771, 20.85388 ], [ -97.9202, 20.83422 ], [ -97.92849, 20.78922 ], [ -97.91367, 20.78391 ], [ -97.90593, 20.79733 ], [ -97.89479, 20.79776 ], [ -97.92244, 20.71652 ], [ -97.89742, 20.70321 ], [ -97.91407, 20.68862 ], [ -97.91783, 20.67124 ], [ -97.90876, 20.66716 ], [ -97.91184, 20.65351 ], [ -97.8951, 20.62282 ], [ -97.90875, 20.60813 ], [ -97.90968, 20.58637 ], [ -97.98081, 20.54071 ], [ -97.98152, 20.52568 ], [ -97.97262, 20.5232 ], [ -97.97933, 20.51493 ], [ -98.01846, 20.52863 ], [ -98.0083, 20.53269 ], [ -98.02872, 20.58971 ], [ -98.0177, 20.6017 ], [ -98.02141, 20.62731 ], [ -98.03997, 20.63193 ], [ -98.07183, 20.67717 ], [ -98.07195, 20.65772 ], [ -98.08717, 20.62287 ], [ -98.09821, 20.62437 ], [ -98.10058, 20.61387 ], [ -98.11549, 20.61673 ], [ -98.13087, 20.64314 ], [ -98.12973, 20.65654 ], [ -98.12014, 20.66102 ], [ -98.12749, 20.66592 ], [ -98.11553, 20.67714 ], [ -98.11832, 20.68551 ], [ -98.12911, 20.68143 ], [ -98.12608, 20.68819 ], [ -98.14823, 20.69862 ], [ -98.13783, 20.7247 ], [ -98.10635, 20.72995 ], [ -98.10454, 20.73682 ], [ -98.11366, 20.74236 ], [ -98.11061, 20.75989 ], [ -98.10322, 20.76352 ], [ -98.09793, 20.75273 ], [ -98.08699, 20.7718 ], [ -98.11294, 20.78658 ], [ -98.09972, 20.79677 ], [ -98.13509, 20.80866 ], [ -98.12964, 20.82012 ], [ -98.13509, 20.82674 ], [ -98.12105, 20.8255 ], [ -98.10656, 20.86925 ], [ -98.0952, 20.87368 ], [ -98.07783, 20.86407 ], [ -98.082, 20.87223 ], [ -98.05871, 20.87232 ], [ -98.04164, 20.89536 ], [ -98.00275, 20.87826 ] ] ] } },
{ "type": "Feature", "properties": { "CVEGEO": "30084", "NOM_ENT": "Veracruz de Ignacio de la Llave", "NOMGEO": "Ixmatlahuacan", "POB1": 5574.0, "GRADO_MAR": "Medio", "IM": 0.0, "IM_NORM": 0.0, "ANALF": 0.0, "SIN_EDUC": 0.0, "SIN_DREN": 4.18, "SIN_ELEC": 4.18, "SIN_AGUA": 10.33, "PISO_TIER": 2.8, "HACIN": 4.18, "LOC5000": 0.0, "ING2SM": 0.0, "POB_TOT": 0 }, "geometry": { "type": "Polygon", "coordinates": [ [ [ -95.89249, 18.60754 ], [ -95.87642, 18.59399 ], [ -95.88297, 18.58239 ], [ -95.86581, 18.5763 ], [ -95.86707, 18.56421 ], [ -95.85054, 18.56621 ], [ -95.82663, 18.53947 ], [ -95.83339, 18.50374 ], [ -95.85077, 18.49385 ], [ -95.81738, 18.47869 ], [ -95.81105, 18.4832 ], [ -95.79951, 18.46803 ], [ -95.77663, 18.46647 ], [ -95.77654, 18.45697 ], [ -95.7665, 18.45475 ], [ -95.77449, 18.44838 ], [ -95.76925, 18.43892 ], [ -95.77706, 18.42127 ], [ -95.79133, 18.41727 ], [ -95.77855, 18.39988 ], [ -95.78698, 18.38436 ], [ -95.79864, 18.38199 ], [ -95.81804, 18.392 ], [ -95.8558, 18.36637 ], [ -95.87121, 18.37862 ], [ -95.89968, 18.37726 ], [ -95.8855, 18.40394 ], [ -95.90619, 18.40081 ], [ -95.9063, 18.42767 ], [ -95.93271, 18.43175 ], [ -95.92968, 18.41807 ], [ -95.94044, 18.41097 ], [ -95.94736, 18.42087 ], [ -96.00004, 18.43311 ], [ -95.99908, 18.4579 ], [ -95.98244, 18.47069 ], [ -95.98576, 18.48216 ], [ -96.00442, 18.47866 ], [ -96.01375, 18.4867 ], [ -95.97528, 18.51985 ], [ -95.95768, 18.52505 ], [ -95.93791, 18.56689 ], [ -95.90429, 18.56949 ], [ -95.89734, 18.57796 ], [ -95.90128, 18.59362 ], [ -95.8931, 18.62236 ], [ -95.87868, 18.6295 ], [ -95.89249, 18.60754 ] ] ] } },
{ "type": "Feature", "properties": { "CVEGEO": "30085", "NOM_ENT": "Veracruz de Ignacio de la Llave", "NOMGEO": "Ixtaczoquitlán", "POB1": 74004.0, "GRADO_MAR": "Muy bajo", "IM": 0.0, "IM_NORM": 0.0, "ANALF": 0.0, "SIN_EDUC": 0.0, "SIN_DREN": 0.7, "SIN_ELEC": 0.7, "SIN_AGUA": 2.32, "PISO_TIER": 4.81, "HACIN": 0.7, "LOC5000": 0.0, "ING2SM": 0.0, "POB_TOT": 0 }, "geometry": { "type": "Polygon", "coordinates": [ [ [ -97.02773, 18.93704 ], [ -97.00984, 18.91533 ], [ -97.01285, 18.8943 ], [ -97.00398, 18.86776 ], [ -96.98655, 18.86428 ], [ -96.98023, 18.83243 ], [ -96.97163, 18.82542 ], [ -96.97474, 18.79879 ], [ -96.98793, 18.79444 ], [ -96.98406, 18.7787 ], [ -97.00721, 18.77108 ], [ -97.01422, 18.7556 ], [ -97.06277, 18.82714 ], [ -97.08712, 18.83288 ], [ -97.06797, 18.85938 ], [ -97.08417, 18.87336 ], [ -97.08271, 18.89209 ], [ -97.06308, 18.89468 ], [ -97.0679, 18.9179 ], [ -97.05975, 18.94569 ], [ -97.02773, 18.93704 ] ] ] } },
{ "type": "Feature", "properties": { "CVEGEO": "30086", "NOM_ENT": "Veracruz de Ignacio de la Llave", "NOMGEO": "Jalacingo", "POB1": 46794.0, "GRADO_MAR": "Medio", "IM": 0.0, "IM_NORM": 0.0, "ANALF": 0.0, "SIN_EDUC": 0.0, "SIN_DREN": 0.74, "SIN_ELEC": 0.74, "SIN_AGUA": 3.23, "PISO_TIER": 6.45, "HACIN": 0.74, "LOC5000": 0.0, "ING2SM": 0.0, "POB_TOT": 0 }, "geometry": { "type": "Polygon", "coordinates": [ [ [ -97.22278, 19.92262 ], [ -97.22467, 19.90755 ], [ -97.24005, 19.90557 ], [ -97.25203, 19.88425 ], [ -97.24618, 19.86168 ], [ -97.25569, 19.83969 ], [ -97.23642, 19.83106 ], [ -97.23903, 19.81585 ], [ -97.26052, 19.79726 ], [ -97.24787, 19.79433 ], [ -97.26029, 19.78939 ], [ -97.26551, 19.77983 ], [ -97.25976, 19.77581 ], [ -97.28124, 19.75522 ], [ -97.28229, 19.72549 ], [ -97.27144, 19.71691 ], [ -97.26904, 19.70195 ], [ -97.28094, 19.68609 ], [ -97.26785, 19.638 ], [ -97.28733, 19.61584 ], [ -97.30955, 19.60959 ], [ -97.30519, 19.62367 ], [ -97.31079, 19.63313 ], [ -97.35153, 19.61076 ], [ -97.35858, 19.6278 ], [ -97.36458, 19.62011 ], [ -97.38041, 19.63398 ], [ -97.34115, 19.67575 ], [ -97.30392, 19.67115 ], [ -97.33313, 19.71678 ], [ -97.31378, 19.73513 ], [ -97.32193, 19.73478 ], [ -97.32, 19.76982 ], [ -97.30455, 19.87069 ], [ -97.28096, 19.91235 ], [ -97.25422, 19.93432 ], [ -97.22278, 19.92262 ] ] ] } },
{ "type": "Feature", "properties": { "CVEGEO": "30087", "NOM_ENT": "Veracruz de Ignacio de la Llave", "NOMGEO": "Xalapa", "POB1": 488531.0, "GRADO_MAR": "Muy bajo", "IM": 0.0, "IM_NORM": 0.0, "ANALF": 0.0, "SIN_EDUC": 0.0, "SIN_DREN": 0.12, "SIN_ELEC": 0.12, "SIN_AGUA": 0.98, "PISO_TIER": 1.71, "HACIN": 0.12, "LOC5000": 0.0, "ING2SM": 0.0, "POB_TOT": 0 }, "geometry": { "type": "Polygon", "coordinates": [ [ [ -96.8439, 19.59159 ], [ -96.84288, 19.58967 ], [ -96.82853, 19.59723 ], [ -96.8047, 19.5841 ], [ -96.79897, 19.56767 ], [ -96.80999, 19.55933 ], [ -96.83249, 19.56306 ], [ -96.8415, 19.55456 ], [ -96.84217, 19.54687 ], [ -96.82535, 19.53476 ], [ -96.84943, 19.53856 ], [ -96.82636, 19.52328 ], [ -96.82411, 19.51268 ], [ -96.86038, 19.5209 ], [ -96.85777, 19.5106 ], [ -96.86852, 19.5085 ], [ -96.87608, 19.49395 ], [ -96.89826, 19.49327 ], [ -96.90508, 19.48459 ], [ -96.90658, 19.49415 ], [ -96.92281, 19.48838 ], [ -96.93531, 19.49286 ], [ -96.93701, 19.51112 ], [ -96.94722, 19.5129 ], [ -96.95117, 19.52982 ], [ -96.96984, 19.53676 ], [ -96.96872, 19.54755 ], [ -96.95732, 19.55092 ], [ -96.95562, 19.56703 ], [ -96.93936, 19.57652 ], [ -96.91819, 19.57918 ], [ -96.90322, 19.57163 ], [ -96.8982, 19.58083 ], [ -96.87402, 19.58099 ], [ -96.87201, 19.59182 ], [ -96.8495, 19.58506 ], [ -96.84237, 19.59912 ], [ -96.8439, 19.59159 ] ] ] } },
{ "type": "Feature", "properties": { "CVEGEO": "30088", "NOM_ENT": "Veracruz de Ignacio de la Llave", "NOMGEO": "Jalcomulco", "POB1": 5054.0, "GRADO_MAR": "Medio", "IM": 0.0, "IM_NORM": 0.0, "ANALF": 0.0, "SIN_EDUC": 0.0, "SIN_DREN": 0.85, "SIN_ELEC": 0.85, "SIN_AGUA": 0.63, "PISO_TIER": 3.89, "HACIN": 0.85, "LOC5000": 0.0, "ING2SM": 0.0, "POB_TOT": 0 }, "geometry": { "type": "Polygon", "coordinates": [ [ [ -96.7545, 19.39429 ], [ -96.74695, 19.37625 ], [ -96.73105, 19.37226 ], [ -96.73966, 19.36299 ], [ -96.71882, 19.31558 ], [ -96.70137, 19.31062 ], [ -96.70936, 19.28749 ], [ -96.69819, 19.26738 ], [ -96.72479, 19.26834 ], [ -96.72534, 19.28275 ], [ -96.74288, 19.29994 ], [ -96.74247, 19.3166 ], [ -96.77405, 19.30536 ], [ -96.7698, 19.32764 ], [ -96.7756, 19.33758 ], [ -96.79798, 19.3351 ], [ -96.80472, 19.35885 ], [ -96.79703, 19.36498 ], [ -96.82518, 19.37899 ], [ -96.81423, 19.38369 ], [ -96.81649, 19.39533 ], [ -96.77936, 19.37216 ], [ -96.78168, 19.39283 ], [ -96.77178, 19.39375 ], [ -96.77082, 19.40322 ], [ -96.76621, 19.39291 ], [ -96.7545, 19.39429 ] ] ] } },
{ "type": "Feature", "properties": { "CVEGEO": "30064", "NOM_ENT": "Veracruz de Ignacio de la Llave", "NOMGEO": "Chumatlán", "POB1": 4008.0, "GRADO_MAR": "Muy alto", "IM": 0.0, "IM_NORM": 0.0, "ANALF": 0.0, "SIN_EDUC": 0.0, "SIN_DREN": 1.82, "SIN_ELEC": 1.82, "SIN_AGUA": 53.57, "PISO_TIER": 8.23, "HACIN": 1.82, "LOC5000": 0.0, "ING2SM": 0.0, "POB_TOT": 0 }, "geometry": { "type": "Polygon", "coordinates": [ [ [ -97.57558, 20.21836 ], [ -97.56751, 20.21187 ], [ -97.57108, 20.20297 ], [ -97.57937, 20.1978 ], [ -97.5993, 20.19398 ], [ -97.60287, 20.19474 ], [ -97.60211, 20.20245 ], [ -97.61107, 20.20618 ], [ -97.61164, 20.22127 ], [ -97.60329, 20.22497 ], [ -97.60998, 20.23525 ], [ -97.59075, 20.24498 ], [ -97.5487, 20.24599 ], [ -97.57558, 20.21836 ] ] ] } },
{ "type": "Feature", "properties": { "CVEGEO": "30065", "NOM_ENT": "Veracruz de Ignacio de la Llave", "NOMGEO": "Emiliano Zapata", "POB1": 85489.0, "GRADO_MAR": "Muy bajo", "IM": 0.0, "IM_NORM": 0.0, "ANALF": 0.0, "SIN_EDUC": 0.0, "SIN_DREN": 0.95, "SIN_ELEC": 0.95, "SIN_AGUA": 1.43, "PISO_TIER": 1.71, "HACIN": 0.95, "LOC5000": 0.0, "ING2SM": 0.0, "POB_TOT": 0 }, "geometry": { "type": "Polygon", "coordinates": [ [ [ -96.76779, 19.5653 ], [ -96.794, 19.54545 ], [ -96.77375, 19.52899 ], [ -96.72933, 19.51665 ], [ -96.73301, 19.5065 ], [ -96.70493, 19.48131 ], [ -96.71137, 19.47306 ], [ -96.68883, 19.45504 ], [ -96.65613, 19.45515 ], [ -96.64825, 19.43649 ], [ -96.60603, 19.42032 ], [ -96.57773, 19.42179 ], [ -96.56957, 19.40595 ], [ -96.55957, 19.41725 ], [ -96.55429, 19.40034 ], [ -96.54195, 19.4002 ], [ -96.54298, 19.36938 ], [ -96.56379, 19.36044 ], [ -96.56244, 19.34192 ], [ -96.64063, 19.35233 ], [ -96.65408, 19.33784 ], [ -96.66361, 19.36092 ], [ -96.67942, 19.36909 ], [ -96.67552, 19.38306 ], [ -96.71423, 19.35809 ], [ -96.7423, 19.3795 ], [ -96.74695, 19.37625 ], [ -96.74775, 19.39028 ], [ -96.76621, 19.39291 ], [ -96.77082, 19.40322 ], [ -96.77178, 19.39375 ], [ -96.78168, 19.39283 ], [ -96.77936, 19.37216 ], [ -96.81649, 19.39533 ], [ -96.79858, 19.415 ], [ -96.80785, 19.42409 ], [ -96.817, 19.42029 ], [ -96.83368, 19.43706 ], [ -96.88666, 19.44582 ], [ -96.90337, 19.4632 ], [ -96.89935, 19.49275 ], [ -96.87608, 19.49395 ], [ -96.86852, 19.5085 ], [ -96.85777, 19.5106 ], [ -96.85971, 19.5211 ], [ -96.82411, 19.51268 ], [ -96.82636, 19.52328 ], [ -96.84961, 19.53736 ], [ -96.83934, 19.54151 ], [ -96.82535, 19.53476 ], [ -96.84217, 19.54687 ], [ -96.8415, 19.55456 ], [ -96.83068, 19.56335 ], [ -96.80999, 19.55933 ], [ -96.79901, 19.56756 ], [ -96.80117, 19.57581 ], [ -96.76779, 19.5653 ] ] ] } },
{ "type": "Feature", "properties": { "CVEGEO": "30066", "NOM_ENT": "Veracruz de Ignacio de la Llave", "NOMGEO": "Espinal", "POB1": 26830.0, "GRADO_MAR": "Alto", "IM": 0.0, "IM_NORM": 0.0, "ANALF": 0.0, "SIN_EDUC": 0.0, "SIN_DREN": 1.43, "SIN_ELEC": 1.43, "SIN_AGUA": 26.66, "PISO_TIER": 9.43, "HACIN": 1.43, "LOC5000": 0.0, "ING2SM": 0.0, "POB_TOT": 0 }, "geometry": { "type": "Polygon", "coordinates": [ [ [ -97.51025, 20.35309 ], [ -97.51587, 20.33947 ], [ -97.47031, 20.32752 ], [ -97.45524, 20.33247 ], [ -97.4007, 20.30563 ], [ -97.40918, 20.29945 ], [ -97.40739, 20.27863 ], [ -97.40122, 20.28212 ], [ -97.37835, 20.25474 ], [ -97.40728, 20.23218 ], [ -97.44527, 20.24616 ], [ -97.46429, 20.22422 ], [ -97.46505, 20.18022 ], [ -97.48547, 20.17332 ], [ -97.50967, 20.14088 ], [ -97.51869, 20.15419 ], [ -97.50538, 20.17904 ], [ -97.51364, 20.1821 ], [ -97.515, 20.19445 ], [ -97.50502, 20.19623 ], [ -97.50582, 20.20647 ], [ -97.51838, 20.209 ], [ -97.52155, 20.1907 ], [ -97.53037, 20.1887 ], [ -97.53103, 20.19983 ], [ -97.5423, 20.20243 ], [ -97.54854, 20.19438 ], [ -97.55181, 20.20534 ], [ -97.53696, 20.20515 ], [ -97.54094, 20.21576 ], [ -97.52732, 20.2201 ], [ -97.51664, 20.24169 ], [ -97.48617, 20.24523 ], [ -97.48281, 20.25916 ], [ -97.50462, 20.26754 ], [ -97.53091, 20.26535 ], [ -97.54271, 20.2735 ], [ -97.60532, 20.26294 ], [ -97.60888, 20.27461 ], [ -97.58262, 20.28243 ], [ -97.60478, 20.31336 ], [ -97.60079, 20.32043 ], [ -97.58495, 20.31754 ], [ -97.57998, 20.32346 ], [ -97.58269, 20.34701 ], [ -97.52357, 20.36957 ], [ -97.51025, 20.35309 ] ] ] } },
{ "type": "Feature", "properties": { "CVEGEO": "30067", "NOM_ENT": "Veracruz de Ignacio de la Llave", "NOMGEO": "Filomeno Mata", "POB1": 19179.0, "GRADO_MAR": "Alto", "IM": 0.0, "IM_NORM": 0.0, "ANALF": 0.0, "SIN_EDUC": 0.0, "SIN_DREN": 1.97, "SIN_ELEC": 1.97, "SIN_AGUA": 11.89, "PISO_TIER": 8.33, "HACIN": 1.97, "LOC5000": 0.0, "ING2SM": 0.0, "POB_TOT": 0 }, "geometry": { "type": "Polygon", "coordinates": [ [ [ -97.671, 20.23965 ], [ -97.70083, 20.21929 ], [ -97.68469, 20.19234 ], [ -97.66781, 20.1817 ], [ -97.63445, 20.18816 ], [ -97.65243, 20.16356 ], [ -97.66331, 20.1695 ], [ -97.68682, 20.16581 ], [ -97.69871, 20.18238 ], [ -97.7205, 20.18919 ], [ -97.73145, 20.18135 ], [ -97.74145, 20.19222 ], [ -97.73069, 20.2052 ], [ -97.73651, 20.24407 ], [ -97.72606, 20.2463 ], [ -97.70517, 20.22745 ], [ -97.67989, 20.26292 ], [ -97.671, 20.23965 ] ] ] } },
{ "type": "Feature", "properties": { "CVEGEO": "30068", "NOM_ENT": "Veracruz de Ignacio de la Llave", "NOMGEO": "Fortín", "POB1": 66372.0, "GRADO_MAR": "Muy bajo", "IM": 0.0, "IM_NORM": 0.0, "ANALF": 0.0, "SIN_EDUC": 0.0, "SIN_DREN": 0.5, "SIN_ELEC": 0.5, "SIN_AGUA": 2.69, "PISO_TIER": 3.49, "HACIN": 0.5, "LOC5000": 0.0, "ING2SM": 0.0, "POB_TOT": 0 }, "geometry": { "type": "Polygon", "coordinates": [ [ [ -96.98922, 18.97722 ], [ -97.00355, 18.95287 ], [ -97.00025, 18.94677 ], [ -96.95597, 18.90664 ], [ -96.95978, 18.90089 ], [ -96.98339, 18.90277 ], [ -96.97408, 18.88773 ], [ -96.98168, 18.88294 ], [ -96.9702, 18.84181 ], [ -96.95662, 18.83831 ], [ -96.95715, 18.8253 ], [ -96.93416, 18.81652 ], [ -96.92617, 18.80221 ], [ -96.94754, 18.8033 ], [ -96.96249, 18.81391 ], [ -96.98023, 18.83243 ], [ -96.98655, 18.86428 ], [ -97.00365, 18.867 ], [ -97.01285, 18.8943 ], [ -97.00962, 18.91499 ], [ -97.0218, 18.92394 ], [ -97.02093, 18.94404 ], [ -97.03293, 18.96375 ], [ -97.03175, 18.97228 ], [ -97.01896, 18.97334 ], [ -97.01288, 18.98872 ], [ -96.98922, 18.97722 ] ] ] } },
{ "type": "Feature", "properties": { "CVEGEO": "30069", "NOM_ENT": "Veracruz de Ignacio de la Llave", "NOMGEO": "Gutiérrez Zamora", "POB1": 24085.0, "GRADO_MAR": "Bajo", "IM": 0.0, "IM_NORM": 0.0, "ANALF": 0.0, "SIN_EDUC": 0.0, "SIN_DREN": 0.66, "SIN_ELEC": 0.66, "SIN_AGUA": 17.85, "PISO_TIER": 5.25, "HACIN": 0.66, "LOC5000": 0.0, "ING2SM": 0.0, "POB_TOT": 0 }, "geometry": { "type": "Polygon", "coordinates": [ [ [ -97.06393, 20.49327 ], [ -97.08136, 20.48282 ], [ -97.07313, 20.47957 ], [ -97.07897, 20.47461 ], [ -97.06568, 20.47972 ], [ -97.05275, 20.46735 ], [ -97.01351, 20.4722 ], [ -97.02919, 20.45985 ], [ -97.02254, 20.44103 ], [ -97.03462, 20.43144 ], [ -97.02659, 20.42328 ], [ -97.03402, 20.4245 ], [ -97.0374, 20.40931 ], [ -97.07383, 20.40817 ], [ -97.08371, 20.38638 ], [ -97.10367, 20.3973 ], [ -97.10513, 20.3809 ], [ -97.1282, 20.37836 ], [ -97.132, 20.37179 ], [ -97.16441, 20.38856 ], [ -97.16313, 20.39739 ], [ -97.17486, 20.39841 ], [ -97.18646, 20.41471 ], [ -97.18314, 20.43401 ], [ -97.19051, 20.43474 ], [ -97.19158, 20.4468 ], [ -97.1763, 20.44658 ], [ -97.18171, 20.46032 ], [ -97.15839, 20.46514 ], [ -97.15953, 20.47989 ], [ -97.1456, 20.4965 ], [ -97.15306, 20.49555 ], [ -97.15133, 20.50696 ], [ -97.13429, 20.51158 ], [ -97.12676, 20.52541 ], [ -97.11359, 20.52096 ], [ -97.10415, 20.53068 ], [ -97.06393, 20.49327 ] ] ] } },
{ "type": "Feature", "properties": { "CVEGEO": "30070", "NOM_ENT": "Veracruz de Ignacio de la Llave", "NOMGEO": "Hidalgotitlán", "POB1": 18275.0, "GRADO_MAR": "Alto", "IM": 0.0, "IM_NORM": 0.0, "ANALF": 0.0, "SIN_EDUC": 0.0, "SIN_DREN": 4.76, "SIN_ELEC": 4.76, "SIN_AGUA": 37.36, "PISO_TIER": 5.31, "HACIN": 4.76, "LOC5000": 0.0, "ING2SM": 0.0, "POB_TOT": 0 }, "geometry": { "type": "Polygon", "coordinates": [ [ [ -94.61398, 17.83145 ], [ -94.61591, 17.81499 ], [ -94.59994, 17.82248 ], [ -94.60811, 17.81525 ], [ -94.60546, 17.80697 ], [ -94.57774, 17.81625 ], [ -94.56376, 17.81043 ], [ -94.59734, 17.78228 ], [ -94.60885, 17.75427 ], [ -94.59889, 17.74278 ], [ -94.60233, 17.72733 ], [ -94.59191, 17.73137 ], [ -94.57954, 17.71695 ], [ -94.59039, 17.71114 ], [ -94.57751, 17.64739 ], [ -94.55629, 17.65539 ], [ -94.55346, 17.64189 ], [ -94.53538, 17.65337 ], [ -94.51718, 17.64112 ], [ -94.51067, 17.65376 ], [ -94.50185, 17.64635 ], [ -94.50692, 17.64253 ], [ -94.49928, 17.64424 ], [ -94.50295, 17.63853 ], [ -94.487, 17.65336 ], [ -94.48287, 17.64161 ], [ -94.46786, 17.64393 ], [ -94.47416, 17.63755 ], [ -94.46596, 17.64001 ], [ -94.46082, 17.62659 ], [ -94.43979, 17.62246 ], [ -94.44321, 17.61134 ], [ -94.43608, 17.602 ], [ -94.44348, 17.60223 ], [ -94.43562, 17.59123 ], [ -94.47803, 17.55045 ], [ -94.46776, 17.53598 ], [ -94.4782, 17.52326 ], [ -94.46954, 17.52246 ], [ -94.46551, 17.48775 ], [ -94.45661, 17.4918 ], [ -94.45865, 17.4816 ], [ -94.44265, 17.48027 ], [ -94.44531, 17.47122 ], [ -94.43467, 17.46719 ], [ -94.43136, 17.45511 ], [ -94.52276, 17.46019 ], [ -94.56972, 17.47322 ], [ -94.57004, 17.44779 ], [ -94.58529, 17.44806 ], [ -94.6011, 17.36139 ], [ -94.61027, 17.36389 ], [ -94.60805, 17.37028 ], [ -94.63666, 17.37833 ], [ -94.63916, 17.32 ], [ -94.65632, 17.33167 ], [ -94.66926, 17.36529 ], [ -94.6478, 17.35704 ], [ -94.65769, 17.37517 ], [ -94.65198, 17.37984 ], [ -94.67409, 17.38378 ], [ -94.68287, 17.37807 ], [ -94.69272, 17.39314 ], [ -94.68942, 17.38583 ], [ -94.7026, 17.38519 ], [ -94.69852, 17.37608 ], [ -94.712, 17.3768 ], [ -94.71683, 17.36497 ], [ -94.72337, 17.36794 ], [ -94.72004, 17.37514 ], [ -94.73284, 17.37453 ], [ -94.73042, 17.39199 ], [ -94.71809, 17.39427 ], [ -94.71328, 17.41387 ], [ -94.71874, 17.42456 ], [ -94.74008, 17.42413 ], [ -94.75489, 17.43982 ], [ -94.74402, 17.45198 ], [ -94.7497, 17.4623 ], [ -94.76962, 17.468 ], [ -94.7708, 17.45898 ], [ -94.77929, 17.4598 ], [ -94.80992, 17.42989 ], [ -94.83347, 17.43942 ], [ -94.83266, 17.44782 ], [ -94.85266, 17.46907 ], [ -94.84928, 17.49157 ], [ -94.83519, 17.50244 ], [ -94.79461, 17.4788 ], [ -94.78053, 17.48139 ], [ -94.7653, 17.49866 ], [ -94.75268, 17.48383 ], [ -94.7225, 17.50786 ], [ -94.71033, 17.53841 ], [ -94.76079, 17.58303 ], [ -94.75615, 17.5968 ], [ -94.7271, 17.60763 ], [ -94.74962, 17.63006 ], [ -94.74995, 17.63936 ], [ -94.71428, 17.6601 ], [ -94.72523, 17.67013 ], [ -94.69891, 17.70553 ], [ -94.70517, 17.72626 ], [ -94.68609, 17.71695 ], [ -94.69047, 17.69918 ], [ -94.67834, 17.70092 ], [ -94.67707, 17.72783 ], [ -94.68532, 17.73998 ], [ -94.6644, 17.76312 ], [ -94.67755, 17.76421 ], [ -94.64545, 17.77672 ], [ -94.64889, 17.80978 ], [ -94.62647, 17.81876 ], [ -94.63372, 17.84396 ], [ -94.61398, 17.83145 ] ] ] } },
{ "type": "Feature", "properties": { "CVEGEO": "30071", "NOM_ENT": "Veracruz de Ignacio de la Llave", "NOMGEO": "Huatusco", "POB1": 59920.0, "GRADO_MAR": "Bajo", "IM": 0.0, "IM_NORM": 0.0, "ANALF": 0.0, "SIN_EDUC": 0.0, "SIN_DREN": 1.03, "SIN_ELEC": 1.03, "SIN_AGUA": 4.38, "PISO_TIER": 7.08, "HACIN": 1.03, "LOC5000": 0.0, "ING2SM": 0.0, "POB_TOT": 0 }, "geometry": { "type": "Polygon", "coordinates": [ [ [ -97.02593, 19.20387 ], [ -97.00628, 19.20983 ], [ -96.9668, 19.19569 ], [ -96.95923, 19.18531 ], [ -96.94233, 19.18216 ], [ -96.92631, 19.1594 ], [ -96.89247, 19.14164 ], [ -96.88462, 19.14093 ], [ -96.88601, 19.15818 ], [ -96.82313, 19.14034 ], [ -96.77965, 19.10208 ], [ -96.73841, 19.08948 ], [ -96.6849, 19.08519 ], [ -96.6852, 19.07536 ], [ -96.76137, 19.08294 ], [ -96.86621, 19.13573 ], [ -96.88422, 19.12503 ], [ -96.87142, 19.11299 ], [ -96.87121, 19.09858 ], [ -96.85445, 19.09401 ], [ -96.84557, 19.07876 ], [ -96.89996, 19.09592 ], [ -96.95084, 19.08379 ], [ -96.96982, 19.08492 ], [ -96.98236, 19.09596 ], [ -96.99915, 19.0855 ], [ -97.03812, 19.13426 ], [ -97.0269, 19.13435 ], [ -97.04213, 19.15138 ], [ -97.04138, 19.17441 ], [ -97.05606, 19.19709 ], [ -97.03044, 19.21865 ], [ -97.02593, 19.20387 ] ] ] } },
{ "type": "Feature", "properties": { "CVEGEO": "30072", "NOM_ENT": "Veracruz de Ignacio de la Llave", "NOMGEO": "Huayacocotla", "POB1": 21796.0, "GRADO_MAR": "Alto", "IM": 0.0, "IM_NORM": 0.0, "ANALF": 0.0, "SIN_EDUC": 0.0, "SIN_DREN": 3.16, "SIN_ELEC": 3.16, "SIN_AGUA": 8.35, "PISO_TIER": 4.64, "HACIN": 3.16, "LOC5000": 0.0, "ING2SM": 0.0, "POB_TOT": 0 }, "geometry": { "type": "Polygon", "coordinates": [ [ [ -98.36739, 20.68662 ], [ -98.33594, 20.68499 ], [ -98.3549, 20.66793 ], [ -98.33887, 20.64884 ], [ -98.36473, 20.64689 ], [ -98.3778, 20.61583 ], [ -98.40409, 20.60365 ], [ -98.39792, 20.57161 ], [ -98.41258, 20.56265 ], [ -98.39864, 20.54172 ], [ -98.40502, 20.53295 ], [ -98.4241, 20.53587 ], [ -98.43159, 20.51718 ], [ -98.40378, 20.48224 ], [ -98.41561, 20.45516 ], [ -98.4467, 20.4251 ], [ -98.43787, 20.42314 ], [ -98.44456, 20.39982 ], [ -98.41396, 20.40798 ], [ -98.4115, 20.39985 ], [ -98.39916, 20.41035 ], [ -98.38621, 20.40266 ], [ -98.41829, 20.38005 ], [ -98.46038, 20.33145 ], [ -98.51739, 20.33685 ], [ -98.54896, 20.36028 ], [ -98.54306, 20.37556 ], [ -98.54968, 20.43536 ], [ -98.59728, 20.49577 ], [ -98.5576, 20.50936 ], [ -98.53466, 20.53065 ], [ -98.52448, 20.54836 ], [ -98.52297, 20.58181 ], [ -98.51224, 20.59422 ], [ -98.48017, 20.589 ], [ -98.49484, 20.64434 ], [ -98.46327, 20.66784 ], [ -98.45988, 20.6962 ], [ -98.44921, 20.70089 ], [ -98.4459, 20.69433 ], [ -98.44334, 20.70988 ], [ -98.42582, 20.71526 ], [ -98.36739, 20.68662 ] ] ] } },
{ "type": "Feature", "properties": { "CVEGEO": "30073", "NOM_ENT": "Veracruz de Ignacio de la Llave", "NOMGEO": "Hueyapan de Ocampo", "POB1": 41670.0, "GRADO_MAR": "Alto", "IM": 0.0, "IM_NORM": 0.0, "ANALF": 0.0, "SIN_EDUC": 0.0, "SIN_DREN": 2.66, "SIN_ELEC": 2.66, "SIN_AGUA": 4.54, "PISO_TIER": 10.06, "HACIN": 2.66, "LOC5000": 0.0, "ING2SM": 0.0, "POB_TOT": 0 }, "geometry": { "type": "Polygon", "coordinates": [ [ [ -94.98721, 18.31156 ], [ -95.0019, 18.30637 ], [ -94.99197, 18.28415 ], [ -94.99896, 18.26118 ], [ -94.98056, 18.2738 ], [ -94.98809, 18.25439 ], [ -94.98669, 18.2455 ], [ -94.98051, 18.24676 ], [ -94.98186, 18.23199 ], [ -94.97631, 18.22572 ], [ -94.9595, 18.23216 ], [ -94.96595, 18.14954 ], [ -94.99188, 18.1274 ], [ -94.99847, 18.1286 ], [ -94.99594, 18.14786 ], [ -95.00402, 18.14426 ], [ -95.00244, 18.12587 ], [ -95.01704, 18.14098 ], [ -95.02061, 18.12158 ], [ -95.03376, 18.12196 ], [ -95.04447, 18.11101 ], [ -95.05042, 18.12567 ], [ -95.06621, 18.13247 ], [ -95.05655, 18.13994 ], [ -95.06214, 18.14331 ], [ -95.07372, 18.1354 ], [ -95.08685, 18.1424 ], [ -95.10276, 18.12761 ], [ -95.12045, 18.13338 ], [ -95.15966, 18.08914 ], [ -95.15994, 18.0767 ], [ -95.18276, 18.07438 ], [ -95.18589, 18.06216 ], [ -95.19209, 18.07645 ], [ -95.2266, 18.09836 ], [ -95.22689, 18.11344 ], [ -95.24336, 18.10875 ], [ -95.25877, 18.12424 ], [ -95.27635, 18.11196 ], [ -95.28387, 18.11718 ], [ -95.27405, 18.12685 ], [ -95.3088, 18.12456 ], [ -95.31299, 18.13854 ], [ -95.32265, 18.13074 ], [ -95.32516, 18.14549 ], [ -95.33879, 18.14841 ], [ -95.33382, 18.15806 ], [ -95.34548, 18.15464 ], [ -95.35749, 18.17008 ], [ -95.3748, 18.17672 ], [ -95.3807, 18.16588 ], [ -95.39075, 18.18213 ], [ -95.38673, 18.19137 ], [ -95.40282, 18.18276 ], [ -95.40274, 18.19563 ], [ -95.41238, 18.19744 ], [ -95.40596, 18.21223 ], [ -95.38808, 18.21347 ], [ -95.38171, 18.22643 ], [ -95.36014, 18.23044 ], [ -95.35862, 18.22315 ], [ -95.3513, 18.24064 ], [ -95.32074, 18.23553 ], [ -95.31441, 18.23012 ], [ -95.31974, 18.21917 ], [ -95.30545, 18.22043 ], [ -95.29259, 18.21098 ], [ -95.28247, 18.21711 ], [ -95.29434, 18.24773 ], [ -95.23116, 18.22837 ], [ -95.20731, 18.2517 ], [ -95.245, 18.26354 ], [ -95.24306, 18.27693 ], [ -95.23552, 18.28166 ], [ -95.22288, 18.25861 ], [ -95.20487, 18.25637 ], [ -95.18314, 18.30055 ], [ -95.14605, 18.30423 ], [ -95.14356, 18.28907 ], [ -95.12241, 18.29871 ], [ -95.11533, 18.31053 ], [ -95.09807, 18.30371 ], [ -95.07813, 18.31534 ], [ -95.06318, 18.27697 ], [ -95.04116, 18.27113 ], [ -95.03514, 18.28114 ], [ -95.02103, 18.28438 ], [ -95.0303, 18.30968 ], [ -95.01046, 18.32414 ], [ -94.99532, 18.32548 ], [ -94.98721, 18.31156 ] ] ] } },
{ "type": "Feature", "properties": { "CVEGEO": "30089", "NOM_ENT": "Veracruz de Ignacio de la Llave", "NOMGEO": "Jáltipan", "POB1": 38669.0, "GRADO_MAR": "Bajo", "IM": 0.0, "IM_NORM": 0.0, "ANALF": 0.0, "SIN_EDUC": 0.0, "SIN_DREN": 1.17, "SIN_ELEC": 1.17, "SIN_AGUA": 20.12, "PISO_TIER": 2.58, "HACIN": 1.17, "LOC5000": 0.0, "ING2SM": 0.0, "POB_TOT": 0 }, "geometry": { "type": "Polygon", "coordinates": [ [ [ -94.7254, 18.02401 ], [ -94.7053, 18.01697 ], [ -94.69722, 18.00096 ], [ -94.69223, 18.00654 ], [ -94.69641, 17.9646 ], [ -94.67142, 17.95565 ], [ -94.68983, 17.91814 ], [ -94.68021, 17.89931 ], [ -94.68979, 17.88693 ], [ -94.66687, 17.87242 ], [ -94.65522, 17.88226 ], [ -94.64664, 17.86992 ], [ -94.65776, 17.86081 ], [ -94.64482, 17.86296 ], [ -94.63934, 17.85168 ], [ -94.62207, 17.84743 ], [ -94.63508, 17.84023 ], [ -94.62647, 17.81876 ], [ -94.64889, 17.80978 ], [ -94.64545, 17.77672 ], [ -94.67755, 17.76421 ], [ -94.6644, 17.76312 ], [ -94.68532, 17.73998 ], [ -94.67576, 17.71739 ], [ -94.68321, 17.69731 ], [ -94.69117, 17.70022 ], [ -94.68447, 17.71358 ], [ -94.69625, 17.72621 ], [ -94.706, 17.72552 ], [ -94.70372, 17.71563 ], [ -94.71546, 17.71716 ], [ -94.70633, 17.73499 ], [ -94.71671, 17.74163 ], [ -94.73618, 17.73923 ], [ -94.73646, 17.75028 ], [ -94.75492, 17.75225 ], [ -94.75597, 17.77457 ], [ -94.77907, 17.78161 ], [ -94.77419, 17.80088 ], [ -94.76333, 17.80726 ], [ -94.77273, 17.81862 ], [ -94.76326, 17.82638 ], [ -94.75912, 17.81867 ], [ -94.75974, 17.82902 ], [ -94.7463, 17.84097 ], [ -94.73712, 17.83566 ], [ -94.72072, 17.84893 ], [ -94.72366, 17.85922 ], [ -94.71766, 17.85304 ], [ -94.71334, 17.86126 ], [ -94.72164, 17.87028 ], [ -94.71722, 17.87706 ], [ -94.76636, 17.88508 ], [ -94.77021, 17.91045 ], [ -94.78232, 17.91433 ], [ -94.76117, 17.92954 ], [ -94.75769, 17.94063 ], [ -94.78274, 17.92992 ], [ -94.78296, 17.95553 ], [ -94.79865, 17.95818 ], [ -94.78717, 17.96636 ], [ -94.79134, 17.98008 ], [ -94.78176, 17.98533 ], [ -94.78133, 17.99963 ], [ -94.76274, 17.99692 ], [ -94.76971, 18.02604 ], [ -94.7254, 18.02401 ] ] ] } },
{ "type": "Feature", "properties": { "CVEGEO": "30090", "NOM_ENT": "Veracruz de Ignacio de la Llave", "NOMGEO": "Jamapa", "POB1": 11132.0, "GRADO_MAR": "Medio", "IM": 0.0, "IM_NORM": 0.0, "ANALF": 0.0, "SIN_EDUC": 0.0, "SIN_DREN": 2.18, "SIN_ELEC": 2.18, "SIN_AGUA": 6.86, "PISO_TIER": 3.36, "HACIN": 2.18, "LOC5000": 0.0, "ING2SM": 0.0, "POB_TOT": 0 }, "geometry": { "type": "Polygon", "coordinates": [ [ [ -96.25054, 19.05484 ], [ -96.25158, 19.04767 ], [ -96.23121, 19.0484 ], [ -96.22693, 19.03911 ], [ -96.18333, 19.0515 ], [ -96.17285, 19.03718 ], [ -96.1876, 19.02427 ], [ -96.1913, 18.99854 ], [ -96.22741, 18.98265 ], [ -96.21986, 18.97613 ], [ -96.22446, 18.96425 ], [ -96.25343, 18.94559 ], [ -96.25291, 18.92298 ], [ -96.2741, 18.91654 ], [ -96.28603, 18.9443 ], [ -96.30082, 18.93506 ], [ -96.29745, 18.96625 ], [ -96.30386, 18.98349 ], [ -96.31549, 18.98225 ], [ -96.31447, 18.99753 ], [ -96.29929, 18.99764 ], [ -96.29531, 19.01079 ], [ -96.3125, 19.0284 ], [ -96.29343, 19.04006 ], [ -96.29242, 19.05464 ], [ -96.263, 19.062 ], [ -96.25054, 19.05484 ] ] ] } },
{ "type": "Feature", "properties": { "CVEGEO": "30091", "NOM_ENT": "Veracruz de Ignacio de la Llave", "NOMGEO": "Jesús Carranza", "POB1": 28524.0, "GRADO_MAR": "Alto", "IM": 0.0, "IM_NORM": 0.0, "ANALF": 0.0, "SIN_EDUC": 0.0, "SIN_DREN": 2.81, "SIN_ELEC": 2.81, "SIN_AGUA": 13.34, "PISO_TIER": 7.13, "HACIN": 2.81, "LOC5000": 0.0, "ING2SM": 0.0, "POB_TOT": 0 }, "geometry": { "type": "Polygon", "coordinates": [ [ [ -94.6964, 17.33613 ], [ -94.69938, 17.30594 ], [ -94.70652, 17.30269 ], [ -94.69973, 17.29486 ], [ -94.72592, 17.29522 ], [ -94.75352, 17.28022 ], [ -94.75416, 17.27075 ], [ -94.74124, 17.25838 ], [ -94.75889, 17.21956 ], [ -94.75409, 17.19999 ], [ -94.73717, 17.19216 ], [ -94.74357, 17.18466 ], [ -94.92281, 17.19379 ], [ -94.92301, 17.20413 ], [ -94.91121, 17.2137 ], [ -94.90956, 17.24278 ], [ -94.89542, 17.25638 ], [ -94.90965, 17.26797 ], [ -94.90134, 17.28745 ], [ -94.91308, 17.28623 ], [ -94.91476, 17.29257 ], [ -94.889, 17.30008 ], [ -94.89077, 17.31105 ], [ -94.92715, 17.32514 ], [ -94.95097, 17.31565 ], [ -94.9665, 17.33437 ], [ -95.07656, 17.37293 ], [ -95.20459, 17.53867 ], [ -95.19778, 17.54594 ], [ -95.17627, 17.54596 ], [ -95.16809, 17.55857 ], [ -95.11241, 17.56092 ], [ -95.08283, 17.57343 ], [ -95.06374, 17.56835 ], [ -95.05007, 17.575 ], [ -95.02777, 17.56323 ], [ -95.00021, 17.57944 ], [ -94.99261, 17.57307 ], [ -94.93952, 17.57845 ], [ -94.92362, 17.56864 ], [ -94.9078, 17.5784 ], [ -94.8653, 17.57951 ], [ -94.84174, 17.59048 ], [ -94.8115, 17.58868 ], [ -94.7777, 17.57489 ], [ -94.76356, 17.58775 ], [ -94.75217, 17.56959 ], [ -94.71033, 17.53841 ], [ -94.72573, 17.50284 ], [ -94.75268, 17.48383 ], [ -94.76668, 17.49824 ], [ -94.78053, 17.48139 ], [ -94.79461, 17.4788 ], [ -94.83519, 17.50244 ], [ -94.85058, 17.4888 ], [ -94.85246, 17.46455 ], [ -94.82769, 17.43462 ], [ -94.82043, 17.43912 ], [ -94.80992, 17.42989 ], [ -94.77929, 17.4598 ], [ -94.7708, 17.45898 ], [ -94.76962, 17.468 ], [ -94.7497, 17.4623 ], [ -94.74402, 17.45198 ], [ -94.75489, 17.43982 ], [ -94.74008, 17.42413 ], [ -94.71874, 17.42456 ], [ -94.71328, 17.41387 ], [ -94.71809, 17.39427 ], [ -94.73042, 17.39199 ], [ -94.73464, 17.37691 ], [ -94.72004, 17.37514 ], [ -94.72337, 17.36794 ], [ -94.71683, 17.36497 ], [ -94.712, 17.3768 ], [ -94.69852, 17.37608 ], [ -94.7026, 17.38519 ], [ -94.68942, 17.38583 ], [ -94.69272, 17.39314 ], [ -94.68287, 17.37807 ], [ -94.67409, 17.38378 ], [ -94.65198, 17.37984 ], [ -94.65769, 17.37517 ], [ -94.6487, 17.36846 ], [ -94.6478, 17.35704 ], [ -94.66926, 17.36569 ], [ -94.66096, 17.35661 ], [ -94.65747, 17.32956 ], [ -94.6964, 17.33613 ] ] ] } },
{ "type": "Feature", "properties": { "CVEGEO": "30092", "NOM_ENT": "Veracruz de Ignacio de la Llave", "NOMGEO": "Xico", "POB1": 39623.0, "GRADO_MAR": "Bajo", "IM": 0.0, "IM_NORM": 0.0, "ANALF": 0.0, "SIN_EDUC": 0.0, "SIN_DREN": 0.43, "SIN_ELEC": 0.43, "SIN_AGUA": 0.35, "PISO_TIER": 5.13, "HACIN": 0.43, "LOC5000": 0.0, "ING2SM": 0.0, "POB_TOT": 0 }, "geometry": { "type": "Polygon", "coordinates": [ [ [ -97.0717, 19.50946 ], [ -97.03585, 19.47157 ], [ -96.999, 19.46234 ], [ -96.99184, 19.44092 ], [ -96.94998, 19.42247 ], [ -96.89488, 19.3722 ], [ -96.90549, 19.36868 ], [ -96.93078, 19.38979 ], [ -96.97058, 19.40183 ], [ -97.03567, 19.39126 ], [ -97.04121, 19.39791 ], [ -97.05734, 19.3949 ], [ -97.09394, 19.42291 ], [ -97.13413, 19.42239 ], [ -97.14824, 19.44565 ], [ -97.14992, 19.48769 ], [ -97.13033, 19.51551 ], [ -97.10693, 19.52205 ], [ -97.0717, 19.50946 ] ] ] } },
{ "type": "Feature", "properties": { "CVEGEO": "30093", "NOM_ENT": "Veracruz de Ignacio de la Llave", "NOMGEO": "Jilotepec", "POB1": 16585.0, "GRADO_MAR": "Bajo", "IM": 0.0, "IM_NORM": 0.0, "ANALF": 0.0, "SIN_EDUC": 0.0, "SIN_DREN": 1.04, "SIN_ELEC": 1.04, "SIN_AGUA": 6.96, "PISO_TIER": 1.51, "HACIN": 1.04, "LOC5000": 0.0, "ING2SM": 0.0, "POB_TOT": 0 }, "geometry": { "type": "Polygon", "coordinates": [ [ [ -96.90313, 19.63242 ], [ -96.86373, 19.60745 ], [ -96.84448, 19.60629 ], [ -96.84466, 19.59094 ], [ -96.8495, 19.58506 ], [ -96.87201, 19.59182 ], [ -96.87402, 19.58099 ], [ -96.89546, 19.57992 ], [ -96.93058, 19.59354 ], [ -96.91695, 19.60282 ], [ -96.94183, 19.6124 ], [ -96.96584, 19.5951 ], [ -96.98781, 19.62331 ], [ -96.96542, 19.6401 ], [ -96.90313, 19.63242 ] ] ] } },
{ "type": "Feature", "properties": { "CVEGEO": "30094", "NOM_ENT": "Veracruz de Ignacio de la Llave", "NOMGEO": "Juan Rodríguez Clara", "POB1": 38367.0, "GRADO_MAR": "Medio", "IM": 0.0, "IM_NORM": 0.0, "ANALF": 0.0, "SIN_EDUC": 0.0, "SIN_DREN": 3.21, "SIN_ELEC": 3.21, "SIN_AGUA": 4.41, "PISO_TIER": 2.65, "HACIN": 3.21, "LOC5000": 0.0, "ING2SM": 0.0, "POB_TOT": 0 }, "geometry": { "type": "Polygon", "coordinates": [ [ [ -95.44916, 18.1541 ], [ -95.4387, 18.15505 ], [ -95.39837, 18.17882 ], [ -95.38017, 18.16581 ], [ -95.3748, 18.17672 ], [ -95.35749, 18.17008 ], [ -95.34548, 18.15464 ], [ -95.33382, 18.15806 ], [ -95.33879, 18.14841 ], [ -95.32516, 18.14549 ], [ -95.32265, 18.13074 ], [ -95.31299, 18.13854 ], [ -95.3088, 18.12456 ], [ -95.27405, 18.12685 ], [ -95.28387, 18.11718 ], [ -95.27497, 18.11173 ], [ -95.2603, 18.12388 ], [ -95.24795, 18.09863 ], [ -95.22638, 18.08734 ], [ -95.23505, 18.07312 ], [ -95.22825, 18.06028 ], [ -95.24186, 18.06299 ], [ -95.24233, 18.053 ], [ -95.2229, 18.05114 ], [ -95.21342, 18.0307 ], [ -95.20051, 18.04034 ], [ -95.19875, 18.03056 ], [ -95.21117, 18.02405 ], [ -95.19048, 18.01931 ], [ -95.20819, 18.01891 ], [ -95.1976, 17.99622 ], [ -95.19952, 17.98143 ], [ -95.20816, 17.98592 ], [ -95.21759, 17.97123 ], [ -95.24428, 17.97838 ], [ -95.23744, 17.944 ], [ -95.24798, 17.92186 ], [ -95.24147, 17.91334 ], [ -95.24607, 17.90135 ], [ -95.23487, 17.8924 ], [ -95.23638, 17.87422 ], [ -95.25987, 17.88068 ], [ -95.28533, 17.87033 ], [ -95.27464, 17.85383 ], [ -95.28323, 17.84048 ], [ -95.27838, 17.80728 ], [ -95.29216, 17.80412 ], [ -95.30196, 17.79005 ], [ -95.31078, 17.79656 ], [ -95.29902, 17.80525 ], [ -95.34772, 17.81697 ], [ -95.35013, 17.79822 ], [ -95.3634, 17.79985 ], [ -95.35725, 17.78604 ], [ -95.36677, 17.78418 ], [ -95.37292, 17.79568 ], [ -95.39136, 17.79413 ], [ -95.42021, 17.77824 ], [ -95.43545, 17.75306 ], [ -95.44316, 17.77197 ], [ -95.46857, 17.77361 ], [ -95.47521, 17.80144 ], [ -95.46873, 17.82172 ], [ -95.48109, 17.83534 ], [ -95.49699, 17.832 ], [ -95.49561, 17.84425 ], [ -95.48037, 17.84429 ], [ -95.4776, 17.8589 ], [ -95.49025, 17.87372 ], [ -95.51319, 17.87706 ], [ -95.52289, 17.89679 ], [ -95.49147, 17.91011 ], [ -95.47771, 17.90701 ], [ -95.4748, 17.92247 ], [ -95.46709, 17.92883 ], [ -95.4591, 17.9215 ], [ -95.44351, 17.94057 ], [ -95.45064, 17.93998 ], [ -95.45152, 17.94917 ], [ -95.43104, 17.95926 ], [ -95.43936, 17.97118 ], [ -95.44733, 17.96981 ], [ -95.42733, 17.98856 ], [ -95.44228, 17.99607 ], [ -95.42843, 18.01754 ], [ -95.44702, 18.02808 ], [ -95.51813, 18.11765 ], [ -95.51083, 18.15059 ], [ -95.48003, 18.1933 ], [ -95.44916, 18.1541 ] ] ] } },
{ "type": "Feature", "properties": { "CVEGEO": "30095", "NOM_ENT": "Veracruz de Ignacio de la Llave", "NOMGEO": "Juchique de Ferrer", "POB1": 15059.0, "GRADO_MAR": "Alto", "IM": 0.0, "IM_NORM": 0.0, "ANALF": 0.0, "SIN_EDUC": 0.0, "SIN_DREN": 3.23, "SIN_ELEC": 3.23, "SIN_AGUA": 1.45, "PISO_TIER": 6.33, "HACIN": 3.23, "LOC5000": 0.0, "ING2SM": 0.0, "POB_TOT": 0 }, "geometry": { "type": "Polygon", "coordinates": [ [ [ -96.62365, 19.86407 ], [ -96.55777, 19.82844 ], [ -96.58109, 19.79204 ], [ -96.61037, 19.78175 ], [ -96.62498, 19.78439 ], [ -96.64678, 19.77426 ], [ -96.65086, 19.75373 ], [ -96.68386, 19.74487 ], [ -96.6938, 19.75066 ], [ -96.69152, 19.75912 ], [ -96.70739, 19.75507 ], [ -96.72096, 19.78052 ], [ -96.74627, 19.78812 ], [ -96.74984, 19.79611 ], [ -96.73619, 19.81085 ], [ -96.74258, 19.82445 ], [ -96.72022, 19.845 ], [ -96.72715, 19.84664 ], [ -96.72232, 19.85443 ], [ -96.72886, 19.85948 ], [ -96.71864, 19.8699 ], [ -96.70202, 19.88407 ], [ -96.69463, 19.87268 ], [ -96.67427, 19.87208 ], [ -96.65033, 19.90268 ], [ -96.62365, 19.86407 ] ] ] } },
{ "type": "Feature", "properties": { "CVEGEO": "30096", "NOM_ENT": "Veracruz de Ignacio de la Llave", "NOMGEO": "Landero y Coss", "POB1": 1543.0, "GRADO_MAR": "Medio", "IM": 0.0, "IM_NORM": 0.0, "ANALF": 0.0, "SIN_EDUC": 0.0, "SIN_DREN": 0.2, "SIN_ELEC": 0.2, "SIN_AGUA": 1.13, "PISO_TIER": 0.6, "HACIN": 0.2, "LOC5000": 0.0, "ING2SM": 0.0, "POB_TOT": 0 }, "geometry": { "type": "Polygon", "coordinates": [ [ [ -96.84084, 19.76367 ], [ -96.84309, 19.74243 ], [ -96.83406, 19.72275 ], [ -96.83448, 19.71457 ], [ -96.85351, 19.70857 ], [ -96.85597, 19.72587 ], [ -96.84939, 19.73089 ], [ -96.86612, 19.72834 ], [ -96.87354, 19.74759 ], [ -96.87232, 19.76942 ], [ -96.86263, 19.7696 ], [ -96.86159, 19.77697 ], [ -96.84084, 19.76367 ] ] ] } },
{ "type": "Feature", "properties": { "CVEGEO": "30097", "NOM_ENT": "Veracruz de Ignacio de la Llave", "NOMGEO": "Lerdo de Tejada", "POB1": 19123.0, "GRADO_MAR": "Muy bajo", "IM": 0.0, "IM_NORM": 0.0, "ANALF": 0.0, "SIN_EDUC": 0.0, "SIN_DREN": 1.27, "SIN_ELEC": 1.27, "SIN_AGUA": 1.2, "PISO_TIER": 0.93, "HACIN": 1.27, "LOC5000": 0.0, "ING2SM": 0.0, "POB_TOT": 0 }, "geometry": { "type": "Polygon", "coordinates": [ [ [ -95.43705, 18.71087 ], [ -95.47523, 18.68362 ], [ -95.45797, 18.65894 ], [ -95.4701, 18.64719 ], [ -95.46809, 18.60386 ], [ -95.49285, 18.6113 ], [ -95.54473, 18.60842 ], [ -95.55083, 18.61617 ], [ -95.56144, 18.64075 ], [ -95.55586, 18.65061 ], [ -95.51187, 18.66486 ], [ -95.50993, 18.68896 ], [ -95.5253, 18.71386 ], [ -95.43705, 18.71087 ] ] ] } },
{ "type": "Feature", "properties": { "CVEGEO": "30117", "NOM_ENT": "Veracruz de Ignacio de la Llave", "NOMGEO": "Omealca", "POB1": 23773.0, "GRADO_MAR": "Medio", "IM": 0.0, "IM_NORM": 0.0, "ANALF": 0.0, "SIN_EDUC": 0.0, "SIN_DREN": 4.64, "SIN_ELEC": 4.64, "SIN_AGUA": 4.16, "PISO_TIER": 8.54, "HACIN": 4.64, "LOC5000": 0.0, "ING2SM": 0.0, "POB_TOT": 0 }, "geometry": { "type": "Polygon", "coordinates": [ [ [ -96.85723, 18.75808 ], [ -96.84172, 18.76636 ], [ -96.7923, 18.74853 ], [ -96.73337, 18.73954 ], [ -96.67195, 18.7501 ], [ -96.66162, 18.74524 ], [ -96.6548, 18.75153 ], [ -96.6032, 18.73804 ], [ -96.58293, 18.74083 ], [ -96.57677, 18.73803 ], [ -96.58739, 18.73189 ], [ -96.56782, 18.71944 ], [ -96.56687, 18.7077 ], [ -96.5985, 18.70175 ], [ -96.59182, 18.68007 ], [ -96.61526, 18.67747 ], [ -96.6115, 18.64972 ], [ -96.62694, 18.63253 ], [ -96.68301, 18.66969 ], [ -96.68414, 18.64426 ], [ -96.70819, 18.65815 ], [ -96.73318, 18.68774 ], [ -96.77228, 18.69394 ], [ -96.81152, 18.73936 ], [ -96.8205, 18.73653 ], [ -96.84293, 18.75263 ], [ -96.84717, 18.74388 ], [ -96.87259, 18.75235 ], [ -96.88489, 18.74494 ], [ -96.89575, 18.74364 ], [ -96.89569, 18.75062 ], [ -96.91534, 18.76097 ], [ -96.90298, 18.78463 ], [ -96.85723, 18.75808 ] ] ] } },
{ "type": "Feature", "properties": { "CVEGEO": "30118", "NOM_ENT": "Veracruz de Ignacio de la Llave", "NOMGEO": "Orizaba", "POB1": 123182.0, "GRADO_MAR": "Muy bajo", "IM": 0.0, "IM_NORM": 0.0, "ANALF": 0.0, "SIN_EDUC": 0.0, "SIN_DREN": 0.06, "SIN_ELEC": 0.06, "SIN_AGUA": 0.13, "PISO_TIER": 0.71, "HACIN": 0.06, "LOC5000": 0.0, "ING2SM": 0.0, "POB_TOT": 0 }, "geometry": { "type": "Polygon", "coordinates": [ [ [ -97.09042, 18.87595 ], [ -97.0844, 18.88051 ], [ -97.08104, 18.86785 ], [ -97.06873, 18.86492 ], [ -97.06989, 18.85112 ], [ -97.08712, 18.83288 ], [ -97.11017, 18.83201 ], [ -97.13527, 18.85478 ], [ -97.14574, 18.84641 ], [ -97.15759, 18.8656 ], [ -97.11881, 18.86621 ], [ -97.10469, 18.88339 ], [ -97.09042, 18.87595 ] ] ] } },
{ "type": "Feature", "properties": { "CVEGEO": "30074", "NOM_ENT": "Veracruz de Ignacio de la Llave", "NOMGEO": "Huiloapan de Cuauhtémoc", "POB1": 7293.0, "GRADO_MAR": "Bajo", "IM": 0.0, "IM_NORM": 0.0, "ANALF": 0.0, "SIN_EDUC": 0.0, "SIN_DREN": 0.55, "SIN_ELEC": 0.55, "SIN_AGUA": 1.42, "PISO_TIER": 4.19, "HACIN": 0.55, "LOC5000": 0.0, "ING2SM": 0.0, "POB_TOT": 0 }, "geometry": { "type": "Polygon", "coordinates": [ [ [ -97.11421, 18.82875 ], [ -97.10225, 18.83437 ], [ -97.09508, 18.82419 ], [ -97.12277, 18.81242 ], [ -97.13176, 18.79642 ], [ -97.1664, 18.80545 ], [ -97.1503, 18.8302 ], [ -97.13402, 18.83497 ], [ -97.11421, 18.82875 ] ] ] } },
{ "type": "Feature", "properties": { "CVEGEO": "30075", "NOM_ENT": "Veracruz de Ignacio de la Llave", "NOMGEO": "Ignacio de la Llave", "POB1": 16525.0, "GRADO_MAR": "Alto", "IM": 0.0, "IM_NORM": 0.0, "ANALF": 0.0, "SIN_EDUC": 0.0, "SIN_DREN": 4.41, "SIN_ELEC": 4.41, "SIN_AGUA": 18.9, "PISO_TIER": 2.57, "HACIN": 4.41, "LOC5000": 0.0, "ING2SM": 0.0, "POB_TOT": 0 }, "geometry": { "type": "Polygon", "coordinates": [ [ [ -95.9108, 18.77718 ], [ -95.90721, 18.75343 ], [ -95.89758, 18.75092 ], [ -95.88344, 18.76064 ], [ -95.87677, 18.74613 ], [ -95.8655, 18.74903 ], [ -95.87095, 18.72681 ], [ -95.88354, 18.71638 ], [ -95.8872, 18.66005 ], [ -95.89967, 18.62632 ], [ -95.8931, 18.62236 ], [ -95.90128, 18.59362 ], [ -95.89762, 18.57703 ], [ -95.91049, 18.56529 ], [ -95.93791, 18.56689 ], [ -95.94845, 18.53542 ], [ -95.9768, 18.51766 ], [ -95.98511, 18.52766 ], [ -96.01103, 18.53463 ], [ -96.00518, 18.5457 ], [ -96.00941, 18.56269 ], [ -96.03888, 18.58017 ], [ -96.02944, 18.61604 ], [ -96.05781, 18.66064 ], [ -96.04787, 18.67289 ], [ -96.03688, 18.67313 ], [ -96.03644, 18.68962 ], [ -96.04953, 18.68947 ], [ -96.04907, 18.70555 ], [ -96.04086, 18.70548 ], [ -96.04505, 18.7245 ], [ -96.03672, 18.73844 ], [ -96.01928, 18.7383 ], [ -96.0281, 18.76414 ], [ -96.00001, 18.75384 ], [ -95.99573, 18.77605 ], [ -95.98178, 18.78996 ], [ -95.94615, 18.79479 ], [ -95.9108, 18.77718 ] ] ] } },
{ "type": "Feature", "properties": { "CVEGEO": "30076", "NOM_ENT": "Veracruz de Ignacio de la Llave", "NOMGEO": "Ilamatlán", "POB1": 13377.0, "GRADO_MAR": "Muy alto", "IM": 0.0, "IM_NORM": 0.0, "ANALF": 0.0, "SIN_EDUC": 0.0, "SIN_DREN": 1.13, "SIN_ELEC": 1.13, "SIN_AGUA": 44.24, "PISO_TIER": 11.96, "HACIN": 1.13, "LOC5000": 0.0, "ING2SM": 0.0, "POB_TOT": 0 }, "geometry": { "type": "Polygon", "coordinates": [ [ [ -98.35286, 20.836 ], [ -98.32719, 20.82943 ], [ -98.32881, 20.82078 ], [ -98.31653, 20.81777 ], [ -98.31539, 20.80921 ], [ -98.34353, 20.79793 ], [ -98.35353, 20.80158 ], [ -98.36432, 20.78498 ], [ -98.39767, 20.78175 ], [ -98.39383, 20.75427 ], [ -98.42316, 20.75232 ], [ -98.46033, 20.71331 ], [ -98.51482, 20.6892 ], [ -98.53339, 20.66271 ], [ -98.54233, 20.66808 ], [ -98.55017, 20.68939 ], [ -98.52907, 20.70399 ], [ -98.53015, 20.7181 ], [ -98.50643, 20.73312 ], [ -98.51449, 20.73232 ], [ -98.51721, 20.74238 ], [ -98.50813, 20.74419 ], [ -98.5036, 20.73222 ], [ -98.44972, 20.75134 ], [ -98.46434, 20.77192 ], [ -98.46322, 20.78517 ], [ -98.44963, 20.80609 ], [ -98.45055, 20.82147 ], [ -98.43063, 20.84767 ], [ -98.41371, 20.84863 ], [ -98.4029, 20.85838 ], [ -98.37965, 20.85186 ], [ -98.37112, 20.86231 ], [ -98.35864, 20.85668 ], [ -98.34736, 20.86306 ], [ -98.35286, 20.836 ] ] ] } },
{ "type": "Feature", "properties": { "CVEGEO": "30098", "NOM_ENT": "Veracruz de Ignacio de la Llave", "NOMGEO": "Magdalena", "POB1": 3299.0, "GRADO_MAR": "Alto", "IM": 0.0, "IM_NORM": 0.0, "ANALF": 0.0, "SIN_EDUC": 0.0, "SIN_DREN": 1.65, "SIN_ELEC": 1.65, "SIN_AGUA": 1.59, "PISO_TIER": 10.19, "HACIN": 1.65, "LOC5000": 0.0, "ING2SM": 0.0, "POB_TOT": 0 }, "geometry": { "type": "Polygon", "coordinates": [ [ [ -97.02228, 18.76077 ], [ -97.04682, 18.74752 ], [ -97.07521, 18.77352 ], [ -97.05672, 18.77579 ], [ -97.0411, 18.78954 ], [ -97.02228, 18.76077 ] ] ] } },
{ "type": "Feature", "properties": { "CVEGEO": "30099", "NOM_ENT": "Veracruz de Ignacio de la Llave", "NOMGEO": "Maltrata", "POB1": 18327.0, "GRADO_MAR": "Medio", "IM": 0.0, "IM_NORM": 0.0, "ANALF": 0.0, "SIN_EDUC": 0.0, "SIN_DREN": 1.1, "SIN_ELEC": 1.1, "SIN_AGUA": 18.32, "PISO_TIER": 8.38, "HACIN": 1.1, "LOC5000": 0.0, "ING2SM": 0.0, "POB_TOT": 0 }, "geometry": { "type": "Polygon", "coordinates": [ [ [ -97.22063, 18.91868 ], [ -97.21815, 18.91031 ], [ -97.23214, 18.90359 ], [ -97.21108, 18.87607 ], [ -97.23111, 18.85304 ], [ -97.22767, 18.81863 ], [ -97.23671, 18.82012 ], [ -97.23454, 18.81125 ], [ -97.2225, 18.80789 ], [ -97.22448, 18.79166 ], [ -97.26997, 18.77139 ], [ -97.2781, 18.77407 ], [ -97.28067, 18.76337 ], [ -97.29829, 18.77296 ], [ -97.32464, 18.76484 ], [ -97.29219, 18.7864 ], [ -97.31197, 18.81068 ], [ -97.32595, 18.81303 ], [ -97.32266, 18.83507 ], [ -97.3064, 18.84303 ], [ -97.2973, 18.86731 ], [ -97.27245, 18.89012 ], [ -97.2458, 18.8933 ], [ -97.24721, 18.91892 ], [ -97.24057, 18.92449 ], [ -97.23938, 18.91871 ], [ -97.22063, 18.91868 ] ] ] } },
{ "type": "Feature", "properties": { "CVEGEO": "30100", "NOM_ENT": "Veracruz de Ignacio de la Llave", "NOMGEO": "Manlio Fabio Altamirano", "POB1": 23918.0, "GRADO_MAR": "Bajo", "IM": 0.0, "IM_NORM": 0.0, "ANALF": 0.0, "SIN_EDUC": 0.0, "SIN_DREN": 2.47, "SIN_ELEC": 2.47, "SIN_AGUA": 0.83, "PISO_TIER": 2.86, "HACIN": 2.47, "LOC5000": 0.0, "ING2SM": 0.0, "POB_TOT": 0 }, "geometry": { "type": "Polygon", "coordinates": [ [ [ -96.30194, 19.18701 ], [ -96.309, 19.18385 ], [ -96.3139, 19.15006 ], [ -96.31055, 19.15877 ], [ -96.29415, 19.15854 ], [ -96.26656, 19.13735 ], [ -96.26185, 19.13101 ], [ -96.27201, 19.12177 ], [ -96.26368, 19.11851 ], [ -96.26309, 19.09299 ], [ -96.25634, 19.09188 ], [ -96.26437, 19.06415 ], [ -96.29242, 19.05464 ], [ -96.29343, 19.04006 ], [ -96.3125, 19.0284 ], [ -96.29531, 19.01079 ], [ -96.29929, 18.99764 ], [ -96.31447, 18.99753 ], [ -96.31549, 18.98225 ], [ -96.30386, 18.98349 ], [ -96.30518, 18.97409 ], [ -96.32457, 18.97802 ], [ -96.31988, 18.9994 ], [ -96.33444, 19.00289 ], [ -96.34169, 19.01667 ], [ -96.38985, 19.02507 ], [ -96.39918, 19.03229 ], [ -96.39599, 19.03792 ], [ -96.41105, 19.03974 ], [ -96.39063, 19.04773 ], [ -96.37829, 19.06514 ], [ -96.37185, 19.0756 ], [ -96.38129, 19.0857 ], [ -96.37511, 19.09363 ], [ -96.39715, 19.09289 ], [ -96.3986, 19.13533 ], [ -96.40736, 19.13387 ], [ -96.40429, 19.14401 ], [ -96.4155, 19.1495 ], [ -96.40054, 19.17296 ], [ -96.41881, 19.16638 ], [ -96.44823, 19.17182 ], [ -96.44218, 19.1871 ], [ -96.42092, 19.18938 ], [ -96.41103, 19.18191 ], [ -96.37011, 19.1975 ], [ -96.35955, 19.18885 ], [ -96.31885, 19.19825 ], [ -96.30194, 19.18701 ] ] ] } },
{ "type": "Feature", "properties": { "CVEGEO": "30101", "NOM_ENT": "Veracruz de Ignacio de la Llave", "NOMGEO": "Mariano Escobedo", "POB1": 38670.0, "GRADO_MAR": "Bajo", "IM": 0.0, "IM_NORM": 0.0, "ANALF": 0.0, "SIN_EDUC": 0.0, "SIN_DREN": 1.16, "SIN_ELEC": 1.16, "SIN_AGUA": 2.58, "PISO_TIER": 8.96, "HACIN": 1.16, "LOC5000": 0.0, "ING2SM": 0.0, "POB_TOT": 0 }, "geometry": { "type": "Polygon", "coordinates": [ [ [ -97.21452, 18.96355 ], [ -97.20175, 18.96688 ], [ -97.1605, 18.95553 ], [ -97.13997, 18.93838 ], [ -97.135, 18.92134 ], [ -97.12627, 18.91926 ], [ -97.11463, 18.93018 ], [ -97.09829, 18.89767 ], [ -97.10806, 18.89458 ], [ -97.11076, 18.87135 ], [ -97.12706, 18.90549 ], [ -97.15782, 18.91273 ], [ -97.17908, 18.92919 ], [ -97.1893, 18.91139 ], [ -97.20753, 18.91764 ], [ -97.21832, 18.91102 ], [ -97.22211, 18.92077 ], [ -97.23754, 18.91504 ], [ -97.24057, 18.92449 ], [ -97.25041, 18.92156 ], [ -97.25495, 18.9438 ], [ -97.24123, 18.94956 ], [ -97.24268, 18.96646 ], [ -97.23686, 18.96168 ], [ -97.23616, 18.97468 ], [ -97.22721, 18.97803 ], [ -97.21452, 18.96355 ] ] ] } },
{ "type": "Feature", "properties": { "CVEGEO": "30102", "NOM_ENT": "Veracruz de Ignacio de la Llave", "NOMGEO": "Martínez de la Torre", "POB1": 108842.0, "GRADO_MAR": "Bajo", "IM": 0.0, "IM_NORM": 0.0, "ANALF": 0.0, "SIN_EDUC": 0.0, "SIN_DREN": 0.54, "SIN_ELEC": 0.54, "SIN_AGUA": 9.17, "PISO_TIER": 4.6, "HACIN": 0.54, "LOC5000": 0.0, "ING2SM": 0.0, "POB_TOT": 0 }, "geometry": { "type": "Polygon", "coordinates": [ [ [ -97.0102, 20.2768 ], [ -97.00085, 20.25062 ], [ -97.02137, 20.21501 ], [ -97.01458, 20.18695 ], [ -96.98563, 20.16345 ], [ -96.99305, 20.15296 ], [ -96.98573, 20.14618 ], [ -96.95628, 20.14901 ], [ -96.94309, 20.1349 ], [ -96.97494, 20.12477 ], [ -96.98324, 20.0877 ], [ -96.993, 20.08164 ], [ -96.98482, 20.07176 ], [ -96.98561, 20.05488 ], [ -96.97103, 20.04259 ], [ -96.97612, 20.03569 ], [ -96.98629, 20.04189 ], [ -96.98281, 20.01072 ], [ -96.95493, 20.00058 ], [ -96.95695, 19.99273 ], [ -96.99298, 19.98337 ], [ -96.98735, 19.9774 ], [ -96.9989, 19.9586 ], [ -97.01368, 19.96757 ], [ -97.00677, 19.97973 ], [ -97.03323, 19.97924 ], [ -97.05418, 19.99264 ], [ -97.06178, 20.03353 ], [ -97.05549, 20.04352 ], [ -97.05019, 20.03094 ], [ -97.0403, 20.03371 ], [ -97.04127, 20.04814 ], [ -97.083, 20.05164 ], [ -97.09071, 20.06968 ], [ -97.12288, 20.08402 ], [ -97.10808, 20.09569 ], [ -97.10946, 20.1066 ], [ -97.11915, 20.10782 ], [ -97.11613, 20.12153 ], [ -97.13206, 20.11848 ], [ -97.14162, 20.1225 ], [ -97.1224, 20.13672 ], [ -97.15136, 20.13754 ], [ -97.15752, 20.14957 ], [ -97.14493, 20.16646 ], [ -97.13946, 20.19536 ], [ -97.12215, 20.21345 ], [ -97.13237, 20.2186 ], [ -97.12244, 20.23916 ], [ -97.12762, 20.24621 ], [ -97.10481, 20.25496 ], [ -97.08834, 20.2746 ], [ -97.06165, 20.25928 ], [ -97.0428, 20.26571 ], [ -97.04403, 20.2775 ], [ -97.0102, 20.2768 ] ] ] } },
{ "type": "Feature", "properties": { "CVEGEO": "30103", "NOM_ENT": "Veracruz de Ignacio de la Llave", "NOMGEO": "Mecatlán", "POB1": 12799.0, "GRADO_MAR": "Muy alto", "IM": 0.0, "IM_NORM": 0.0, "ANALF": 0.0, "SIN_EDUC": 0.0, "SIN_DREN": 2.2, "SIN_ELEC": 2.2, "SIN_AGUA": 17.65, "PISO_TIER": 11.49, "HACIN": 2.2, "LOC5000": 0.0, "ING2SM": 0.0, "POB_TOT": 0 }, "geometry": { "type": "Polygon", "coordinates": [ [ [ -97.63538, 20.20899 ], [ -97.62397, 20.20899 ], [ -97.62361, 20.22019 ], [ -97.61148, 20.22032 ], [ -97.61068, 20.20538 ], [ -97.60126, 20.20084 ], [ -97.60058, 20.18848 ], [ -97.61615, 20.1858 ], [ -97.62195, 20.1744 ], [ -97.63501, 20.18848 ], [ -97.66781, 20.1817 ], [ -97.69668, 20.20896 ], [ -97.70059, 20.22089 ], [ -97.69301, 20.22882 ], [ -97.67238, 20.24359 ], [ -97.65092, 20.2445 ], [ -97.63538, 20.20899 ] ] ] } },
{ "type": "Feature", "properties": { "CVEGEO": "30104", "NOM_ENT": "Veracruz de Ignacio de la Llave", "NOMGEO": "Mecayapan", "POB1": 17134.0, "GRADO_MAR": "Alto", "IM": 0.0, "IM_NORM": 0.0, "ANALF": 0.0, "SIN_EDUC": 0.0, "SIN_DREN": 9.7, "SIN_ELEC": 9.7, "SIN_AGUA": 1.62, "PISO_TIER": 15.13, "HACIN": 9.7, "LOC5000": 0.0, "ING2SM": 0.0, "POB_TOT": 0 }, "geometry": { "type": "MultiPolygon", "coordinates": [ [ [ [ -94.80166, 18.29135 ], [ -94.78539, 18.29254 ], [ -94.79553, 18.2838 ], [ -94.81035, 18.28414 ], [ -94.80439, 18.26038 ], [ -94.78826, 18.26045 ], [ -94.78689, 18.27679 ], [ -94.78101, 18.27766 ], [ -94.76698, 18.26592 ], [ -94.76519, 18.25554 ], [ -94.78192, 18.24177 ], [ -94.77868, 18.21411 ], [ -94.78938, 18.21505 ], [ -94.77912, 18.21022 ], [ -94.78383, 18.19005 ], [ -94.76792, 18.19036 ], [ -94.76747, 18.21859 ], [ -94.75797, 18.2183 ], [ -94.76545, 18.2245 ], [ -94.76127, 18.23561 ], [ -94.72624, 18.24185 ], [ -94.70118, 18.22667 ], [ -94.72296, 18.21451 ], [ -94.71771, 18.20259 ], [ -94.73177, 18.19302 ], [ -94.74797, 18.19601 ], [ -94.7459, 18.17851 ], [ -94.75938, 18.17132 ], [ -94.75342, 18.15661 ], [ -94.76605, 18.13888 ], [ -94.73995, 18.11855 ], [ -94.74372, 18.10545 ], [ -94.73645, 18.10192 ], [ -94.74608, 18.08205 ], [ -94.78678, 18.08817 ], [ -94.80407, 18.08201 ], [ -94.84573, 18.09153 ], [ -94.84767, 18.08537 ], [ -94.85958, 18.09196 ], [ -94.85257, 18.10164 ], [ -94.84276, 18.09985 ], [ -94.83321, 18.12395 ], [ -94.81869, 18.11713 ], [ -94.81535, 18.12919 ], [ -94.79619, 18.12664 ], [ -94.79726, 18.15521 ], [ -94.84328, 18.15949 ], [ -94.84167, 18.19426 ], [ -94.85127, 18.19158 ], [ -94.86075, 18.2245 ], [ -94.85271, 18.22574 ], [ -94.85915, 18.2427 ], [ -94.8511, 18.2595 ], [ -94.81443, 18.265 ], [ -94.83742, 18.32188 ], [ -94.80166, 18.29135 ] ] ], [ [ [ -94.81657, 18.53857 ], [ -94.7891, 18.50774 ], [ -94.8005, 18.49444 ], [ -94.84118, 18.47534 ], [ -94.8539, 18.44985 ], [ -94.87656, 18.45737 ], [ -94.90402, 18.4471 ], [ -94.91314, 18.47699 ], [ -94.89636, 18.54258 ], [ -94.90093, 18.54745 ], [ -94.81657, 18.53857 ] ] ] ] } },
{ "type": "Feature", "properties": { "CVEGEO": "30105", "NOM_ENT": "Veracruz de Ignacio de la Llave", "NOMGEO": "Medellín de Bravo", "POB1": 95202.0, "GRADO_MAR": "Muy bajo", "IM": 0.0, "IM_NORM": 0.0, "ANALF": 0.0, "SIN_EDUC": 0.0, "SIN_DREN": 0.67, "SIN_ELEC": 0.67, "SIN_AGUA": 3.49, "PISO_TIER": 1.99, "HACIN": 0.67, "LOC5000": 0.0, "ING2SM": 0.0, "POB_TOT": 0 }, "geometry": { "type": "Polygon", "coordinates": [ [ [ -96.22213, 19.1192 ], [ -96.21075, 19.12423 ], [ -96.20869, 19.10953 ], [ -96.19034, 19.10266 ], [ -96.14685, 19.10824 ], [ -96.13023, 19.11857 ], [ -96.11393, 19.10826 ], [ -96.10968, 19.09859 ], [ -96.11775, 19.09211 ], [ -96.14078, 19.09433 ], [ -96.14435, 19.08175 ], [ -96.13136, 19.07006 ], [ -96.14129, 19.06783 ], [ -96.14295, 19.05813 ], [ -96.1098, 19.058 ], [ -96.097, 19.04702 ], [ -96.09559, 19.0361 ], [ -96.10962, 19.02687 ], [ -96.1111, 19.01048 ], [ -96.09213, 18.99466 ], [ -96.09079, 19.00191 ], [ -96.07559, 18.99764 ], [ -96.07042, 18.9866 ], [ -96.04389, 18.98662 ], [ -96.02197, 18.94057 ], [ -96.03201, 18.93914 ], [ -96.03752, 18.92563 ], [ -96.04904, 18.93059 ], [ -96.05016, 18.94566 ], [ -96.06916, 18.93443 ], [ -96.06642, 18.94597 ], [ -96.07495, 18.94971 ], [ -96.09116, 18.91117 ], [ -96.09299, 18.91696 ], [ -96.10019, 18.9137 ], [ -96.10161, 18.89921 ], [ -96.09525, 18.89513 ], [ -96.12035, 18.89699 ], [ -96.13236, 18.85954 ], [ -96.14997, 18.83949 ], [ -96.17125, 18.84935 ], [ -96.18391, 18.84247 ], [ -96.19342, 18.90234 ], [ -96.21152, 18.88689 ], [ -96.21871, 18.90078 ], [ -96.21284, 18.90151 ], [ -96.21903, 18.90799 ], [ -96.21592, 18.91997 ], [ -96.24707, 18.90188 ], [ -96.26302, 18.90726 ], [ -96.26347, 18.91731 ], [ -96.25291, 18.92298 ], [ -96.25343, 18.94559 ], [ -96.22446, 18.96425 ], [ -96.21986, 18.97613 ], [ -96.22741, 18.98265 ], [ -96.1913, 18.99854 ], [ -96.1876, 19.02427 ], [ -96.17285, 19.03718 ], [ -96.18333, 19.0515 ], [ -96.22693, 19.03911 ], [ -96.23121, 19.0484 ], [ -96.25158, 19.04767 ], [ -96.25054, 19.05484 ], [ -96.26513, 19.06489 ], [ -96.25634, 19.09188 ], [ -96.26309, 19.09299 ], [ -96.26368, 19.11851 ], [ -96.27201, 19.12177 ], [ -96.25707, 19.14045 ], [ -96.24323, 19.1432 ], [ -96.22213, 19.1192 ] ] ] } },
{ "type": "Feature", "properties": { "CVEGEO": "30106", "NOM_ENT": "Veracruz de Ignacio de la Llave", "NOMGEO": "Miahuatlán", "POB1": 4841.0, "GRADO_MAR": "Medio", "IM": 0.0, "IM_NORM": 0.0, "ANALF": 0.0, "SIN_EDUC": 0.0, "SIN_DREN": 1.34, "SIN_ELEC": 1.34, "SIN_AGUA": 0.46, "PISO_TIER": 2.55, "HACIN": 1.34, "LOC5000": 0.0, "ING2SM": 0.0, "POB_TOT": 0 }, "geometry": { "type": "Polygon", "coordinates": [ [ [ -96.87151, 19.76817 ], [ -96.86612, 19.72834 ], [ -96.84939, 19.73089 ], [ -96.85597, 19.72587 ], [ -96.85443, 19.6954 ], [ -96.86249, 19.68972 ], [ -96.88104, 19.70176 ], [ -96.88619, 19.69122 ], [ -96.90776, 19.71451 ], [ -96.9166, 19.70415 ], [ -96.91703, 19.72086 ], [ -96.90297, 19.72096 ], [ -96.90344, 19.73547 ], [ -96.88807, 19.7473 ], [ -96.87793, 19.77039 ], [ -96.87151, 19.76817 ] ] ] } },
{ "type": "Feature", "properties": { "CVEGEO": "30109", "NOM_ENT": "Veracruz de Ignacio de la Llave", "NOMGEO": "Misantla", "POB1": 65761.0, "GRADO_MAR": "Bajo", "IM": 0.0, "IM_NORM": 0.0, "ANALF": 0.0, "SIN_EDUC": 0.0, "SIN_DREN": 1.13, "SIN_ELEC": 1.13, "SIN_AGUA": 5.05, "PISO_TIER": 5.71, "HACIN": 1.13, "LOC5000": 0.0, "ING2SM": 0.0, "POB_TOT": 0 }, "geometry": { "type": "Polygon", "coordinates": [ [ [ -96.88238, 20.13194 ], [ -96.9059, 20.12112 ], [ -96.9133, 20.10023 ], [ -96.89647, 20.09808 ], [ -96.89525, 20.08 ], [ -96.88176, 20.0778 ], [ -96.87532, 20.06076 ], [ -96.86351, 20.06236 ], [ -96.8723, 20.05322 ], [ -96.85993, 20.05104 ], [ -96.86465, 20.02956 ], [ -96.82723, 20.01444 ], [ -96.81885, 20.00231 ], [ -96.76715, 20.0114 ], [ -96.764, 20.01873 ], [ -96.76232, 19.99943 ], [ -96.77597, 19.98377 ], [ -96.76396, 19.98558 ], [ -96.76467, 19.9736 ], [ -96.75692, 19.97854 ], [ -96.75038, 19.96666 ], [ -96.77252, 19.93685 ], [ -96.79364, 19.94171 ], [ -96.79707, 19.93446 ], [ -96.77044, 19.90527 ], [ -96.79726, 19.89641 ], [ -96.79699, 19.88589 ], [ -96.80805, 19.87967 ], [ -96.80772, 19.86893 ], [ -96.83598, 19.83327 ], [ -96.83601, 19.81779 ], [ -96.84907, 19.81761 ], [ -96.8399, 19.77755 ], [ -96.85995, 19.77949 ], [ -96.86615, 19.76878 ], [ -96.87629, 19.77056 ], [ -96.87401, 19.77765 ], [ -96.89456, 19.7673 ], [ -96.90528, 19.78175 ], [ -96.88947, 19.78473 ], [ -96.89742, 19.79079 ], [ -96.89863, 19.82345 ], [ -96.91104, 19.82591 ], [ -96.90589, 19.83007 ], [ -96.91206, 19.84796 ], [ -96.93066, 19.87645 ], [ -96.95629, 19.89521 ], [ -96.95241, 19.92417 ], [ -96.96377, 19.95035 ], [ -96.96365, 19.9737 ], [ -96.97945, 19.97143 ], [ -96.99298, 19.98337 ], [ -96.95695, 19.99273 ], [ -96.95493, 20.00058 ], [ -96.98281, 20.01072 ], [ -96.98629, 20.04189 ], [ -96.97612, 20.03569 ], [ -96.97103, 20.04259 ], [ -96.98561, 20.05488 ], [ -96.98482, 20.07176 ], [ -96.99305, 20.08104 ], [ -96.98324, 20.0877 ], [ -96.97456, 20.12509 ], [ -96.94309, 20.1349 ], [ -96.93287, 20.13083 ], [ -96.9199, 20.14586 ], [ -96.89474, 20.15146 ], [ -96.88238, 20.13194 ] ] ] } },
{ "type": "Feature", "properties": { "CVEGEO": "30110", "NOM_ENT": "Veracruz de Ignacio de la Llave", "NOMGEO": "Mixtla de Altamirano", "POB1": 12125.0, "GRADO_MAR": "Muy alto", "IM": 0.0, "IM_NORM": 0.0, "ANALF": 0.0, "SIN_EDUC": 0.0, "SIN_DREN": 4.15, "SIN_ELEC": 4.15, "SIN_AGUA": 41.85, "PISO_TIER": 34.76, "HACIN": 4.15, "LOC5000": 0.0, "ING2SM": 0.0, "POB_TOT": 0 }, "geometry": { "type": "Polygon", "coordinates": [ [ [ -96.94792, 18.64092 ], [ -96.95541, 18.62513 ], [ -96.93673, 18.61262 ], [ -96.9286, 18.58653 ], [ -96.93236, 18.57399 ], [ -96.94445, 18.5672 ], [ -96.9416, 18.55438 ], [ -96.95386, 18.56433 ], [ -96.96676, 18.55366 ], [ -96.99901, 18.55681 ], [ -97.04121, 18.58381 ], [ -97.03957, 18.58956 ], [ -97.00895, 18.59282 ], [ -97.01914, 18.59932 ], [ -97.0177, 18.6128 ], [ -97.00026, 18.60847 ], [ -96.98498, 18.62357 ], [ -96.97536, 18.6182 ], [ -96.97376, 18.62921 ], [ -96.95593, 18.63244 ], [ -96.97687, 18.64489 ], [ -96.95501, 18.64795 ], [ -96.94792, 18.64092 ] ] ] } },
{ "type": "Feature", "properties": { "CVEGEO": "30111", "NOM_ENT": "Veracruz de Ignacio de la Llave", "NOMGEO": "Moloacán", "POB1": 16493.0, "GRADO_MAR": "Bajo", "IM": 0.0, "IM_NORM": 0.0, "ANALF": 0.0, "SIN_EDUC": 0.0, "SIN_DREN": 2.22, "SIN_ELEC": 2.22, "SIN_AGUA": 10.07, "PISO_TIER": 4.49, "HACIN": 2.22, "LOC5000": 0.0, "ING2SM": 0.0, "POB_TOT": 0 }, "geometry": { "type": "Polygon", "coordinates": [ [ [ -94.2563, 18.06923 ], [ -94.27689, 18.06916 ], [ -94.27352, 18.06307 ], [ -94.28242, 18.06197 ], [ -94.27352, 18.05006 ], [ -94.24209, 18.05193 ], [ -94.2179, 18.04041 ], [ -94.22068, 18.02032 ], [ -94.21158, 18.01832 ], [ -94.21919, 18.00017 ], [ -94.19731, 17.98969 ], [ -94.21709, 17.96958 ], [ -94.2094, 17.95883 ], [ -94.21133, 17.94393 ], [ -94.22283, 17.94243 ], [ -94.25886, 17.88889 ], [ -94.28702, 17.89429 ], [ -94.30204, 17.91087 ], [ -94.3399, 17.90448 ], [ -94.3526, 17.91334 ], [ -94.35035, 17.92706 ], [ -94.37288, 17.98485 ], [ -94.35917, 17.99138 ], [ -94.35422, 18.00487 ], [ -94.33316, 18.00905 ], [ -94.33562, 18.02762 ], [ -94.31844, 18.05757 ], [ -94.33739, 18.06497 ], [ -94.32156, 18.07534 ], [ -94.31256, 18.09611 ], [ -94.30123, 18.09575 ], [ -94.28717, 18.07426 ], [ -94.2563, 18.06923 ] ] ] } },
{ "type": "Feature", "properties": { "CVEGEO": "30112", "NOM_ENT": "Veracruz de Ignacio de la Llave", "NOMGEO": "Naolinco", "POB1": 22835.0, "GRADO_MAR": "Bajo", "IM": 0.0, "IM_NORM": 0.0, "ANALF": 0.0, "SIN_EDUC": 0.0, "SIN_DREN": 0.72, "SIN_ELEC": 0.72, "SIN_AGUA": 1.89, "PISO_TIER": 1.83, "HACIN": 0.72, "LOC5000": 0.0, "ING2SM": 0.0, "POB_TOT": 0 }, "geometry": { "type": "Polygon", "coordinates": [ [ [ -96.88619, 19.69122 ], [ -96.88104, 19.70176 ], [ -96.86797, 19.69725 ], [ -96.85228, 19.67542 ], [ -96.85326, 19.6626 ], [ -96.83098, 19.67293 ], [ -96.81629, 19.65422 ], [ -96.80158, 19.64904 ], [ -96.79308, 19.63024 ], [ -96.80933, 19.60898 ], [ -96.79656, 19.59294 ], [ -96.76995, 19.60403 ], [ -96.76726, 19.62016 ], [ -96.75385, 19.60912 ], [ -96.7506, 19.59342 ], [ -96.76251, 19.57343 ], [ -96.75994, 19.56308 ], [ -96.79407, 19.57032 ], [ -96.8261, 19.59665 ], [ -96.84288, 19.58967 ], [ -96.84448, 19.60629 ], [ -96.8623, 19.60682 ], [ -96.88804, 19.62622 ], [ -96.91711, 19.63513 ], [ -96.91494, 19.66296 ], [ -96.89245, 19.66751 ], [ -96.91017, 19.71465 ], [ -96.88619, 19.69122 ] ] ] } },
{ "type": "Feature", "properties": { "CVEGEO": "30113", "NOM_ENT": "Veracruz de Ignacio de la Llave", "NOMGEO": "Naranjal", "POB1": 4614.0, "GRADO_MAR": "Alto", "IM": 0.0, "IM_NORM": 0.0, "ANALF": 0.0, "SIN_EDUC": 0.0, "SIN_DREN": 5.56, "SIN_ELEC": 5.56, "SIN_AGUA": 6.07, "PISO_TIER": 12.2, "HACIN": 5.56, "LOC5000": 0.0, "ING2SM": 0.0, "POB_TOT": 0 }, "geometry": { "type": "Polygon", "coordinates": [ [ [ -96.94754, 18.8033 ], [ -96.92675, 18.80251 ], [ -96.92416, 18.79488 ], [ -96.9408, 18.77828 ], [ -96.96374, 18.7706 ], [ -96.98035, 18.79337 ], [ -96.97709, 18.82054 ], [ -96.96668, 18.8205 ], [ -96.94754, 18.8033 ] ] ] } },
{ "type": "Feature", "properties": { "CVEGEO": "30114", "NOM_ENT": "Veracruz de Ignacio de la Llave", "NOMGEO": "Nautla", "POB1": 10130.0, "GRADO_MAR": "Medio", "IM": 0.0, "IM_NORM": 0.0, "ANALF": 0.0, "SIN_EDUC": 0.0, "SIN_DREN": 2.1, "SIN_ELEC": 2.1, "SIN_AGUA": 5.84, "PISO_TIER": 5.27, "HACIN": 2.1, "LOC5000": 0.0, "ING2SM": 0.0, "POB_TOT": 0 }, "geometry": { "type": "Polygon", "coordinates": [ [ [ -96.70551, 20.15694 ], [ -96.71565, 20.14868 ], [ -96.69365, 20.10761 ], [ -96.70887, 20.09456 ], [ -96.68072, 20.08235 ], [ -96.73756, 20.02386 ], [ -96.7629, 20.02375 ], [ -96.76715, 20.0114 ], [ -96.81885, 20.00231 ], [ -96.82723, 20.01444 ], [ -96.86465, 20.02956 ], [ -96.85993, 20.05104 ], [ -96.8723, 20.05322 ], [ -96.86351, 20.06236 ], [ -96.8763, 20.06153 ], [ -96.88176, 20.0778 ], [ -96.89525, 20.08 ], [ -96.89647, 20.09808 ], [ -96.90879, 20.0964 ], [ -96.91261, 20.10424 ], [ -96.9059, 20.12112 ], [ -96.88271, 20.13132 ], [ -96.87402, 20.1543 ], [ -96.85876, 20.14866 ], [ -96.85999, 20.16158 ], [ -96.85, 20.17644 ], [ -96.86567, 20.19824 ], [ -96.8341, 20.17636 ], [ -96.81373, 20.21149 ], [ -96.79768, 20.20156 ], [ -96.78339, 20.20721 ], [ -96.77626, 20.22268 ], [ -96.78723, 20.23909 ], [ -96.78447, 20.2435 ], [ -96.70551, 20.15694 ] ] ] } },
{ "type": "Feature", "properties": { "CVEGEO": "30115", "NOM_ENT": "Veracruz de Ignacio de la Llave", "NOMGEO": "Nogales", "POB1": 37314.0, "GRADO_MAR": "Bajo", "IM": 0.0, "IM_NORM": 0.0, "ANALF": 0.0, "SIN_EDUC": 0.0, "SIN_DREN": 0.8, "SIN_ELEC": 0.8, "SIN_AGUA": 4.35, "PISO_TIER": 6.21, "HACIN": 0.8, "LOC5000": 0.0, "ING2SM": 0.0, "POB_TOT": 0 }, "geometry": { "type": "Polygon", "coordinates": [ [ [ -97.20495, 18.87233 ], [ -97.1792, 18.85582 ], [ -97.17072, 18.83054 ], [ -97.15246, 18.82798 ], [ -97.16776, 18.80653 ], [ -97.18806, 18.81724 ], [ -97.20029, 18.80555 ], [ -97.19775, 18.79374 ], [ -97.18486, 18.79753 ], [ -97.184, 18.78522 ], [ -97.15953, 18.77722 ], [ -97.16173, 18.7637 ], [ -97.1743, 18.75878 ], [ -97.19588, 18.75871 ], [ -97.19951, 18.77842 ], [ -97.22803, 18.79377 ], [ -97.2225, 18.80789 ], [ -97.23454, 18.81125 ], [ -97.23632, 18.8209 ], [ -97.22749, 18.81904 ], [ -97.23111, 18.85304 ], [ -97.21166, 18.86856 ], [ -97.23214, 18.90359 ], [ -97.22054, 18.91197 ], [ -97.20495, 18.87233 ] ] ] } },
{ "type": "Feature", "properties": { "CVEGEO": "30119", "NOM_ENT": "Veracruz de Ignacio de la Llave", "NOMGEO": "Otatitlán", "POB1": 5651.0, "GRADO_MAR": "Bajo", "IM": 0.0, "IM_NORM": 0.0, "ANALF": 0.0, "SIN_EDUC": 0.0, "SIN_DREN": 1.63, "SIN_ELEC": 1.63, "SIN_AGUA": 8.62, "PISO_TIER": 2.66, "HACIN": 1.63, "LOC5000": 0.0, "ING2SM": 0.0, "POB_TOT": 0 }, "geometry": { "type": "Polygon", "coordinates": [ [ [ -96.00685, 18.19909 ], [ -96.01579, 18.16768 ], [ -96.00245, 18.17161 ], [ -95.99276, 18.1596 ], [ -95.99057, 18.15117 ], [ -96.02568, 18.13346 ], [ -96.04687, 18.13656 ], [ -96.05138, 18.12674 ], [ -96.05697, 18.13402 ], [ -96.06638, 18.13159 ], [ -96.08391, 18.16177 ], [ -96.07216, 18.16307 ], [ -96.0634, 18.17591 ], [ -96.04603, 18.17676 ], [ -96.04375, 18.2056 ], [ -96.03499, 18.2163 ], [ -96.01745, 18.2147 ], [ -96.00685, 18.19909 ] ] ] } },
{ "type": "Feature", "properties": { "CVEGEO": "30120", "NOM_ENT": "Veracruz de Ignacio de la Llave", "NOMGEO": "Oteapan", "POB1": 10343.0, "GRADO_MAR": "Bajo", "IM": 0.0, "IM_NORM": 0.0, "ANALF": 0.0, "SIN_EDUC": 0.0, "SIN_DREN": 4.49, "SIN_ELEC": 4.49, "SIN_AGUA": 15.17, "PISO_TIER": 5.22, "HACIN": 4.49, "LOC5000": 0.0, "ING2SM": 0.0, "POB_TOT": 0 }, "geometry": { "type": "Polygon", "coordinates": [ [ [ -94.67231, 17.99306 ], [ -94.66949, 18.01213 ], [ -94.64883, 18.00963 ], [ -94.65249, 17.99067 ], [ -94.67231, 17.99306 ] ] ] } },
{ "type": "Feature", "properties": { "CVEGEO": "30121", "NOM_ENT": "Veracruz de Ignacio de la Llave", "NOMGEO": "Ozuluama de Mascareñas", "POB1": 22756.0, "GRADO_MAR": "Alto", "IM": 0.0, "IM_NORM": 0.0, "ANALF": 0.0, "SIN_EDUC": 0.0, "SIN_DREN": 1.58, "SIN_ELEC": 1.58, "SIN_AGUA": 34.37, "PISO_TIER": 9.53, "HACIN": 1.58, "LOC5000": 0.0, "ING2SM": 0.0, "POB_TOT": 0 }, "geometry": { "type": "Polygon", "coordinates": [ [ [ -98.05585, 21.97357 ], [ -98.04226, 21.97271 ], [ -98.05038, 21.95011 ], [ -98.05865, 21.94869 ], [ -97.92647, 21.93886 ], [ -97.91978, 21.93539 ], [ -97.92346, 21.9173 ], [ -97.90427, 21.91541 ], [ -97.89735, 21.9056 ], [ -97.89141, 21.91311 ], [ -97.87725, 21.90831 ], [ -97.86732, 21.91558 ], [ -97.8572, 21.93448 ], [ -97.85066, 21.93216 ], [ -97.85472, 21.93959 ], [ -97.84823, 21.94803 ], [ -97.84233, 21.93909 ], [ -97.83353, 21.94779 ], [ -97.8337, 21.93652 ], [ -97.82251, 21.93741 ], [ -97.81848, 21.92296 ], [ -97.76031, 21.93145 ], [ -97.75815, 21.92148 ], [ -97.72002, 21.91567 ], [ -97.71664, 21.90698 ], [ -97.67788, 21.92148 ], [ -97.63684, 21.84239 ], [ -97.63774, 21.82217 ], [ -97.62799, 21.81191 ], [ -97.62066, 21.77995 ], [ -97.60743, 21.77442 ], [ -97.58625, 21.74324 ], [ -97.56448, 21.73354 ], [ -97.54476, 21.69896 ], [ -97.50628, 21.66858 ], [ -97.49343, 21.63878 ], [ -97.46039, 21.59728 ], [ -97.38741, 21.53654 ], [ -97.48826, 21.56875 ], [ -97.4887, 21.57665 ], [ -97.53052, 21.58085 ], [ -97.64524, 21.62763 ], [ -97.66806, 21.60491 ], [ -97.69701, 21.6183 ], [ -97.72404, 21.60574 ], [ -97.72765, 21.58937 ], [ -97.72047, 21.58153 ], [ -97.72715, 21.57429 ], [ -97.71264, 21.56741 ], [ -97.72791, 21.55292 ], [ -97.72578, 21.54607 ], [ -97.74729, 21.53795 ], [ -97.75078, 21.52787 ], [ -97.75549, 21.52292 ], [ -97.75332, 21.52866 ], [ -97.76879, 21.53099 ], [ -97.77936, 21.52143 ], [ -97.79596, 21.52243 ], [ -97.78928, 21.50502 ], [ -97.80221, 21.50528 ], [ -97.79805, 21.49289 ], [ -97.80872, 21.49595 ], [ -97.82117, 21.48354 ], [ -97.81854, 21.47682 ], [ -97.83446, 21.46965 ], [ -97.83589, 21.4447 ], [ -97.84458, 21.43202 ], [ -97.8607, 21.43194 ], [ -97.87746, 21.44375 ], [ -97.89961, 21.43365 ], [ -97.90844, 21.44246 ], [ -97.95695, 21.41462 ], [ -97.95362, 21.40203 ], [ -97.96602, 21.40634 ], [ -97.97012, 21.41625 ], [ -97.96352, 21.42645 ], [ -97.9922, 21.48046 ], [ -97.97822, 21.50867 ], [ -97.98227, 21.55426 ], [ -97.96885, 21.59525 ], [ -97.98267, 21.60375 ], [ -97.97633, 21.61656 ], [ -97.99132, 21.62752 ], [ -97.98562, 21.6339 ], [ -97.99425, 21.66407 ], [ -98.01251, 21.65976 ], [ -98.07023, 21.67345 ], [ -98.07618, 21.66338 ], [ -98.09217, 21.66616 ], [ -98.10271, 21.64536 ], [ -98.10793, 21.65574 ], [ -98.11518, 21.65239 ], [ -98.14348, 21.67234 ], [ -98.14916, 21.68049 ], [ -98.14267, 21.68736 ], [ -98.15534, 21.68964 ], [ -98.15956, 21.69894 ], [ -98.14907, 21.72599 ], [ -98.13786, 21.7249 ], [ -98.14215, 21.73511 ], [ -98.15627, 21.73658 ], [ -98.13738, 21.74361 ], [ -98.14545, 21.75027 ], [ -98.14382, 21.77457 ], [ -98.1336, 21.78439 ], [ -98.12685, 21.78082 ], [ -98.12035, 21.79435 ], [ -98.11991, 21.81393 ], [ -98.12522, 21.81236 ], [ -98.13043, 21.82854 ], [ -98.12562, 21.84095 ], [ -98.10066, 21.84819 ], [ -98.09612, 21.8602 ], [ -98.0863, 21.85698 ], [ -98.0883, 21.87601 ], [ -98.10066, 21.88008 ], [ -98.09754, 21.89308 ], [ -98.12175, 21.91993 ], [ -98.12264, 21.93722 ], [ -98.09285, 21.95412 ], [ -98.1029, 21.96579 ], [ -98.09935, 21.97142 ], [ -98.11245, 21.97577 ], [ -98.06302, 21.99573 ], [ -98.05585, 21.97357 ] ] ] } },
{ "type": "Feature", "properties": { "CVEGEO": "30122", "NOM_ENT": "Veracruz de Ignacio de la Llave", "NOMGEO": "Pajapan", "POB1": 18051.0, "GRADO_MAR": "Alto", "IM": 0.0, "IM_NORM": 0.0, "ANALF": 0.0, "SIN_EDUC": 0.0, "SIN_DREN": 5.96, "SIN_ELEC": 5.96, "SIN_AGUA": 3.59, "PISO_TIER": 5.39, "HACIN": 5.96, "LOC5000": 0.0, "ING2SM": 0.0, "POB_TOT": 0 }, "geometry": { "type": "Polygon", "coordinates": [ [ [ -94.66398, 18.33839 ], [ -94.65564, 18.31001 ], [ -94.6231, 18.28713 ], [ -94.62369, 18.25025 ], [ -94.59722, 18.19347 ], [ -94.6152, 18.21098 ], [ -94.62617, 18.21131 ], [ -94.63902, 18.17314 ], [ -94.63257, 18.15906 ], [ -94.60065, 18.15205 ], [ -94.60156, 18.13156 ], [ -94.58413, 18.12037 ], [ -94.59415, 18.09634 ], [ -94.61347, 18.1075 ], [ -94.61288, 18.09865 ], [ -94.62673, 18.0999 ], [ -94.62872, 18.09364 ], [ -94.66163, 18.08773 ], [ -94.66319, 18.09833 ], [ -94.67607, 18.08861 ], [ -94.67551, 18.09673 ], [ -94.71304, 18.10386 ], [ -94.71119, 18.11021 ], [ -94.72667, 18.11986 ], [ -94.74195, 18.11801 ], [ -94.76605, 18.13888 ], [ -94.75342, 18.15661 ], [ -94.75938, 18.17132 ], [ -94.7459, 18.17851 ], [ -94.74797, 18.19601 ], [ -94.73177, 18.19302 ], [ -94.71771, 18.20259 ], [ -94.72296, 18.21451 ], [ -94.70123, 18.22606 ], [ -94.72385, 18.23511 ], [ -94.73481, 18.25354 ], [ -94.73852, 18.27101 ], [ -94.73023, 18.28914 ], [ -94.74056, 18.30968 ], [ -94.71966, 18.31616 ], [ -94.71873, 18.33386 ], [ -94.71023, 18.32287 ], [ -94.68236, 18.34987 ], [ -94.66398, 18.33839 ] ] ] } },
{ "type": "Feature", "properties": { "CVEGEO": "30123", "NOM_ENT": "Veracruz de Ignacio de la Llave", "NOMGEO": "Pánuco", "POB1": 96185.0, "GRADO_MAR": "Bajo", "IM": 0.0, "IM_NORM": 0.0, "ANALF": 0.0, "SIN_EDUC": 0.0, "SIN_DREN": 0.52, "SIN_ELEC": 0.52, "SIN_AGUA": 8.61, "PISO_TIER": 4.57, "HACIN": 0.52, "LOC5000": 0.0, "ING2SM": 0.0, "POB_TOT": 0 }, "geometry": { "type": "Polygon", "coordinates": [ [ [ -98.19255, 22.46705 ], [ -98.19988, 22.44903 ], [ -98.18974, 22.44179 ], [ -98.18748, 22.42386 ], [ -98.11353, 22.3953 ], [ -98.10621, 22.36671 ], [ -98.08601, 22.37015 ], [ -98.07426, 22.34778 ], [ -98.02846, 22.35839 ], [ -97.99001, 22.35086 ], [ -97.9705, 22.32805 ], [ -97.98397, 22.30467 ], [ -97.99894, 22.31432 ], [ -98.00032, 22.29743 ], [ -97.99266, 22.29277 ], [ -97.9827, 22.30261 ], [ -97.9567, 22.29389 ], [ -97.93165, 22.27104 ], [ -97.93459, 22.25459 ], [ -97.91678, 22.25259 ], [ -97.91793, 22.23998 ], [ -97.89496, 22.22237 ], [ -97.9447, 22.2062 ], [ -97.99108, 22.21083 ], [ -98.01593, 22.18244 ], [ -97.99961, 22.15183 ], [ -98.03914, 22.12926 ], [ -98.04376, 22.14834 ], [ -98.06577, 22.14132 ], [ -98.06536, 22.13257 ], [ -98.04111, 22.12291 ], [ -98.04349, 22.10244 ], [ -98.08874, 22.11309 ], [ -98.0818, 22.0968 ], [ -98.03921, 22.08804 ], [ -98.02645, 22.06436 ], [ -98.00655, 22.06982 ], [ -98.01714, 22.05019 ], [ -98.0281, 22.05343 ], [ -98.02574, 22.02753 ], [ -98.04977, 22.0134 ], [ -98.06628, 22.02337 ], [ -98.08095, 22.00768 ], [ -98.07302, 21.99295 ], [ -98.11245, 21.97577 ], [ -98.09935, 21.97142 ], [ -98.1029, 21.96579 ], [ -98.09285, 21.95412 ], [ -98.12264, 21.93722 ], [ -98.12175, 21.91993 ], [ -98.09754, 21.89308 ], [ -98.10066, 21.88008 ], [ -98.0883, 21.87601 ], [ -98.0863, 21.85698 ], [ -98.09675, 21.85985 ], [ -98.09746, 21.85053 ], [ -98.12255, 21.84463 ], [ -98.12945, 21.83181 ], [ -98.12522, 21.81236 ], [ -98.11991, 21.81393 ], [ -98.12035, 21.79435 ], [ -98.12685, 21.78082 ], [ -98.1336, 21.78439 ], [ -98.14382, 21.77457 ], [ -98.14545, 21.75027 ], [ -98.13749, 21.74334 ], [ -98.15627, 21.73658 ], [ -98.14215, 21.73511 ], [ -98.13786, 21.7249 ], [ -98.14867, 21.72633 ], [ -98.15715, 21.70934 ], [ -98.19129, 21.71152 ], [ -98.19072, 21.71738 ], [ -98.20505, 21.72183 ], [ -98.2102, 21.71202 ], [ -98.22517, 21.71426 ], [ -98.2274, 21.70363 ], [ -98.31297, 21.68941 ], [ -98.30986, 21.70983 ], [ -98.32171, 21.70821 ], [ -98.30537, 21.82507 ], [ -98.39212, 21.81871 ], [ -98.39649, 21.83055 ], [ -98.41495, 21.83139 ], [ -98.40237, 21.83907 ], [ -98.40911, 21.87668 ], [ -98.43115, 21.89057 ], [ -98.44113, 21.87388 ], [ -98.45049, 21.87487 ], [ -98.47091, 21.85235 ], [ -98.48702, 21.85489 ], [ -98.48821, 21.83757 ], [ -98.51447, 21.82389 ], [ -98.52885, 21.86317 ], [ -98.54803, 21.8601 ], [ -98.5382, 21.9058 ], [ -98.51901, 21.89716 ], [ -98.51135, 21.91322 ], [ -98.54647, 21.92019 ], [ -98.5375, 21.93458 ], [ -98.50124, 21.92308 ], [ -98.50034, 21.93146 ], [ -98.51559, 21.95126 ], [ -98.53157, 21.94991 ], [ -98.55127, 21.93373 ], [ -98.56601, 21.93764 ], [ -98.57931, 21.96143 ], [ -98.57326, 21.96917 ], [ -98.55066, 21.96075 ], [ -98.52199, 21.97943 ], [ -98.4932, 21.96041 ], [ -98.4688, 21.9646 ], [ -98.48147, 21.99051 ], [ -98.47628, 21.99957 ], [ -98.47233, 21.98797 ], [ -98.45954, 21.99517 ], [ -98.44354, 22.03298 ], [ -98.44641, 22.04221 ], [ -98.43464, 22.05167 ], [ -98.43944, 22.07564 ], [ -98.41882, 22.09802 ], [ -98.43873, 22.11191 ], [ -98.43201, 22.12826 ], [ -98.33654, 22.18769 ], [ -98.33041, 22.20134 ], [ -98.35225, 22.2228 ], [ -98.34461, 22.22209 ], [ -98.32596, 22.24305 ], [ -98.37455, 22.23608 ], [ -98.36813, 22.25537 ], [ -98.40509, 22.25607 ], [ -98.40641, 22.26935 ], [ -98.39637, 22.27626 ], [ -98.40755, 22.28421 ], [ -98.43036, 22.2746 ], [ -98.42769, 22.28345 ], [ -98.44665, 22.30562 ], [ -98.46451, 22.30346 ], [ -98.4759, 22.28864 ], [ -98.50611, 22.31597 ], [ -98.52554, 22.31883 ], [ -98.53521, 22.33787 ], [ -98.57928, 22.34862 ], [ -98.57931, 22.37775 ], [ -98.68154, 22.37157 ], [ -98.67088, 22.40567 ], [ -98.63815, 22.41452 ], [ -98.62689, 22.40216 ], [ -98.61374, 22.40892 ], [ -98.57493, 22.39394 ], [ -98.56851, 22.40157 ], [ -98.52535, 22.40678 ], [ -98.50959, 22.41638 ], [ -98.50638, 22.42926 ], [ -98.49427, 22.42724 ], [ -98.49213, 22.41947 ], [ -98.49036, 22.42776 ], [ -98.4668, 22.4288 ], [ -98.46095, 22.41219 ], [ -98.43716, 22.43358 ], [ -98.43311, 22.41357 ], [ -98.41904, 22.41273 ], [ -98.40954, 22.39992 ], [ -98.39206, 22.42318 ], [ -98.38474, 22.42233 ], [ -98.3878, 22.38928 ], [ -98.37457, 22.38961 ], [ -98.35522, 22.40744 ], [ -98.35227, 22.3887 ], [ -98.32769, 22.39868 ], [ -98.31757, 22.39097 ], [ -98.3127, 22.41427 ], [ -98.32735, 22.42647 ], [ -98.31221, 22.44522 ], [ -98.31682, 22.46856 ], [ -98.301, 22.46122 ], [ -98.28736, 22.46702 ], [ -98.27293, 22.44729 ], [ -98.25663, 22.4534 ], [ -98.24792, 22.47165 ], [ -98.23236, 22.46133 ], [ -98.21984, 22.47175 ], [ -98.20882, 22.46476 ], [ -98.19255, 22.46705 ] ] ] } },
{ "type": "Feature", "properties": { "CVEGEO": "30124", "NOM_ENT": "Veracruz de Ignacio de la Llave", "NOMGEO": "Papantla", "POB1": 159910.0, "GRADO_MAR": "Alto", "IM": 0.0, "IM_NORM": 0.0, "ANALF": 0.0, "SIN_EDUC": 0.0, "SIN_DREN": 0.84, "SIN_ELEC": 0.84, "SIN_AGUA": 29.95, "PISO_TIER": 17.45, "HACIN": 0.84, "LOC5000": 0.0, "ING2SM": 0.0, "POB_TOT": 0 }, "geometry": { "type": "Polygon", "coordinates": [ [ [ -97.13155, 20.59983 ], [ -97.15562, 20.59841 ], [ -97.15901, 20.58555 ], [ -97.18773, 20.57236 ], [ -97.19238, 20.56335 ], [ -97.18327, 20.55231 ], [ -97.18886, 20.54355 ], [ -97.21284, 20.53687 ], [ -97.21555, 20.52742 ], [ -97.1819, 20.52281 ], [ -97.1749, 20.50533 ], [ -97.15133, 20.50696 ], [ -97.15306, 20.49555 ], [ -97.1456, 20.4965 ], [ -97.15953, 20.47989 ], [ -97.15839, 20.46514 ], [ -97.18171, 20.46032 ], [ -97.1763, 20.44658 ], [ -97.19004, 20.44943 ], [ -97.19051, 20.43474 ], [ -97.18314, 20.43401 ], [ -97.18646, 20.41471 ], [ -97.17486, 20.39841 ], [ -97.16313, 20.39739 ], [ -97.16441, 20.38856 ], [ -97.1417, 20.37631 ], [ -97.14642, 20.35908 ], [ -97.14088, 20.34485 ], [ -97.15553, 20.32911 ], [ -97.16204, 20.3317 ], [ -97.15463, 20.31776 ], [ -97.13563, 20.31124 ], [ -97.13453, 20.29868 ], [ -97.10949, 20.30141 ], [ -97.10134, 20.26344 ], [ -97.10481, 20.25496 ], [ -97.12762, 20.24621 ], [ -97.12244, 20.23916 ], [ -97.13237, 20.2186 ], [ -97.1227, 20.212 ], [ -97.13946, 20.19536 ], [ -97.14688, 20.16228 ], [ -97.161, 20.16071 ], [ -97.16441, 20.15183 ], [ -97.24239, 20.17447 ], [ -97.24403, 20.18228 ], [ -97.26192, 20.17755 ], [ -97.27054, 20.18752 ], [ -97.28318, 20.18111 ], [ -97.28527, 20.19073 ], [ -97.37165, 20.21911 ], [ -97.37779, 20.22309 ], [ -97.38002, 20.25839 ], [ -97.40122, 20.28212 ], [ -97.40739, 20.27863 ], [ -97.40918, 20.29945 ], [ -97.39923, 20.30425 ], [ -97.45524, 20.33247 ], [ -97.47031, 20.32752 ], [ -97.51587, 20.33947 ], [ -97.51025, 20.35309 ], [ -97.51922, 20.36342 ], [ -97.51582, 20.37651 ], [ -97.50126, 20.37671 ], [ -97.47264, 20.35459 ], [ -97.4685, 20.36829 ], [ -97.47467, 20.383 ], [ -97.46148, 20.40393 ], [ -97.48026, 20.41057 ], [ -97.4572, 20.41425 ], [ -97.44244, 20.42798 ], [ -97.45193, 20.43046 ], [ -97.44774, 20.45649 ], [ -97.41788, 20.46103 ], [ -97.3935, 20.48015 ], [ -97.40403, 20.48767 ], [ -97.39988, 20.50432 ], [ -97.41338, 20.56705 ], [ -97.4409, 20.59533 ], [ -97.40999, 20.61424 ], [ -97.41347, 20.62505 ], [ -97.40196, 20.62281 ], [ -97.39411, 20.64312 ], [ -97.3796, 20.65484 ], [ -97.35101, 20.64921 ], [ -97.30654, 20.66234 ], [ -97.2894, 20.64572 ], [ -97.30512, 20.63396 ], [ -97.29231, 20.62669 ], [ -97.29367, 20.61713 ], [ -97.28382, 20.61574 ], [ -97.27953, 20.63148 ], [ -97.26355, 20.64425 ], [ -97.26413, 20.65428 ], [ -97.23086, 20.66027 ], [ -97.21234, 20.65374 ], [ -97.19917, 20.66512 ], [ -97.20061, 20.67315 ], [ -97.18224, 20.67148 ], [ -97.13155, 20.59983 ] ] ] } },
{ "type": "Feature", "properties": { "CVEGEO": "30125", "NOM_ENT": "Veracruz de Ignacio de la Llave", "NOMGEO": "Paso del Macho", "POB1": 31894.0, "GRADO_MAR": "Medio", "IM": 0.0, "IM_NORM": 0.0, "ANALF": 0.0, "SIN_EDUC": 0.0, "SIN_DREN": 5.87, "SIN_ELEC": 5.87, "SIN_AGUA": 10.56, "PISO_TIER": 1.3, "HACIN": 5.87, "LOC5000": 0.0, "ING2SM": 0.0, "POB_TOT": 0 }, "geometry": { "type": "Polygon", "coordinates": [ [ [ -96.64605, 19.03723 ], [ -96.6644, 19.03334 ], [ -96.66777, 19.01994 ], [ -96.61128, 19.0166 ], [ -96.61038, 18.9876 ], [ -96.61678, 18.97814 ], [ -96.63225, 18.97655 ], [ -96.60405, 18.96973 ], [ -96.61679, 18.95774 ], [ -96.61333, 18.95034 ], [ -96.60367, 18.96177 ], [ -96.59304, 18.9547 ], [ -96.53681, 18.95991 ], [ -96.492, 18.93403 ], [ -96.46661, 18.93953 ], [ -96.46772, 18.92997 ], [ -96.49996, 18.92863 ], [ -96.4954, 18.91553 ], [ -96.52028, 18.91919 ], [ -96.51628, 18.91248 ], [ -96.49398, 18.9112 ], [ -96.49735, 18.90136 ], [ -96.53888, 18.90672 ], [ -96.5127, 18.87686 ], [ -96.51834, 18.86879 ], [ -96.53153, 18.86572 ], [ -96.56856, 18.88926 ], [ -96.56801, 18.87944 ], [ -96.58511, 18.87436 ], [ -96.60058, 18.88844 ], [ -96.61737, 18.88744 ], [ -96.64464, 18.87387 ], [ -96.63539, 18.8643 ], [ -96.64278, 18.8586 ], [ -96.64004, 18.84738 ], [ -96.66063, 18.85655 ], [ -96.66866, 18.84746 ], [ -96.69017, 18.85366 ], [ -96.71166, 18.84847 ], [ -96.73309, 18.86777 ], [ -96.73382, 18.88045 ], [ -96.75204, 18.90029 ], [ -96.79492, 18.99609 ], [ -96.81451, 18.99919 ], [ -96.80339, 19.02765 ], [ -96.70773, 19.02118 ], [ -96.67484, 19.04783 ], [ -96.6635, 19.0411 ], [ -96.64299, 19.04794 ], [ -96.64605, 19.03723 ] ] ] } },
{ "type": "Feature", "properties": { "CVEGEO": "30126", "NOM_ENT": "Veracruz de Ignacio de la Llave", "NOMGEO": "Paso de Ovejas", "POB1": 33442.0, "GRADO_MAR": "Bajo", "IM": 0.0, "IM_NORM": 0.0, "ANALF": 0.0, "SIN_EDUC": 0.0, "SIN_DREN": 2.64, "SIN_ELEC": 2.64, "SIN_AGUA": 0.93, "PISO_TIER": 2.28, "HACIN": 2.64, "LOC5000": 0.0, "ING2SM": 0.0, "POB_TOT": 0 }, "geometry": { "type": "Polygon", "coordinates": [ [ [ -96.35981, 19.34269 ], [ -96.34943, 19.34124 ], [ -96.35453, 19.33258 ], [ -96.34573, 19.31462 ], [ -96.32204, 19.29556 ], [ -96.34004, 19.24885 ], [ -96.33952, 19.23106 ], [ -96.32696, 19.21779 ], [ -96.33231, 19.19878 ], [ -96.35955, 19.18885 ], [ -96.37011, 19.1975 ], [ -96.41103, 19.18191 ], [ -96.42092, 19.18938 ], [ -96.4548, 19.18706 ], [ -96.47598, 19.17676 ], [ -96.48319, 19.18128 ], [ -96.49783, 19.1684 ], [ -96.50027, 19.15068 ], [ -96.50804, 19.15695 ], [ -96.51748, 19.14964 ], [ -96.51301, 19.15666 ], [ -96.5297, 19.15611 ], [ -96.53435, 19.16362 ], [ -96.54423, 19.15555 ], [ -96.56812, 19.17256 ], [ -96.58912, 19.17281 ], [ -96.62161, 19.19994 ], [ -96.62391, 19.20553 ], [ -96.6066, 19.2143 ], [ -96.59524, 19.23166 ], [ -96.54262, 19.24993 ], [ -96.51476, 19.27787 ], [ -96.49383, 19.28563 ], [ -96.49366, 19.29514 ], [ -96.46969, 19.30538 ], [ -96.4677, 19.31612 ], [ -96.42526, 19.33507 ], [ -96.42153, 19.35214 ], [ -96.41386, 19.34996 ], [ -96.40745, 19.35884 ], [ -96.39311, 19.34777 ], [ -96.39265, 19.36256 ], [ -96.37596, 19.3646 ], [ -96.35981, 19.34269 ] ] ] } },
{ "type": "Feature", "properties": { "CVEGEO": "30127", "NOM_ENT": "Veracruz de Ignacio de la Llave", "NOMGEO": "La Perla", "POB1": 28258.0, "GRADO_MAR": "Alto", "IM": 0.0, "IM_NORM": 0.0, "ANALF": 0.0, "SIN_EDUC": 0.0, "SIN_DREN": 1.59, "SIN_ELEC": 1.59, "SIN_AGUA": 1.84, "PISO_TIER": 16.91, "HACIN": 1.59, "LOC5000": 0.0, "ING2SM": 0.0, "POB_TOT": 0 }, "geometry": { "type": "Polygon", "coordinates": [ [ [ -97.19559, 19.04134 ], [ -97.16322, 19.01133 ], [ -97.10383, 18.98986 ], [ -97.12769, 18.97084 ], [ -97.12125, 18.94899 ], [ -97.09425, 18.93698 ], [ -97.08713, 18.9195 ], [ -97.10651, 18.91083 ], [ -97.11463, 18.93018 ], [ -97.12627, 18.91926 ], [ -97.135, 18.92134 ], [ -97.13997, 18.93838 ], [ -97.1605, 18.95553 ], [ -97.20175, 18.96688 ], [ -97.21452, 18.96355 ], [ -97.23109, 18.9808 ], [ -97.23478, 18.96327 ], [ -97.24268, 18.96646 ], [ -97.24123, 18.94956 ], [ -97.25517, 18.94405 ], [ -97.25825, 18.97771 ], [ -97.28512, 18.99943 ], [ -97.27722, 19.01495 ], [ -97.24425, 19.04367 ], [ -97.19433, 19.05391 ], [ -97.19559, 19.04134 ] ] ] } },
{ "type": "Feature", "properties": { "CVEGEO": "30128", "NOM_ENT": "Veracruz de Ignacio de la Llave", "NOMGEO": "Perote", "POB1": 77432.0, "GRADO_MAR": "Bajo", "IM": 0.0, "IM_NORM": 0.0, "ANALF": 0.0, "SIN_EDUC": 0.0, "SIN_DREN": 0.41, "SIN_ELEC": 0.41, "SIN_AGUA": 0.92, "PISO_TIER": 2.37, "HACIN": 0.41, "LOC5000": 0.0, "ING2SM": 0.0, "POB_TOT": 0 }, "geometry": { "type": "Polygon", "coordinates": [ [ [ -97.2185, 19.63371 ], [ -97.20434, 19.61419 ], [ -97.17026, 19.63222 ], [ -97.1688, 19.6161 ], [ -97.14703, 19.59852 ], [ -97.14046, 19.59534 ], [ -97.1394, 19.6031 ], [ -97.13491, 19.59099 ], [ -97.12329, 19.60125 ], [ -97.12835, 19.57746 ], [ -97.09978, 19.54714 ], [ -97.10383, 19.52485 ], [ -97.13033, 19.51551 ], [ -97.14981, 19.48795 ], [ -97.25174, 19.46862 ], [ -97.25926, 19.47344 ], [ -97.27218, 19.45857 ], [ -97.27455, 19.45266 ], [ -97.25794, 19.44238 ], [ -97.22331, 19.38249 ], [ -97.33774, 19.39253 ], [ -97.36045, 19.37603 ], [ -97.37169, 19.40306 ], [ -97.3941, 19.40729 ], [ -97.39735, 19.41906 ], [ -97.38154, 19.43236 ], [ -97.35727, 19.43237 ], [ -97.34689, 19.451 ], [ -97.34825, 19.48462 ], [ -97.35572, 19.49291 ], [ -97.40455, 19.49586 ], [ -97.40958, 19.53733 ], [ -97.42664, 19.54167 ], [ -97.43427, 19.58885 ], [ -97.42804, 19.61589 ], [ -97.41642, 19.62796 ], [ -97.40274, 19.61534 ], [ -97.38279, 19.63533 ], [ -97.36458, 19.62011 ], [ -97.35858, 19.6278 ], [ -97.35121, 19.61076 ], [ -97.31079, 19.63313 ], [ -97.30519, 19.62367 ], [ -97.30955, 19.60959 ], [ -97.28511, 19.61661 ], [ -97.25753, 19.64571 ], [ -97.2185, 19.63371 ] ] ] } },
{ "type": "Feature", "properties": { "CVEGEO": "30129", "NOM_ENT": "Veracruz de Ignacio de la Llave", "NOMGEO": "Platón Sánchez", "POB1": 18053.0, "GRADO_MAR": "Alto", "IM": 0.0, "IM_NORM": 0.0, "ANALF": 0.0, "SIN_EDUC": 0.0, "SIN_DREN": 1.73, "SIN_ELEC": 1.73, "SIN_AGUA": 9.49, "PISO_TIER": 12.61, "HACIN": 1.73, "LOC5000": 0.0, "ING2SM": 0.0, "POB_TOT": 0 }, "geometry": { "type": "Polygon", "coordinates": [ [ [ -98.37635, 21.40935 ], [ -98.39837, 21.38118 ], [ -98.36291, 21.35509 ], [ -98.3685, 21.35092 ], [ -98.36475, 21.33508 ], [ -98.37568, 21.32588 ], [ -98.37135, 21.31378 ], [ -98.3898, 21.31012 ], [ -98.36512, 21.29886 ], [ -98.37333, 21.29179 ], [ -98.38134, 21.30061 ], [ -98.38012, 21.28541 ], [ -98.36395, 21.28259 ], [ -98.36307, 21.29281 ], [ -98.34862, 21.30059 ], [ -98.33722, 21.29691 ], [ -98.33893, 21.2848 ], [ -98.30417, 21.28859 ], [ -98.30233, 21.28007 ], [ -98.28766, 21.29344 ], [ -98.28772, 21.28218 ], [ -98.27722, 21.28873 ], [ -98.27545, 21.27694 ], [ -98.25608, 21.27406 ], [ -98.26258, 21.26233 ], [ -98.27007, 21.26779 ], [ -98.26635, 21.25834 ], [ -98.2506, 21.26139 ], [ -98.26172, 21.2511 ], [ -98.25261, 21.25015 ], [ -98.24998, 21.23849 ], [ -98.29341, 21.20262 ], [ -98.2979, 21.1774 ], [ -98.30838, 21.18053 ], [ -98.32014, 21.20021 ], [ -98.33568, 21.20119 ], [ -98.33641, 21.21549 ], [ -98.36812, 21.23224 ], [ -98.36738, 21.2411 ], [ -98.37431, 21.24547 ], [ -98.38085, 21.23382 ], [ -98.381, 21.25272 ], [ -98.39906, 21.26737 ], [ -98.43358, 21.25664 ], [ -98.44416, 21.28481 ], [ -98.46187, 21.28705 ], [ -98.45835, 21.30372 ], [ -98.47792, 21.32107 ], [ -98.48958, 21.32058 ], [ -98.48728, 21.33155 ], [ -98.49741, 21.32675 ], [ -98.48517, 21.35015 ], [ -98.47787, 21.34376 ], [ -98.46483, 21.34776 ], [ -98.46813, 21.37732 ], [ -98.44778, 21.3856 ], [ -98.45903, 21.38879 ], [ -98.45446, 21.39931 ], [ -98.44233, 21.4017 ], [ -98.44609, 21.39726 ], [ -98.4354, 21.39732 ], [ -98.43672, 21.39108 ], [ -98.41284, 21.38349 ], [ -98.40654, 21.38878 ], [ -98.41183, 21.39338 ], [ -98.402, 21.39583 ], [ -98.40926, 21.40149 ], [ -98.40221, 21.40718 ], [ -98.39412, 21.40201 ], [ -98.39667, 21.41298 ], [ -98.37635, 21.40935 ] ] ] } },
{ "type": "Feature", "properties": { "CVEGEO": "30130", "NOM_ENT": "Veracruz de Ignacio de la Llave", "NOMGEO": "Playa Vicente", "POB1": 39327.0, "GRADO_MAR": "Medio", "IM": 0.0, "IM_NORM": 0.0, "ANALF": 0.0, "SIN_EDUC": 0.0, "SIN_DREN": 2.17, "SIN_ELEC": 2.17, "SIN_AGUA": 11.18, "PISO_TIER": 4.8, "HACIN": 2.17, "LOC5000": 0.0, "ING2SM": 0.0, "POB_TOT": 0 }, "geometry": { "type": "Polygon", "coordinates": [ [ [ -95.79551, 17.92735 ], [ -95.78967, 17.93606 ], [ -95.77363, 17.92438 ], [ -95.75968, 17.92902 ], [ -95.72774, 17.92082 ], [ -95.729, 17.91573 ], [ -95.71524, 17.91778 ], [ -95.70091, 17.90886 ], [ -95.69678, 17.88146 ], [ -95.65713, 17.89216 ], [ -95.65193, 17.9097 ], [ -95.63172, 17.8915 ], [ -95.56273, 17.88331 ], [ -95.56577, 17.9022 ], [ -95.53144, 17.90578 ], [ -95.51319, 17.87706 ], [ -95.49025, 17.87372 ], [ -95.4776, 17.8589 ], [ -95.48037, 17.84429 ], [ -95.49561, 17.84425 ], [ -95.49699, 17.832 ], [ -95.48109, 17.83534 ], [ -95.46873, 17.82172 ], [ -95.47521, 17.80144 ], [ -95.46857, 17.77361 ], [ -95.43867, 17.76732 ], [ -95.42382, 17.73144 ], [ -95.42857, 17.72545 ], [ -95.41031, 17.71549 ], [ -95.41912, 17.70978 ], [ -95.41447, 17.6969 ], [ -95.38511, 17.69176 ], [ -95.38241, 17.68392 ], [ -95.34995, 17.67359 ], [ -95.3868, 17.66385 ], [ -95.40716, 17.64333 ], [ -95.41303, 17.65186 ], [ -95.41849, 17.64404 ], [ -95.42548, 17.64747 ], [ -95.42682, 17.63657 ], [ -95.4461, 17.62176 ], [ -95.45607, 17.62309 ], [ -95.45445, 17.6111 ], [ -95.47313, 17.60911 ], [ -95.46268, 17.59689 ], [ -95.47744, 17.58803 ], [ -95.48417, 17.6019 ], [ -95.50631, 17.59077 ], [ -95.50367, 17.58377 ], [ -95.51401, 17.58545 ], [ -95.52126, 17.57704 ], [ -95.5174, 17.56962 ], [ -95.52479, 17.57602 ], [ -95.55089, 17.5656 ], [ -95.56667, 17.59742 ], [ -95.51119, 17.62833 ], [ -95.52004, 17.64436 ], [ -95.52689, 17.64591 ], [ -95.52687, 17.63455 ], [ -95.53367, 17.6327 ], [ -95.54811, 17.63452 ], [ -95.55124, 17.65258 ], [ -95.57982, 17.65004 ], [ -95.59181, 17.63596 ], [ -95.59673, 17.65996 ], [ -95.58927, 17.66073 ], [ -95.6, 17.66859 ], [ -95.6023, 17.68564 ], [ -95.62641, 17.68384 ], [ -95.62341, 17.69645 ], [ -95.63684, 17.6891 ], [ -95.65125, 17.69489 ], [ -95.66066, 17.73207 ], [ -95.67463, 17.72752 ], [ -95.68655, 17.75063 ], [ -95.72015, 17.72109 ], [ -95.74904, 17.72265 ], [ -95.75214, 17.69694 ], [ -95.76657, 17.68696 ], [ -95.77336, 17.62382 ], [ -95.78249, 17.62577 ], [ -95.78149, 17.63903 ], [ -95.80058, 17.62762 ], [ -95.808, 17.6468 ], [ -95.83063, 17.65262 ], [ -95.84403, 17.67312 ], [ -95.8675, 17.68484 ], [ -95.87101, 17.70217 ], [ -95.89529, 17.70449 ], [ -95.89401, 17.71232 ], [ -95.87339, 17.71713 ], [ -95.8728, 17.72741 ], [ -95.89263, 17.72071 ], [ -95.90286, 17.7341 ], [ -95.89292, 17.76514 ], [ -95.86638, 17.77435 ], [ -95.86895, 17.79662 ], [ -95.85578, 17.80555 ], [ -95.84933, 17.82585 ], [ -95.85881, 17.84478 ], [ -95.8502, 17.84453 ], [ -95.80001, 17.94982 ], [ -95.79551, 17.92735 ] ] ] } },
{ "type": "Feature", "properties": { "CVEGEO": "30131", "NOM_ENT": "Veracruz de Ignacio de la Llave", "NOMGEO": "Poza Rica de Hidalgo", "POB1": 189457.0, "GRADO_MAR": "Muy bajo", "IM": 0.0, "IM_NORM": 0.0, "ANALF": 0.0, "SIN_EDUC": 0.0, "SIN_DREN": 0.28, "SIN_ELEC": 0.28, "SIN_AGUA": 6.89, "PISO_TIER": 4.48, "HACIN": 0.28, "LOC5000": 0.0, "ING2SM": 0.0, "POB_TOT": 0 }, "geometry": { "type": "Polygon", "coordinates": [ [ [ -97.43026, 20.58947 ], [ -97.41338, 20.56705 ], [ -97.39988, 20.50432 ], [ -97.40403, 20.48767 ], [ -97.45498, 20.49159 ], [ -97.47433, 20.50578 ], [ -97.48767, 20.50566 ], [ -97.4782, 20.5257 ], [ -97.48218, 20.53789 ], [ -97.45477, 20.55322 ], [ -97.44094, 20.5763 ], [ -97.44956, 20.58311 ], [ -97.43026, 20.58947 ] ] ] } },
{ "type": "Feature", "properties": { "CVEGEO": "30107", "NOM_ENT": "Veracruz de Ignacio de la Llave", "NOMGEO": "Las Minas", "POB1": 2934.0, "GRADO_MAR": "Alto", "IM": 0.0, "IM_NORM": 0.0, "ANALF": 0.0, "SIN_EDUC": 0.0, "SIN_DREN": 2.18, "SIN_ELEC": 2.18, "SIN_AGUA": 0.85, "PISO_TIER": 6.31, "HACIN": 2.18, "LOC5000": 0.0, "ING2SM": 0.0, "POB_TOT": 0 }, "geometry": { "type": "Polygon", "coordinates": [ [ [ -97.1028, 19.72612 ], [ -97.14243, 19.69687 ], [ -97.13333, 19.68872 ], [ -97.14749, 19.68665 ], [ -97.14023, 19.67113 ], [ -97.15096, 19.64633 ], [ -97.19924, 19.68327 ], [ -97.18557, 19.68837 ], [ -97.16755, 19.72421 ], [ -97.14436, 19.73894 ], [ -97.13314, 19.75951 ], [ -97.1028, 19.72612 ] ] ] } },
{ "type": "Feature", "properties": { "CVEGEO": "30108", "NOM_ENT": "Veracruz de Ignacio de la Llave", "NOMGEO": "Minatitlán", "POB1": 144776.0, "GRADO_MAR": "Muy bajo", "IM": 0.0, "IM_NORM": 0.0, "ANALF": 0.0, "SIN_EDUC": 0.0, "SIN_DREN": 1.1, "SIN_ELEC": 1.1, "SIN_AGUA": 10.63, "PISO_TIER": 5.65, "HACIN": 1.1, "LOC5000": 0.0, "ING2SM": 0.0, "POB_TOT": 0 }, "geometry": { "type": "Polygon", "coordinates": [ [ [ -94.55101, 18.07075 ], [ -94.516, 18.06873 ], [ -94.50378, 18.05143 ], [ -94.4958, 18.05404 ], [ -94.50293, 18.04151 ], [ -94.49936, 18.02395 ], [ -94.48614, 18.02016 ], [ -94.46009, 18.02847 ], [ -94.44276, 17.99956 ], [ -94.42963, 17.99645 ], [ -94.4278, 17.98072 ], [ -94.44982, 17.95125 ], [ -94.43706, 17.91048 ], [ -94.41269, 17.9125 ], [ -94.39625, 17.90523 ], [ -94.38286, 17.91324 ], [ -94.37173, 17.8979 ], [ -94.3536, 17.91359 ], [ -94.3399, 17.90448 ], [ -94.30204, 17.91087 ], [ -94.28702, 17.89429 ], [ -94.26723, 17.88781 ], [ -94.2675, 17.87099 ], [ -94.28501, 17.85528 ], [ -94.29513, 17.8622 ], [ -94.28496, 17.86817 ], [ -94.30113, 17.86557 ], [ -94.29453, 17.85124 ], [ -94.31235, 17.85007 ], [ -94.31074, 17.83752 ], [ -94.26344, 17.84984 ], [ -94.25469, 17.832 ], [ -94.25168, 17.84397 ], [ -94.241, 17.84092 ], [ -94.21566, 17.85789 ], [ -94.19963, 17.85143 ], [ -94.22207, 17.79882 ], [ -94.22066, 17.78779 ], [ -94.20925, 17.79882 ], [ -94.19818, 17.78848 ], [ -94.22546, 17.76164 ], [ -94.2175, 17.7451 ], [ -94.22676, 17.73385 ], [ -94.20895, 17.73238 ], [ -94.18152, 17.71105 ], [ -94.19146, 17.69544 ], [ -94.17872, 17.67559 ], [ -94.19588, 17.66666 ], [ -94.20089, 17.65526 ], [ -94.18351, 17.65142 ], [ -94.1697, 17.65946 ], [ -94.16681, 17.6457 ], [ -94.14497, 17.63543 ], [ -94.16083, 17.62419 ], [ -94.16852, 17.60028 ], [ -94.15059, 17.60677 ], [ -94.12268, 17.59069 ], [ -94.14361, 17.5748 ], [ -94.15198, 17.58185 ], [ -94.16574, 17.57314 ], [ -94.17525, 17.58376 ], [ -94.19056, 17.56486 ], [ -94.19691, 17.58617 ], [ -94.20751, 17.57754 ], [ -94.21886, 17.58211 ], [ -94.22541, 17.55623 ], [ -94.20503, 17.55354 ], [ -94.19821, 17.54435 ], [ -94.20769, 17.54065 ], [ -94.22218, 17.54815 ], [ -94.23981, 17.53921 ], [ -94.22768, 17.52153 ], [ -94.23216, 17.5085 ], [ -94.21126, 17.50806 ], [ -94.20414, 17.51762 ], [ -94.19696, 17.50519 ], [ -94.20759, 17.49903 ], [ -94.20635, 17.48836 ], [ -94.21717, 17.49836 ], [ -94.22809, 17.49094 ], [ -94.23129, 17.47036 ], [ -94.20282, 17.41397 ], [ -94.18542, 17.41102 ], [ -94.18494, 17.3919 ], [ -94.21171, 17.37024 ], [ -94.21651, 17.35738 ], [ -94.20784, 17.32518 ], [ -94.21225, 17.3181 ], [ -94.25566, 17.40119 ], [ -94.36155, 17.40141 ], [ -94.37336, 17.42961 ], [ -94.3508, 17.43647 ], [ -94.35649, 17.45131 ], [ -94.43406, 17.42648 ], [ -94.42911, 17.4342 ], [ -94.43764, 17.44833 ], [ -94.43136, 17.45511 ], [ -94.43467, 17.46719 ], [ -94.44348, 17.46804 ], [ -94.44306, 17.48062 ], [ -94.45865, 17.4816 ], [ -94.45661, 17.4918 ], [ -94.46551, 17.48775 ], [ -94.46954, 17.52246 ], [ -94.4782, 17.52326 ], [ -94.46776, 17.53598 ], [ -94.47803, 17.55045 ], [ -94.43562, 17.59123 ], [ -94.44348, 17.60223 ], [ -94.43608, 17.602 ], [ -94.44321, 17.61134 ], [ -94.43979, 17.62246 ], [ -94.46082, 17.62659 ], [ -94.46596, 17.64001 ], [ -94.47416, 17.63755 ], [ -94.46786, 17.64393 ], [ -94.48287, 17.64161 ], [ -94.487, 17.65336 ], [ -94.50295, 17.63853 ], [ -94.49928, 17.64424 ], [ -94.50692, 17.64253 ], [ -94.50185, 17.64635 ], [ -94.51067, 17.65376 ], [ -94.51718, 17.64112 ], [ -94.53538, 17.65337 ], [ -94.55346, 17.64189 ], [ -94.55629, 17.65539 ], [ -94.57751, 17.64739 ], [ -94.59039, 17.71114 ], [ -94.57954, 17.71695 ], [ -94.59191, 17.73137 ], [ -94.60233, 17.72733 ], [ -94.59889, 17.74278 ], [ -94.60885, 17.75427 ], [ -94.59734, 17.78228 ], [ -94.56376, 17.81043 ], [ -94.57774, 17.81625 ], [ -94.60975, 17.80907 ], [ -94.59994, 17.82248 ], [ -94.61591, 17.81499 ], [ -94.61398, 17.83145 ], [ -94.63372, 17.84396 ], [ -94.6224, 17.84805 ], [ -94.63934, 17.85168 ], [ -94.64482, 17.86296 ], [ -94.65776, 17.86081 ], [ -94.61977, 17.88532 ], [ -94.62224, 17.90196 ], [ -94.58573, 17.89815 ], [ -94.57648, 17.91386 ], [ -94.5812, 17.92063 ], [ -94.56917, 17.92936 ], [ -94.56431, 17.96094 ], [ -94.59731, 17.98288 ], [ -94.58527, 17.97832 ], [ -94.57682, 17.98642 ], [ -94.58709, 17.98936 ], [ -94.58467, 18.00754 ], [ -94.54593, 18.00606 ], [ -94.54839, 18.0119 ], [ -94.53276, 18.02841 ], [ -94.55563, 18.02406 ], [ -94.56493, 18.01311 ], [ -94.57919, 18.02678 ], [ -94.57002, 18.03817 ], [ -94.57979, 18.08188 ], [ -94.56959, 18.09415 ], [ -94.55101, 18.07075 ] ] ] } },
{ "type": "Feature", "properties": { "CVEGEO": "30116", "NOM_ENT": "Veracruz de Ignacio de la Llave", "NOMGEO": "Oluta", "POB1": 17027.0, "GRADO_MAR": "Bajo", "IM": 0.0, "IM_NORM": 0.0, "ANALF": 0.0, "SIN_EDUC": 0.0, "SIN_DREN": 1.04, "SIN_ELEC": 1.04, "SIN_AGUA": 16.02, "PISO_TIER": 3.38, "HACIN": 1.04, "LOC5000": 0.0, "ING2SM": 0.0, "POB_TOT": 0 }, "geometry": { "type": "Polygon", "coordinates": [ [ [ -94.84679, 17.93533 ], [ -94.84954, 17.91244 ], [ -94.86679, 17.90125 ], [ -94.85289, 17.87761 ], [ -94.86818, 17.86339 ], [ -94.89409, 17.85823 ], [ -94.88956, 17.84441 ], [ -94.89084, 17.84075 ], [ -94.89395, 17.83681 ], [ -94.90002, 17.85182 ], [ -94.91145, 17.85118 ], [ -94.91071, 17.86022 ], [ -94.93273, 17.87394 ], [ -94.92919, 17.8905 ], [ -94.94956, 17.89645 ], [ -94.94482, 17.90298 ], [ -94.92, 17.90225 ], [ -94.91701, 17.9113 ], [ -94.93923, 17.90997 ], [ -94.91948, 17.93498 ], [ -94.89282, 17.95225 ], [ -94.85654, 17.95517 ], [ -94.85988, 17.94728 ], [ -94.84679, 17.93533 ] ] ] } },
{ "type": "Feature", "properties": { "CVEGEO": "30132", "NOM_ENT": "Veracruz de Ignacio de la Llave", "NOMGEO": "Las Vigas de Ramírez", "POB1": 20300.0, "GRADO_MAR": "Medio", "IM": 0.0, "IM_NORM": 0.0, "ANALF": 0.0, "SIN_EDUC": 0.0, "SIN_DREN": 2.09, "SIN_ELEC": 2.09, "SIN_AGUA": 9.97, "PISO_TIER": 2.71, "HACIN": 2.09, "LOC5000": 0.0, "ING2SM": 0.0, "POB_TOT": 0 }, "geometry": { "type": "Polygon", "coordinates": [ [ [ -97.04999, 19.66934 ], [ -97.06414, 19.65627 ], [ -97.04524, 19.66219 ], [ -97.0222, 19.65651 ], [ -97.02946, 19.6476 ], [ -97.0225, 19.63809 ], [ -97.03445, 19.64167 ], [ -97.03361, 19.63527 ], [ -97.04324, 19.63445 ], [ -97.03319, 19.63156 ], [ -97.04101, 19.61517 ], [ -97.09071, 19.58615 ], [ -97.08647, 19.56666 ], [ -97.0951, 19.568 ], [ -97.09121, 19.55175 ], [ -97.09887, 19.54733 ], [ -97.12777, 19.57546 ], [ -97.12311, 19.60108 ], [ -97.13491, 19.59099 ], [ -97.13785, 19.60212 ], [ -97.14103, 19.59502 ], [ -97.1688, 19.6161 ], [ -97.15173, 19.62203 ], [ -97.15096, 19.64633 ], [ -97.11578, 19.65123 ], [ -97.11861, 19.66689 ], [ -97.09669, 19.65333 ], [ -97.07479, 19.67497 ], [ -97.07613, 19.68546 ], [ -97.04999, 19.66934 ] ] ] } },
{ "type": "Feature", "properties": { "CVEGEO": "30133", "NOM_ENT": "Veracruz de Ignacio de la Llave", "NOMGEO": "Pueblo Viejo", "POB1": 57909.0, "GRADO_MAR": "Bajo", "IM": 0.0, "IM_NORM": 0.0, "ANALF": 0.0, "SIN_EDUC": 0.0, "SIN_DREN": 0.66, "SIN_ELEC": 0.66, "SIN_AGUA": 14.15, "PISO_TIER": 4.59, "HACIN": 0.66, "LOC5000": 0.0, "ING2SM": 0.0, "POB_TOT": 0 }, "geometry": { "type": "Polygon", "coordinates": [ [ [ -97.79041, 22.25989 ], [ -97.7937, 22.2497 ], [ -97.78523, 22.16627 ], [ -97.80732, 22.15333 ], [ -97.83697, 22.15224 ], [ -97.84601, 22.14266 ], [ -97.86002, 22.148 ], [ -97.88175, 22.1373 ], [ -97.89723, 22.1197 ], [ -97.89464, 22.09383 ], [ -97.88722, 22.08859 ], [ -97.9061, 22.09346 ], [ -97.92339, 22.0774 ], [ -97.92012, 22.07129 ], [ -97.95291, 22.07725 ], [ -97.93466, 22.10655 ], [ -97.9408, 22.12213 ], [ -97.97324, 22.12393 ], [ -97.98332, 22.10126 ], [ -97.97811, 22.07952 ], [ -98.02385, 22.06367 ], [ -98.03921, 22.08804 ], [ -98.07387, 22.09368 ], [ -98.08923, 22.10484 ], [ -98.08647, 22.115 ], [ -98.04349, 22.10244 ], [ -98.04111, 22.12291 ], [ -98.06536, 22.13257 ], [ -98.06577, 22.14132 ], [ -98.04376, 22.14834 ], [ -98.03914, 22.12926 ], [ -97.99961, 22.15183 ], [ -98.01593, 22.18244 ], [ -97.99108, 22.21083 ], [ -97.9447, 22.2062 ], [ -97.89496, 22.22237 ], [ -97.84488, 22.20696 ], [ -97.82481, 22.24414 ], [ -97.79241, 22.26035 ], [ -97.77467, 22.26353 ], [ -97.79041, 22.25989 ] ] ] } },
{ "type": "Feature", "properties": { "CVEGEO": "30134", "NOM_ENT": "Veracruz de Ignacio de la Llave", "NOMGEO": "Puente Nacional", "POB1": 23544.0, "GRADO_MAR": "Bajo", "IM": 0.0, "IM_NORM": 0.0, "ANALF": 0.0, "SIN_EDUC": 0.0, "SIN_DREN": 2.87, "SIN_ELEC": 2.87, "SIN_AGUA": 1.93, "PISO_TIER": 2.61, "HACIN": 2.87, "LOC5000": 0.0, "ING2SM": 0.0, "POB_TOT": 0 }, "geometry": { "type": "Polygon", "coordinates": [ [ [ -96.46417, 19.39636 ], [ -96.43435, 19.39704 ], [ -96.41338, 19.41202 ], [ -96.40023, 19.40113 ], [ -96.37709, 19.40071 ], [ -96.37225, 19.38144 ], [ -96.38479, 19.36058 ], [ -96.39265, 19.36256 ], [ -96.39016, 19.34928 ], [ -96.40745, 19.35884 ], [ -96.41386, 19.34996 ], [ -96.42153, 19.35214 ], [ -96.42526, 19.33507 ], [ -96.4677, 19.31612 ], [ -96.46969, 19.30538 ], [ -96.49366, 19.29514 ], [ -96.49383, 19.28563 ], [ -96.51476, 19.27787 ], [ -96.54262, 19.24993 ], [ -96.59524, 19.23166 ], [ -96.6066, 19.2143 ], [ -96.63492, 19.19943 ], [ -96.65165, 19.19675 ], [ -96.65191, 19.20907 ], [ -96.66774, 19.20682 ], [ -96.67772, 19.19271 ], [ -96.72044, 19.18882 ], [ -96.69536, 19.20113 ], [ -96.72649, 19.20532 ], [ -96.77011, 19.19675 ], [ -96.81892, 19.20276 ], [ -96.80672, 19.20999 ], [ -96.80731, 19.21957 ], [ -96.69476, 19.25434 ], [ -96.68101, 19.26948 ], [ -96.63525, 19.27764 ], [ -96.60925, 19.29311 ], [ -96.61481, 19.30251 ], [ -96.60054, 19.32098 ], [ -96.57643, 19.32548 ], [ -96.56041, 19.33944 ], [ -96.56395, 19.36014 ], [ -96.54298, 19.36938 ], [ -96.54066, 19.39755 ], [ -96.53072, 19.40323 ], [ -96.51546, 19.39878 ], [ -96.51306, 19.41787 ], [ -96.49536, 19.41867 ], [ -96.48076, 19.43827 ], [ -96.46417, 19.39636 ] ] ] } },
{ "type": "Feature", "properties": { "CVEGEO": "30135", "NOM_ENT": "Veracruz de Ignacio de la Llave", "NOMGEO": "Rafael Delgado", "POB1": 24127.0, "GRADO_MAR": "Medio", "IM": 0.0, "IM_NORM": 0.0, "ANALF": 0.0, "SIN_EDUC": 0.0, "SIN_DREN": 0.51, "SIN_ELEC": 0.51, "SIN_AGUA": 9.62, "PISO_TIER": 9.15, "HACIN": 0.51, "LOC5000": 0.0, "ING2SM": 0.0, "POB_TOT": 0 }, "geometry": { "type": "Polygon", "coordinates": [ [ [ -97.06277, 18.82714 ], [ -97.04656, 18.79856 ], [ -97.06407, 18.78798 ], [ -97.07483, 18.80868 ], [ -97.08565, 18.80399 ], [ -97.09556, 18.81223 ], [ -97.11165, 18.80133 ], [ -97.11054, 18.79165 ], [ -97.12191, 18.78032 ], [ -97.11161, 18.75692 ], [ -97.13168, 18.77 ], [ -97.14048, 18.76729 ], [ -97.12277, 18.81242 ], [ -97.09756, 18.82099 ], [ -97.09846, 18.83305 ], [ -97.06277, 18.82714 ] ] ] } },
{ "type": "Feature", "properties": { "CVEGEO": "30136", "NOM_ENT": "Veracruz de Ignacio de la Llave", "NOMGEO": "Rafael Lucio", "POB1": 8343.0, "GRADO_MAR": "Bajo", "IM": 0.0, "IM_NORM": 0.0, "ANALF": 0.0, "SIN_EDUC": 0.0, "SIN_DREN": 0.4, "SIN_ELEC": 0.4, "SIN_AGUA": 2.28, "PISO_TIER": 1.62, "HACIN": 0.4, "LOC5000": 0.0, "ING2SM": 0.0, "POB_TOT": 0 }, "geometry": { "type": "Polygon", "coordinates": [ [ [ -96.97437, 19.61316 ], [ -96.97173, 19.5901 ], [ -96.95834, 19.58737 ], [ -96.996, 19.57831 ], [ -96.99615, 19.61131 ], [ -97.00254, 19.61701 ], [ -96.98486, 19.62125 ], [ -96.97437, 19.61316 ] ] ] } },
{ "type": "Feature", "properties": { "CVEGEO": "30137", "NOM_ENT": "Veracruz de Ignacio de la Llave", "NOMGEO": "Los Reyes", "POB1": 6308.0, "GRADO_MAR": "Muy alto", "IM": 0.0, "IM_NORM": 0.0, "ANALF": 0.0, "SIN_EDUC": 0.0, "SIN_DREN": 1.1, "SIN_ELEC": 1.1, "SIN_AGUA": 13.95, "PISO_TIER": 31.34, "HACIN": 1.1, "LOC5000": 0.0, "ING2SM": 0.0, "POB_TOT": 0 }, "geometry": { "type": "Polygon", "coordinates": [ [ [ -97.03953, 18.70399 ], [ -97.01391, 18.70322 ], [ -97.00798, 18.68631 ], [ -97.02765, 18.67106 ], [ -97.02139, 18.66875 ], [ -97.0202, 18.65087 ], [ -97.04162, 18.64868 ], [ -97.07835, 18.62937 ], [ -97.0847, 18.64122 ], [ -97.05506, 18.66531 ], [ -97.05373, 18.68561 ], [ -97.06678, 18.69946 ], [ -97.06285, 18.70355 ], [ -97.06964, 18.70321 ], [ -97.06218, 18.70625 ], [ -97.04917, 18.70401 ], [ -97.05184, 18.7143 ], [ -97.03953, 18.70399 ] ] ] } },
{ "type": "Feature", "properties": { "CVEGEO": "30161", "NOM_ENT": "Veracruz de Ignacio de la Llave", "NOMGEO": "Tempoal", "POB1": 34408.0, "GRADO_MAR": "Alto", "IM": 0.0, "IM_NORM": 0.0, "ANALF": 0.0, "SIN_EDUC": 0.0, "SIN_DREN": 1.07, "SIN_ELEC": 1.07, "SIN_AGUA": 17.19, "PISO_TIER": 11.28, "HACIN": 1.07, "LOC5000": 0.0, "ING2SM": 0.0, "POB_TOT": 0 }, "geometry": { "type": "Polygon", "coordinates": [ [ [ -98.19129, 21.71152 ], [ -98.15931, 21.71141 ], [ -98.15534, 21.68964 ], [ -98.14267, 21.68736 ], [ -98.14916, 21.68049 ], [ -98.14348, 21.67234 ], [ -98.08099, 21.63429 ], [ -98.1022, 21.631 ], [ -98.10934, 21.59408 ], [ -98.1477, 21.59022 ], [ -98.15819, 21.56841 ], [ -98.17903, 21.57067 ], [ -98.18892, 21.58207 ], [ -98.23208, 21.56378 ], [ -98.22729, 21.55465 ], [ -98.24257, 21.55095 ], [ -98.24345, 21.53809 ], [ -98.25236, 21.5324 ], [ -98.25512, 21.5075 ], [ -98.23764, 21.48205 ], [ -98.24068, 21.47216 ], [ -98.25091, 21.47853 ], [ -98.258, 21.4697 ], [ -98.24463, 21.45815 ], [ -98.26734, 21.45687 ], [ -98.26725, 21.48089 ], [ -98.25946, 21.48753 ], [ -98.26869, 21.50326 ], [ -98.31744, 21.46686 ], [ -98.31725, 21.47917 ], [ -98.32864, 21.47711 ], [ -98.32445, 21.46245 ], [ -98.33593, 21.46795 ], [ -98.34591, 21.45104 ], [ -98.32767, 21.42771 ], [ -98.35623, 21.38924 ], [ -98.37794, 21.41181 ], [ -98.39392, 21.41622 ], [ -98.39301, 21.40284 ], [ -98.40221, 21.40718 ], [ -98.40926, 21.40149 ], [ -98.402, 21.39583 ], [ -98.41183, 21.39338 ], [ -98.40923, 21.38435 ], [ -98.43672, 21.39108 ], [ -98.44438, 21.40213 ], [ -98.45702, 21.39675 ], [ -98.45903, 21.38879 ], [ -98.44778, 21.3856 ], [ -98.45351, 21.37874 ], [ -98.46783, 21.37871 ], [ -98.46965, 21.38861 ], [ -98.48108, 21.3884 ], [ -98.48611, 21.39852 ], [ -98.5015, 21.38564 ], [ -98.51053, 21.40195 ], [ -98.52163, 21.40475 ], [ -98.52463, 21.44016 ], [ -98.51691, 21.4607 ], [ -98.53559, 21.49246 ], [ -98.53225, 21.50114 ], [ -98.55744, 21.52197 ], [ -98.60224, 21.54043 ], [ -98.60539, 21.56691 ], [ -98.62574, 21.58545 ], [ -98.62112, 21.62782 ], [ -98.64366, 21.63093 ], [ -98.63321, 21.65388 ], [ -98.62055, 21.65307 ], [ -98.60946, 21.66723 ], [ -98.62571, 21.67412 ], [ -98.61904, 21.68387 ], [ -98.58952, 21.66912 ], [ -98.55084, 21.69149 ], [ -98.53648, 21.64632 ], [ -98.51615, 21.64382 ], [ -98.48893, 21.65666 ], [ -98.48098, 21.66998 ], [ -98.44999, 21.67735 ], [ -98.41076, 21.66384 ], [ -98.42356, 21.65529 ], [ -98.37397, 21.66175 ], [ -98.32573, 21.67191 ], [ -98.32395, 21.68679 ], [ -98.2274, 21.70363 ], [ -98.22517, 21.71426 ], [ -98.2102, 21.71202 ], [ -98.20505, 21.72183 ], [ -98.19129, 21.71152 ] ] ] } },
{ "type": "Feature", "properties": { "CVEGEO": "30162", "NOM_ENT": "Veracruz de Ignacio de la Llave", "NOMGEO": "Tenampa", "POB1": 6448.0, "GRADO_MAR": "Alto", "IM": 0.0, "IM_NORM": 0.0, "ANALF": 0.0, "SIN_EDUC": 0.0, "SIN_DREN": 8.94, "SIN_ELEC": 8.94, "SIN_AGUA": 9.28, "PISO_TIER": 6.78, "HACIN": 8.94, "LOC5000": 0.0, "ING2SM": 0.0, "POB_TOT": 0 }, "geometry": { "type": "Polygon", "coordinates": [ [ [ -96.79265, 19.28321 ], [ -96.76428, 19.28575 ], [ -96.75395, 19.27332 ], [ -96.83112, 19.24788 ], [ -96.88088, 19.21799 ], [ -96.91706, 19.22924 ], [ -96.85342, 19.28843 ], [ -96.82177, 19.29911 ], [ -96.79265, 19.28321 ] ] ] } },
{ "type": "Feature", "properties": { "CVEGEO": "30163", "NOM_ENT": "Veracruz de Ignacio de la Llave", "NOMGEO": "Tenochtitlán", "POB1": 5040.0, "GRADO_MAR": "Alto", "IM": 0.0, "IM_NORM": 0.0, "ANALF": 0.0, "SIN_EDUC": 0.0, "SIN_DREN": 1.47, "SIN_ELEC": 1.47, "SIN_AGUA": 0.95, "PISO_TIER": 10.68, "HACIN": 1.47, "LOC5000": 0.0, "ING2SM": 0.0, "POB_TOT": 0 }, "geometry": { "type": "Polygon", "coordinates": [ [ [ -96.90589, 19.83007 ], [ -96.91104, 19.82591 ], [ -96.89863, 19.82345 ], [ -96.89742, 19.79079 ], [ -96.88947, 19.78473 ], [ -96.90528, 19.78175 ], [ -96.89559, 19.76756 ], [ -96.93228, 19.75515 ], [ -96.94694, 19.76836 ], [ -96.95654, 19.7634 ], [ -96.97216, 19.7693 ], [ -96.96858, 19.78392 ], [ -96.9883, 19.77886 ], [ -96.99679, 19.80026 ], [ -96.97537, 19.79686 ], [ -96.97108, 19.80085 ], [ -96.97795, 19.80602 ], [ -96.95996, 19.81484 ], [ -96.97557, 19.83212 ], [ -96.98857, 19.83282 ], [ -96.94993, 19.86448 ], [ -96.95629, 19.89521 ], [ -96.9236, 19.86564 ], [ -96.90589, 19.83007 ] ] ] } },
{ "type": "Feature", "properties": { "CVEGEO": "30164", "NOM_ENT": "Veracruz de Ignacio de la Llave", "NOMGEO": "Teocelo", "POB1": 16957.0, "GRADO_MAR": "Bajo", "IM": 0.0, "IM_NORM": 0.0, "ANALF": 0.0, "SIN_EDUC": 0.0, "SIN_DREN": 0.72, "SIN_ELEC": 0.72, "SIN_AGUA": 0.36, "PISO_TIER": 7.33, "HACIN": 0.72, "LOC5000": 0.0, "ING2SM": 0.0, "POB_TOT": 0 }, "geometry": { "type": "Polygon", "coordinates": [ [ [ -96.93078, 19.38979 ], [ -96.90549, 19.36868 ], [ -96.88599, 19.38508 ], [ -96.86005, 19.38443 ], [ -96.84172, 19.37398 ], [ -96.85592, 19.3725 ], [ -96.85468, 19.36463 ], [ -96.87216, 19.35924 ], [ -96.88641, 19.34292 ], [ -96.92226, 19.34918 ], [ -96.93159, 19.36989 ], [ -96.97144, 19.35594 ], [ -97.0128, 19.35506 ], [ -97.0154, 19.36097 ], [ -96.9972, 19.37447 ], [ -96.99957, 19.38046 ], [ -97.03059, 19.3916 ], [ -96.985, 19.40215 ], [ -96.93078, 19.38979 ] ] ] } },
{ "type": "Feature", "properties": { "CVEGEO": "30165", "NOM_ENT": "Veracruz de Ignacio de la Llave", "NOMGEO": "Tepatlaxco", "POB1": 8925.0, "GRADO_MAR": "Muy alto", "IM": 0.0, "IM_NORM": 0.0, "ANALF": 0.0, "SIN_EDUC": 0.0, "SIN_DREN": 2.46, "SIN_ELEC": 2.46, "SIN_AGUA": 54.13, "PISO_TIER": 9.6, "HACIN": 2.46, "LOC5000": 0.0, "ING2SM": 0.0, "POB_TOT": 0 }, "geometry": { "type": "Polygon", "coordinates": [ [ [ -96.83855, 19.07844 ], [ -96.83882, 19.06933 ], [ -96.80535, 19.03075 ], [ -96.81148, 19.00912 ], [ -96.84721, 19.00281 ], [ -96.8675, 19.0124 ], [ -96.88297, 19.00559 ], [ -96.88237, 19.03975 ], [ -96.8744, 19.0463 ], [ -96.89289, 19.06137 ], [ -96.89662, 19.08669 ], [ -96.87912, 19.09261 ], [ -96.83855, 19.07844 ] ] ] } },
{ "type": "Feature", "properties": { "CVEGEO": "30166", "NOM_ENT": "Veracruz de Ignacio de la Llave", "NOMGEO": "Tepetlán", "POB1": 9405.0, "GRADO_MAR": "Medio", "IM": 0.0, "IM_NORM": 0.0, "ANALF": 0.0, "SIN_EDUC": 0.0, "SIN_DREN": 2.51, "SIN_ELEC": 2.51, "SIN_AGUA": 1.24, "PISO_TIER": 2.53, "HACIN": 2.51, "LOC5000": 0.0, "ING2SM": 0.0, "POB_TOT": 0 }, "geometry": { "type": "Polygon", "coordinates": [ [ [ -96.75063, 19.72654 ], [ -96.7413, 19.70898 ], [ -96.72997, 19.71901 ], [ -96.71447, 19.69459 ], [ -96.7202, 19.69524 ], [ -96.72766, 19.67355 ], [ -96.74374, 19.67371 ], [ -96.73489, 19.66605 ], [ -96.74445, 19.66316 ], [ -96.74423, 19.64418 ], [ -96.75685, 19.63104 ], [ -96.74745, 19.61761 ], [ -96.76012, 19.61161 ], [ -96.76726, 19.62016 ], [ -96.76995, 19.60403 ], [ -96.79656, 19.59294 ], [ -96.80928, 19.61287 ], [ -96.79534, 19.62161 ], [ -96.79417, 19.63512 ], [ -96.82937, 19.66972 ], [ -96.82399, 19.67301 ], [ -96.83026, 19.68346 ], [ -96.82235, 19.68348 ], [ -96.82282, 19.69398 ], [ -96.81356, 19.69889 ], [ -96.79505, 19.69981 ], [ -96.79184, 19.71688 ], [ -96.77307, 19.71308 ], [ -96.78163, 19.72492 ], [ -96.76989, 19.73544 ], [ -96.76878, 19.72817 ], [ -96.75063, 19.72654 ] ] ] } },
{ "type": "Feature", "properties": { "CVEGEO": "30167", "NOM_ENT": "Veracruz de Ignacio de la Llave", "NOMGEO": "Tepetzintla", "POB1": 14619.0, "GRADO_MAR": "Medio", "IM": 0.0, "IM_NORM": 0.0, "ANALF": 0.0, "SIN_EDUC": 0.0, "SIN_DREN": 1.87, "SIN_ELEC": 1.87, "SIN_AGUA": 5.82, "PISO_TIER": 13.57, "HACIN": 1.87, "LOC5000": 0.0, "ING2SM": 0.0, "POB_TOT": 0 }, "geometry": { "type": "Polygon", "coordinates": [ [ [ -97.85547, 21.22312 ], [ -97.83261, 21.23063 ], [ -97.82708, 21.21873 ], [ -97.84392, 21.19746 ], [ -97.84394, 21.18466 ], [ -97.80687, 21.18508 ], [ -97.77925, 21.16421 ], [ -97.77592, 21.14344 ], [ -97.75537, 21.13962 ], [ -97.75703, 21.11994 ], [ -97.74747, 21.10099 ], [ -97.75871, 21.08662 ], [ -97.78629, 21.09641 ], [ -97.79326, 21.10702 ], [ -97.80118, 21.1042 ], [ -97.81312, 21.12283 ], [ -97.83417, 21.12662 ], [ -97.81966, 21.10633 ], [ -97.8569, 21.08602 ], [ -97.85421, 21.06793 ], [ -97.87468, 21.06478 ], [ -97.87986, 21.07375 ], [ -97.89384, 21.07444 ], [ -97.91712, 21.1062 ], [ -97.93882, 21.10139 ], [ -97.94994, 21.10653 ], [ -97.9425, 21.10732 ], [ -97.95056, 21.11548 ], [ -97.9509, 21.13214 ], [ -97.94155, 21.16682 ], [ -97.96767, 21.18566 ], [ -97.95817, 21.18464 ], [ -97.93914, 21.19969 ], [ -97.9153, 21.1979 ], [ -97.88757, 21.23179 ], [ -97.87024, 21.2377 ], [ -97.85547, 21.22312 ] ] ] } },
{ "type": "Feature", "properties": { "CVEGEO": "30168", "NOM_ENT": "Veracruz de Ignacio de la Llave", "NOMGEO": "Tequila", "POB1": 16343.0, "GRADO_MAR": "Muy alto", "IM": 0.0, "IM_NORM": 0.0, "ANALF": 0.0, "SIN_EDUC": 0.0, "SIN_DREN": 1.67, "SIN_ELEC": 1.67, "SIN_AGUA": 27.78, "PISO_TIER": 26.75, "HACIN": 1.67, "LOC5000": 0.0, "ING2SM": 0.0, "POB_TOT": 0 }, "geometry": { "type": "Polygon", "coordinates": [ [ [ -96.95254, 18.75368 ], [ -96.98586, 18.72709 ], [ -96.99311, 18.70391 ], [ -97.03603, 18.70331 ], [ -97.05239, 18.7145 ], [ -97.04917, 18.70401 ], [ -97.07393, 18.70198 ], [ -97.0742, 18.71271 ], [ -97.08545, 18.71605 ], [ -97.09175, 18.70641 ], [ -97.10187, 18.70615 ], [ -97.1002, 18.71255 ], [ -97.11288, 18.70188 ], [ -97.12832, 18.7041 ], [ -97.12107, 18.70836 ], [ -97.13553, 18.73701 ], [ -97.13072, 18.76625 ], [ -97.10453, 18.74878 ], [ -97.07987, 18.75761 ], [ -97.06948, 18.74715 ], [ -97.06669, 18.75913 ], [ -97.05834, 18.75983 ], [ -97.04155, 18.74778 ], [ -97.02209, 18.76263 ], [ -97.01262, 18.75642 ], [ -97.00721, 18.77108 ], [ -96.98406, 18.7787 ], [ -96.98793, 18.79444 ], [ -96.97474, 18.79879 ], [ -96.98036, 18.79359 ], [ -96.95254, 18.75368 ] ] ] } },
{ "type": "Feature", "properties": { "CVEGEO": "30138", "NOM_ENT": "Veracruz de Ignacio de la Llave", "NOMGEO": "Río Blanco", "POB1": 41795.0, "GRADO_MAR": "Muy bajo", "IM": 0.0, "IM_NORM": 0.0, "ANALF": 0.0, "SIN_EDUC": 0.0, "SIN_DREN": 0.1, "SIN_ELEC": 0.1, "SIN_AGUA": 0.37, "PISO_TIER": 0.88, "HACIN": 0.1, "LOC5000": 0.0, "ING2SM": 0.0, "POB_TOT": 0 }, "geometry": { "type": "Polygon", "coordinates": [ [ [ -97.14574, 18.84641 ], [ -97.13182, 18.85366 ], [ -97.1309, 18.8447 ], [ -97.11812, 18.84288 ], [ -97.11017, 18.83201 ], [ -97.1352, 18.83673 ], [ -97.15163, 18.82512 ], [ -97.16105, 18.83409 ], [ -97.17072, 18.83054 ], [ -97.17988, 18.86145 ], [ -97.16556, 18.85843 ], [ -97.15759, 18.8656 ], [ -97.14574, 18.84641 ] ] ] } },
{ "type": "Feature", "properties": { "CVEGEO": "30139", "NOM_ENT": "Veracruz de Ignacio de la Llave", "NOMGEO": "Saltabarranca", "POB1": 6126.0, "GRADO_MAR": "Medio", "IM": 0.0, "IM_NORM": 0.0, "ANALF": 0.0, "SIN_EDUC": 0.0, "SIN_DREN": 2.02, "SIN_ELEC": 2.02, "SIN_AGUA": 9.96, "PISO_TIER": 1.93, "HACIN": 2.02, "LOC5000": 0.0, "ING2SM": 0.0, "POB_TOT": 0 }, "geometry": { "type": "Polygon", "coordinates": [ [ [ -95.53252, 18.60685 ], [ -95.47879, 18.60861 ], [ -95.46088, 18.58859 ], [ -95.46972, 18.55353 ], [ -95.48374, 18.55434 ], [ -95.48171, 18.56353 ], [ -95.49262, 18.55933 ], [ -95.48616, 18.55095 ], [ -95.50317, 18.52409 ], [ -95.49987, 18.48378 ], [ -95.50655, 18.47248 ], [ -95.52357, 18.48829 ], [ -95.53342, 18.4858 ], [ -95.54233, 18.49877 ], [ -95.5352, 18.52008 ], [ -95.5532, 18.54396 ], [ -95.57174, 18.55236 ], [ -95.56677, 18.58108 ], [ -95.58024, 18.59046 ], [ -95.58175, 18.60504 ], [ -95.57177, 18.6149 ], [ -95.55115, 18.62141 ], [ -95.53252, 18.60685 ] ] ] } },
{ "type": "Feature", "properties": { "CVEGEO": "30169", "NOM_ENT": "Veracruz de Ignacio de la Llave", "NOMGEO": "José Azueta", "POB1": 22709.0, "GRADO_MAR": "Alto", "IM": 0.0, "IM_NORM": 0.0, "ANALF": 0.0, "SIN_EDUC": 0.0, "SIN_DREN": 3.39, "SIN_ELEC": 3.39, "SIN_AGUA": 19.18, "PISO_TIER": 2.57, "HACIN": 3.39, "LOC5000": 0.0, "ING2SM": 0.0, "POB_TOT": 0 }, "geometry": { "type": "Polygon", "coordinates": [ [ [ -95.60478, 18.34015 ], [ -95.59805, 18.33449 ], [ -95.58966, 18.33927 ], [ -95.5844, 18.32985 ], [ -95.59904, 18.32914 ], [ -95.592, 18.32451 ], [ -95.59744, 18.31076 ], [ -95.57939, 18.29827 ], [ -95.59058, 18.29088 ], [ -95.57182, 18.28923 ], [ -95.55872, 18.2739 ], [ -95.58018, 18.25892 ], [ -95.57952, 18.24246 ], [ -95.56824, 18.24228 ], [ -95.57019, 18.23466 ], [ -95.58534, 18.24362 ], [ -95.59608, 18.23598 ], [ -95.59215, 18.228 ], [ -95.60685, 18.2308 ], [ -95.60968, 18.21355 ], [ -95.62886, 18.22275 ], [ -95.63346, 18.20514 ], [ -95.64566, 18.20479 ], [ -95.64643, 18.18227 ], [ -95.6517, 18.18995 ], [ -95.65797, 18.18908 ], [ -95.64637, 18.17434 ], [ -95.66164, 18.16807 ], [ -95.65046, 18.1689 ], [ -95.65105, 18.15863 ], [ -95.63876, 18.15322 ], [ -95.65371, 18.14384 ], [ -95.65086, 18.123 ], [ -95.6673, 18.12292 ], [ -95.66189, 18.09446 ], [ -95.63893, 18.0914 ], [ -95.63903, 18.08988 ], [ -95.6326, 18.08899 ], [ -95.62544, 18.08554 ], [ -95.62993, 18.07087 ], [ -95.64558, 18.06842 ], [ -95.6479, 18.02099 ], [ -95.65937, 18.00894 ], [ -95.6602, 17.99231 ], [ -95.66912, 17.99831 ], [ -95.67137, 17.99249 ], [ -95.68378, 17.99753 ], [ -95.69255, 17.99226 ], [ -95.69975, 17.9821 ], [ -95.69792, 17.95871 ], [ -95.71731, 17.95352 ], [ -95.71239, 17.94733 ], [ -95.72893, 17.9203 ], [ -95.75968, 17.92902 ], [ -95.77363, 17.92438 ], [ -95.78967, 17.93606 ], [ -95.79551, 17.92735 ], [ -95.82423, 18.081 ], [ -95.78089, 18.093 ], [ -95.77851, 18.12987 ], [ -95.7695, 18.13006 ], [ -95.76542, 18.15065 ], [ -95.7286, 18.16401 ], [ -95.72621, 18.18226 ], [ -95.70765, 18.18879 ], [ -95.70513, 18.20757 ], [ -95.71471, 18.20382 ], [ -95.72498, 18.21197 ], [ -95.70019, 18.23605 ], [ -95.68251, 18.23765 ], [ -95.68299, 18.25072 ], [ -95.65395, 18.26201 ], [ -95.65736, 18.27684 ], [ -95.64466, 18.27995 ], [ -95.64234, 18.30446 ], [ -95.6615, 18.30845 ], [ -95.66351, 18.31578 ], [ -95.6556, 18.31826 ], [ -95.65165, 18.33613 ], [ -95.6407, 18.33727 ], [ -95.65943, 18.34937 ], [ -95.63969, 18.35634 ], [ -95.59517, 18.35028 ], [ -95.60478, 18.34015 ] ] ] } },
{ "type": "Feature", "properties": { "CVEGEO": "30170", "NOM_ENT": "Veracruz de Ignacio de la Llave", "NOMGEO": "Texcatepec", "POB1": 10824.0, "GRADO_MAR": "Muy alto", "IM": 0.0, "IM_NORM": 0.0, "ANALF": 0.0, "SIN_EDUC": 0.0, "SIN_DREN": 2.32, "SIN_ELEC": 2.32, "SIN_AGUA": 23.79, "PISO_TIER": 12.42, "HACIN": 2.32, "LOC5000": 0.0, "ING2SM": 0.0, "POB_TOT": 0 }, "geometry": { "type": "Polygon", "coordinates": [ [ [ -98.30401, 20.68753 ], [ -98.28347, 20.66943 ], [ -98.26464, 20.68362 ], [ -98.25981, 20.67435 ], [ -98.25254, 20.67787 ], [ -98.25459, 20.66979 ], [ -98.20945, 20.68825 ], [ -98.21191, 20.67994 ], [ -98.20231, 20.67267 ], [ -98.20101, 20.6816 ], [ -98.19559, 20.67074 ], [ -98.21099, 20.64764 ], [ -98.20876, 20.63691 ], [ -98.22213, 20.63494 ], [ -98.23143, 20.61181 ], [ -98.2921, 20.57588 ], [ -98.29828, 20.57516 ], [ -98.29592, 20.5871 ], [ -98.31653, 20.58961 ], [ -98.32328, 20.58298 ], [ -98.32306, 20.55874 ], [ -98.33744, 20.55064 ], [ -98.36967, 20.56142 ], [ -98.38167, 20.55781 ], [ -98.38577, 20.54618 ], [ -98.40302, 20.54284 ], [ -98.41258, 20.56265 ], [ -98.39792, 20.57161 ], [ -98.40379, 20.6041 ], [ -98.3778, 20.61583 ], [ -98.36473, 20.64689 ], [ -98.33887, 20.64884 ], [ -98.3549, 20.66793 ], [ -98.34371, 20.67993 ], [ -98.31687, 20.69802 ], [ -98.29733, 20.70253 ], [ -98.30401, 20.68753 ] ] ] } },
{ "type": "Feature", "properties": { "CVEGEO": "30171", "NOM_ENT": "Veracruz de Ignacio de la Llave", "NOMGEO": "Texhuacán", "POB1": 5575.0, "GRADO_MAR": "Alto", "IM": 0.0, "IM_NORM": 0.0, "ANALF": 0.0, "SIN_EDUC": 0.0, "SIN_DREN": 0.58, "SIN_ELEC": 0.58, "SIN_AGUA": 12.55, "PISO_TIER": 13.78, "HACIN": 0.58, "LOC5000": 0.0, "ING2SM": 0.0, "POB_TOT": 0 }, "geometry": { "type": "Polygon", "coordinates": [ [ [ -97.01489, 18.63439 ], [ -96.99649, 18.62618 ], [ -96.97577, 18.63571 ], [ -96.97536, 18.6182 ], [ -96.98498, 18.62357 ], [ -97.00026, 18.60847 ], [ -97.01337, 18.61534 ], [ -97.01914, 18.59932 ], [ -97.00895, 18.59282 ], [ -97.03957, 18.58956 ], [ -97.04807, 18.58144 ], [ -97.07835, 18.62937 ], [ -97.04162, 18.64868 ], [ -97.02037, 18.64808 ], [ -97.01489, 18.63439 ] ] ] } },
{ "type": "Feature", "properties": { "CVEGEO": "30172", "NOM_ENT": "Veracruz de Ignacio de la Llave", "NOMGEO": "Texistepec", "POB1": 19925.0, "GRADO_MAR": "Alto", "IM": 0.0, "IM_NORM": 0.0, "ANALF": 0.0, "SIN_EDUC": 0.0, "SIN_DREN": 3.54, "SIN_ELEC": 3.54, "SIN_AGUA": 36.37, "PISO_TIER": 5.39, "HACIN": 3.54, "LOC5000": 0.0, "ING2SM": 0.0, "POB_TOT": 0 }, "geometry": { "type": "Polygon", "coordinates": [ [ [ -94.78717, 17.96636 ], [ -94.79865, 17.95818 ], [ -94.78296, 17.95553 ], [ -94.78274, 17.92992 ], [ -94.75769, 17.94063 ], [ -94.76117, 17.92954 ], [ -94.78232, 17.91433 ], [ -94.77021, 17.91045 ], [ -94.76636, 17.88508 ], [ -94.71722, 17.87706 ], [ -94.72164, 17.87028 ], [ -94.7133, 17.86245 ], [ -94.71766, 17.85304 ], [ -94.72366, 17.85922 ], [ -94.72072, 17.84893 ], [ -94.73712, 17.83566 ], [ -94.7463, 17.84097 ], [ -94.75974, 17.82902 ], [ -94.75912, 17.81867 ], [ -94.76326, 17.82638 ], [ -94.77273, 17.81862 ], [ -94.76333, 17.80726 ], [ -94.77419, 17.80088 ], [ -94.77892, 17.78108 ], [ -94.75597, 17.77457 ], [ -94.75492, 17.75225 ], [ -94.73646, 17.75028 ], [ -94.73618, 17.73923 ], [ -94.71671, 17.74163 ], [ -94.70633, 17.73499 ], [ -94.71638, 17.71899 ], [ -94.70095, 17.7138 ], [ -94.69891, 17.70553 ], [ -94.72495, 17.67118 ], [ -94.71535, 17.65827 ], [ -94.74995, 17.63936 ], [ -94.72774, 17.60627 ], [ -94.75615, 17.5968 ], [ -94.761, 17.58433 ], [ -94.76916, 17.58587 ], [ -94.7777, 17.57489 ], [ -94.80501, 17.58322 ], [ -94.80044, 17.61803 ], [ -94.80648, 17.61873 ], [ -94.80423, 17.63843 ], [ -94.81204, 17.64072 ], [ -94.80354, 17.66338 ], [ -94.80986, 17.68549 ], [ -94.82826, 17.69751 ], [ -94.82409, 17.70296 ], [ -94.83129, 17.71405 ], [ -94.81913, 17.72996 ], [ -94.83129, 17.7382 ], [ -94.86557, 17.73971 ], [ -94.87967, 17.75045 ], [ -94.87689, 17.7629 ], [ -94.85205, 17.75821 ], [ -94.83916, 17.76382 ], [ -94.84026, 17.77617 ], [ -94.87151, 17.77726 ], [ -94.89054, 17.79711 ], [ -94.89252, 17.81607 ], [ -94.88096, 17.83079 ], [ -94.89326, 17.83686 ], [ -94.8947, 17.85386 ], [ -94.85289, 17.87761 ], [ -94.86679, 17.90125 ], [ -94.85528, 17.90328 ], [ -94.84647, 17.92446 ], [ -94.84794, 17.93773 ], [ -94.85988, 17.94171 ], [ -94.85654, 17.95517 ], [ -94.8212, 17.97326 ], [ -94.81422, 17.96795 ], [ -94.7859, 17.97762 ], [ -94.78717, 17.96636 ] ] ] } },
{ "type": "Feature", "properties": { "CVEGEO": "30173", "NOM_ENT": "Veracruz de Ignacio de la Llave", "NOMGEO": "Tezonapa", "POB1": 54537.0, "GRADO_MAR": "Muy alto", "IM": 0.0, "IM_NORM": 0.0, "ANALF": 0.0, "SIN_EDUC": 0.0, "SIN_DREN": 2.53, "SIN_ELEC": 2.53, "SIN_AGUA": 44.64, "PISO_TIER": 12.66, "HACIN": 2.53, "LOC5000": 0.0, "ING2SM": 0.0, "POB_TOT": 0 }, "geometry": { "type": "Polygon", "coordinates": [ [ [ -96.80906, 18.73731 ], [ -96.77228, 18.69394 ], [ -96.7469, 18.6947 ], [ -96.72751, 18.68366 ], [ -96.70819, 18.65815 ], [ -96.68414, 18.64426 ], [ -96.6875, 18.63609 ], [ -96.67226, 18.61894 ], [ -96.67246, 18.60757 ], [ -96.69382, 18.59121 ], [ -96.68824, 18.58169 ], [ -96.70214, 18.58122 ], [ -96.69093, 18.56797 ], [ -96.69962, 18.55334 ], [ -96.7156, 18.57324 ], [ -96.72421, 18.55898 ], [ -96.71182, 18.54805 ], [ -96.72689, 18.52983 ], [ -96.71902, 18.52212 ], [ -96.70616, 18.52633 ], [ -96.70286, 18.51027 ], [ -96.68802, 18.51264 ], [ -96.68141, 18.50254 ], [ -96.69107, 18.48983 ], [ -96.68253, 18.47506 ], [ -96.69288, 18.45755 ], [ -96.70532, 18.45671 ], [ -96.7097, 18.42995 ], [ -96.68103, 18.4122 ], [ -96.68143, 18.38565 ], [ -96.67504, 18.38423 ], [ -96.68161, 18.37558 ], [ -96.69182, 18.38085 ], [ -96.6959, 18.36475 ], [ -96.69772, 18.38207 ], [ -96.73232, 18.3737 ], [ -96.74103, 18.38261 ], [ -96.72491, 18.40818 ], [ -96.75908, 18.40826 ], [ -96.77089, 18.42298 ], [ -96.76318, 18.42705 ], [ -96.781, 18.42907 ], [ -96.78481, 18.44419 ], [ -96.77542, 18.44809 ], [ -96.79579, 18.48022 ], [ -96.797, 18.51193 ], [ -96.81344, 18.51762 ], [ -96.82403, 18.51111 ], [ -96.82509, 18.49811 ], [ -96.83937, 18.49309 ], [ -96.84632, 18.50538 ], [ -96.86735, 18.51468 ], [ -96.86621, 18.53953 ], [ -96.83946, 18.55279 ], [ -96.83374, 18.58799 ], [ -96.84495, 18.59298 ], [ -96.85229, 18.61025 ], [ -96.86157, 18.60954 ], [ -96.86128, 18.62979 ], [ -96.87992, 18.62439 ], [ -96.88144, 18.64038 ], [ -96.86356, 18.65331 ], [ -96.86652, 18.67568 ], [ -96.87574, 18.68693 ], [ -96.88832, 18.68422 ], [ -96.8766, 18.69626 ], [ -96.88687, 18.71647 ], [ -96.89812, 18.7195 ], [ -96.87676, 18.75091 ], [ -96.84717, 18.74388 ], [ -96.84293, 18.75263 ], [ -96.80906, 18.73731 ] ] ] } },
{ "type": "Feature", "properties": { "CVEGEO": "30174", "NOM_ENT": "Veracruz de Ignacio de la Llave", "NOMGEO": "Tierra Blanca", "POB1": 95602.0, "GRADO_MAR": "Bajo", "IM": 0.0, "IM_NORM": 0.0, "ANALF": 0.0, "SIN_EDUC": 0.0, "SIN_DREN": 2.38, "SIN_ELEC": 2.38, "SIN_AGUA": 3.34, "PISO_TIER": 5.96, "HACIN": 2.38, "LOC5000": 0.0, "ING2SM": 0.0, "POB_TOT": 0 }, "geometry": { "type": "Polygon", "coordinates": [ [ [ -96.4358, 18.74001 ], [ -96.43607, 18.71542 ], [ -96.42075, 18.70163 ], [ -96.43606, 18.70329 ], [ -96.43039, 18.6865 ], [ -96.3764, 18.68725 ], [ -96.36073, 18.69518 ], [ -96.32864, 18.66723 ], [ -96.28969, 18.66037 ], [ -96.2749, 18.66813 ], [ -96.2473, 18.65677 ], [ -96.24545, 18.64842 ], [ -96.22519, 18.65204 ], [ -96.20429, 18.63834 ], [ -96.19557, 18.64856 ], [ -96.17457, 18.65334 ], [ -96.14137, 18.62671 ], [ -96.13419, 18.60695 ], [ -96.12474, 18.60194 ], [ -96.08846, 18.61333 ], [ -96.07136, 18.60082 ], [ -96.03597, 18.59535 ], [ -96.03888, 18.58017 ], [ -96.00483, 18.55356 ], [ -96.01135, 18.53501 ], [ -95.98511, 18.52766 ], [ -95.9768, 18.51766 ], [ -96.01371, 18.48711 ], [ -96.00442, 18.47866 ], [ -95.98576, 18.48216 ], [ -95.98244, 18.47069 ], [ -95.99064, 18.46968 ], [ -96.00089, 18.44896 ], [ -96.00098, 18.43406 ], [ -95.9919, 18.43529 ], [ -95.98469, 18.42498 ], [ -95.99237, 18.40162 ], [ -96.01806, 18.38805 ], [ -96.03268, 18.40454 ], [ -96.04452, 18.40024 ], [ -96.06066, 18.41606 ], [ -96.07446, 18.40897 ], [ -96.12032, 18.42296 ], [ -96.15062, 18.41084 ], [ -96.1628, 18.38971 ], [ -96.17771, 18.38577 ], [ -96.1992, 18.39555 ], [ -96.2311, 18.39243 ], [ -96.26125, 18.40824 ], [ -96.28149, 18.38609 ], [ -96.27964, 18.37578 ], [ -96.28922, 18.37778 ], [ -96.30012, 18.3668 ], [ -96.29041, 18.31665 ], [ -96.30733, 18.32012 ], [ -96.3056, 18.32903 ], [ -96.31353, 18.32809 ], [ -96.31751, 18.33978 ], [ -96.31732, 18.36453 ], [ -96.33505, 18.37251 ], [ -96.33106, 18.37923 ], [ -96.34534, 18.37969 ], [ -96.34455, 18.3985 ], [ -96.35258, 18.41024 ], [ -96.36172, 18.40707 ], [ -96.37619, 18.42465 ], [ -96.38924, 18.42837 ], [ -96.38933, 18.44048 ], [ -96.40298, 18.43992 ], [ -96.40459, 18.46778 ], [ -96.41802, 18.47048 ], [ -96.41118, 18.47692 ], [ -96.42075, 18.51046 ], [ -96.45502, 18.54928 ], [ -96.4573, 18.57043 ], [ -96.49974, 18.5895 ], [ -96.5175, 18.58157 ], [ -96.52547, 18.58777 ], [ -96.56094, 18.5877 ], [ -96.6282, 18.63193 ], [ -96.6115, 18.64972 ], [ -96.61526, 18.67747 ], [ -96.59182, 18.68007 ], [ -96.5985, 18.70175 ], [ -96.56687, 18.7077 ], [ -96.56782, 18.71944 ], [ -96.58739, 18.73189 ], [ -96.58417, 18.7388 ], [ -96.5191, 18.72604 ], [ -96.48971, 18.73989 ], [ -96.4358, 18.74001 ] ] ] } },
{ "type": "Feature", "properties": { "CVEGEO": "30175", "NOM_ENT": "Veracruz de Ignacio de la Llave", "NOMGEO": "Tihuatlán", "POB1": 92726.0, "GRADO_MAR": "Medio", "IM": 0.0, "IM_NORM": 0.0, "ANALF": 0.0, "SIN_EDUC": 0.0, "SIN_DREN": 0.5, "SIN_ELEC": 0.5, "SIN_AGUA": 25.58, "PISO_TIER": 8.15, "HACIN": 0.5, "LOC5000": 0.0, "ING2SM": 0.0, "POB_TOT": 0 }, "geometry": { "type": "Polygon", "coordinates": [ [ [ -97.46995, 20.86266 ], [ -97.47316, 20.85152 ], [ -97.46488, 20.85761 ], [ -97.45705, 20.84783 ], [ -97.46176, 20.82871 ], [ -97.47892, 20.8416 ], [ -97.48114, 20.82898 ], [ -97.49509, 20.83188 ], [ -97.49833, 20.82265 ], [ -97.47885, 20.81943 ], [ -97.47612, 20.78691 ], [ -97.45956, 20.77103 ], [ -97.46799, 20.75878 ], [ -97.45886, 20.75987 ], [ -97.44243, 20.74524 ], [ -97.43771, 20.7508 ], [ -97.4188, 20.73597 ], [ -97.40861, 20.73923 ], [ -97.40649, 20.7106 ], [ -97.38478, 20.68981 ], [ -97.381, 20.69939 ], [ -97.36547, 20.68018 ], [ -97.37692, 20.67582 ], [ -97.37327, 20.65971 ], [ -97.39411, 20.64312 ], [ -97.40196, 20.62281 ], [ -97.41273, 20.62565 ], [ -97.40999, 20.61424 ], [ -97.43854, 20.59961 ], [ -97.44996, 20.58179 ], [ -97.44088, 20.57748 ], [ -97.44826, 20.56074 ], [ -97.48177, 20.5385 ], [ -97.4782, 20.5257 ], [ -97.49512, 20.49807 ], [ -97.51624, 20.50409 ], [ -97.53136, 20.48402 ], [ -97.57462, 20.53229 ], [ -97.58795, 20.56107 ], [ -97.58995, 20.55615 ], [ -97.62543, 20.56357 ], [ -97.63666, 20.55371 ], [ -97.64819, 20.56631 ], [ -97.65729, 20.54507 ], [ -97.68476, 20.55426 ], [ -97.68405, 20.57251 ], [ -97.7019, 20.57186 ], [ -97.69341, 20.60268 ], [ -97.71539, 20.60908 ], [ -97.70229, 20.64111 ], [ -97.65842, 20.63793 ], [ -97.66528, 20.64135 ], [ -97.66142, 20.6582 ], [ -97.63192, 20.65605 ], [ -97.62588, 20.66945 ], [ -97.60616, 20.67068 ], [ -97.61084, 20.68806 ], [ -97.61759, 20.68742 ], [ -97.59947, 20.69755 ], [ -97.60611, 20.70348 ], [ -97.59993, 20.70529 ], [ -97.59667, 20.74056 ], [ -97.60434, 20.74745 ], [ -97.59183, 20.74505 ], [ -97.57484, 20.79617 ], [ -97.58803, 20.81167 ], [ -97.57354, 20.81279 ], [ -97.55932, 20.82676 ], [ -97.5424, 20.81826 ], [ -97.53034, 20.82333 ], [ -97.51947, 20.83766 ], [ -97.52951, 20.84656 ], [ -97.52789, 20.85786 ], [ -97.51418, 20.854 ], [ -97.5138, 20.85935 ], [ -97.4941, 20.84139 ], [ -97.48684, 20.86714 ], [ -97.46995, 20.86266 ] ] ] } },
{ "type": "Feature", "properties": { "CVEGEO": "30176", "NOM_ENT": "Veracruz de Ignacio de la Llave", "NOMGEO": "Tlacojalpan", "POB1": 4489.0, "GRADO_MAR": "Medio", "IM": 0.0, "IM_NORM": 0.0, "ANALF": 0.0, "SIN_EDUC": 0.0, "SIN_DREN": 4.29, "SIN_ELEC": 4.29, "SIN_AGUA": 13.71, "PISO_TIER": 3.86, "HACIN": 4.29, "LOC5000": 0.0, "ING2SM": 0.0, "POB_TOT": 0 }, "geometry": { "type": "Polygon", "coordinates": [ [ [ -95.91106, 18.24057 ], [ -95.91154, 18.22185 ], [ -95.89383, 18.22364 ], [ -95.88093, 18.20573 ], [ -95.87887, 18.19777 ], [ -95.88999, 18.18835 ], [ -95.91081, 18.18495 ], [ -95.91241, 18.15281 ], [ -95.89548, 18.14645 ], [ -95.90274, 18.13569 ], [ -95.91341, 18.13848 ], [ -95.91368, 18.15193 ], [ -95.92213, 18.1508 ], [ -95.92219, 18.14105 ], [ -95.92573, 18.14643 ], [ -95.93333, 18.14166 ], [ -95.93725, 18.15663 ], [ -95.95253, 18.15983 ], [ -95.98167, 18.14294 ], [ -96.00245, 18.17161 ], [ -96.01579, 18.16768 ], [ -96.00695, 18.18476 ], [ -95.98252, 18.18933 ], [ -95.97988, 18.19965 ], [ -95.99136, 18.19855 ], [ -95.99895, 18.20723 ], [ -95.97617, 18.23565 ], [ -95.99312, 18.23906 ], [ -95.99237, 18.24926 ], [ -95.97685, 18.25071 ], [ -95.96168, 18.23121 ], [ -95.97217, 18.21597 ], [ -95.9528, 18.22514 ], [ -95.9535, 18.24964 ], [ -95.91106, 18.24057 ] ] ] } },
{ "type": "Feature", "properties": { "CVEGEO": "30140", "NOM_ENT": "Veracruz de Ignacio de la Llave", "NOMGEO": "San Andrés Tenejapan", "POB1": 3134.0, "GRADO_MAR": "Alto", "IM": 0.0, "IM_NORM": 0.0, "ANALF": 0.0, "SIN_EDUC": 0.0, "SIN_DREN": 1.21, "SIN_ELEC": 1.21, "SIN_AGUA": 17.2, "PISO_TIER": 9.26, "HACIN": 1.21, "LOC5000": 0.0, "ING2SM": 0.0, "POB_TOT": 0 }, "geometry": { "type": "Polygon", "coordinates": [ [ [ -97.07521, 18.77324 ], [ -97.065, 18.75516 ], [ -97.06948, 18.74715 ], [ -97.07987, 18.75761 ], [ -97.10773, 18.75069 ], [ -97.12083, 18.78292 ], [ -97.08731, 18.79595 ], [ -97.07004, 18.78844 ], [ -97.07521, 18.77324 ] ] ] } },
{ "type": "Feature", "properties": { "CVEGEO": "30141", "NOM_ENT": "Veracruz de Ignacio de la Llave", "NOMGEO": "San Andrés Tuxtla", "POB1": 162428.0, "GRADO_MAR": "Medio", "IM": 0.0, "IM_NORM": 0.0, "ANALF": 0.0, "SIN_EDUC": 0.0, "SIN_DREN": 1.29, "SIN_ELEC": 1.29, "SIN_AGUA": 2.4, "PISO_TIER": 10.77, "HACIN": 1.29, "LOC5000": 0.0, "ING2SM": 0.0, "POB_TOT": 0 }, "geometry": { "type": "Polygon", "coordinates": [ [ [ -95.21898, 18.70298 ], [ -95.18897, 18.70974 ], [ -95.16661, 18.68699 ], [ -95.13073, 18.67429 ], [ -95.12163, 18.65249 ], [ -95.07947, 18.64169 ], [ -95.07913, 18.62826 ], [ -95.06499, 18.62235 ], [ -95.04971, 18.59963 ], [ -95.0802, 18.57645 ], [ -95.10132, 18.57153 ], [ -95.09929, 18.54955 ], [ -95.12157, 18.54736 ], [ -95.13592, 18.53479 ], [ -95.08727, 18.5285 ], [ -95.07488, 18.50048 ], [ -95.09171, 18.48932 ], [ -95.12098, 18.49575 ], [ -95.15137, 18.4919 ], [ -95.12998, 18.44622 ], [ -95.13488, 18.42274 ], [ -95.1557, 18.3944 ], [ -95.14878, 18.31858 ], [ -95.16089, 18.31548 ], [ -95.16445, 18.30012 ], [ -95.18999, 18.29422 ], [ -95.20487, 18.25637 ], [ -95.22288, 18.25861 ], [ -95.23552, 18.28166 ], [ -95.24306, 18.27693 ], [ -95.245, 18.26354 ], [ -95.20765, 18.25253 ], [ -95.21533, 18.2382 ], [ -95.23839, 18.22662 ], [ -95.25071, 18.23819 ], [ -95.29434, 18.24773 ], [ -95.28247, 18.21711 ], [ -95.29259, 18.21098 ], [ -95.30545, 18.22043 ], [ -95.31974, 18.21917 ], [ -95.31449, 18.23034 ], [ -95.32749, 18.23851 ], [ -95.33437, 18.23281 ], [ -95.35199, 18.24046 ], [ -95.35862, 18.22315 ], [ -95.36758, 18.23134 ], [ -95.37754, 18.2228 ], [ -95.40351, 18.23333 ], [ -95.41674, 18.22976 ], [ -95.42421, 18.24398 ], [ -95.43176, 18.23617 ], [ -95.43012, 18.22277 ], [ -95.4431, 18.22049 ], [ -95.4448, 18.24154 ], [ -95.43298, 18.24384 ], [ -95.42903, 18.25762 ], [ -95.39535, 18.25621 ], [ -95.38669, 18.26918 ], [ -95.37208, 18.26697 ], [ -95.37193, 18.28097 ], [ -95.35589, 18.27791 ], [ -95.34718, 18.2995 ], [ -95.33977, 18.29801 ], [ -95.34423, 18.32099 ], [ -95.3253, 18.36063 ], [ -95.33389, 18.3704 ], [ -95.3329, 18.38508 ], [ -95.31362, 18.39201 ], [ -95.31598, 18.3975 ], [ -95.28013, 18.40689 ], [ -95.27469, 18.42881 ], [ -95.26702, 18.43232 ], [ -95.27348, 18.44936 ], [ -95.2616, 18.46403 ], [ -95.26891, 18.48632 ], [ -95.2564, 18.48629 ], [ -95.25392, 18.49804 ], [ -95.23266, 18.50602 ], [ -95.23439, 18.51751 ], [ -95.26748, 18.52158 ], [ -95.2652, 18.53036 ], [ -95.28402, 18.54021 ], [ -95.27869, 18.54792 ], [ -95.28525, 18.56839 ], [ -95.3243, 18.57297 ], [ -95.32206, 18.58374 ], [ -95.30822, 18.58546 ], [ -95.3058, 18.59751 ], [ -95.29845, 18.5903 ], [ -95.29381, 18.59598 ], [ -95.26934, 18.59155 ], [ -95.26055, 18.5998 ], [ -95.28424, 18.60277 ], [ -95.28744, 18.61591 ], [ -95.29956, 18.6215 ], [ -95.29274, 18.6245 ], [ -95.28612, 18.66407 ], [ -95.29496, 18.66527 ], [ -95.2923, 18.68084 ], [ -95.30156, 18.69681 ], [ -95.29449, 18.70697 ], [ -95.2857, 18.70562 ], [ -95.2873, 18.71525 ], [ -95.21898, 18.70298 ] ] ] } },
{ "type": "Feature", "properties": { "CVEGEO": "30142", "NOM_ENT": "Veracruz de Ignacio de la Llave", "NOMGEO": "San Juan Evangelista", "POB1": 32631.0, "GRADO_MAR": "Medio", "IM": 0.0, "IM_NORM": 0.0, "ANALF": 0.0, "SIN_EDUC": 0.0, "SIN_DREN": 2.78, "SIN_ELEC": 2.78, "SIN_AGUA": 11.1, "PISO_TIER": 3.59, "HACIN": 2.78, "LOC5000": 0.0, "ING2SM": 0.0, "POB_TOT": 0 }, "geometry": { "type": "Polygon", "coordinates": [ [ [ -95.16842, 17.95817 ], [ -95.14814, 17.94205 ], [ -95.13112, 17.94456 ], [ -95.13385, 17.96823 ], [ -95.09686, 17.95588 ], [ -95.09696, 17.97275 ], [ -95.0849, 17.97616 ], [ -95.05826, 17.97431 ], [ -95.0533, 17.96022 ], [ -95.01011, 17.96427 ], [ -95.00132, 17.9558 ], [ -95.01022, 17.95298 ], [ -95.00767, 17.92704 ], [ -95.01658, 17.91558 ], [ -95.02268, 17.91816 ], [ -95.01955, 17.89866 ], [ -95.03411, 17.88875 ], [ -95.02587, 17.86064 ], [ -95.03695, 17.84058 ], [ -95.02765, 17.82501 ], [ -95.04831, 17.82058 ], [ -95.04706, 17.80469 ], [ -95.07741, 17.78185 ], [ -95.05062, 17.77263 ], [ -95.04555, 17.76327 ], [ -95.02646, 17.77992 ], [ -95.03828, 17.75154 ], [ -94.98565, 17.72148 ], [ -94.93779, 17.70544 ], [ -94.94691, 17.69661 ], [ -94.94415, 17.68625 ], [ -94.95381, 17.68801 ], [ -94.94601, 17.67643 ], [ -94.90514, 17.68783 ], [ -94.91499, 17.63329 ], [ -94.90614, 17.62118 ], [ -94.88904, 17.62378 ], [ -94.87884, 17.61451 ], [ -94.88968, 17.59396 ], [ -94.90753, 17.60559 ], [ -94.91046, 17.61997 ], [ -94.96206, 17.63518 ], [ -94.96962, 17.65474 ], [ -94.99792, 17.65823 ], [ -94.99792, 17.6718 ], [ -95.00811, 17.66872 ], [ -95.01445, 17.67634 ], [ -95.01308, 17.69065 ], [ -95.02322, 17.68563 ], [ -95.02884, 17.71581 ], [ -95.05836, 17.71983 ], [ -95.06466, 17.70127 ], [ -95.05631, 17.70035 ], [ -95.0463, 17.66432 ], [ -95.03079, 17.66596 ], [ -95.02711, 17.6548 ], [ -95.00661, 17.6518 ], [ -95.00677, 17.63394 ], [ -95.05602, 17.6537 ], [ -95.06992, 17.63539 ], [ -95.07608, 17.58111 ], [ -95.05999, 17.5711 ], [ -95.08283, 17.57343 ], [ -95.12445, 17.55951 ], [ -95.15183, 17.56272 ], [ -95.17217, 17.55685 ], [ -95.17627, 17.54596 ], [ -95.19778, 17.54594 ], [ -95.20459, 17.53867 ], [ -95.25333, 17.6081 ], [ -95.26475, 17.60156 ], [ -95.27894, 17.61362 ], [ -95.27021, 17.61574 ], [ -95.27125, 17.62473 ], [ -95.2484, 17.62558 ], [ -95.25899, 17.62901 ], [ -95.24822, 17.64598 ], [ -95.24193, 17.63496 ], [ -95.21844, 17.63933 ], [ -95.20707, 17.65435 ], [ -95.2012, 17.64741 ], [ -95.19512, 17.65485 ], [ -95.18812, 17.6507 ], [ -95.18243, 17.69106 ], [ -95.23891, 17.73926 ], [ -95.25867, 17.72854 ], [ -95.26902, 17.74093 ], [ -95.26717, 17.71671 ], [ -95.27919, 17.72189 ], [ -95.29224, 17.71242 ], [ -95.2978, 17.72214 ], [ -95.30996, 17.70855 ], [ -95.3066, 17.69715 ], [ -95.31664, 17.69758 ], [ -95.33747, 17.67378 ], [ -95.34267, 17.68334 ], [ -95.36231, 17.67486 ], [ -95.38511, 17.69176 ], [ -95.41447, 17.6969 ], [ -95.41912, 17.70978 ], [ -95.41031, 17.71549 ], [ -95.42857, 17.72545 ], [ -95.42398, 17.73206 ], [ -95.43506, 17.75123 ], [ -95.42021, 17.77824 ], [ -95.38425, 17.79645 ], [ -95.37292, 17.79568 ], [ -95.36677, 17.78418 ], [ -95.35725, 17.78604 ], [ -95.3634, 17.79985 ], [ -95.35013, 17.79822 ], [ -95.34772, 17.81697 ], [ -95.29902, 17.80525 ], [ -95.31078, 17.79656 ], [ -95.30196, 17.79005 ], [ -95.29216, 17.80412 ], [ -95.27838, 17.80728 ], [ -95.28323, 17.84048 ], [ -95.27464, 17.85383 ], [ -95.28533, 17.87033 ], [ -95.25987, 17.88068 ], [ -95.23638, 17.87422 ], [ -95.23487, 17.8924 ], [ -95.24607, 17.90135 ], [ -95.24147, 17.91334 ], [ -95.24798, 17.92186 ], [ -95.23744, 17.944 ], [ -95.24428, 17.97838 ], [ -95.23713, 17.98156 ], [ -95.22213, 17.97098 ], [ -95.20816, 17.98592 ], [ -95.16796, 17.98067 ], [ -95.16842, 17.95817 ] ] ] } },
{ "type": "Feature", "properties": { "CVEGEO": "30143", "NOM_ENT": "Veracruz de Ignacio de la Llave", "NOMGEO": "Santiago Tuxtla", "POB1": 57085.0, "GRADO_MAR": "Medio", "IM": 0.0, "IM_NORM": 0.0, "ANALF": 0.0, "SIN_EDUC": 0.0, "SIN_DREN": 3.42, "SIN_ELEC": 3.42, "SIN_AGUA": 3.8, "PISO_TIER": 5.84, "HACIN": 3.42, "LOC5000": 0.0, "ING2SM": 0.0, "POB_TOT": 0 }, "geometry": { "type": "Polygon", "coordinates": [ [ [ -95.28525, 18.56839 ], [ -95.27869, 18.54792 ], [ -95.28402, 18.54021 ], [ -95.2652, 18.53036 ], [ -95.26748, 18.52158 ], [ -95.23439, 18.51751 ], [ -95.23266, 18.50602 ], [ -95.25392, 18.49804 ], [ -95.2564, 18.48629 ], [ -95.26476, 18.48794 ], [ -95.26891, 18.48632 ], [ -95.2616, 18.46403 ], [ -95.27348, 18.44936 ], [ -95.26702, 18.43232 ], [ -95.27494, 18.42831 ], [ -95.27427, 18.41469 ], [ -95.2848, 18.40178 ], [ -95.3107, 18.39953 ], [ -95.32191, 18.38597 ], [ -95.3329, 18.38508 ], [ -95.33389, 18.3704 ], [ -95.32539, 18.35998 ], [ -95.34423, 18.32099 ], [ -95.33977, 18.29801 ], [ -95.34718, 18.2995 ], [ -95.35589, 18.27791 ], [ -95.37193, 18.28097 ], [ -95.37208, 18.26697 ], [ -95.38669, 18.26918 ], [ -95.39535, 18.25621 ], [ -95.42903, 18.25762 ], [ -95.43298, 18.24384 ], [ -95.45839, 18.25175 ], [ -95.45097, 18.2624 ], [ -95.46374, 18.26102 ], [ -95.46438, 18.26813 ], [ -95.47225, 18.25 ], [ -95.50242, 18.23748 ], [ -95.51559, 18.25385 ], [ -95.50927, 18.26728 ], [ -95.49466, 18.2734 ], [ -95.50725, 18.28435 ], [ -95.50555, 18.31786 ], [ -95.5328, 18.32177 ], [ -95.54266, 18.33354 ], [ -95.52521, 18.33555 ], [ -95.52625, 18.36186 ], [ -95.50848, 18.36717 ], [ -95.51424, 18.39742 ], [ -95.50298, 18.41306 ], [ -95.51779, 18.41551 ], [ -95.51679, 18.42683 ], [ -95.51022, 18.42654 ], [ -95.52137, 18.44167 ], [ -95.51789, 18.45833 ], [ -95.5355, 18.46319 ], [ -95.52534, 18.47365 ], [ -95.54499, 18.48026 ], [ -95.52684, 18.48929 ], [ -95.50982, 18.4717 ], [ -95.49612, 18.47695 ], [ -95.47519, 18.46925 ], [ -95.47029, 18.47983 ], [ -95.44407, 18.48656 ], [ -95.44098, 18.50253 ], [ -95.42713, 18.50127 ], [ -95.42649, 18.49111 ], [ -95.41575, 18.48737 ], [ -95.40122, 18.4952 ], [ -95.3804, 18.48917 ], [ -95.3822, 18.50496 ], [ -95.34963, 18.50669 ], [ -95.34863, 18.51399 ], [ -95.32836, 18.51771 ], [ -95.33276, 18.52673 ], [ -95.31368, 18.55417 ], [ -95.32664, 18.5725 ], [ -95.28525, 18.56839 ] ] ] } },
{ "type": "Feature", "properties": { "CVEGEO": "30144", "NOM_ENT": "Veracruz de Ignacio de la Llave", "NOMGEO": "Sayula de Alemán", "POB1": 32400.0, "GRADO_MAR": "Medio", "IM": 0.0, "IM_NORM": 0.0, "ANALF": 0.0, "SIN_EDUC": 0.0, "SIN_DREN": 2.35, "SIN_ELEC": 2.35, "SIN_AGUA": 14.89, "PISO_TIER": 4.69, "HACIN": 2.35, "LOC5000": 0.0, "ING2SM": 0.0, "POB_TOT": 0 }, "geometry": { "type": "Polygon", "coordinates": [ [ [ -94.98615, 17.92583 ], [ -94.98253, 17.90766 ], [ -94.95548, 17.92884 ], [ -94.95632, 17.92213 ], [ -94.9303, 17.92144 ], [ -94.93923, 17.90997 ], [ -94.91701, 17.9113 ], [ -94.92, 17.90225 ], [ -94.94482, 17.90298 ], [ -94.94956, 17.89645 ], [ -94.92919, 17.8905 ], [ -94.9351, 17.87925 ], [ -94.92971, 17.87014 ], [ -94.91071, 17.86022 ], [ -94.91145, 17.85118 ], [ -94.89554, 17.84745 ], [ -94.89987, 17.84034 ], [ -94.88388, 17.83691 ], [ -94.89134, 17.79988 ], [ -94.8755, 17.7803 ], [ -94.84059, 17.77735 ], [ -94.83916, 17.76382 ], [ -94.85205, 17.75821 ], [ -94.87689, 17.7629 ], [ -94.87978, 17.75074 ], [ -94.86557, 17.73971 ], [ -94.83129, 17.7382 ], [ -94.81913, 17.72996 ], [ -94.83129, 17.71405 ], [ -94.82409, 17.70296 ], [ -94.82826, 17.69751 ], [ -94.80986, 17.68549 ], [ -94.80354, 17.66338 ], [ -94.81204, 17.64072 ], [ -94.80423, 17.63843 ], [ -94.80648, 17.61873 ], [ -94.80044, 17.61803 ], [ -94.80492, 17.5834 ], [ -94.84174, 17.59048 ], [ -94.8653, 17.57951 ], [ -94.9078, 17.5784 ], [ -94.92362, 17.56864 ], [ -94.93952, 17.57845 ], [ -94.99261, 17.57307 ], [ -95.00021, 17.57944 ], [ -95.02777, 17.56323 ], [ -95.07607, 17.57847 ], [ -95.06692, 17.646 ], [ -95.05602, 17.6537 ], [ -95.00884, 17.63278 ], [ -95.00589, 17.63745 ], [ -95.00661, 17.6518 ], [ -95.02711, 17.6548 ], [ -95.03079, 17.66596 ], [ -95.0463, 17.66432 ], [ -95.05631, 17.70035 ], [ -95.06466, 17.70127 ], [ -95.05836, 17.71983 ], [ -95.02884, 17.71581 ], [ -95.02322, 17.68563 ], [ -95.01308, 17.69065 ], [ -95.01445, 17.67634 ], [ -95.00811, 17.66872 ], [ -94.99792, 17.6718 ], [ -94.99792, 17.65823 ], [ -94.96962, 17.65474 ], [ -94.96206, 17.63518 ], [ -94.91046, 17.61997 ], [ -94.89925, 17.59612 ], [ -94.89009, 17.59376 ], [ -94.88682, 17.60364 ], [ -94.87995, 17.60308 ], [ -94.87884, 17.61451 ], [ -94.88646, 17.61476 ], [ -94.88796, 17.62329 ], [ -94.90235, 17.61964 ], [ -94.91499, 17.63329 ], [ -94.90514, 17.68783 ], [ -94.94601, 17.67643 ], [ -94.95381, 17.68801 ], [ -94.94415, 17.68625 ], [ -94.94691, 17.69661 ], [ -94.93779, 17.70544 ], [ -94.98565, 17.72148 ], [ -95.03828, 17.75154 ], [ -95.02646, 17.77992 ], [ -95.04555, 17.76327 ], [ -95.05062, 17.77263 ], [ -95.07741, 17.78185 ], [ -95.04706, 17.80469 ], [ -95.04831, 17.82058 ], [ -95.02765, 17.82501 ], [ -95.03695, 17.84058 ], [ -95.02587, 17.86064 ], [ -95.03411, 17.88875 ], [ -95.01955, 17.89866 ], [ -95.02268, 17.91816 ], [ -94.99692, 17.93075 ], [ -94.98615, 17.92583 ] ] ] } },
{ "type": "Feature", "properties": { "CVEGEO": "30145", "NOM_ENT": "Veracruz de Ignacio de la Llave", "NOMGEO": "Soconusco", "POB1": 16574.0, "GRADO_MAR": "Bajo", "IM": 0.0, "IM_NORM": 0.0, "ANALF": 0.0, "SIN_EDUC": 0.0, "SIN_DREN": 0.45, "SIN_ELEC": 0.45, "SIN_AGUA": 12.32, "PISO_TIER": 2.32, "HACIN": 0.45, "LOC5000": 0.0, "ING2SM": 0.0, "POB_TOT": 0 }, "geometry": { "type": "Polygon", "coordinates": [ [ [ -94.81221, 18.05087 ], [ -94.81959, 18.04328 ], [ -94.81821, 18.04142 ], [ -94.80025, 18.04123 ], [ -94.78981, 18.02433 ], [ -94.76908, 18.02668 ], [ -94.76274, 17.99692 ], [ -94.78133, 17.99963 ], [ -94.78341, 17.98398 ], [ -94.85102, 17.95563 ], [ -94.89053, 17.95247 ], [ -94.90752, 17.95887 ], [ -94.91187, 17.97128 ], [ -94.89924, 17.97152 ], [ -94.89407, 17.99859 ], [ -94.87234, 17.98703 ], [ -94.85021, 17.99306 ], [ -94.87203, 18.035 ], [ -94.86819, 18.04194 ], [ -94.85451, 18.03966 ], [ -94.85984, 18.05255 ], [ -94.81862, 18.05851 ], [ -94.81221, 18.05087 ] ] ] } },
{ "type": "Feature", "properties": { "CVEGEO": "30146", "NOM_ENT": "Veracruz de Ignacio de la Llave", "NOMGEO": "Sochiapa", "POB1": 3925.0, "GRADO_MAR": "Medio", "IM": 0.0, "IM_NORM": 0.0, "ANALF": 0.0, "SIN_EDUC": 0.0, "SIN_DREN": 1.53, "SIN_ELEC": 1.53, "SIN_AGUA": 0.66, "PISO_TIER": 2.57, "HACIN": 1.53, "LOC5000": 0.0, "ING2SM": 0.0, "POB_TOT": 0 }, "geometry": { "type": "Polygon", "coordinates": [ [ [ -96.92351, 19.19319 ], [ -96.90797, 19.16531 ], [ -96.88601, 19.15818 ], [ -96.88462, 19.14093 ], [ -96.92631, 19.1594 ], [ -96.94233, 19.18216 ], [ -96.95923, 19.18531 ], [ -96.94535, 19.20147 ], [ -96.92351, 19.19319 ] ] ] } },
{ "type": "Feature", "properties": { "CVEGEO": "30147", "NOM_ENT": "Veracruz de Ignacio de la Llave", "NOMGEO": "Soledad Atzompa", "POB1": 24578.0, "GRADO_MAR": "Muy alto", "IM": 0.0, "IM_NORM": 0.0, "ANALF": 0.0, "SIN_EDUC": 0.0, "SIN_DREN": 0.43, "SIN_ELEC": 0.43, "SIN_AGUA": 3.57, "PISO_TIER": 36.0, "HACIN": 0.43, "LOC5000": 0.0, "ING2SM": 0.0, "POB_TOT": 0 }, "geometry": { "type": "Polygon", "coordinates": [ [ [ -97.19456, 18.7711 ], [ -97.19588, 18.75871 ], [ -97.1877, 18.75704 ], [ -97.13063, 18.76554 ], [ -97.13589, 18.68386 ], [ -97.15129, 18.67219 ], [ -97.15964, 18.68516 ], [ -97.16881, 18.68554 ], [ -97.18537, 18.66776 ], [ -97.17789, 18.65873 ], [ -97.1713, 18.6643 ], [ -97.15654, 18.6603 ], [ -97.20848, 18.63348 ], [ -97.2438, 18.64692 ], [ -97.24028, 18.66626 ], [ -97.22775, 18.66823 ], [ -97.23062, 18.6811 ], [ -97.2193, 18.69114 ], [ -97.22922, 18.69164 ], [ -97.2335, 18.70202 ], [ -97.21576, 18.72033 ], [ -97.22367, 18.73194 ], [ -97.20882, 18.7445 ], [ -97.22534, 18.75828 ], [ -97.20413, 18.77762 ], [ -97.19456, 18.7711 ] ] ] } },
{ "type": "Feature", "properties": { "CVEGEO": "30148", "NOM_ENT": "Veracruz de Ignacio de la Llave", "NOMGEO": "Soledad de Doblado", "POB1": 28130.0, "GRADO_MAR": "Bajo", "IM": 0.0, "IM_NORM": 0.0, "ANALF": 0.0, "SIN_EDUC": 0.0, "SIN_DREN": 2.81, "SIN_ELEC": 2.81, "SIN_AGUA": 1.01, "PISO_TIER": 2.19, "HACIN": 2.81, "LOC5000": 0.0, "ING2SM": 0.0, "POB_TOT": 0 }, "geometry": { "type": "Polygon", "coordinates": [ [ [ -96.44823, 19.17182 ], [ -96.41881, 19.16638 ], [ -96.40054, 19.17296 ], [ -96.4155, 19.1495 ], [ -96.40429, 19.14401 ], [ -96.40736, 19.13387 ], [ -96.3986, 19.13533 ], [ -96.39715, 19.09289 ], [ -96.37511, 19.09363 ], [ -96.38129, 19.0857 ], [ -96.37185, 19.0756 ], [ -96.37829, 19.06514 ], [ -96.39063, 19.04773 ], [ -96.41105, 19.03974 ], [ -96.39599, 19.03792 ], [ -96.39918, 19.03229 ], [ -96.38985, 19.02507 ], [ -96.34169, 19.01667 ], [ -96.33444, 19.00289 ], [ -96.31988, 18.9994 ], [ -96.32457, 18.97802 ], [ -96.31416, 18.97432 ], [ -96.32598, 18.96326 ], [ -96.35009, 18.97465 ], [ -96.35681, 18.95837 ], [ -96.37272, 18.94575 ], [ -96.39288, 18.94346 ], [ -96.39605, 18.93571 ], [ -96.42651, 18.94445 ], [ -96.43397, 18.93701 ], [ -96.45001, 18.94928 ], [ -96.46222, 18.93913 ], [ -96.492, 18.93403 ], [ -96.51972, 18.95205 ], [ -96.53303, 18.9524 ], [ -96.5382, 18.96203 ], [ -96.55723, 18.96552 ], [ -96.55982, 18.97465 ], [ -96.52863, 18.97826 ], [ -96.52485, 18.99126 ], [ -96.50994, 18.99706 ], [ -96.48766, 18.98647 ], [ -96.49192, 19.01864 ], [ -96.49028, 19.0298 ], [ -96.48251, 19.02974 ], [ -96.48246, 19.04492 ], [ -96.50335, 19.05091 ], [ -96.50402, 19.03891 ], [ -96.51409, 19.04751 ], [ -96.52935, 19.0438 ], [ -96.54234, 19.05708 ], [ -96.54522, 19.0517 ], [ -96.54943, 19.05822 ], [ -96.56611, 19.05653 ], [ -96.58425, 19.07157 ], [ -96.56139, 19.07405 ], [ -96.55715, 19.0789 ], [ -96.56399, 19.08038 ], [ -96.56768, 19.10076 ], [ -96.54624, 19.10574 ], [ -96.57027, 19.11891 ], [ -96.57377, 19.13304 ], [ -96.49457, 19.13608 ], [ -96.50295, 19.15574 ], [ -96.4896, 19.17825 ], [ -96.44573, 19.18765 ], [ -96.44823, 19.17182 ] ] ] } },
{ "type": "Feature", "properties": { "CVEGEO": "30149", "NOM_ENT": "Veracruz de Ignacio de la Llave", "NOMGEO": "Soteapan", "POB1": 34385.0, "GRADO_MAR": "Muy alto", "IM": 0.0, "IM_NORM": 0.0, "ANALF": 0.0, "SIN_EDUC": 0.0, "SIN_DREN": 4.97, "SIN_ELEC": 4.97, "SIN_AGUA": 1.87, "PISO_TIER": 22.86, "HACIN": 4.97, "LOC5000": 0.0, "ING2SM": 0.0, "POB_TOT": 0 }, "geometry": { "type": "Polygon", "coordinates": [ [ [ -94.82908, 18.37845 ], [ -94.81747, 18.36853 ], [ -94.83386, 18.34942 ], [ -94.83745, 18.32053 ], [ -94.81443, 18.265 ], [ -94.8511, 18.2595 ], [ -94.85915, 18.2427 ], [ -94.85271, 18.22574 ], [ -94.86075, 18.2245 ], [ -94.85127, 18.19158 ], [ -94.84167, 18.19426 ], [ -94.84328, 18.15949 ], [ -94.79726, 18.15521 ], [ -94.79619, 18.12664 ], [ -94.81535, 18.12919 ], [ -94.81869, 18.11713 ], [ -94.83321, 18.12395 ], [ -94.84276, 18.09985 ], [ -94.85257, 18.10164 ], [ -94.85958, 18.09196 ], [ -94.84767, 18.08537 ], [ -94.84573, 18.09153 ], [ -94.84253, 18.08598 ], [ -94.80418, 18.08649 ], [ -94.79517, 18.07217 ], [ -94.81221, 18.05087 ], [ -94.82049, 18.06111 ], [ -94.86422, 18.05498 ], [ -94.87799, 18.07045 ], [ -94.8841, 18.10709 ], [ -94.92172, 18.11247 ], [ -94.91399, 18.11859 ], [ -94.91765, 18.12887 ], [ -94.93759, 18.14109 ], [ -94.99162, 18.10846 ], [ -94.99228, 18.12982 ], [ -94.96165, 18.15941 ], [ -94.96738, 18.17423 ], [ -94.95817, 18.19394 ], [ -94.96486, 18.20405 ], [ -94.9595, 18.23216 ], [ -94.97631, 18.22572 ], [ -94.98186, 18.23199 ], [ -94.98051, 18.24676 ], [ -94.98669, 18.2455 ], [ -94.98809, 18.25439 ], [ -94.98056, 18.2738 ], [ -94.99386, 18.25896 ], [ -94.99896, 18.26118 ], [ -94.99197, 18.28415 ], [ -95.0019, 18.30637 ], [ -94.98721, 18.31156 ], [ -94.99578, 18.32627 ], [ -95.01711, 18.31934 ], [ -95.03167, 18.32654 ], [ -95.02595, 18.33751 ], [ -95.00375, 18.34786 ], [ -94.98535, 18.34677 ], [ -94.973, 18.36387 ], [ -94.94601, 18.3655 ], [ -94.93858, 18.35684 ], [ -94.91638, 18.35402 ], [ -94.90489, 18.3612 ], [ -94.89917, 18.35414 ], [ -94.89539, 18.36859 ], [ -94.88024, 18.37181 ], [ -94.86917, 18.38958 ], [ -94.85969, 18.38688 ], [ -94.85749, 18.39922 ], [ -94.8333, 18.40394 ], [ -94.82908, 18.37845 ] ] ] } },
{ "type": "Feature", "properties": { "CVEGEO": "30150", "NOM_ENT": "Veracruz de Ignacio de la Llave", "NOMGEO": "Tamalín", "POB1": 11631.0, "GRADO_MAR": "Medio", "IM": 0.0, "IM_NORM": 0.0, "ANALF": 0.0, "SIN_EDUC": 0.0, "SIN_DREN": 1.31, "SIN_ELEC": 1.31, "SIN_AGUA": 18.01, "PISO_TIER": 8.73, "HACIN": 1.31, "LOC5000": 0.0, "ING2SM": 0.0, "POB_TOT": 0 }, "geometry": { "type": "MultiPolygon", "coordinates": [ [ [ [ -97.79521, 21.32602 ], [ -97.80847, 21.32049 ], [ -97.8213, 21.32554 ], [ -97.82083, 21.34834 ], [ -97.79593, 21.36693 ], [ -97.77466, 21.3622 ], [ -97.79521, 21.32602 ] ] ], [ [ [ -97.76016, 21.42364 ], [ -97.75203, 21.41475 ], [ -97.76212, 21.40645 ], [ -97.79334, 21.42052 ], [ -97.80184, 21.41701 ], [ -97.77979, 21.43839 ], [ -97.76343, 21.43408 ], [ -97.75198, 21.44559 ], [ -97.74851, 21.43577 ], [ -97.76016, 21.42364 ] ] ], [ [ [ -97.53052, 21.58085 ], [ -97.51308, 21.467 ], [ -97.52508, 21.4265 ], [ -97.54441, 21.42051 ], [ -97.5292, 21.41954 ], [ -97.51978, 21.40779 ], [ -97.55245, 21.39901 ], [ -97.55763, 21.38349 ], [ -97.5659, 21.38848 ], [ -97.57491, 21.38292 ], [ -97.57657, 21.39295 ], [ -97.58691, 21.39046 ], [ -97.58549, 21.39644 ], [ -97.59843, 21.4 ], [ -97.59672, 21.41302 ], [ -97.58102, 21.40456 ], [ -97.5621, 21.41288 ], [ -97.57201, 21.42211 ], [ -97.56425, 21.44273 ], [ -97.56801, 21.46422 ], [ -97.60639, 21.49923 ], [ -97.61184, 21.47167 ], [ -97.63224, 21.49182 ], [ -97.65183, 21.47845 ], [ -97.64575, 21.4778 ], [ -97.64926, 21.46873 ], [ -97.65366, 21.47379 ], [ -97.66393, 21.46505 ], [ -97.68876, 21.47193 ], [ -97.69984, 21.46727 ], [ -97.70696, 21.46864 ], [ -97.70639, 21.47777 ], [ -97.7122, 21.46567 ], [ -97.72295, 21.4655 ], [ -97.73931, 21.44987 ], [ -97.7593, 21.4488 ], [ -97.76238, 21.45694 ], [ -97.73853, 21.48784 ], [ -97.75727, 21.48361 ], [ -97.77198, 21.48915 ], [ -97.77034, 21.49586 ], [ -97.74284, 21.50462 ], [ -97.75095, 21.51501 ], [ -97.75012, 21.53461 ], [ -97.72689, 21.54509 ], [ -97.72791, 21.55292 ], [ -97.71315, 21.56543 ], [ -97.72715, 21.57429 ], [ -97.72047, 21.58153 ], [ -97.72765, 21.58937 ], [ -97.72404, 21.60574 ], [ -97.69558, 21.61857 ], [ -97.66806, 21.60491 ], [ -97.6432, 21.6268 ], [ -97.53052, 21.58085 ] ] ] ] } },
{ "type": "Feature", "properties": { "CVEGEO": "30151", "NOM_ENT": "Veracruz de Ignacio de la Llave", "NOMGEO": "Tamiahua", "POB1": 21902.0, "GRADO_MAR": "Alto", "IM": 0.0, "IM_NORM": 0.0, "ANALF": 0.0, "SIN_EDUC": 0.0, "SIN_DREN": 2.6, "SIN_ELEC": 2.6, "SIN_AGUA": 41.56, "PISO_TIER": 3.44, "HACIN": 2.6, "LOC5000": 0.0, "ING2SM": 0.0, "POB_TOT": 0 }, "geometry": { "type": "MultiPolygon", "coordinates": [ [ [ [ -97.22503, 21.46873 ], [ -97.2304, 21.46864 ], [ -97.22849, 21.47267 ], [ -97.22131, 21.4766 ], [ -97.22503, 21.46873 ] ] ], [ [ [ -97.4887, 21.57665 ], [ -97.48826, 21.56875 ], [ -97.38741, 21.53654 ], [ -97.33036, 21.56036 ], [ -97.33182, 21.51011 ], [ -97.37528, 21.39921 ], [ -97.41059, 21.33783 ], [ -97.42039, 21.29394 ], [ -97.41638, 21.2147 ], [ -97.36424, 21.09796 ], [ -97.36733, 21.09659 ], [ -97.38793, 21.13317 ], [ -97.40132, 21.13124 ], [ -97.41557, 21.10721 ], [ -97.41538, 21.11491 ], [ -97.43262, 21.11586 ], [ -97.45118, 21.13656 ], [ -97.4679, 21.13942 ], [ -97.51266, 21.12234 ], [ -97.53763, 21.12461 ], [ -97.55662, 21.10538 ], [ -97.56781, 21.10513 ], [ -97.59383, 21.13861 ], [ -97.61071, 21.13929 ], [ -97.60909, 21.15266 ], [ -97.61464, 21.149 ], [ -97.62996, 21.15885 ], [ -97.63704, 21.18369 ], [ -97.67179, 21.18838 ], [ -97.68523, 21.19868 ], [ -97.69901, 21.19634 ], [ -97.69977, 21.18962 ], [ -97.71223, 21.19644 ], [ -97.71242, 21.20535 ], [ -97.69181, 21.22059 ], [ -97.70498, 21.23223 ], [ -97.70378, 21.24299 ], [ -97.69664, 21.25346 ], [ -97.66475, 21.25799 ], [ -97.65798, 21.28496 ], [ -97.63917, 21.29251 ], [ -97.64508, 21.28633 ], [ -97.61603, 21.28307 ], [ -97.60574, 21.29555 ], [ -97.58322, 21.29604 ], [ -97.59374, 21.29837 ], [ -97.59409, 21.30687 ], [ -97.58149, 21.33502 ], [ -97.58498, 21.35863 ], [ -97.55916, 21.37254 ], [ -97.56235, 21.38155 ], [ -97.55245, 21.39901 ], [ -97.52013, 21.40639 ], [ -97.5292, 21.41954 ], [ -97.54448, 21.42199 ], [ -97.52508, 21.4265 ], [ -97.51329, 21.46524 ], [ -97.53052, 21.58089 ], [ -97.4887, 21.57665 ] ] ] ] } },
{ "type": "Feature", "properties": { "CVEGEO": "30152", "NOM_ENT": "Veracruz de Ignacio de la Llave", "NOMGEO": "Tampico Alto", "POB1": 11561.0, "GRADO_MAR": "Alto", "IM": 0.0, "IM_NORM": 0.0, "ANALF": 0.0, "SIN_EDUC": 0.0, "SIN_DREN": 2.91, "SIN_ELEC": 2.91, "SIN_AGUA": 23.43, "PISO_TIER": 3.83, "HACIN": 2.91, "LOC5000": 0.0, "ING2SM": 0.0, "POB_TOT": 0 }, "geometry": { "type": "Polygon", "coordinates": [ [ [ -97.73088, 22.01533 ], [ -97.61323, 21.83087 ], [ -97.52192, 21.72936 ], [ -97.43225, 21.6509 ], [ -97.34358, 21.58769 ], [ -97.3279, 21.56716 ], [ -97.33021, 21.55844 ], [ -97.34252, 21.5591 ], [ -97.38741, 21.53654 ], [ -97.46039, 21.59728 ], [ -97.49343, 21.63878 ], [ -97.50628, 21.66858 ], [ -97.54476, 21.69896 ], [ -97.56448, 21.73354 ], [ -97.58625, 21.74324 ], [ -97.60743, 21.77442 ], [ -97.62066, 21.77995 ], [ -97.62799, 21.81191 ], [ -97.63774, 21.82217 ], [ -97.63684, 21.84239 ], [ -97.67788, 21.92148 ], [ -97.71664, 21.90698 ], [ -97.72002, 21.91567 ], [ -97.75815, 21.92148 ], [ -97.76031, 21.93145 ], [ -97.81848, 21.92296 ], [ -97.82251, 21.93741 ], [ -97.8337, 21.93652 ], [ -97.83353, 21.94779 ], [ -97.84233, 21.93909 ], [ -97.84823, 21.94803 ], [ -97.85472, 21.93959 ], [ -97.85066, 21.93216 ], [ -97.8572, 21.93448 ], [ -97.86732, 21.91558 ], [ -97.87725, 21.90831 ], [ -97.89141, 21.91311 ], [ -97.89735, 21.9056 ], [ -97.90427, 21.91541 ], [ -97.92346, 21.9173 ], [ -97.91978, 21.93539 ], [ -97.92647, 21.93886 ], [ -98.05865, 21.94869 ], [ -98.05038, 21.95011 ], [ -98.04226, 21.97271 ], [ -98.05585, 21.97357 ], [ -98.06337, 21.98536 ], [ -98.05941, 21.99301 ], [ -98.07359, 21.99631 ], [ -98.07986, 22.01229 ], [ -98.06502, 22.02384 ], [ -98.04911, 22.01356 ], [ -98.02175, 22.0317 ], [ -98.0281, 22.05343 ], [ -98.01714, 22.05019 ], [ -98.00655, 22.06982 ], [ -97.97811, 22.07952 ], [ -97.98332, 22.10126 ], [ -97.97324, 22.12393 ], [ -97.9369, 22.12133 ], [ -97.93485, 22.10593 ], [ -97.95291, 22.07725 ], [ -97.92252, 22.07062 ], [ -97.91945, 22.08356 ], [ -97.9061, 22.09346 ], [ -97.88722, 22.08859 ], [ -97.89464, 22.09383 ], [ -97.89723, 22.1197 ], [ -97.88175, 22.1373 ], [ -97.86002, 22.148 ], [ -97.84601, 22.14266 ], [ -97.83697, 22.15224 ], [ -97.80732, 22.15333 ], [ -97.78523, 22.16627 ], [ -97.73088, 22.01533 ] ] ] } },
{ "type": "Feature", "properties": { "CVEGEO": "30153", "NOM_ENT": "Veracruz de Ignacio de la Llave", "NOMGEO": "Tancoco", "POB1": 5795.0, "GRADO_MAR": "Medio", "IM": 0.0, "IM_NORM": 0.0, "ANALF": 0.0, "SIN_EDUC": 0.0, "SIN_DREN": 0.59, "SIN_ELEC": 0.59, "SIN_AGUA": 9.62, "PISO_TIER": 5.01, "HACIN": 0.59, "LOC5000": 0.0, "ING2SM": 0.0, "POB_TOT": 0 }, "geometry": { "type": "Polygon", "coordinates": [ [ [ -97.77317, 21.32908 ], [ -97.74497, 21.26738 ], [ -97.72594, 21.26437 ], [ -97.71582, 21.25312 ], [ -97.7067, 21.26113 ], [ -97.71836, 21.26445 ], [ -97.71536, 21.26893 ], [ -97.67711, 21.26797 ], [ -97.66976, 21.28811 ], [ -97.67681, 21.28305 ], [ -97.68555, 21.29119 ], [ -97.66964, 21.30485 ], [ -97.65769, 21.28006 ], [ -97.66475, 21.25799 ], [ -97.69664, 21.25346 ], [ -97.70555, 21.23458 ], [ -97.69181, 21.22059 ], [ -97.71527, 21.19919 ], [ -97.74901, 21.20842 ], [ -97.75011, 21.22025 ], [ -97.7921, 21.23949 ], [ -97.82217, 21.21717 ], [ -97.82674, 21.23078 ], [ -97.8292, 21.22327 ], [ -97.83322, 21.23089 ], [ -97.85547, 21.22312 ], [ -97.87079, 21.23548 ], [ -97.87208, 21.2695 ], [ -97.86607, 21.26873 ], [ -97.86284, 21.2842 ], [ -97.84718, 21.28662 ], [ -97.84988, 21.2978 ], [ -97.83451, 21.29923 ], [ -97.8299, 21.31283 ], [ -97.81602, 21.31305 ], [ -97.78463, 21.33395 ], [ -97.77317, 21.32908 ] ] ] } },
{ "type": "Feature", "properties": { "CVEGEO": "30154", "NOM_ENT": "Veracruz de Ignacio de la Llave", "NOMGEO": "Tantima", "POB1": 11991.0, "GRADO_MAR": "Alto", "IM": 0.0, "IM_NORM": 0.0, "ANALF": 0.0, "SIN_EDUC": 0.0, "SIN_DREN": 1.38, "SIN_ELEC": 1.38, "SIN_AGUA": 12.97, "PISO_TIER": 9.05, "HACIN": 1.38, "LOC5000": 0.0, "ING2SM": 0.0, "POB_TOT": 0 }, "geometry": { "type": "Polygon", "coordinates": [ [ [ -97.74761, 21.52667 ], [ -97.75095, 21.51501 ], [ -97.74284, 21.50462 ], [ -97.77034, 21.49586 ], [ -97.77198, 21.48915 ], [ -97.7385, 21.48707 ], [ -97.7623, 21.4571 ], [ -97.7593, 21.4488 ], [ -97.73243, 21.45299 ], [ -97.70639, 21.47777 ], [ -97.70696, 21.46864 ], [ -97.69984, 21.46727 ], [ -97.68876, 21.47193 ], [ -97.66393, 21.46505 ], [ -97.65366, 21.47379 ], [ -97.64926, 21.46873 ], [ -97.64575, 21.4778 ], [ -97.65183, 21.47845 ], [ -97.63224, 21.49182 ], [ -97.61184, 21.47167 ], [ -97.60639, 21.49923 ], [ -97.56801, 21.46422 ], [ -97.56423, 21.44208 ], [ -97.57201, 21.42211 ], [ -97.5621, 21.41288 ], [ -97.58102, 21.40456 ], [ -97.59752, 21.4171 ], [ -97.62246, 21.41585 ], [ -97.64208, 21.42409 ], [ -97.64643, 21.41184 ], [ -97.67927, 21.41042 ], [ -97.68401, 21.39064 ], [ -97.69762, 21.38993 ], [ -97.73105, 21.4152 ], [ -97.75154, 21.41431 ], [ -97.75404, 21.42357 ], [ -97.7602, 21.41863 ], [ -97.74844, 21.43451 ], [ -97.75198, 21.44559 ], [ -97.76343, 21.43408 ], [ -97.77979, 21.43839 ], [ -97.80184, 21.41701 ], [ -97.79334, 21.42052 ], [ -97.76287, 21.40778 ], [ -97.75098, 21.38623 ], [ -97.77466, 21.3622 ], [ -97.79593, 21.36693 ], [ -97.8189, 21.35038 ], [ -97.8213, 21.32554 ], [ -97.80847, 21.32049 ], [ -97.8299, 21.31283 ], [ -97.83451, 21.29923 ], [ -97.84429, 21.2975 ], [ -97.84352, 21.30871 ], [ -97.85797, 21.31817 ], [ -97.8642, 21.34827 ], [ -97.85181, 21.3785 ], [ -97.86243, 21.37971 ], [ -97.89015, 21.40785 ], [ -97.88918, 21.38516 ], [ -97.89859, 21.37704 ], [ -97.93212, 21.4276 ], [ -97.90844, 21.44246 ], [ -97.89961, 21.43365 ], [ -97.87746, 21.44375 ], [ -97.8607, 21.43194 ], [ -97.84458, 21.43202 ], [ -97.83589, 21.4447 ], [ -97.83446, 21.46965 ], [ -97.81854, 21.47682 ], [ -97.82117, 21.48354 ], [ -97.80872, 21.49595 ], [ -97.79805, 21.49289 ], [ -97.80221, 21.50528 ], [ -97.78928, 21.50502 ], [ -97.79596, 21.52243 ], [ -97.74761, 21.52667 ] ] ] } },
{ "type": "Feature", "properties": { "CVEGEO": "30155", "NOM_ENT": "Veracruz de Ignacio de la Llave", "NOMGEO": "Tantoyuca", "POB1": 99959.0, "GRADO_MAR": "Muy alto", "IM": 0.0, "IM_NORM": 0.0, "ANALF": 0.0, "SIN_EDUC": 0.0, "SIN_DREN": 1.42, "SIN_ELEC": 1.42, "SIN_AGUA": 53.46, "PISO_TIER": 18.56, "HACIN": 1.42, "LOC5000": 0.0, "ING2SM": 0.0, "POB_TOT": 0 }, "geometry": { "type": "Polygon", "coordinates": [ [ [ -98.02994, 21.65611 ], [ -98.03072, 21.63992 ], [ -98.01124, 21.63773 ], [ -97.98668, 21.60996 ], [ -98.00319, 21.58053 ], [ -98.00958, 21.57588 ], [ -98.01767, 21.58183 ], [ -98.0294, 21.57293 ], [ -98.03687, 21.55755 ], [ -98.02688, 21.55439 ], [ -98.02823, 21.53999 ], [ -98.02123, 21.53695 ], [ -98.02412, 21.49482 ], [ -98.03268, 21.48678 ], [ -98.04939, 21.48732 ], [ -98.06893, 21.45258 ], [ -98.06195, 21.44862 ], [ -98.06339, 21.43101 ], [ -98.04435, 21.40803 ], [ -98.0497, 21.40608 ], [ -98.04238, 21.40461 ], [ -98.0366, 21.35058 ], [ -98.04901, 21.33907 ], [ -98.06504, 21.35007 ], [ -98.07093, 21.33813 ], [ -98.06063, 21.32916 ], [ -98.07004, 21.31323 ], [ -98.06585, 21.27464 ], [ -98.09107, 21.27396 ], [ -98.09891, 21.25232 ], [ -98.11643, 21.24546 ], [ -98.09305, 21.23815 ], [ -98.07679, 21.24329 ], [ -98.05577, 21.23002 ], [ -98.07017, 21.22031 ], [ -98.05884, 21.21678 ], [ -98.07037, 21.20876 ], [ -98.06103, 21.19868 ], [ -98.04514, 21.19706 ], [ -98.02908, 21.17278 ], [ -98.0434, 21.15756 ], [ -98.05059, 21.16544 ], [ -98.11023, 21.16078 ], [ -98.12138, 21.1449 ], [ -98.15692, 21.13896 ], [ -98.17611, 21.11089 ], [ -98.20113, 21.10586 ], [ -98.19502, 21.11949 ], [ -98.20741, 21.12872 ], [ -98.20505, 21.13808 ], [ -98.2161, 21.15108 ], [ -98.22741, 21.1508 ], [ -98.22009, 21.15802 ], [ -98.20727, 21.15414 ], [ -98.21179, 21.1695 ], [ -98.2304, 21.17666 ], [ -98.23491, 21.18752 ], [ -98.22797, 21.19271 ], [ -98.22039, 21.18153 ], [ -98.21624, 21.20784 ], [ -98.22569, 21.21341 ], [ -98.23159, 21.20545 ], [ -98.23899, 21.22095 ], [ -98.25124, 21.21093 ], [ -98.24764, 21.2262 ], [ -98.25678, 21.23369 ], [ -98.24892, 21.2441 ], [ -98.26172, 21.2511 ], [ -98.2506, 21.26139 ], [ -98.2661, 21.25817 ], [ -98.27018, 21.26575 ], [ -98.2617, 21.26283 ], [ -98.25649, 21.27466 ], [ -98.27545, 21.27694 ], [ -98.27722, 21.28873 ], [ -98.28772, 21.28218 ], [ -98.28828, 21.29353 ], [ -98.3015, 21.28021 ], [ -98.30417, 21.28859 ], [ -98.33893, 21.2848 ], [ -98.33722, 21.29691 ], [ -98.34798, 21.30059 ], [ -98.36077, 21.2955 ], [ -98.36395, 21.28259 ], [ -98.37996, 21.28526 ], [ -98.38134, 21.30061 ], [ -98.37333, 21.29179 ], [ -98.36512, 21.29886 ], [ -98.3898, 21.31012 ], [ -98.37135, 21.31378 ], [ -98.37568, 21.32588 ], [ -98.36475, 21.33508 ], [ -98.3685, 21.35092 ], [ -98.36296, 21.35561 ], [ -98.39852, 21.38265 ], [ -98.37664, 21.40874 ], [ -98.35912, 21.38995 ], [ -98.34975, 21.39418 ], [ -98.35074, 21.40184 ], [ -98.32767, 21.42771 ], [ -98.34585, 21.459 ], [ -98.33593, 21.46795 ], [ -98.32445, 21.46245 ], [ -98.32924, 21.47646 ], [ -98.32191, 21.48051 ], [ -98.31874, 21.4664 ], [ -98.26869, 21.50326 ], [ -98.25946, 21.48753 ], [ -98.26725, 21.48089 ], [ -98.26734, 21.45687 ], [ -98.24463, 21.45815 ], [ -98.258, 21.4697 ], [ -98.25091, 21.47853 ], [ -98.24068, 21.47216 ], [ -98.23764, 21.48205 ], [ -98.25512, 21.5075 ], [ -98.25236, 21.5324 ], [ -98.24345, 21.53809 ], [ -98.24257, 21.55095 ], [ -98.22729, 21.55465 ], [ -98.23208, 21.56378 ], [ -98.18892, 21.58207 ], [ -98.17903, 21.57067 ], [ -98.15822, 21.56839 ], [ -98.1477, 21.59022 ], [ -98.10934, 21.59408 ], [ -98.1022, 21.631 ], [ -98.08099, 21.63429 ], [ -98.09911, 21.64595 ], [ -98.09876, 21.65602 ], [ -98.09217, 21.66616 ], [ -98.07618, 21.66338 ], [ -98.06908, 21.67289 ], [ -98.02994, 21.65611 ] ] ] } },
{ "type": "Feature", "properties": { "CVEGEO": "30156", "NOM_ENT": "Veracruz de Ignacio de la Llave", "NOMGEO": "Tatatila", "POB1": 6041.0, "GRADO_MAR": "Alto", "IM": 0.0, "IM_NORM": 0.0, "ANALF": 0.0, "SIN_EDUC": 0.0, "SIN_DREN": 3.34, "SIN_ELEC": 3.34, "SIN_AGUA": 1.66, "PISO_TIER": 10.66, "HACIN": 3.34, "LOC5000": 0.0, "ING2SM": 0.0, "POB_TOT": 0 }, "geometry": { "type": "Polygon", "coordinates": [ [ [ -97.02484, 19.77944 ], [ -97.02983, 19.76582 ], [ -97.02217, 19.75895 ], [ -97.03173, 19.75432 ], [ -97.03085, 19.71923 ], [ -97.06833, 19.68503 ], [ -97.07871, 19.68397 ], [ -97.07479, 19.67497 ], [ -97.09669, 19.65333 ], [ -97.11861, 19.66689 ], [ -97.11654, 19.65068 ], [ -97.15096, 19.64633 ], [ -97.14023, 19.67113 ], [ -97.14749, 19.68665 ], [ -97.13333, 19.68872 ], [ -97.14243, 19.69687 ], [ -97.1028, 19.72612 ], [ -97.11129, 19.74009 ], [ -97.07785, 19.74623 ], [ -97.07112, 19.76614 ], [ -97.05877, 19.7639 ], [ -97.02484, 19.77944 ] ] ] } },
{ "type": "Feature", "properties": { "CVEGEO": "30157", "NOM_ENT": "Veracruz de Ignacio de la Llave", "NOMGEO": "Castillo de Teayo", "POB1": 20145.0, "GRADO_MAR": "Muy alto", "IM": 0.0, "IM_NORM": 0.0, "ANALF": 0.0, "SIN_EDUC": 0.0, "SIN_DREN": 1.41, "SIN_ELEC": 1.41, "SIN_AGUA": 62.63, "PISO_TIER": 8.36, "HACIN": 1.41, "LOC5000": 0.0, "ING2SM": 0.0, "POB_TOT": 0 }, "geometry": { "type": "Polygon", "coordinates": [ [ [ -97.60401, 20.81251 ], [ -97.58759, 20.81269 ], [ -97.58575, 20.80198 ], [ -97.57484, 20.79617 ], [ -97.59183, 20.74505 ], [ -97.60434, 20.74745 ], [ -97.59667, 20.74056 ], [ -97.59993, 20.70529 ], [ -97.60611, 20.70348 ], [ -97.59947, 20.69755 ], [ -97.61759, 20.68742 ], [ -97.61084, 20.68806 ], [ -97.60616, 20.67068 ], [ -97.62588, 20.66945 ], [ -97.63192, 20.65605 ], [ -97.66142, 20.6582 ], [ -97.66528, 20.64135 ], [ -97.65764, 20.64127 ], [ -97.65842, 20.63793 ], [ -97.69317, 20.64287 ], [ -97.70229, 20.64111 ], [ -97.70483, 20.62957 ], [ -97.73732, 20.64643 ], [ -97.7495, 20.64332 ], [ -97.75209, 20.65766 ], [ -97.73807, 20.66303 ], [ -97.73706, 20.67965 ], [ -97.74069, 20.68972 ], [ -97.75685, 20.68949 ], [ -97.75296, 20.73237 ], [ -97.72281, 20.74999 ], [ -97.72635, 20.75997 ], [ -97.71895, 20.76295 ], [ -97.7265, 20.77116 ], [ -97.71918, 20.7755 ], [ -97.72598, 20.79165 ], [ -97.71314, 20.79983 ], [ -97.69465, 20.79653 ], [ -97.69517, 20.80004 ], [ -97.73891, 20.80153 ], [ -97.75034, 20.81479 ], [ -97.73863, 20.81799 ], [ -97.72565, 20.80805 ], [ -97.68907, 20.80374 ], [ -97.68559, 20.8207 ], [ -97.64621, 20.81036 ], [ -97.63503, 20.81722 ], [ -97.6339, 20.83016 ], [ -97.62092, 20.83363 ], [ -97.60401, 20.81251 ] ] ] } },
{ "type": "Feature", "properties": { "CVEGEO": "30158", "NOM_ENT": "Veracruz de Ignacio de la Llave", "NOMGEO": "Tecolutla", "POB1": 24551.0, "GRADO_MAR": "Alto", "IM": 0.0, "IM_NORM": 0.0, "ANALF": 0.0, "SIN_EDUC": 0.0, "SIN_DREN": 1.41, "SIN_ELEC": 1.41, "SIN_AGUA": 27.39, "PISO_TIER": 5.62, "HACIN": 1.41, "LOC5000": 0.0, "ING2SM": 0.0, "POB_TOT": 0 }, "geometry": { "type": "Polygon", "coordinates": [ [ [ -97.05748, 20.52374 ], [ -96.98572, 20.46382 ], [ -96.93027, 20.38871 ], [ -96.78536, 20.24181 ], [ -96.80367, 20.24724 ], [ -96.81962, 20.2379 ], [ -96.83358, 20.26306 ], [ -96.84355, 20.26089 ], [ -96.85465, 20.27877 ], [ -96.87273, 20.28 ], [ -96.88804, 20.27073 ], [ -96.91978, 20.29754 ], [ -96.93595, 20.29771 ], [ -96.94977, 20.28106 ], [ -96.97389, 20.27384 ], [ -96.97681, 20.28418 ], [ -96.99803, 20.29621 ], [ -97.00852, 20.28959 ], [ -97.00594, 20.27995 ], [ -97.01045, 20.27418 ], [ -97.02326, 20.28083 ], [ -97.04403, 20.2775 ], [ -97.0428, 20.26571 ], [ -97.06165, 20.25928 ], [ -97.08834, 20.2746 ], [ -97.09557, 20.2692 ], [ -97.09563, 20.26422 ], [ -97.10376, 20.25622 ], [ -97.10258, 20.28679 ], [ -97.10949, 20.30141 ], [ -97.13453, 20.29868 ], [ -97.13563, 20.31124 ], [ -97.15463, 20.31776 ], [ -97.16244, 20.33283 ], [ -97.15553, 20.32911 ], [ -97.14088, 20.34485 ], [ -97.14291, 20.37544 ], [ -97.10915, 20.37859 ], [ -97.10367, 20.3973 ], [ -97.08371, 20.38638 ], [ -97.07247, 20.40879 ], [ -97.0374, 20.40931 ], [ -97.03402, 20.4245 ], [ -97.02659, 20.42328 ], [ -97.03462, 20.43144 ], [ -97.02254, 20.44103 ], [ -97.02919, 20.45985 ], [ -97.01351, 20.4722 ], [ -97.05275, 20.46735 ], [ -97.06568, 20.47972 ], [ -97.07897, 20.47461 ], [ -97.07313, 20.47957 ], [ -97.08136, 20.48282 ], [ -97.06393, 20.49327 ], [ -97.10415, 20.53068 ], [ -97.11359, 20.52096 ], [ -97.12676, 20.52541 ], [ -97.13429, 20.51158 ], [ -97.16817, 20.50313 ], [ -97.1819, 20.52281 ], [ -97.21555, 20.52742 ], [ -97.21284, 20.53687 ], [ -97.18886, 20.54355 ], [ -97.18327, 20.55231 ], [ -97.19238, 20.56335 ], [ -97.18773, 20.57236 ], [ -97.15901, 20.58555 ], [ -97.15562, 20.59841 ], [ -97.13018, 20.59835 ], [ -97.05748, 20.52374 ] ] ] } },
{ "type": "Feature", "properties": { "CVEGEO": "30159", "NOM_ENT": "Veracruz de Ignacio de la Llave", "NOMGEO": "Tehuipango", "POB1": 29686.0, "GRADO_MAR": "Muy alto", "IM": 0.0, "IM_NORM": 0.0, "ANALF": 0.0, "SIN_EDUC": 0.0, "SIN_DREN": 3.02, "SIN_ELEC": 3.02, "SIN_AGUA": 37.02, "PISO_TIER": 48.41, "HACIN": 3.02, "LOC5000": 0.0, "ING2SM": 0.0, "POB_TOT": 0 }, "geometry": { "type": "Polygon", "coordinates": [ [ [ -97.02177, 18.56649 ], [ -97.00529, 18.5665 ], [ -96.99901, 18.55681 ], [ -96.97271, 18.55028 ], [ -97.04637, 18.49956 ], [ -97.07996, 18.45451 ], [ -97.08346, 18.48394 ], [ -97.11269, 18.52131 ], [ -97.07114, 18.56918 ], [ -97.04152, 18.58552 ], [ -97.02177, 18.56649 ] ] ] } },
{ "type": "Feature", "properties": { "CVEGEO": "30160", "NOM_ENT": "Veracruz de Ignacio de la Llave", "NOMGEO": "Álamo Temapache", "POB1": 107270.0, "GRADO_MAR": "Medio", "IM": 0.0, "IM_NORM": 0.0, "ANALF": 0.0, "SIN_EDUC": 0.0, "SIN_DREN": 0.63, "SIN_ELEC": 0.63, "SIN_AGUA": 20.86, "PISO_TIER": 5.63, "HACIN": 0.63, "LOC5000": 0.0, "ING2SM": 0.0, "POB_TOT": 0 }, "geometry": { "type": "Polygon", "coordinates": [ [ [ -97.63676, 21.18351 ], [ -97.62996, 21.15885 ], [ -97.61464, 21.149 ], [ -97.60909, 21.15266 ], [ -97.61182, 21.14061 ], [ -97.59383, 21.13861 ], [ -97.57264, 21.10775 ], [ -97.53189, 21.1034 ], [ -97.52164, 21.10864 ], [ -97.50796, 21.09954 ], [ -97.51639, 21.09234 ], [ -97.50709, 21.07406 ], [ -97.53851, 21.07003 ], [ -97.55568, 21.08477 ], [ -97.56042, 21.05843 ], [ -97.54443, 21.05933 ], [ -97.54085, 21.0525 ], [ -97.57465, 21.02062 ], [ -97.59183, 21.02765 ], [ -97.59831, 21.00792 ], [ -97.58008, 21.00075 ], [ -97.5732, 21.00555 ], [ -97.56485, 20.99289 ], [ -97.5999, 20.99613 ], [ -97.58922, 20.98182 ], [ -97.59265, 20.97174 ], [ -97.57165, 20.95012 ], [ -97.52872, 20.95451 ], [ -97.51662, 20.94464 ], [ -97.52036, 20.93447 ], [ -97.49977, 20.93301 ], [ -97.50774, 20.91161 ], [ -97.50017, 20.8838 ], [ -97.50744, 20.85173 ], [ -97.5138, 20.85935 ], [ -97.51418, 20.854 ], [ -97.52839, 20.85765 ], [ -97.52951, 20.84656 ], [ -97.52829, 20.8441 ], [ -97.52763, 20.84477 ], [ -97.52004, 20.83821 ], [ -97.51947, 20.83766 ], [ -97.51957, 20.83728 ], [ -97.5424, 20.81826 ], [ -97.55932, 20.82676 ], [ -97.57354, 20.81279 ], [ -97.60401, 20.81251 ], [ -97.62092, 20.83363 ], [ -97.6339, 20.83016 ], [ -97.63503, 20.81722 ], [ -97.64621, 20.81036 ], [ -97.68559, 20.8207 ], [ -97.68907, 20.80374 ], [ -97.72565, 20.80805 ], [ -97.73863, 20.81799 ], [ -97.75182, 20.81492 ], [ -97.77299, 20.8272 ], [ -97.79039, 20.81683 ], [ -97.81376, 20.82006 ], [ -97.83069, 20.80799 ], [ -97.85011, 20.81692 ], [ -97.83891, 20.83649 ], [ -97.84534, 20.83976 ], [ -97.85286, 20.83287 ], [ -97.87911, 20.83427 ], [ -97.89479, 20.79776 ], [ -97.90593, 20.79733 ], [ -97.91367, 20.78391 ], [ -97.92849, 20.78922 ], [ -97.9202, 20.83422 ], [ -97.88771, 20.85388 ], [ -97.90705, 20.85207 ], [ -97.90354, 20.87093 ], [ -97.92988, 20.87935 ], [ -97.91729, 20.88084 ], [ -97.89951, 20.89798 ], [ -97.88025, 20.89329 ], [ -97.87447, 20.90356 ], [ -97.87832, 20.93638 ], [ -97.84818, 20.97014 ], [ -97.85799, 20.96933 ], [ -97.85077, 20.97674 ], [ -97.86177, 20.9749 ], [ -97.86544, 20.98895 ], [ -97.88762, 20.98203 ], [ -97.89967, 20.98927 ], [ -97.89728, 20.99635 ], [ -97.9033, 20.98567 ], [ -97.90955, 20.98826 ], [ -97.90456, 21.00244 ], [ -97.92555, 20.99799 ], [ -97.92575, 21.01127 ], [ -97.91263, 21.00987 ], [ -97.90559, 21.01932 ], [ -97.92107, 21.02633 ], [ -97.91252, 21.05067 ], [ -97.882, 21.04729 ], [ -97.8852, 21.05438 ], [ -97.87468, 21.06478 ], [ -97.85421, 21.06793 ], [ -97.8569, 21.08602 ], [ -97.81966, 21.10633 ], [ -97.83417, 21.12662 ], [ -97.81312, 21.12283 ], [ -97.80118, 21.1042 ], [ -97.79326, 21.10702 ], [ -97.78629, 21.09641 ], [ -97.75871, 21.08662 ], [ -97.74747, 21.10099 ], [ -97.75703, 21.11994 ], [ -97.75523, 21.13944 ], [ -97.74775, 21.13199 ], [ -97.74054, 21.14587 ], [ -97.72724, 21.13077 ], [ -97.71986, 21.14152 ], [ -97.72522, 21.15453 ], [ -97.70444, 21.15657 ], [ -97.72248, 21.17168 ], [ -97.7101, 21.16988 ], [ -97.70543, 21.19146 ], [ -97.68485, 21.1971 ], [ -97.63676, 21.18351 ] ] ] } },
{ "type": "Feature", "properties": { "CVEGEO": "30177", "NOM_ENT": "Veracruz de Ignacio de la Llave", "NOMGEO": "Tlacolulan", "POB1": 11685.0, "GRADO_MAR": "Alto", "IM": 0.0, "IM_NORM": 0.0, "ANALF": 0.0, "SIN_EDUC": 0.0, "SIN_DREN": 1.39, "SIN_ELEC": 1.39, "SIN_AGUA": 5.52, "PISO_TIER": 8.44, "HACIN": 1.39, "LOC5000": 0.0, "ING2SM": 0.0, "POB_TOT": 0 }, "geometry": { "type": "Polygon", "coordinates": [ [ [ -96.96858, 19.78392 ], [ -96.97216, 19.7693 ], [ -96.95654, 19.7634 ], [ -96.94694, 19.76836 ], [ -96.93228, 19.75515 ], [ -96.94884, 19.74352 ], [ -96.9646, 19.74609 ], [ -96.96199, 19.72076 ], [ -96.97509, 19.71881 ], [ -96.98573, 19.7274 ], [ -96.99308, 19.71695 ], [ -96.98108, 19.716 ], [ -96.96625, 19.68217 ], [ -96.9765, 19.68301 ], [ -96.96656, 19.64978 ], [ -96.97903, 19.63496 ], [ -96.97579, 19.62686 ], [ -96.98484, 19.62977 ], [ -96.98752, 19.62067 ], [ -97.00254, 19.61701 ], [ -97.02036, 19.62167 ], [ -97.03784, 19.61594 ], [ -97.0333, 19.63205 ], [ -97.04324, 19.63445 ], [ -97.03361, 19.63527 ], [ -97.03387, 19.64187 ], [ -97.02277, 19.63753 ], [ -97.02946, 19.6476 ], [ -97.0222, 19.65651 ], [ -97.04524, 19.66219 ], [ -97.06414, 19.65627 ], [ -97.04999, 19.66934 ], [ -97.06853, 19.68572 ], [ -97.03021, 19.7205 ], [ -97.03471, 19.73273 ], [ -97.03126, 19.75627 ], [ -97.02226, 19.75847 ], [ -97.02983, 19.76582 ], [ -97.02594, 19.77998 ], [ -97.01984, 19.78805 ], [ -97.00902, 19.77905 ], [ -96.96858, 19.78392 ] ] ] } },
{ "type": "Feature", "properties": { "CVEGEO": "30178", "NOM_ENT": "Veracruz de Ignacio de la Llave", "NOMGEO": "Tlacotalpan", "POB1": 12898.0, "GRADO_MAR": "Medio", "IM": 0.0, "IM_NORM": 0.0, "ANALF": 0.0, "SIN_EDUC": 0.0, "SIN_DREN": 3.82, "SIN_ELEC": 3.82, "SIN_AGUA": 8.72, "PISO_TIER": 3.73, "HACIN": 3.82, "LOC5000": 0.0, "ING2SM": 0.0, "POB_TOT": 0 }, "geometry": { "type": "Polygon", "coordinates": [ [ [ -95.59431, 18.69204 ], [ -95.57542, 18.66624 ], [ -95.5507, 18.65337 ], [ -95.56144, 18.64075 ], [ -95.55115, 18.62141 ], [ -95.57177, 18.6149 ], [ -95.5817, 18.60287 ], [ -95.58024, 18.59046 ], [ -95.56677, 18.58108 ], [ -95.57174, 18.55236 ], [ -95.5532, 18.54396 ], [ -95.5352, 18.52008 ], [ -95.54233, 18.49877 ], [ -95.53422, 18.48723 ], [ -95.54499, 18.48026 ], [ -95.52534, 18.47365 ], [ -95.5355, 18.46319 ], [ -95.51789, 18.45833 ], [ -95.52137, 18.44167 ], [ -95.51022, 18.42654 ], [ -95.51679, 18.42683 ], [ -95.51779, 18.41551 ], [ -95.50298, 18.41306 ], [ -95.51424, 18.39742 ], [ -95.50848, 18.36717 ], [ -95.52625, 18.36186 ], [ -95.52697, 18.33487 ], [ -95.54367, 18.33797 ], [ -95.55226, 18.36406 ], [ -95.59407, 18.35442 ], [ -95.59772, 18.36456 ], [ -95.61269, 18.36244 ], [ -95.61416, 18.38572 ], [ -95.63242, 18.38304 ], [ -95.62681, 18.40801 ], [ -95.64791, 18.43417 ], [ -95.63953, 18.43796 ], [ -95.66469, 18.45822 ], [ -95.68306, 18.49524 ], [ -95.71744, 18.52389 ], [ -95.72904, 18.54458 ], [ -95.75438, 18.53483 ], [ -95.76555, 18.54625 ], [ -95.75154, 18.56614 ], [ -95.75052, 18.60009 ], [ -95.73618, 18.59962 ], [ -95.72044, 18.61696 ], [ -95.7262, 18.66551 ], [ -95.71693, 18.67699 ], [ -95.69602, 18.67406 ], [ -95.65619, 18.68692 ], [ -95.63694, 18.69555 ], [ -95.63594, 18.70721 ], [ -95.6271, 18.69339 ], [ -95.59431, 18.69204 ] ] ] } },
{ "type": "Feature", "properties": { "CVEGEO": "30179", "NOM_ENT": "Veracruz de Ignacio de la Llave", "NOMGEO": "Tlacotepec de Mejía", "POB1": 4284.0, "GRADO_MAR": "Medio", "IM": 0.0, "IM_NORM": 0.0, "ANALF": 0.0, "SIN_EDUC": 0.0, "SIN_DREN": 2.43, "SIN_ELEC": 2.43, "SIN_AGUA": 2.8, "PISO_TIER": 2.94, "HACIN": 2.43, "LOC5000": 0.0, "ING2SM": 0.0, "POB_TOT": 0 }, "geometry": { "type": "Polygon", "coordinates": [ [ [ -96.69536, 19.20113 ], [ -96.72044, 19.18882 ], [ -96.68478, 19.19186 ], [ -96.73025, 19.16373 ], [ -96.81902, 19.16037 ], [ -96.85716, 19.16991 ], [ -96.8653, 19.18262 ], [ -96.85678, 19.18408 ], [ -96.85925, 19.19005 ], [ -96.87158, 19.19368 ], [ -96.83271, 19.20286 ], [ -96.76277, 19.19668 ], [ -96.69536, 19.20113 ] ] ] } },
{ "type": "Feature", "properties": { "CVEGEO": "30180", "NOM_ENT": "Veracruz de Ignacio de la Llave", "NOMGEO": "Tlachichilco", "POB1": 10900.0, "GRADO_MAR": "Muy alto", "IM": 0.0, "IM_NORM": 0.0, "ANALF": 0.0, "SIN_EDUC": 0.0, "SIN_DREN": 2.4, "SIN_ELEC": 2.4, "SIN_AGUA": 27.51, "PISO_TIER": 13.18, "HACIN": 2.4, "LOC5000": 0.0, "ING2SM": 0.0, "POB_TOT": 0 }, "geometry": { "type": "Polygon", "coordinates": [ [ [ -98.12966, 20.72878 ], [ -98.13854, 20.72415 ], [ -98.14823, 20.69862 ], [ -98.12608, 20.68819 ], [ -98.12911, 20.68143 ], [ -98.11909, 20.68706 ], [ -98.11553, 20.67714 ], [ -98.12696, 20.66716 ], [ -98.1196, 20.66365 ], [ -98.12973, 20.65654 ], [ -98.13087, 20.64314 ], [ -98.10802, 20.61208 ], [ -98.11497, 20.6001 ], [ -98.1269, 20.59726 ], [ -98.11872, 20.59413 ], [ -98.12139, 20.58639 ], [ -98.13018, 20.59093 ], [ -98.14773, 20.56266 ], [ -98.15371, 20.56522 ], [ -98.15804, 20.54256 ], [ -98.17289, 20.52971 ], [ -98.18876, 20.52309 ], [ -98.21186, 20.52863 ], [ -98.22869, 20.52083 ], [ -98.2404, 20.50093 ], [ -98.24602, 20.5043 ], [ -98.26364, 20.49137 ], [ -98.29115, 20.50235 ], [ -98.28434, 20.52422 ], [ -98.25772, 20.53229 ], [ -98.23793, 20.56058 ], [ -98.23728, 20.59963 ], [ -98.22252, 20.6345 ], [ -98.20876, 20.63691 ], [ -98.21099, 20.64764 ], [ -98.19559, 20.67074 ], [ -98.20101, 20.6816 ], [ -98.20231, 20.67267 ], [ -98.21206, 20.68014 ], [ -98.18106, 20.71647 ], [ -98.19156, 20.73265 ], [ -98.1815, 20.74072 ], [ -98.17095, 20.73255 ], [ -98.16849, 20.73831 ], [ -98.13917, 20.73958 ], [ -98.12966, 20.72878 ] ] ] } },
{ "type": "Feature", "properties": { "CVEGEO": "30181", "NOM_ENT": "Veracruz de Ignacio de la Llave", "NOMGEO": "Tlalixcoyan", "POB1": 37795.0, "GRADO_MAR": "Medio", "IM": 0.0, "IM_NORM": 0.0, "ANALF": 0.0, "SIN_EDUC": 0.0, "SIN_DREN": 3.42, "SIN_ELEC": 3.42, "SIN_AGUA": 8.41, "PISO_TIER": 2.78, "HACIN": 3.42, "LOC5000": 0.0, "ING2SM": 0.0, "POB_TOT": 0 }, "geometry": { "type": "Polygon", "coordinates": [ [ [ -96.06916, 18.93443 ], [ -96.055, 18.94853 ], [ -96.04904, 18.93059 ], [ -96.03752, 18.92563 ], [ -96.03201, 18.93914 ], [ -96.02046, 18.93929 ], [ -96.0329, 18.90002 ], [ -96.02256, 18.88559 ], [ -95.98626, 18.88509 ], [ -95.9825, 18.83368 ], [ -95.99846, 18.82685 ], [ -95.99603, 18.80234 ], [ -95.97464, 18.79892 ], [ -95.99573, 18.77605 ], [ -95.99955, 18.75424 ], [ -96.0281, 18.76414 ], [ -96.01928, 18.7383 ], [ -96.03672, 18.73844 ], [ -96.03676, 18.72882 ], [ -96.04399, 18.72942 ], [ -96.03975, 18.71304 ], [ -96.04086, 18.70548 ], [ -96.04907, 18.70555 ], [ -96.04953, 18.68947 ], [ -96.03644, 18.68962 ], [ -96.0363, 18.6752 ], [ -96.04787, 18.67289 ], [ -96.05761, 18.65716 ], [ -96.04221, 18.64544 ], [ -96.04254, 18.63009 ], [ -96.02944, 18.61604 ], [ -96.03597, 18.59535 ], [ -96.07136, 18.60082 ], [ -96.08846, 18.61333 ], [ -96.12474, 18.60194 ], [ -96.13419, 18.60695 ], [ -96.14137, 18.62671 ], [ -96.17457, 18.65334 ], [ -96.19557, 18.64856 ], [ -96.20429, 18.63834 ], [ -96.22519, 18.65204 ], [ -96.24545, 18.64842 ], [ -96.2473, 18.65677 ], [ -96.2749, 18.66813 ], [ -96.28969, 18.66037 ], [ -96.32864, 18.66723 ], [ -96.36073, 18.69518 ], [ -96.3764, 18.68725 ], [ -96.43231, 18.68765 ], [ -96.43606, 18.70329 ], [ -96.42075, 18.70163 ], [ -96.43607, 18.71542 ], [ -96.43604, 18.73573 ], [ -96.41989, 18.73678 ], [ -96.42337, 18.7502 ], [ -96.40574, 18.74604 ], [ -96.39916, 18.75228 ], [ -96.41517, 18.76123 ], [ -96.41929, 18.77301 ], [ -96.35649, 18.79295 ], [ -96.33988, 18.78782 ], [ -96.34081, 18.79867 ], [ -96.27904, 18.78244 ], [ -96.26732, 18.79516 ], [ -96.26962, 18.80982 ], [ -96.24353, 18.82738 ], [ -96.2203, 18.82828 ], [ -96.21239, 18.83953 ], [ -96.19601, 18.83253 ], [ -96.19226, 18.84517 ], [ -96.187, 18.84042 ], [ -96.17125, 18.84935 ], [ -96.14997, 18.83949 ], [ -96.13236, 18.85954 ], [ -96.12035, 18.89699 ], [ -96.09525, 18.89513 ], [ -96.10161, 18.89921 ], [ -96.10019, 18.9137 ], [ -96.09299, 18.91696 ], [ -96.09116, 18.91117 ], [ -96.07598, 18.94826 ], [ -96.06913, 18.94867 ], [ -96.06916, 18.93443 ] ] ] } },
{ "type": "Feature", "properties": { "CVEGEO": "30182", "NOM_ENT": "Veracruz de Ignacio de la Llave", "NOMGEO": "Tlalnelhuayocan", "POB1": 19664.0, "GRADO_MAR": "Bajo", "IM": 0.0, "IM_NORM": 0.0, "ANALF": 0.0, "SIN_EDUC": 0.0, "SIN_DREN": 0.45, "SIN_ELEC": 0.45, "SIN_AGUA": 0.42, "PISO_TIER": 3.2, "HACIN": 0.45, "LOC5000": 0.0, "ING2SM": 0.0, "POB_TOT": 0 }, "geometry": { "type": "Polygon", "coordinates": [ [ [ -96.9624, 19.56668 ], [ -96.95467, 19.57043 ], [ -96.95732, 19.55092 ], [ -96.96847, 19.54781 ], [ -96.97084, 19.53904 ], [ -96.95185, 19.53065 ], [ -96.94766, 19.51417 ], [ -96.96498, 19.50635 ], [ -96.98041, 19.51471 ], [ -96.99698, 19.50733 ], [ -97.02224, 19.52552 ], [ -97.00024, 19.52954 ], [ -97.01128, 19.53482 ], [ -97.00392, 19.53672 ], [ -97.01829, 19.55161 ], [ -96.98833, 19.56266 ], [ -96.99848, 19.56562 ], [ -96.996, 19.57831 ], [ -96.97405, 19.57653 ], [ -96.9624, 19.56668 ] ] ] } },
{ "type": "Feature", "properties": { "CVEGEO": "30183", "NOM_ENT": "Veracruz de Ignacio de la Llave", "NOMGEO": "Tlapacoyan", "POB1": 61377.0, "GRADO_MAR": "Bajo", "IM": 0.0, "IM_NORM": 0.0, "ANALF": 0.0, "SIN_EDUC": 0.0, "SIN_DREN": 0.55, "SIN_ELEC": 0.55, "SIN_AGUA": 2.31, "PISO_TIER": 5.93, "HACIN": 0.55, "LOC5000": 0.0, "ING2SM": 0.0, "POB_TOT": 0 }, "geometry": { "type": "Polygon", "coordinates": [ [ [ -97.11915, 20.10782 ], [ -97.10946, 20.1066 ], [ -97.10808, 20.09569 ], [ -97.12432, 20.08624 ], [ -97.08479, 20.06147 ], [ -97.09669, 20.02397 ], [ -97.15303, 20.01328 ], [ -97.14863, 19.99897 ], [ -97.17312, 19.99298 ], [ -97.17212, 19.98215 ], [ -97.21892, 19.9237 ], [ -97.2289, 19.92272 ], [ -97.24171, 19.93762 ], [ -97.25878, 19.93311 ], [ -97.26873, 19.9592 ], [ -97.26066, 19.97725 ], [ -97.23816, 19.98871 ], [ -97.22509, 20.00946 ], [ -97.20692, 20.01466 ], [ -97.20614, 20.05635 ], [ -97.18549, 20.06234 ], [ -97.17556, 20.07667 ], [ -97.18363, 20.08004 ], [ -97.15387, 20.11293 ], [ -97.11594, 20.12039 ], [ -97.11915, 20.10782 ] ] ] } },
{ "type": "Feature", "properties": { "CVEGEO": "30184", "NOM_ENT": "Veracruz de Ignacio de la Llave", "NOMGEO": "Tlaquilpa", "POB1": 7933.0, "GRADO_MAR": "Alto", "IM": 0.0, "IM_NORM": 0.0, "ANALF": 0.0, "SIN_EDUC": 0.0, "SIN_DREN": 0.47, "SIN_ELEC": 0.47, "SIN_AGUA": 10.56, "PISO_TIER": 24.89, "HACIN": 0.47, "LOC5000": 0.0, "ING2SM": 0.0, "POB_TOT": 0 }, "geometry": { "type": "Polygon", "coordinates": [ [ [ -97.08943, 18.64926 ], [ -97.04885, 18.58839 ], [ -97.14456, 18.57093 ], [ -97.14013, 18.61771 ], [ -97.12256, 18.63459 ], [ -97.13418, 18.64809 ], [ -97.10943, 18.65538 ], [ -97.08943, 18.64926 ] ] ] } },
{ "type": "Feature", "properties": { "CVEGEO": "30196", "NOM_ENT": "Veracruz de Ignacio de la Llave", "NOMGEO": "Yanga", "POB1": 17902.0, "GRADO_MAR": "Bajo", "IM": 0.0, "IM_NORM": 0.0, "ANALF": 0.0, "SIN_EDUC": 0.0, "SIN_DREN": 2.25, "SIN_ELEC": 2.25, "SIN_AGUA": 8.61, "PISO_TIER": 2.5, "HACIN": 2.25, "LOC5000": 0.0, "ING2SM": 0.0, "POB_TOT": 0 }, "geometry": { "type": "Polygon", "coordinates": [ [ [ -96.78105, 18.87649 ], [ -96.7606, 18.85978 ], [ -96.76175, 18.85131 ], [ -96.74758, 18.8459 ], [ -96.76677, 18.80731 ], [ -96.75525, 18.80129 ], [ -96.78019, 18.79239 ], [ -96.7667, 18.78313 ], [ -96.78035, 18.77888 ], [ -96.78159, 18.76393 ], [ -96.799, 18.77577 ], [ -96.82877, 18.77595 ], [ -96.83768, 18.78588 ], [ -96.83516, 18.79906 ], [ -96.84975, 18.80677 ], [ -96.83174, 18.82438 ], [ -96.82046, 18.81769 ], [ -96.82053, 18.82939 ], [ -96.8223, 18.84341 ], [ -96.8553, 18.86552 ], [ -96.82456, 18.8797 ], [ -96.78105, 18.87649 ] ] ] } },
{ "type": "Feature", "properties": { "CVEGEO": "30197", "NOM_ENT": "Veracruz de Ignacio de la Llave", "NOMGEO": "Yecuatla", "POB1": 11205.0, "GRADO_MAR": "Medio", "IM": 0.0, "IM_NORM": 0.0, "ANALF": 0.0, "SIN_EDUC": 0.0, "SIN_DREN": 2.71, "SIN_ELEC": 2.71, "SIN_AGUA": 1.55, "PISO_TIER": 4.45, "HACIN": 2.71, "LOC5000": 0.0, "ING2SM": 0.0, "POB_TOT": 0 }, "geometry": { "type": "Polygon", "coordinates": [ [ [ -96.71631, 19.9025 ], [ -96.70922, 19.89197 ], [ -96.71824, 19.88643 ], [ -96.71537, 19.87797 ], [ -96.70202, 19.88407 ], [ -96.72886, 19.85948 ], [ -96.72232, 19.85443 ], [ -96.72715, 19.84664 ], [ -96.72022, 19.845 ], [ -96.74081, 19.82733 ], [ -96.75404, 19.79206 ], [ -96.77445, 19.78947 ], [ -96.7824, 19.8012 ], [ -96.79954, 19.78499 ], [ -96.79546, 19.8078 ], [ -96.82266, 19.7948 ], [ -96.83702, 19.81891 ], [ -96.83638, 19.83228 ], [ -96.80772, 19.86893 ], [ -96.80805, 19.87967 ], [ -96.79699, 19.88589 ], [ -96.79726, 19.89641 ], [ -96.77094, 19.90478 ], [ -96.75568, 19.88893 ], [ -96.73445, 19.90713 ], [ -96.71631, 19.9025 ] ] ] } },
{ "type": "Feature", "properties": { "CVEGEO": "30198", "NOM_ENT": "Veracruz de Ignacio de la Llave", "NOMGEO": "Zacualpan", "POB1": 6788.0, "GRADO_MAR": "Alto", "IM": 0.0, "IM_NORM": 0.0, "ANALF": 0.0, "SIN_EDUC": 0.0, "SIN_DREN": 1.98, "SIN_ELEC": 1.98, "SIN_AGUA": 5.6, "PISO_TIER": 9.6, "HACIN": 1.98, "LOC5000": 0.0, "ING2SM": 0.0, "POB_TOT": 0 }, "geometry": { "type": "Polygon", "coordinates": [ [ [ -98.24081, 20.5896 ], [ -98.242, 20.55279 ], [ -98.25772, 20.53229 ], [ -98.28758, 20.51845 ], [ -98.29115, 20.50235 ], [ -98.26364, 20.49137 ], [ -98.28046, 20.46937 ], [ -98.31571, 20.44568 ], [ -98.32087, 20.41813 ], [ -98.35981, 20.39981 ], [ -98.38058, 20.39918 ], [ -98.39916, 20.41035 ], [ -98.4115, 20.39985 ], [ -98.41396, 20.40798 ], [ -98.44456, 20.39982 ], [ -98.43787, 20.42314 ], [ -98.4467, 20.4251 ], [ -98.41561, 20.45516 ], [ -98.41148, 20.47615 ], [ -98.40412, 20.4797 ], [ -98.43074, 20.51368 ], [ -98.4241, 20.53587 ], [ -98.40452, 20.53313 ], [ -98.36986, 20.5614 ], [ -98.33781, 20.55049 ], [ -98.32306, 20.55874 ], [ -98.32328, 20.58298 ], [ -98.31653, 20.58961 ], [ -98.29592, 20.5871 ], [ -98.29828, 20.57516 ], [ -98.29294, 20.57553 ], [ -98.23188, 20.61189 ], [ -98.24081, 20.5896 ] ] ] } },
{ "type": "Feature", "properties": { "CVEGEO": "30199", "NOM_ENT": "Veracruz de Ignacio de la Llave", "NOMGEO": "Zaragoza", "POB1": 11899.0, "GRADO_MAR": "Medio", "IM": 0.0, "IM_NORM": 0.0, "ANALF": 0.0, "SIN_EDUC": 0.0, "SIN_DREN": 3.29, "SIN_ELEC": 3.29, "SIN_AGUA": 8.34, "PISO_TIER": 6.91, "HACIN": 3.29, "LOC5000": 0.0, "ING2SM": 0.0, "POB_TOT": 0 }, "geometry": { "type": "Polygon", "coordinates": [ [ [ -94.61336, 17.96456 ], [ -94.60725, 17.93792 ], [ -94.62213, 17.92334 ], [ -94.66628, 17.94851 ], [ -94.67631, 17.96227 ], [ -94.6543, 17.97168 ], [ -94.64915, 17.96393 ], [ -94.63614, 17.97172 ], [ -94.62535, 17.96248 ], [ -94.61336, 17.96456 ] ] ] } },
{ "type": "Feature", "properties": { "CVEGEO": "30200", "NOM_ENT": "Veracruz de Ignacio de la Llave", "NOMGEO": "Zentla", "POB1": 12581.0, "GRADO_MAR": "Medio", "IM": 0.0, "IM_NORM": 0.0, "ANALF": 0.0, "SIN_EDUC": 0.0, "SIN_DREN": 3.36, "SIN_ELEC": 3.36, "SIN_AGUA": 1.78, "PISO_TIER": 3.46, "HACIN": 3.36, "LOC5000": 0.0, "ING2SM": 0.0, "POB_TOT": 0 }, "geometry": { "type": "Polygon", "coordinates": [ [ [ -96.80436, 19.10975 ], [ -96.78674, 19.09324 ], [ -96.73645, 19.07626 ], [ -96.6919, 19.07251 ], [ -96.66802, 19.08111 ], [ -96.66685, 19.07424 ], [ -96.65974, 19.08008 ], [ -96.64883, 19.07411 ], [ -96.62791, 19.08227 ], [ -96.62985, 19.09184 ], [ -96.56483, 19.08462 ], [ -96.55715, 19.0789 ], [ -96.56196, 19.07361 ], [ -96.58425, 19.07157 ], [ -96.56611, 19.05653 ], [ -96.54943, 19.05822 ], [ -96.54522, 19.0517 ], [ -96.54234, 19.05708 ], [ -96.52935, 19.0438 ], [ -96.54234, 19.03907 ], [ -96.54015, 19.04525 ], [ -96.54737, 19.04547 ], [ -96.55103, 19.0387 ], [ -96.55282, 19.05033 ], [ -96.56793, 19.0546 ], [ -96.59563, 19.04567 ], [ -96.60057, 19.05059 ], [ -96.60229, 19.04409 ], [ -96.61529, 19.0557 ], [ -96.61764, 19.04658 ], [ -96.63097, 19.04264 ], [ -96.63782, 19.05219 ], [ -96.6635, 19.0411 ], [ -96.67484, 19.04783 ], [ -96.70773, 19.02118 ], [ -96.80513, 19.02756 ], [ -96.83882, 19.06933 ], [ -96.83855, 19.07844 ], [ -96.8451, 19.07586 ], [ -96.85445, 19.09401 ], [ -96.87241, 19.10004 ], [ -96.87142, 19.11299 ], [ -96.88422, 19.12503 ], [ -96.86494, 19.1352 ], [ -96.80436, 19.10975 ] ] ] } },
{ "type": "Feature", "properties": { "CVEGEO": "30201", "NOM_ENT": "Veracruz de Ignacio de la Llave", "NOMGEO": "Zongolica", "POB1": 45028.0, "GRADO_MAR": "Alto", "IM": 0.0, "IM_NORM": 0.0, "ANALF": 0.0, "SIN_EDUC": 0.0, "SIN_DREN": 0.78, "SIN_ELEC": 0.78, "SIN_AGUA": 21.59, "PISO_TIER": 25.65, "HACIN": 0.78, "LOC5000": 0.0, "ING2SM": 0.0, "POB_TOT": 0 }, "geometry": { "type": "Polygon", "coordinates": [ [ [ -96.93752, 18.75511 ], [ -96.91534, 18.76097 ], [ -96.89295, 18.74214 ], [ -96.88489, 18.74494 ], [ -96.898, 18.71881 ], [ -96.88656, 18.71605 ], [ -96.8766, 18.69626 ], [ -96.88832, 18.68422 ], [ -96.87574, 18.68693 ], [ -96.86352, 18.65437 ], [ -96.88144, 18.64038 ], [ -96.87992, 18.62439 ], [ -96.86128, 18.62979 ], [ -96.86157, 18.60954 ], [ -96.85229, 18.61025 ], [ -96.84442, 18.59236 ], [ -96.83411, 18.58993 ], [ -96.83946, 18.55279 ], [ -96.86621, 18.53953 ], [ -96.86302, 18.52988 ], [ -96.87106, 18.52191 ], [ -96.87592, 18.53509 ], [ -96.88588, 18.53344 ], [ -96.89924, 18.54865 ], [ -96.92594, 18.53492 ], [ -96.95295, 18.5539 ], [ -96.9652, 18.54166 ], [ -96.9768, 18.54307 ], [ -96.97378, 18.53676 ], [ -96.98481, 18.5312 ], [ -96.99891, 18.53191 ], [ -96.95386, 18.56433 ], [ -96.9416, 18.55438 ], [ -96.94445, 18.5672 ], [ -96.93236, 18.57399 ], [ -96.9286, 18.58653 ], [ -96.93673, 18.61262 ], [ -96.95541, 18.62513 ], [ -96.95017, 18.64728 ], [ -96.97687, 18.64489 ], [ -96.95593, 18.63244 ], [ -96.96286, 18.62832 ], [ -96.9802, 18.63674 ], [ -96.99649, 18.62618 ], [ -97.01489, 18.63439 ], [ -97.02422, 18.65553 ], [ -97.02139, 18.66875 ], [ -97.02765, 18.67106 ], [ -97.00798, 18.68631 ], [ -97.01391, 18.70322 ], [ -96.99311, 18.70391 ], [ -96.98586, 18.72709 ], [ -96.95295, 18.75262 ], [ -96.96362, 18.76476 ], [ -96.96048, 18.7732 ], [ -96.92796, 18.77825 ], [ -96.93752, 18.75511 ] ] ] } },
{ "type": "Feature", "properties": { "CVEGEO": "30202", "NOM_ENT": "Veracruz de Ignacio de la Llave", "NOMGEO": "Zontecomatlán de López y Fuentes", "POB1": 14644.0, "GRADO_MAR": "Muy alto", "IM": 0.0, "IM_NORM": 0.0, "ANALF": 0.0, "SIN_EDUC": 0.0, "SIN_DREN": 3.35, "SIN_ELEC": 3.35, "SIN_AGUA": 22.12, "PISO_TIER": 13.6, "HACIN": 3.35, "LOC5000": 0.0, "ING2SM": 0.0, "POB_TOT": 0 }, "geometry": { "type": "Polygon", "coordinates": [ [ [ -98.29844, 20.80143 ], [ -98.30447, 20.78273 ], [ -98.2988, 20.77784 ], [ -98.29202, 20.7855 ], [ -98.24239, 20.79226 ], [ -98.22681, 20.76681 ], [ -98.23195, 20.75895 ], [ -98.1961, 20.76058 ], [ -98.20461, 20.74642 ], [ -98.18481, 20.73922 ], [ -98.19156, 20.73265 ], [ -98.18106, 20.71647 ], [ -98.18652, 20.7033 ], [ -98.20101, 20.69893 ], [ -98.20768, 20.68266 ], [ -98.20945, 20.68825 ], [ -98.22178, 20.67868 ], [ -98.23549, 20.68166 ], [ -98.25459, 20.66979 ], [ -98.25254, 20.67787 ], [ -98.25981, 20.67435 ], [ -98.26464, 20.68362 ], [ -98.28347, 20.66943 ], [ -98.30401, 20.68753 ], [ -98.29482, 20.69544 ], [ -98.29733, 20.70253 ], [ -98.33594, 20.68499 ], [ -98.36739, 20.68662 ], [ -98.43346, 20.71752 ], [ -98.42145, 20.73934 ], [ -98.42372, 20.75189 ], [ -98.39383, 20.75427 ], [ -98.39767, 20.78175 ], [ -98.36432, 20.78498 ], [ -98.34873, 20.80252 ], [ -98.32814, 20.784 ], [ -98.29844, 20.80143 ] ] ] } },
{ "type": "Feature", "properties": { "CVEGEO": "30203", "NOM_ENT": "Veracruz de Ignacio de la Llave", "NOMGEO": "Zozocolco de Hidalgo", "POB1": 14524.0, "GRADO_MAR": "Muy alto", "IM": 0.0, "IM_NORM": 0.0, "ANALF": 0.0, "SIN_EDUC": 0.0, "SIN_DREN": 4.66, "SIN_ELEC": 4.66, "SIN_AGUA": 28.24, "PISO_TIER": 14.68, "HACIN": 4.66, "LOC5000": 0.0, "ING2SM": 0.0, "POB_TOT": 0 }, "geometry": { "type": "Polygon", "coordinates": [ [ [ -97.53121, 20.16846 ], [ -97.51459, 20.17004 ], [ -97.51675, 20.15072 ], [ -97.50967, 20.14088 ], [ -97.4958, 20.14706 ], [ -97.49483, 20.13735 ], [ -97.52739, 20.11488 ], [ -97.53959, 20.11601 ], [ -97.54815, 20.10119 ], [ -97.55804, 20.10691 ], [ -97.56174, 20.08557 ], [ -97.59123, 20.08171 ], [ -97.5957, 20.09689 ], [ -97.58423, 20.09475 ], [ -97.57864, 20.10252 ], [ -97.60273, 20.11931 ], [ -97.60495, 20.15781 ], [ -97.5863, 20.15761 ], [ -97.57642, 20.17655 ], [ -97.56922, 20.16431 ], [ -97.54516, 20.16669 ], [ -97.53675, 20.1755 ], [ -97.53121, 20.16846 ] ] ] } },
{ "type": "Feature", "properties": { "CVEGEO": "30204", "NOM_ENT": "Veracruz de Ignacio de la Llave", "NOMGEO": "Agua Dulce", "POB1": 44104.0, "GRADO_MAR": "Bajo", "IM": 0.0, "IM_NORM": 0.0, "ANALF": 0.0, "SIN_EDUC": 0.0, "SIN_DREN": 0.78, "SIN_ELEC": 0.78, "SIN_AGUA": 14.46, "PISO_TIER": 2.11, "HACIN": 0.78, "LOC5000": 0.0, "ING2SM": 0.0, "POB_TOT": 0 }, "geometry": { "type": "Polygon", "coordinates": [ [ [ -94.12766, 18.16943 ], [ -94.12029, 18.16496 ], [ -94.10606, 18.17421 ], [ -94.0979, 18.16836 ], [ -94.10044, 18.12591 ], [ -94.08158, 18.09991 ], [ -94.09715, 18.07862 ], [ -94.07439, 18.05895 ], [ -94.08349, 18.00556 ], [ -94.06708, 18.00985 ], [ -94.06139, 17.98812 ], [ -94.06851, 17.97959 ], [ -94.07353, 17.98777 ], [ -94.08135, 17.96785 ], [ -94.11243, 17.96604 ], [ -94.13339, 17.97871 ], [ -94.15476, 17.98392 ], [ -94.17607, 17.97869 ], [ -94.18091, 17.98949 ], [ -94.20427, 17.99103 ], [ -94.22028, 18.00341 ], [ -94.21158, 18.01832 ], [ -94.22068, 18.02032 ], [ -94.2179, 18.04041 ], [ -94.24209, 18.05193 ], [ -94.27205, 18.04938 ], [ -94.28242, 18.06197 ], [ -94.27352, 18.06307 ], [ -94.27638, 18.06972 ], [ -94.25919, 18.06743 ], [ -94.24017, 18.08687 ], [ -94.24135, 18.11803 ], [ -94.22345, 18.13579 ], [ -94.24009, 18.188 ], [ -94.13148, 18.21307 ], [ -94.12766, 18.16943 ] ] ] } },
{ "type": "Feature", "properties": { "CVEGEO": "30205", "NOM_ENT": "Veracruz de Ignacio de la Llave", "NOMGEO": "El Higo", "POB1": 19402.0, "GRADO_MAR": "Bajo", "IM": 0.0, "IM_NORM": 0.0, "ANALF": 0.0, "SIN_EDUC": 0.0, "SIN_DREN": 1.16, "SIN_ELEC": 1.16, "SIN_AGUA": 1.88, "PISO_TIER": 5.46, "HACIN": 1.16, "LOC5000": 0.0, "ING2SM": 0.0, "POB_TOT": 0 }, "geometry": { "type": "Polygon", "coordinates": [ [ [ -98.40964, 21.87808 ], [ -98.40499, 21.86123 ], [ -98.40237, 21.83907 ], [ -98.41495, 21.83139 ], [ -98.39649, 21.83055 ], [ -98.39212, 21.81871 ], [ -98.30537, 21.82507 ], [ -98.32171, 21.70821 ], [ -98.30986, 21.70983 ], [ -98.31297, 21.68941 ], [ -98.32395, 21.68679 ], [ -98.32573, 21.67191 ], [ -98.37397, 21.66175 ], [ -98.42356, 21.65529 ], [ -98.41076, 21.66384 ], [ -98.42848, 21.66511 ], [ -98.44801, 21.67779 ], [ -98.48098, 21.66998 ], [ -98.48893, 21.65666 ], [ -98.51615, 21.64382 ], [ -98.53648, 21.64632 ], [ -98.55036, 21.69107 ], [ -98.55825, 21.68767 ], [ -98.55835, 21.70279 ], [ -98.57204, 21.71221 ], [ -98.54458, 21.72369 ], [ -98.53073, 21.69727 ], [ -98.52052, 21.71023 ], [ -98.53679, 21.71389 ], [ -98.5374, 21.72062 ], [ -98.51667, 21.71685 ], [ -98.51266, 21.7266 ], [ -98.49894, 21.72724 ], [ -98.50421, 21.73804 ], [ -98.49148, 21.73506 ], [ -98.47692, 21.74522 ], [ -98.48372, 21.75217 ], [ -98.46759, 21.77069 ], [ -98.45658, 21.76354 ], [ -98.47503, 21.81419 ], [ -98.49311, 21.81394 ], [ -98.48797, 21.85189 ], [ -98.47091, 21.85235 ], [ -98.45049, 21.87487 ], [ -98.44113, 21.87388 ], [ -98.43827, 21.88749 ], [ -98.43115, 21.89057 ], [ -98.40964, 21.87808 ] ] ] } },
{ "type": "Feature", "properties": { "CVEGEO": "30185", "NOM_ENT": "Veracruz de Ignacio de la Llave", "NOMGEO": "Tlilapan", "POB1": 5548.0, "GRADO_MAR": "Medio", "IM": 0.0, "IM_NORM": 0.0, "ANALF": 0.0, "SIN_EDUC": 0.0, "SIN_DREN": 1.55, "SIN_ELEC": 1.55, "SIN_AGUA": 3.83, "PISO_TIER": 6.62, "HACIN": 1.55, "LOC5000": 0.0, "ING2SM": 0.0, "POB_TOT": 0 }, "geometry": { "type": "Polygon", "coordinates": [ [ [ -97.07483, 18.80868 ], [ -97.06407, 18.78798 ], [ -97.04656, 18.79856 ], [ -97.04121, 18.78976 ], [ -97.0613, 18.77385 ], [ -97.07052, 18.77741 ], [ -97.06773, 18.78737 ], [ -97.08731, 18.79595 ], [ -97.09681, 18.78856 ], [ -97.11099, 18.79075 ], [ -97.11165, 18.80133 ], [ -97.09556, 18.81223 ], [ -97.07483, 18.80868 ] ] ] } },
{ "type": "Feature", "properties": { "CVEGEO": "30186", "NOM_ENT": "Veracruz de Ignacio de la Llave", "NOMGEO": "Tomatlán", "POB1": 7197.0, "GRADO_MAR": "Bajo", "IM": 0.0, "IM_NORM": 0.0, "ANALF": 0.0, "SIN_EDUC": 0.0, "SIN_DREN": 0.51, "SIN_ELEC": 0.51, "SIN_AGUA": 1.18, "PISO_TIER": 3.06, "HACIN": 0.51, "LOC5000": 0.0, "ING2SM": 0.0, "POB_TOT": 0 }, "geometry": { "type": "Polygon", "coordinates": [ [ [ -96.99829, 19.02621 ], [ -96.99514, 19.03255 ], [ -96.9843, 19.02146 ], [ -96.983, 19.03291 ], [ -96.97544, 19.03238 ], [ -96.96546, 19.01263 ], [ -96.98293, 19.00198 ], [ -96.98129, 18.98613 ], [ -97.00239, 19.013 ], [ -97.02535, 19.02699 ], [ -97.02064, 19.03906 ], [ -97.03301, 19.04944 ], [ -97.00522, 19.04616 ], [ -96.99829, 19.02621 ] ] ] } },
{ "type": "Feature", "properties": { "CVEGEO": "30187", "NOM_ENT": "Veracruz de Ignacio de la Llave", "NOMGEO": "Tonayán", "POB1": 6105.0, "GRADO_MAR": "Alto", "IM": 0.0, "IM_NORM": 0.0, "ANALF": 0.0, "SIN_EDUC": 0.0, "SIN_DREN": 0.28, "SIN_ELEC": 0.28, "SIN_AGUA": 2.49, "PISO_TIER": 5.19, "HACIN": 0.28, "LOC5000": 0.0, "ING2SM": 0.0, "POB_TOT": 0 }, "geometry": { "type": "Polygon", "coordinates": [ [ [ -96.88217, 19.77202 ], [ -96.88807, 19.7473 ], [ -96.90344, 19.73547 ], [ -96.90297, 19.72096 ], [ -96.91703, 19.72086 ], [ -96.9166, 19.70415 ], [ -96.90951, 19.7077 ], [ -96.90212, 19.70074 ], [ -96.89242, 19.66987 ], [ -96.91406, 19.66323 ], [ -96.91844, 19.67285 ], [ -96.93089, 19.67277 ], [ -96.93971, 19.70748 ], [ -96.96303, 19.72494 ], [ -96.9646, 19.74609 ], [ -96.94884, 19.74352 ], [ -96.92269, 19.76092 ], [ -96.87341, 19.77742 ], [ -96.88217, 19.77202 ] ] ] } },
{ "type": "Feature", "properties": { "CVEGEO": "30188", "NOM_ENT": "Veracruz de Ignacio de la Llave", "NOMGEO": "Totutla", "POB1": 17217.0, "GRADO_MAR": "Medio", "IM": 0.0, "IM_NORM": 0.0, "ANALF": 0.0, "SIN_EDUC": 0.0, "SIN_DREN": 2.84, "SIN_ELEC": 2.84, "SIN_AGUA": 1.84, "PISO_TIER": 6.31, "HACIN": 2.84, "LOC5000": 0.0, "ING2SM": 0.0, "POB_TOT": 0 }, "geometry": { "type": "Polygon", "coordinates": [ [ [ -96.85342, 19.28843 ], [ -96.85389, 19.28193 ], [ -96.89865, 19.25216 ], [ -96.8982, 19.24233 ], [ -96.91706, 19.22924 ], [ -96.88088, 19.21799 ], [ -96.82711, 19.24904 ], [ -96.82838, 19.23398 ], [ -96.80329, 19.22669 ], [ -96.80672, 19.20999 ], [ -96.81941, 19.2014 ], [ -96.87152, 19.19416 ], [ -96.85925, 19.19005 ], [ -96.85678, 19.18408 ], [ -96.8653, 19.18262 ], [ -96.86113, 19.17497 ], [ -96.91363, 19.19965 ], [ -96.92563, 19.19287 ], [ -96.95091, 19.20223 ], [ -96.95358, 19.18736 ], [ -96.96493, 19.18952 ], [ -96.96966, 19.20455 ], [ -96.98533, 19.21761 ], [ -96.96672, 19.22398 ], [ -96.91371, 19.27729 ], [ -96.85342, 19.28843 ] ] ] } },
{ "type": "Feature", "properties": { "CVEGEO": "30189", "NOM_ENT": "Veracruz de Ignacio de la Llave", "NOMGEO": "Tuxpan", "POB1": 154600.0, "GRADO_MAR": "Muy bajo", "IM": 0.0, "IM_NORM": 0.0, "ANALF": 0.0, "SIN_EDUC": 0.0, "SIN_DREN": 0.48, "SIN_ELEC": 0.48, "SIN_AGUA": 14.54, "PISO_TIER": 4.02, "HACIN": 0.48, "LOC5000": 0.0, "ING2SM": 0.0, "POB_TOT": 0 }, "geometry": { "type": "Polygon", "coordinates": [ [ [ -97.435, 21.12569 ], [ -97.43262, 21.11586 ], [ -97.41415, 21.11412 ], [ -97.41557, 21.10721 ], [ -97.40132, 21.13124 ], [ -97.38436, 21.12976 ], [ -97.32546, 21.01716 ], [ -97.32256, 20.99812 ], [ -97.30164, 20.97407 ], [ -97.3045, 20.96314 ], [ -97.27932, 20.91097 ], [ -97.22801, 20.82951 ], [ -97.21808, 20.79592 ], [ -97.23564, 20.77967 ], [ -97.25619, 20.77798 ], [ -97.26902, 20.79863 ], [ -97.30415, 20.80198 ], [ -97.30387, 20.79407 ], [ -97.31644, 20.79705 ], [ -97.31675, 20.7804 ], [ -97.33697, 20.7628 ], [ -97.34539, 20.73953 ], [ -97.36062, 20.73999 ], [ -97.35736, 20.7311 ], [ -97.39038, 20.73772 ], [ -97.40748, 20.72801 ], [ -97.40861, 20.73923 ], [ -97.4188, 20.73597 ], [ -97.43771, 20.7508 ], [ -97.44243, 20.74524 ], [ -97.45886, 20.75987 ], [ -97.46799, 20.75878 ], [ -97.45956, 20.77103 ], [ -97.47612, 20.78691 ], [ -97.47885, 20.81943 ], [ -97.49833, 20.82265 ], [ -97.49509, 20.83188 ], [ -97.48114, 20.82898 ], [ -97.47892, 20.8416 ], [ -97.46176, 20.82871 ], [ -97.45705, 20.84783 ], [ -97.46488, 20.85761 ], [ -97.47316, 20.85152 ], [ -97.46995, 20.86266 ], [ -97.48949, 20.86752 ], [ -97.49378, 20.84173 ], [ -97.50765, 20.84786 ], [ -97.50017, 20.8838 ], [ -97.50774, 20.91161 ], [ -97.49977, 20.93301 ], [ -97.52036, 20.93447 ], [ -97.51662, 20.94464 ], [ -97.52872, 20.95451 ], [ -97.57165, 20.95012 ], [ -97.59265, 20.97174 ], [ -97.58922, 20.98182 ], [ -97.59988, 20.99757 ], [ -97.56485, 20.99289 ], [ -97.5732, 21.00555 ], [ -97.58008, 21.00075 ], [ -97.59831, 21.00792 ], [ -97.59183, 21.02765 ], [ -97.57465, 21.02062 ], [ -97.54085, 21.0525 ], [ -97.54443, 21.05933 ], [ -97.56042, 21.05843 ], [ -97.55568, 21.08477 ], [ -97.53851, 21.07003 ], [ -97.50709, 21.07406 ], [ -97.51639, 21.09234 ], [ -97.50819, 21.09979 ], [ -97.52164, 21.10864 ], [ -97.55662, 21.10538 ], [ -97.55467, 21.11317 ], [ -97.53763, 21.12461 ], [ -97.51266, 21.12234 ], [ -97.48617, 21.1375 ], [ -97.45879, 21.13791 ], [ -97.435, 21.12569 ] ] ] } },
{ "type": "Feature", "properties": { "CVEGEO": "30190", "NOM_ENT": "Veracruz de Ignacio de la Llave", "NOMGEO": "Tuxtilla", "POB1": 2258.0, "GRADO_MAR": "Medio", "IM": 0.0, "IM_NORM": 0.0, "ANALF": 0.0, "SIN_EDUC": 0.0, "SIN_DREN": 1.82, "SIN_ELEC": 1.82, "SIN_AGUA": 15.72, "PISO_TIER": 1.64, "HACIN": 1.82, "LOC5000": 0.0, "ING2SM": 0.0, "POB_TOT": 0 }, "geometry": { "type": "Polygon", "coordinates": [ [ [ -95.8411, 18.19694 ], [ -95.84196, 18.1828 ], [ -95.8628, 18.17345 ], [ -95.87232, 18.1778 ], [ -95.86751, 18.15065 ], [ -95.84982, 18.14115 ], [ -95.85153, 18.13079 ], [ -95.90274, 18.13569 ], [ -95.89615, 18.14879 ], [ -95.91241, 18.15281 ], [ -95.91081, 18.18495 ], [ -95.87887, 18.19777 ], [ -95.89383, 18.22364 ], [ -95.91154, 18.22185 ], [ -95.91106, 18.24057 ], [ -95.91973, 18.24678 ], [ -95.912, 18.25059 ], [ -95.90153, 18.23963 ], [ -95.88843, 18.25065 ], [ -95.8411, 18.19694 ] ] ] } },
{ "type": "Feature", "properties": { "CVEGEO": "30191", "NOM_ENT": "Veracruz de Ignacio de la Llave", "NOMGEO": "Ursulo Galván", "POB1": 30097.0, "GRADO_MAR": "Muy bajo", "IM": 0.0, "IM_NORM": 0.0, "ANALF": 0.0, "SIN_EDUC": 0.0, "SIN_DREN": 0.7, "SIN_ELEC": 0.7, "SIN_AGUA": 0.22, "PISO_TIER": 1.03, "HACIN": 0.7, "LOC5000": 0.0, "ING2SM": 0.0, "POB_TOT": 0 }, "geometry": { "type": "Polygon", "coordinates": [ [ [ -96.30867, 19.46255 ], [ -96.31934, 19.45279 ], [ -96.32162, 19.40985 ], [ -96.32993, 19.40883 ], [ -96.33196, 19.39592 ], [ -96.3998, 19.401 ], [ -96.41338, 19.41202 ], [ -96.43435, 19.39704 ], [ -96.46579, 19.39733 ], [ -96.48076, 19.43827 ], [ -96.47478, 19.45217 ], [ -96.45762, 19.46178 ], [ -96.41367, 19.45584 ], [ -96.39842, 19.46369 ], [ -96.39183, 19.45695 ], [ -96.3835, 19.47046 ], [ -96.36883, 19.47419 ], [ -96.37361, 19.48449 ], [ -96.3563, 19.47902 ], [ -96.33007, 19.49751 ], [ -96.30867, 19.46255 ] ] ] } },
{ "type": "Feature", "properties": { "CVEGEO": "30192", "NOM_ENT": "Veracruz de Ignacio de la Llave", "NOMGEO": "Vega de Alatorre", "POB1": 20204.0, "GRADO_MAR": "Bajo", "IM": 0.0, "IM_NORM": 0.0, "ANALF": 0.0, "SIN_EDUC": 0.0, "SIN_DREN": 0.74, "SIN_ELEC": 0.74, "SIN_AGUA": 1.16, "PISO_TIER": 2.75, "HACIN": 0.74, "LOC5000": 0.0, "ING2SM": 0.0, "POB_TOT": 0 }, "geometry": { "type": "Polygon", "coordinates": [ [ [ -96.57432, 20.0052 ], [ -96.56411, 19.97156 ], [ -96.52627, 19.92477 ], [ -96.53646, 19.91664 ], [ -96.52593, 19.90494 ], [ -96.54525, 19.87614 ], [ -96.53655, 19.86614 ], [ -96.54162, 19.84884 ], [ -96.55777, 19.82844 ], [ -96.62365, 19.86407 ], [ -96.64166, 19.89186 ], [ -96.6499, 19.89237 ], [ -96.65477, 19.91487 ], [ -96.6376, 19.94191 ], [ -96.63735, 19.9477 ], [ -96.65431, 19.94689 ], [ -96.64177, 19.96039 ], [ -96.64507, 19.99077 ], [ -96.65906, 19.98568 ], [ -96.66254, 19.9985 ], [ -96.70318, 19.96911 ], [ -96.72031, 19.97875 ], [ -96.73003, 19.97135 ], [ -96.73443, 19.98807 ], [ -96.75038, 19.96666 ], [ -96.75692, 19.97854 ], [ -96.76467, 19.9736 ], [ -96.76396, 19.98558 ], [ -96.77597, 19.98377 ], [ -96.76232, 19.99943 ], [ -96.7629, 20.02375 ], [ -96.73697, 20.02422 ], [ -96.68072, 20.08235 ], [ -96.70887, 20.09456 ], [ -96.69365, 20.10761 ], [ -96.71545, 20.14973 ], [ -96.70551, 20.15694 ], [ -96.57432, 20.0052 ] ] ] } },
{ "type": "Feature", "properties": { "CVEGEO": "30193", "NOM_ENT": "Veracruz de Ignacio de la Llave", "NOMGEO": "Veracruz", "POB1": 607209.0, "GRADO_MAR": "Muy bajo", "IM": 0.0, "IM_NORM": 0.0, "ANALF": 0.0, "SIN_EDUC": 0.0, "SIN_DREN": 0.12, "SIN_ELEC": 0.12, "SIN_AGUA": 0.52, "PISO_TIER": 1.46, "HACIN": 0.12, "LOC5000": 0.0, "ING2SM": 0.0, "POB_TOT": 0 }, "geometry": { "type": "MultiPolygon", "coordinates": [ [ [ [ -96.09294, 19.17618 ], [ -96.09212, 19.17724 ], [ -96.09098, 19.17545 ], [ -96.09294, 19.17618 ] ] ], [ [ [ -96.18177, 19.25044 ], [ -96.16581, 19.21977 ], [ -96.13192, 19.21987 ], [ -96.15436, 19.21755 ], [ -96.15549, 19.21564 ], [ -96.13267, 19.21797 ], [ -96.12296, 19.21306 ], [ -96.12032, 19.20359 ], [ -96.13966, 19.21327 ], [ -96.13545, 19.20157 ], [ -96.126, 19.20178 ], [ -96.12791, 19.19532 ], [ -96.12125, 19.20077 ], [ -96.11851, 19.16866 ], [ -96.13151, 19.16517 ], [ -96.12937, 19.14623 ], [ -96.14009, 19.14109 ], [ -96.15178, 19.10855 ], [ -96.19034, 19.10266 ], [ -96.20869, 19.10953 ], [ -96.21075, 19.12423 ], [ -96.22213, 19.1192 ], [ -96.24398, 19.14491 ], [ -96.26355, 19.13327 ], [ -96.29415, 19.15854 ], [ -96.31055, 19.15877 ], [ -96.3139, 19.15006 ], [ -96.309, 19.18385 ], [ -96.30194, 19.18701 ], [ -96.33231, 19.19878 ], [ -96.32702, 19.21814 ], [ -96.33952, 19.23106 ], [ -96.33939, 19.24185 ], [ -96.30958, 19.23268 ], [ -96.29111, 19.2435 ], [ -96.28682, 19.25989 ], [ -96.27298, 19.2648 ], [ -96.24141, 19.22549 ], [ -96.22643, 19.22081 ], [ -96.22765, 19.26057 ], [ -96.18177, 19.25044 ] ] ] ] } },
{ "type": "Feature", "properties": { "CVEGEO": "30194", "NOM_ENT": "Veracruz de Ignacio de la Llave", "NOMGEO": "Villa Aldama", "POB1": 12492.0, "GRADO_MAR": "Medio", "IM": 0.0, "IM_NORM": 0.0, "ANALF": 0.0, "SIN_EDUC": 0.0, "SIN_DREN": 1.13, "SIN_ELEC": 1.13, "SIN_AGUA": 2.35, "PISO_TIER": 4.32, "HACIN": 1.13, "LOC5000": 0.0, "ING2SM": 0.0, "POB_TOT": 0 }, "geometry": { "type": "Polygon", "coordinates": [ [ [ -97.19189, 19.67625 ], [ -97.15096, 19.64633 ], [ -97.15173, 19.62203 ], [ -97.16668, 19.61556 ], [ -97.17158, 19.63232 ], [ -97.20434, 19.61419 ], [ -97.2185, 19.63371 ], [ -97.23803, 19.63679 ], [ -97.23636, 19.65701 ], [ -97.25913, 19.68012 ], [ -97.25619, 19.68811 ], [ -97.19189, 19.67625 ] ] ] } },
{ "type": "Feature", "properties": { "CVEGEO": "30195", "NOM_ENT": "Veracruz de Ignacio de la Llave", "NOMGEO": "Xoxocotla", "POB1": 5900.0, "GRADO_MAR": "Muy alto", "IM": 0.0, "IM_NORM": 0.0, "ANALF": 0.0, "SIN_EDUC": 0.0, "SIN_DREN": 1.36, "SIN_ELEC": 1.36, "SIN_AGUA": 8.97, "PISO_TIER": 32.42, "HACIN": 1.36, "LOC5000": 0.0, "ING2SM": 0.0, "POB_TOT": 0 }, "geometry": { "type": "Polygon", "coordinates": [ [ [ -97.13312, 18.66009 ], [ -97.13415, 18.64219 ], [ -97.12255, 18.63484 ], [ -97.13992, 18.61832 ], [ -97.13924, 18.5922 ], [ -97.1744, 18.60666 ], [ -97.17595, 18.61672 ], [ -97.19691, 18.62958 ], [ -97.21523, 18.62555 ], [ -97.22657, 18.63884 ], [ -97.20817, 18.63358 ], [ -97.14543, 18.66727 ], [ -97.13312, 18.66009 ] ] ] } },
{ "type": "Feature", "properties": { "CVEGEO": "30206", "NOM_ENT": "Veracruz de Ignacio de la Llave", "NOMGEO": "Nanchital de Lázaro Cárdenas del Río", "POB1": 29209.0, "GRADO_MAR": "Muy bajo", "IM": 0.0, "IM_NORM": 0.0, "ANALF": 0.0, "SIN_EDUC": 0.0, "SIN_DREN": 0.33, "SIN_ELEC": 0.33, "SIN_AGUA": 4.73, "PISO_TIER": 1.24, "HACIN": 0.33, "LOC5000": 0.0, "ING2SM": 0.0, "POB_TOT": 0 }, "geometry": { "type": "Polygon", "coordinates": [ [ [ -94.40922, 18.08773 ], [ -94.40017, 18.09094 ], [ -94.39256, 18.07315 ], [ -94.36575, 18.08226 ], [ -94.34452, 18.06098 ], [ -94.41271, 18.03413 ], [ -94.42213, 18.05245 ], [ -94.41425, 18.06844 ], [ -94.42407, 18.09804 ], [ -94.40922, 18.08773 ] ] ] } },
{ "type": "Feature", "properties": { "CVEGEO": "30207", "NOM_ENT": "Veracruz de Ignacio de la Llave", "NOMGEO": "Tres Valles", "POB1": 44978.0, "GRADO_MAR": "Medio", "IM": 0.0, "IM_NORM": 0.0, "ANALF": 0.0, "SIN_EDUC": 0.0, "SIN_DREN": 3.52, "SIN_ELEC": 3.52, "SIN_AGUA": 15.09, "PISO_TIER": 4.61, "HACIN": 3.52, "LOC5000": 0.0, "ING2SM": 0.0, "POB_TOT": 0 }, "geometry": { "type": "Polygon", "coordinates": [ [ [ -96.07446, 18.40897 ], [ -96.06066, 18.41606 ], [ -96.04452, 18.40024 ], [ -96.03268, 18.40454 ], [ -96.01588, 18.38793 ], [ -96.01659, 18.37541 ], [ -96.03308, 18.38251 ], [ -96.03509, 18.36275 ], [ -96.05477, 18.36459 ], [ -96.06641, 18.35219 ], [ -96.06811, 18.33452 ], [ -96.07863, 18.33685 ], [ -96.09006, 18.32677 ], [ -96.08238, 18.30529 ], [ -96.07155, 18.31453 ], [ -96.05528, 18.2998 ], [ -96.0557, 18.2899 ], [ -96.0699, 18.28776 ], [ -96.07202, 18.27463 ], [ -96.05356, 18.25165 ], [ -96.07818, 18.23246 ], [ -96.0804, 18.2187 ], [ -96.06905, 18.21414 ], [ -96.07818, 18.19983 ], [ -96.11847, 18.19174 ], [ -96.12219, 18.18462 ], [ -96.13837, 18.18476 ], [ -96.13973, 18.19927 ], [ -96.14997, 18.19062 ], [ -96.17333, 18.19042 ], [ -96.21747, 18.16196 ], [ -96.231, 18.18972 ], [ -96.26799, 18.22445 ], [ -96.26681, 18.24566 ], [ -96.28823, 18.25976 ], [ -96.26916, 18.27398 ], [ -96.27857, 18.28382 ], [ -96.2706, 18.29744 ], [ -96.29444, 18.31243 ], [ -96.30012, 18.3668 ], [ -96.28922, 18.37778 ], [ -96.27964, 18.37578 ], [ -96.28149, 18.38609 ], [ -96.26125, 18.40824 ], [ -96.2311, 18.39243 ], [ -96.1992, 18.39555 ], [ -96.17771, 18.38577 ], [ -96.1628, 18.38971 ], [ -96.15062, 18.41084 ], [ -96.12007, 18.42279 ], [ -96.07446, 18.40897 ] ] ] } },
{ "type": "Feature", "properties": { "CVEGEO": "30208", "NOM_ENT": "Veracruz de Ignacio de la Llave", "NOMGEO": "Carlos A. Carrillo", "POB1": 23376.0, "GRADO_MAR": "Bajo", "IM": 0.0, "IM_NORM": 0.0, "ANALF": 0.0, "SIN_EDUC": 0.0, "SIN_DREN": 2.36, "SIN_ELEC": 2.36, "SIN_AGUA": 5.66, "PISO_TIER": 2.23, "HACIN": 2.36, "LOC5000": 0.0, "ING2SM": 0.0, "POB_TOT": 0 }, "geometry": { "type": "Polygon", "coordinates": [ [ [ -95.70034, 18.39608 ], [ -95.64615, 18.37474 ], [ -95.63969, 18.35634 ], [ -95.65995, 18.34821 ], [ -95.64331, 18.34481 ], [ -95.6407, 18.33727 ], [ -95.65165, 18.33613 ], [ -95.6556, 18.31826 ], [ -95.66351, 18.31578 ], [ -95.6615, 18.30845 ], [ -95.64234, 18.30446 ], [ -95.64466, 18.27995 ], [ -95.65736, 18.27684 ], [ -95.65395, 18.26201 ], [ -95.68299, 18.25072 ], [ -95.68251, 18.23765 ], [ -95.70019, 18.23605 ], [ -95.71833, 18.21478 ], [ -95.73194, 18.22002 ], [ -95.73421, 18.23235 ], [ -95.74714, 18.2339 ], [ -95.72923, 18.24092 ], [ -95.74921, 18.2447 ], [ -95.76413, 18.2741 ], [ -95.77894, 18.26877 ], [ -95.78209, 18.28162 ], [ -95.79237, 18.28647 ], [ -95.78241, 18.29369 ], [ -95.78347, 18.30893 ], [ -95.7766, 18.30078 ], [ -95.76536, 18.3188 ], [ -95.77817, 18.33423 ], [ -95.77689, 18.35981 ], [ -95.77071, 18.35995 ], [ -95.77937, 18.37589 ], [ -95.77855, 18.39988 ], [ -95.79133, 18.41727 ], [ -95.77891, 18.41863 ], [ -95.76636, 18.44049 ], [ -95.70034, 18.39608 ] ] ] } },
{ "type": "Feature", "properties": { "CVEGEO": "30209", "NOM_ENT": "Veracruz de Ignacio de la Llave", "NOMGEO": "Tatahuicapan de Juárez", "POB1": 15044.0, "GRADO_MAR": "Alto", "IM": 0.0, "IM_NORM": 0.0, "ANALF": 0.0, "SIN_EDUC": 0.0, "SIN_DREN": 6.57, "SIN_ELEC": 6.57, "SIN_AGUA": 0.61, "PISO_TIER": 20.12, "HACIN": 6.57, "LOC5000": 0.0, "ING2SM": 0.0, "POB_TOT": 0 }, "geometry": { "type": "Polygon", "coordinates": [ [ [ -94.77369, 18.4492 ], [ -94.74379, 18.42174 ], [ -94.7375, 18.39517 ], [ -94.68246, 18.35002 ], [ -94.71023, 18.32287 ], [ -94.71873, 18.33386 ], [ -94.71966, 18.31616 ], [ -94.74056, 18.30968 ], [ -94.73023, 18.28914 ], [ -94.73602, 18.25826 ], [ -94.72624, 18.24185 ], [ -94.76127, 18.23561 ], [ -94.76545, 18.2245 ], [ -94.75797, 18.2183 ], [ -94.76747, 18.21859 ], [ -94.76792, 18.19036 ], [ -94.78383, 18.19005 ], [ -94.77912, 18.21022 ], [ -94.78938, 18.21505 ], [ -94.77868, 18.21411 ], [ -94.78192, 18.24177 ], [ -94.76519, 18.25554 ], [ -94.77017, 18.27322 ], [ -94.78689, 18.27679 ], [ -94.78826, 18.26045 ], [ -94.80439, 18.26038 ], [ -94.81035, 18.28414 ], [ -94.79553, 18.2838 ], [ -94.78539, 18.29254 ], [ -94.80166, 18.29135 ], [ -94.83585, 18.32611 ], [ -94.83386, 18.34942 ], [ -94.81747, 18.36853 ], [ -94.82908, 18.37845 ], [ -94.8333, 18.40394 ], [ -94.85671, 18.39965 ], [ -94.85899, 18.38767 ], [ -94.86679, 18.38594 ], [ -94.89651, 18.40801 ], [ -94.88219, 18.44364 ], [ -94.86299, 18.45376 ], [ -94.8539, 18.44985 ], [ -94.84118, 18.47534 ], [ -94.8005, 18.49444 ], [ -94.7899, 18.50763 ], [ -94.77369, 18.4492 ] ] ] } },
{ "type": "Feature", "properties": { "CVEGEO": "30210", "NOM_ENT": "Veracruz de Ignacio de la Llave", "NOMGEO": "Uxpanapa", "POB1": 30891.0, "GRADO_MAR": "Alto", "IM": 0.0, "IM_NORM": 0.0, "ANALF": 0.0, "SIN_EDUC": 0.0, "SIN_DREN": 2.48, "SIN_ELEC": 2.48, "SIN_AGUA": 6.62, "PISO_TIER": 13.21, "HACIN": 2.48, "LOC5000": 0.0, "ING2SM": 0.0, "POB_TOT": 0 }, "geometry": { "type": "Polygon", "coordinates": [ [ [ -94.43194, 17.45194 ], [ -94.43764, 17.44833 ], [ -94.42911, 17.4342 ], [ -94.43406, 17.42648 ], [ -94.35649, 17.45131 ], [ -94.3508, 17.43647 ], [ -94.37336, 17.42961 ], [ -94.36155, 17.40141 ], [ -94.25566, 17.40119 ], [ -94.21626, 17.31682 ], [ -94.17828, 17.33955 ], [ -94.12789, 17.34593 ], [ -94.0352, 17.34395 ], [ -94.03421, 17.325 ], [ -93.97019, 17.3237 ], [ -93.96211, 17.31834 ], [ -93.96805, 17.30304 ], [ -93.94741, 17.30627 ], [ -93.92311, 17.29783 ], [ -93.93099, 17.28154 ], [ -93.93173, 17.20012 ], [ -94.00187, 17.19964 ], [ -94.00162, 17.18413 ], [ -94.09007, 17.18456 ], [ -94.08749, 17.14943 ], [ -94.74357, 17.18466 ], [ -94.73717, 17.19216 ], [ -94.75409, 17.19999 ], [ -94.75889, 17.21956 ], [ -94.74124, 17.25838 ], [ -94.75485, 17.27209 ], [ -94.75038, 17.2845 ], [ -94.72592, 17.29522 ], [ -94.69973, 17.29486 ], [ -94.70652, 17.30269 ], [ -94.69938, 17.30594 ], [ -94.6964, 17.33613 ], [ -94.65416, 17.33166 ], [ -94.63916, 17.32 ], [ -94.63666, 17.37833 ], [ -94.60805, 17.37028 ], [ -94.61027, 17.36389 ], [ -94.6011, 17.36139 ], [ -94.58529, 17.44806 ], [ -94.57004, 17.44779 ], [ -94.56972, 17.47322 ], [ -94.43194, 17.45194 ] ] ] } },
{ "type": "Feature", "properties": { "CVEGEO": "30211", "NOM_ENT": "Veracruz de Ignacio de la Llave", "NOMGEO": "San Rafael", "POB1": 30351.0, "GRADO_MAR": "Bajo", "IM": 0.0, "IM_NORM": 0.0, "ANALF": 0.0, "SIN_EDUC": 0.0, "SIN_DREN": 1.07, "SIN_ELEC": 1.07, "SIN_AGUA": 4.04, "PISO_TIER": 3.8, "HACIN": 1.07, "LOC5000": 0.0, "ING2SM": 0.0, "POB_TOT": 0 }, "geometry": { "type": "Polygon", "coordinates": [ [ [ -96.88804, 20.27073 ], [ -96.87273, 20.28 ], [ -96.85465, 20.27877 ], [ -96.84355, 20.26089 ], [ -96.83358, 20.26306 ], [ -96.81962, 20.2379 ], [ -96.80367, 20.24724 ], [ -96.78536, 20.24181 ], [ -96.77629, 20.22054 ], [ -96.79211, 20.20204 ], [ -96.81373, 20.21149 ], [ -96.8341, 20.17636 ], [ -96.86427, 20.19915 ], [ -96.86513, 20.18919 ], [ -96.85, 20.17644 ], [ -96.86018, 20.14712 ], [ -96.87154, 20.1559 ], [ -96.8838, 20.13551 ], [ -96.89159, 20.15062 ], [ -96.918, 20.14683 ], [ -96.93464, 20.13057 ], [ -96.94823, 20.14687 ], [ -96.9923, 20.15109 ], [ -96.98563, 20.16345 ], [ -97.01039, 20.18048 ], [ -97.02137, 20.21501 ], [ -97.00085, 20.25062 ], [ -97.00852, 20.28959 ], [ -96.99706, 20.29616 ], [ -96.97681, 20.28418 ], [ -96.97389, 20.27384 ], [ -96.94977, 20.28106 ], [ -96.93595, 20.29771 ], [ -96.91897, 20.29653 ], [ -96.88804, 20.27073 ] ] ] } },
{ "type": "Feature", "properties": { "CVEGEO": "30212", "NOM_ENT": "Veracruz de Ignacio de la Llave", "NOMGEO": "Santiago Sochiapan", "POB1": 13062.0, "GRADO_MAR": "Alto", "IM": 0.0, "IM_NORM": 0.0, "ANALF": 0.0, "SIN_EDUC": 0.0, "SIN_DREN": 0.86, "SIN_ELEC": 0.86, "SIN_AGUA": 15.82, "PISO_TIER": 17.4, "HACIN": 0.86, "LOC5000": 0.0, "ING2SM": 0.0, "POB_TOT": 0 }, "geometry": { "type": "Polygon", "coordinates": [ [ [ -95.66066, 17.73207 ], [ -95.65125, 17.69489 ], [ -95.63684, 17.6891 ], [ -95.62341, 17.69645 ], [ -95.62641, 17.68384 ], [ -95.6023, 17.68564 ], [ -95.6, 17.66859 ], [ -95.58927, 17.66073 ], [ -95.59673, 17.65996 ], [ -95.59181, 17.63596 ], [ -95.57982, 17.65004 ], [ -95.55124, 17.65258 ], [ -95.54811, 17.63452 ], [ -95.53367, 17.6327 ], [ -95.52687, 17.63455 ], [ -95.52689, 17.64591 ], [ -95.52004, 17.64436 ], [ -95.51119, 17.62833 ], [ -95.56667, 17.59742 ], [ -95.55393, 17.58107 ], [ -95.55387, 17.56714 ], [ -95.53027, 17.57114 ], [ -95.5251, 17.56211 ], [ -95.53017, 17.55715 ], [ -95.53967, 17.56057 ], [ -95.5496, 17.55321 ], [ -95.55554, 17.55864 ], [ -95.55987, 17.54677 ], [ -95.56881, 17.55124 ], [ -95.57956, 17.53757 ], [ -95.59875, 17.53461 ], [ -95.60511, 17.54901 ], [ -95.60708, 17.53982 ], [ -95.64449, 17.54654 ], [ -95.6541, 17.56039 ], [ -95.64846, 17.53989 ], [ -95.68515, 17.53753 ], [ -95.7021, 17.51849 ], [ -95.70657, 17.53402 ], [ -95.72514, 17.53622 ], [ -95.72689, 17.57803 ], [ -95.77155, 17.58868 ], [ -95.77147, 17.5997 ], [ -95.78174, 17.60303 ], [ -95.79298, 17.60143 ], [ -95.79185, 17.58636 ], [ -95.80876, 17.59318 ], [ -95.80348, 17.6071 ], [ -95.77365, 17.60585 ], [ -95.76657, 17.68696 ], [ -95.75214, 17.69694 ], [ -95.74904, 17.72265 ], [ -95.72015, 17.72109 ], [ -95.68655, 17.75063 ], [ -95.67622, 17.73167 ], [ -95.66066, 17.73207 ] ] ] } }
]
}
