{
"type": "FeatureCollection",
"name": "marginacion_municipal_chiapas_2020",
"crs": { "type": "name", "properties": { "name": "urn:ogc:def:crs:OGC:1.3:CRS84" } },
"features": [
{ "type": "Feature", "properties": { "CVEGEO": "07001", "NOM_ENT": "Chiapas", "NOMGEO": "Acacoyagua", "POB1": 17994.0, "GRADO_MAR": "Medio", "IM": 0.0, "IM_NORM": 0.0, "ANALF": 0.0, "SIN_EDUC": 0.0, "SIN_DREN": 3.28, "SIN_ELEC": 3.28, "SIN_AGUA": 6.61, "PISO_TIER": 4.07, "HACIN": 3.28, "LOC5000": 0.0, "ING2SM": 0.0, "POB_TOT": 0 }, "geometry": { "type": "Polygon", "coordinates": [ [ [ -92.55226, 15.4752 ], [ -92.57071, 15.47962 ], [ -92.56582, 15.45433 ], [ -92.60665, 15.45476 ], [ -92.62753, 15.42583 ], [ -92.63032, 15.4043 ], [ -92.61412, 15.40442 ], [ -92.63976, 15.35635 ], [ -92.64567, 15.36036 ], [ -92.64032, 15.37501 ], [ -92.65104, 15.37296 ], [ -92.64928, 15.35245 ], [ -92.66152, 15.34822 ], [ -92.65274, 15.33242 ], [ -92.68887, 15.31883 ], [ -92.71316, 15.32757 ], [ -92.7248, 15.31964 ], [ -92.73219, 15.3235 ], [ -92.734, 15.34175 ], [ -92.74456, 15.33774 ], [ -92.75268, 15.37789 ], [ -92.76779, 15.38637 ], [ -92.75333, 15.38449 ], [ -92.75192, 15.39785 ], [ -92.76496, 15.39776 ], [ -92.75544, 15.42028 ], [ -92.76846, 15.42198 ], [ -92.77621, 15.41451 ], [ -92.77023, 15.42721 ], [ -92.74868, 15.42882 ], [ -92.76898, 15.4328 ], [ -92.75655, 15.45843 ], [ -92.74382, 15.45515 ], [ -92.73091, 15.46778 ], [ -92.72079, 15.46572 ], [ -92.7176, 15.47543 ], [ -92.65797, 15.4906 ], [ -92.55436, 15.48212 ], [ -92.55226, 15.4752 ] ] ] } },
{ "type": "Feature", "properties": { "CVEGEO": "07002", "NOM_ENT": "Chiapas", "NOMGEO": "Acala", "POB1": 21187.0, "GRADO_MAR": "Medio", "IM": 0.0, "IM_NORM": 0.0, "ANALF": 0.0, "SIN_EDUC": 0.0, "SIN_DREN": 2.07, "SIN_ELEC": 2.07, "SIN_AGUA": 3.42, "PISO_TIER": 6.32, "HACIN": 2.07, "LOC5000": 0.0, "ING2SM": 0.0, "POB_TOT": 0 }, "geometry": { "type": "Polygon", "coordinates": [ [ [ -92.78405, 16.65492 ], [ -92.78746, 16.64491 ], [ -92.77276, 16.63167 ], [ -92.75925, 16.59127 ], [ -92.74889, 16.5927 ], [ -92.7487, 16.61373 ], [ -92.72673, 16.5961 ], [ -92.73769, 16.59777 ], [ -92.73519, 16.58605 ], [ -92.74393, 16.58964 ], [ -92.75084, 16.55753 ], [ -92.76885, 16.56162 ], [ -92.78428, 16.54091 ], [ -92.78247, 16.53186 ], [ -92.7706, 16.52807 ], [ -92.75448, 16.54124 ], [ -92.7465, 16.53934 ], [ -92.74536, 16.5289 ], [ -92.7663, 16.51658 ], [ -92.75168, 16.50729 ], [ -92.7545, 16.4952 ], [ -92.72878, 16.48043 ], [ -92.74488, 16.47752 ], [ -92.75145, 16.45212 ], [ -92.76454, 16.45366 ], [ -92.74541, 16.42585 ], [ -92.7776, 16.40112 ], [ -92.79117, 16.41742 ], [ -92.78511, 16.43588 ], [ -92.82673, 16.4496 ], [ -92.83414, 16.46781 ], [ -92.85755, 16.46887 ], [ -92.85856, 16.48058 ], [ -92.85167, 16.48376 ], [ -92.87592, 16.50969 ], [ -92.88534, 16.50161 ], [ -92.89292, 16.50776 ], [ -92.8925, 16.51819 ], [ -92.85847, 16.52386 ], [ -92.86492, 16.54751 ], [ -92.84127, 16.56377 ], [ -92.85908, 16.56721 ], [ -92.86222, 16.58151 ], [ -92.88679, 16.5883 ], [ -92.92139, 16.63883 ], [ -92.90665, 16.64835 ], [ -92.84568, 16.65152 ], [ -92.82582, 16.67263 ], [ -92.78405, 16.65492 ] ] ] } },
{ "type": "Feature", "properties": { "CVEGEO": "07003", "NOM_ENT": "Chiapas", "NOMGEO": "Acapetahua", "POB1": 26899.0, "GRADO_MAR": "Alto", "IM": 0.0, "IM_NORM": 0.0, "ANALF": 0.0, "SIN_EDUC": 0.0, "SIN_DREN": 2.88, "SIN_ELEC": 2.88, "SIN_AGUA": 16.66, "PISO_TIER": 8.16, "HACIN": 2.88, "LOC5000": 0.0, "ING2SM": 0.0, "POB_TOT": 0 }, "geometry": { "type": "Polygon", "coordinates": [ [ [ -92.75192, 15.39785 ], [ -92.75333, 15.38449 ], [ -92.76779, 15.38637 ], [ -92.75268, 15.37789 ], [ -92.74456, 15.33774 ], [ -92.734, 15.34175 ], [ -92.73219, 15.3235 ], [ -92.71761, 15.32052 ], [ -92.73686, 15.30393 ], [ -92.72462, 15.29586 ], [ -92.71477, 15.30309 ], [ -92.71971, 15.31193 ], [ -92.7093, 15.30174 ], [ -92.68124, 15.3047 ], [ -92.67188, 15.29313 ], [ -92.68061, 15.27872 ], [ -92.66162, 15.28597 ], [ -92.62694, 15.26009 ], [ -92.63737, 15.24253 ], [ -92.64661, 15.24236 ], [ -92.63901, 15.23658 ], [ -92.65037, 15.22478 ], [ -92.63909, 15.21086 ], [ -92.6465, 15.21351 ], [ -92.65032, 15.20048 ], [ -92.66275, 15.20264 ], [ -92.67672, 15.17655 ], [ -92.70261, 15.15681 ], [ -92.71119, 15.15632 ], [ -92.71586, 15.15501 ], [ -92.71685, 15.15404 ], [ -92.71053, 15.14078 ], [ -92.72172, 15.12787 ], [ -92.74138, 15.15142 ], [ -92.7584, 15.13308 ], [ -92.75566, 15.11228 ], [ -92.76516, 15.11392 ], [ -92.71496, 15.02274 ], [ -92.73263, 15.03083 ], [ -92.93095, 15.23132 ], [ -92.92319, 15.24679 ], [ -92.88458, 15.2226 ], [ -92.91077, 15.24893 ], [ -92.90025, 15.24866 ], [ -92.88848, 15.23226 ], [ -92.89375, 15.24864 ], [ -92.8854, 15.25079 ], [ -92.89468, 15.25869 ], [ -92.88474, 15.25257 ], [ -92.8783, 15.25872 ], [ -92.88573, 15.266 ], [ -92.88125, 15.27043 ], [ -92.87173, 15.26162 ], [ -92.85242, 15.28209 ], [ -92.84004, 15.32222 ], [ -92.81011, 15.34636 ], [ -92.80281, 15.39358 ], [ -92.81477, 15.39962 ], [ -92.78537, 15.38928 ], [ -92.76846, 15.42198 ], [ -92.75544, 15.42028 ], [ -92.76496, 15.39776 ], [ -92.75192, 15.39785 ] ] ] } },
{ "type": "Feature", "properties": { "CVEGEO": "07004", "NOM_ENT": "Chiapas", "NOMGEO": "Altamirano", "POB1": 36160.0, "GRADO_MAR": "Alto", "IM": 0.0, "IM_NORM": 0.0, "ANALF": 0.0, "SIN_EDUC": 0.0, "SIN_DREN": 1.94, "SIN_ELEC": 1.94, "SIN_AGUA": 16.0, "PISO_TIER": 7.58, "HACIN": 1.94, "LOC5000": 0.0, "ING2SM": 0.0, "POB_TOT": 0 }, "geometry": { "type": "Polygon", "coordinates": [ [ [ -91.9994, 16.83924 ], [ -92.01143, 16.8258 ], [ -92.00344, 16.81051 ], [ -91.98092, 16.80401 ], [ -91.97924, 16.81532 ], [ -91.95928, 16.81593 ], [ -91.93831, 16.80916 ], [ -91.93194, 16.81939 ], [ -91.934, 16.81005 ], [ -91.91199, 16.80424 ], [ -91.90148, 16.78078 ], [ -91.90514, 16.76139 ], [ -91.89422, 16.7578 ], [ -91.89522, 16.75083 ], [ -91.7993, 16.74345 ], [ -91.76806, 16.75107 ], [ -91.77908, 16.70239 ], [ -91.70533, 16.65193 ], [ -91.68502, 16.64795 ], [ -91.68483, 16.63699 ], [ -91.65144, 16.61525 ], [ -91.62293, 16.61388 ], [ -91.61895, 16.60106 ], [ -91.59896, 16.61876 ], [ -91.60135, 16.59689 ], [ -91.57094, 16.6056 ], [ -91.55186, 16.57286 ], [ -91.58723, 16.55998 ], [ -91.61811, 16.56648 ], [ -91.60482, 16.55339 ], [ -91.61715, 16.5241 ], [ -91.65305, 16.53622 ], [ -91.67414, 16.57868 ], [ -91.69631, 16.56787 ], [ -91.68759, 16.55206 ], [ -91.70015, 16.53474 ], [ -91.69728, 16.52528 ], [ -91.72805, 16.5104 ], [ -91.74369, 16.51332 ], [ -91.74619, 16.49928 ], [ -91.76479, 16.49387 ], [ -91.78461, 16.51299 ], [ -91.76606, 16.53013 ], [ -91.78825, 16.55211 ], [ -91.82319, 16.55432 ], [ -91.82962, 16.53635 ], [ -91.85844, 16.56672 ], [ -91.9199, 16.5491 ], [ -91.92393, 16.60029 ], [ -92.00038, 16.59368 ], [ -92.01957, 16.66114 ], [ -92.025, 16.65691 ], [ -92.03295, 16.67403 ], [ -92.01918, 16.6882 ], [ -92.09521, 16.71708 ], [ -92.13222, 16.74796 ], [ -92.05923, 16.77891 ], [ -92.05978, 16.79579 ], [ -92.0504, 16.80046 ], [ -92.05373, 16.82103 ], [ -92.03863, 16.82575 ], [ -92.039, 16.85121 ], [ -91.9994, 16.83924 ] ] ] } },
{ "type": "Feature", "properties": { "CVEGEO": "07005", "NOM_ENT": "Chiapas", "NOMGEO": "Amatán", "POB1": 24512.0, "GRADO_MAR": "Alto", "IM": 0.0, "IM_NORM": 0.0, "ANALF": 0.0, "SIN_EDUC": 0.0, "SIN_DREN": 1.31, "SIN_ELEC": 1.31, "SIN_AGUA": 11.11, "PISO_TIER": 25.74, "HACIN": 1.31, "LOC5000": 0.0, "ING2SM": 0.0, "POB_TOT": 0 }, "geometry": { "type": "Polygon", "coordinates": [ [ [ -92.85075, 17.46957 ], [ -92.83089, 17.48005 ], [ -92.81946, 17.4358 ], [ -92.82582, 17.42378 ], [ -92.85618, 17.41887 ], [ -92.85426, 17.4112 ], [ -92.82921, 17.3963 ], [ -92.82939, 17.4086 ], [ -92.78579, 17.41752 ], [ -92.79079, 17.40498 ], [ -92.76728, 17.3834 ], [ -92.77066, 17.36039 ], [ -92.75873, 17.3582 ], [ -92.74976, 17.33795 ], [ -92.75657, 17.32935 ], [ -92.75226, 17.31022 ], [ -92.76712, 17.33121 ], [ -92.76921, 17.31936 ], [ -92.79668, 17.31128 ], [ -92.78039, 17.29771 ], [ -92.78899, 17.28296 ], [ -92.79686, 17.28681 ], [ -92.80777, 17.2784 ], [ -92.83276, 17.29249 ], [ -92.8322, 17.26768 ], [ -92.86084, 17.27649 ], [ -92.85293, 17.27799 ], [ -92.87659, 17.29961 ], [ -92.86667, 17.30129 ], [ -92.87623, 17.31594 ], [ -92.91777, 17.31597 ], [ -92.93284, 17.3469 ], [ -92.93463, 17.40616 ], [ -92.91348, 17.41371 ], [ -92.93164, 17.42809 ], [ -92.93404, 17.4393 ], [ -92.95023, 17.44414 ], [ -92.92061, 17.50268 ], [ -92.91293, 17.49821 ], [ -92.88735, 17.51046 ], [ -92.86095, 17.501 ], [ -92.85075, 17.46957 ] ] ] } },
{ "type": "Feature", "properties": { "CVEGEO": "07006", "NOM_ENT": "Chiapas", "NOMGEO": "Amatenango de la Frontera", "POB1": 31735.0, "GRADO_MAR": "Alto", "IM": 0.0, "IM_NORM": 0.0, "ANALF": 0.0, "SIN_EDUC": 0.0, "SIN_DREN": 1.31, "SIN_ELEC": 1.31, "SIN_AGUA": 3.23, "PISO_TIER": 7.24, "HACIN": 1.31, "LOC5000": 0.0, "ING2SM": 0.0, "POB_TOT": 0 }, "geometry": { "type": "Polygon", "coordinates": [ [ [ -91.99007, 15.63576 ], [ -92.12872, 15.3999 ], [ -92.14141, 15.40377 ], [ -92.15017, 15.41557 ], [ -92.14495, 15.41885 ], [ -92.14955, 15.4376 ], [ -92.13406, 15.47047 ], [ -92.1164, 15.47238 ], [ -92.12147, 15.48819 ], [ -92.113, 15.52624 ], [ -92.12156, 15.53657 ], [ -92.13201, 15.52377 ], [ -92.13987, 15.52743 ], [ -92.1462, 15.52103 ], [ -92.20002, 15.56813 ], [ -92.19705, 15.5877 ], [ -92.16021, 15.58346 ], [ -92.14585, 15.61572 ], [ -92.14859, 15.62665 ], [ -92.10389, 15.62859 ], [ -92.09484, 15.64594 ], [ -92.0415, 15.64442 ], [ -92.04298, 15.63867 ], [ -92.0306, 15.63517 ], [ -92.00442, 15.64239 ], [ -91.99007, 15.63576 ] ] ] } },
{ "type": "Feature", "properties": { "CVEGEO": "07007", "NOM_ENT": "Chiapas", "NOMGEO": "Amatenango del Valle", "POB1": 11283.0, "GRADO_MAR": "Muy alto", "IM": 0.0, "IM_NORM": 0.0, "ANALF": 0.0, "SIN_EDUC": 0.0, "SIN_DREN": 12.81, "SIN_ELEC": 12.81, "SIN_AGUA": 27.52, "PISO_TIER": 19.34, "HACIN": 12.81, "LOC5000": 0.0, "ING2SM": 0.0, "POB_TOT": 0 }, "geometry": { "type": "Polygon", "coordinates": [ [ [ -92.37293, 16.57014 ], [ -92.38551, 16.5523 ], [ -92.36827, 16.55174 ], [ -92.34754, 16.5389 ], [ -92.35492, 16.55084 ], [ -92.3398, 16.57804 ], [ -92.32964, 16.52853 ], [ -92.35317, 16.51338 ], [ -92.32984, 16.51406 ], [ -92.31582, 16.50448 ], [ -92.31167, 16.49433 ], [ -92.31973, 16.48556 ], [ -92.30814, 16.4726 ], [ -92.31241, 16.46482 ], [ -92.34759, 16.44809 ], [ -92.35051, 16.47745 ], [ -92.41328, 16.48875 ], [ -92.46403, 16.44727 ], [ -92.48756, 16.45959 ], [ -92.48949, 16.46849 ], [ -92.47777, 16.48266 ], [ -92.45888, 16.4762 ], [ -92.44692, 16.52772 ], [ -92.45562, 16.53915 ], [ -92.43598, 16.58691 ], [ -92.37293, 16.57014 ] ] ] } },
{ "type": "Feature", "properties": { "CVEGEO": "07008", "NOM_ENT": "Chiapas", "NOMGEO": "Ángel Albino Corzo", "POB1": 31947.0, "GRADO_MAR": "Alto", "IM": 0.0, "IM_NORM": 0.0, "ANALF": 0.0, "SIN_EDUC": 0.0, "SIN_DREN": 2.44, "SIN_ELEC": 2.44, "SIN_AGUA": 2.14, "PISO_TIER": 15.5, "HACIN": 2.44, "LOC5000": 0.0, "ING2SM": 0.0, "POB_TOT": 0 }, "geometry": { "type": "Polygon", "coordinates": [ [ [ -92.63617, 15.88248 ], [ -92.62124, 15.88776 ], [ -92.60416, 15.82985 ], [ -92.61638, 15.80017 ], [ -92.60191, 15.76917 ], [ -92.59362, 15.76191 ], [ -92.57447, 15.76924 ], [ -92.57226, 15.77849 ], [ -92.57238, 15.76436 ], [ -92.54639, 15.75741 ], [ -92.53866, 15.74395 ], [ -92.51393, 15.74613 ], [ -92.52256, 15.70726 ], [ -92.49332, 15.70641 ], [ -92.49173, 15.69968 ], [ -92.52402, 15.69573 ], [ -92.51099, 15.69535 ], [ -92.52977, 15.67368 ], [ -92.49462, 15.64556 ], [ -92.53875, 15.6001 ], [ -92.56296, 15.61855 ], [ -92.62517, 15.62957 ], [ -92.64364, 15.62099 ], [ -92.65294, 15.60674 ], [ -92.66468, 15.61248 ], [ -92.63054, 15.63365 ], [ -92.61411, 15.63304 ], [ -92.61535, 15.64295 ], [ -92.58919, 15.65731 ], [ -92.59483, 15.67028 ], [ -92.57724, 15.68972 ], [ -92.5808, 15.7316 ], [ -92.5742, 15.75401 ], [ -92.67608, 15.72285 ], [ -92.68756, 15.69453 ], [ -92.69124, 15.71017 ], [ -92.70858, 15.71043 ], [ -92.71605, 15.68304 ], [ -92.76634, 15.67016 ], [ -92.76281, 15.63135 ], [ -92.76663, 15.64739 ], [ -92.78229, 15.64174 ], [ -92.79481, 15.65478 ], [ -92.82963, 15.66678 ], [ -92.80615, 15.71461 ], [ -92.82614, 15.70776 ], [ -92.83029, 15.7147 ], [ -92.81742, 15.72934 ], [ -92.80655, 15.7189 ], [ -92.80177, 15.73005 ], [ -92.81895, 15.75288 ], [ -92.8297, 15.75535 ], [ -92.82718, 15.77424 ], [ -92.78421, 15.82429 ], [ -92.80911, 15.82884 ], [ -92.77584, 15.8579 ], [ -92.75141, 15.85694 ], [ -92.724, 15.88536 ], [ -92.6964, 15.89234 ], [ -92.66999, 15.90655 ], [ -92.66834, 15.9166 ], [ -92.65982, 15.91495 ], [ -92.63617, 15.88248 ] ] ] } },
{ "type": "Feature", "properties": { "CVEGEO": "07009", "NOM_ENT": "Chiapas", "NOMGEO": "Arriaga", "POB1": 41135.0, "GRADO_MAR": "Medio", "IM": 0.0, "IM_NORM": 0.0, "ANALF": 0.0, "SIN_EDUC": 0.0, "SIN_DREN": 1.87, "SIN_ELEC": 1.87, "SIN_AGUA": 13.5, "PISO_TIER": 3.18, "HACIN": 1.87, "LOC5000": 0.0, "ING2SM": 0.0, "POB_TOT": 0 }, "geometry": { "type": "Polygon", "coordinates": [ [ [ -94.05418, 16.40059 ], [ -94.02054, 16.40172 ], [ -94.01899, 16.39281 ], [ -94.01568, 16.39815 ], [ -94.00661, 16.39306 ], [ -94.01392, 16.38129 ], [ -93.98548, 16.36609 ], [ -93.98497, 16.37616 ], [ -93.97571, 16.37837 ], [ -93.97727, 16.37225 ], [ -93.94647, 16.36869 ], [ -93.92669, 16.36151 ], [ -93.92903, 16.3562 ], [ -93.86661, 16.34431 ], [ -93.84594, 16.33139 ], [ -93.85251, 16.32747 ], [ -93.84458, 16.32155 ], [ -93.83232, 16.32681 ], [ -93.83523, 16.33074 ], [ -93.8174, 16.3508 ], [ -93.81456, 16.34363 ], [ -93.79241, 16.34457 ], [ -93.75188, 16.32712 ], [ -93.74066, 16.29799 ], [ -93.72321, 16.29504 ], [ -93.74141, 16.25852 ], [ -93.77098, 16.23026 ], [ -93.77013, 16.20265 ], [ -93.78069, 16.20202 ], [ -93.782, 16.19418 ], [ -93.80168, 16.19537 ], [ -93.80433, 16.21232 ], [ -93.83281, 16.19745 ], [ -93.83835, 16.20376 ], [ -93.85803, 16.19506 ], [ -93.88208, 16.17616 ], [ -93.88072, 16.16762 ], [ -93.89363, 16.1717 ], [ -93.91905, 16.09603 ], [ -93.90026, 16.09342 ], [ -93.89987, 16.08464 ], [ -93.94075, 16.09459 ], [ -93.98216, 16.09367 ], [ -94.00304, 16.10179 ], [ -94.0075, 16.1118 ], [ -94.03823, 16.10767 ], [ -94.05442, 16.12137 ], [ -94.07857, 16.12029 ], [ -94.10276, 16.14251 ], [ -94.10956, 16.1791 ], [ -94.04862, 16.21604 ], [ -94.03519, 16.23955 ], [ -94.04353, 16.25568 ], [ -94.03295, 16.27594 ], [ -94.05066, 16.32971 ], [ -94.10247, 16.40753 ], [ -94.07024, 16.42562 ], [ -94.05866, 16.41927 ], [ -94.05418, 16.40059 ] ] ] } },
{ "type": "Feature", "properties": { "CVEGEO": "07010", "NOM_ENT": "Chiapas", "NOMGEO": "Bejucal de Ocampo", "POB1": 7365.0, "GRADO_MAR": "Alto", "IM": 0.0, "IM_NORM": 0.0, "ANALF": 0.0, "SIN_EDUC": 0.0, "SIN_DREN": 0.37, "SIN_ELEC": 0.37, "SIN_AGUA": 41.43, "PISO_TIER": 6.51, "HACIN": 0.37, "LOC5000": 0.0, "ING2SM": 0.0, "POB_TOT": 0 }, "geometry": { "type": "Polygon", "coordinates": [ [ [ -92.1462, 15.52103 ], [ -92.13987, 15.52743 ], [ -92.13201, 15.52377 ], [ -92.12094, 15.53666 ], [ -92.11289, 15.52559 ], [ -92.12147, 15.48819 ], [ -92.1164, 15.47238 ], [ -92.13406, 15.47047 ], [ -92.15115, 15.42592 ], [ -92.16173, 15.44926 ], [ -92.20737, 15.45585 ], [ -92.18579, 15.55035 ], [ -92.1462, 15.52103 ] ] ] } },
{ "type": "Feature", "properties": { "CVEGEO": "07068", "NOM_ENT": "Chiapas", "NOMGEO": "Pichucalco", "POB1": 31919.0, "GRADO_MAR": "Medio", "IM": 0.0, "IM_NORM": 0.0, "ANALF": 0.0, "SIN_EDUC": 0.0, "SIN_DREN": 1.92, "SIN_ELEC": 1.92, "SIN_AGUA": 8.22, "PISO_TIER": 6.97, "HACIN": 1.92, "LOC5000": 0.0, "ING2SM": 0.0, "POB_TOT": 0 }, "geometry": { "type": "Polygon", "coordinates": [ [ [ -93.04514, 17.66709 ], [ -93.04414, 17.62004 ], [ -93.03157, 17.59936 ], [ -93.00443, 17.57949 ], [ -93.00466, 17.53133 ], [ -93.01726, 17.53368 ], [ -93.01703, 17.52177 ], [ -93.02788, 17.51462 ], [ -93.02744, 17.4952 ], [ -93.07361, 17.49575 ], [ -93.0777, 17.4832 ], [ -93.07738, 17.4919 ], [ -93.08651, 17.49174 ], [ -93.08706, 17.4793 ], [ -93.10194, 17.48537 ], [ -93.10138, 17.47579 ], [ -93.12084, 17.4643 ], [ -93.13956, 17.42849 ], [ -93.16929, 17.41537 ], [ -93.17067, 17.39666 ], [ -93.18829, 17.39742 ], [ -93.19115, 17.40803 ], [ -93.20483, 17.40936 ], [ -93.21016, 17.39169 ], [ -93.20764, 17.38188 ], [ -93.19977, 17.38564 ], [ -93.19957, 17.36616 ], [ -93.17529, 17.36218 ], [ -93.17181, 17.3492 ], [ -93.1772, 17.35044 ], [ -93.1792, 17.33633 ], [ -93.19561, 17.3442 ], [ -93.21838, 17.33182 ], [ -93.23009, 17.34827 ], [ -93.22603, 17.35286 ], [ -93.24889, 17.36613 ], [ -93.24994, 17.40672 ], [ -93.25762, 17.40817 ], [ -93.24259, 17.44246 ], [ -93.22399, 17.45424 ], [ -93.21656, 17.4514 ], [ -93.21223, 17.46875 ], [ -93.19525, 17.47803 ], [ -93.20088, 17.491 ], [ -93.23038, 17.50816 ], [ -93.23271, 17.53686 ], [ -93.25188, 17.54541 ], [ -93.27275, 17.53608 ], [ -93.26825, 17.52734 ], [ -93.28489, 17.52389 ], [ -93.2895, 17.51238 ], [ -93.29706, 17.51781 ], [ -93.31814, 17.50205 ], [ -93.37189, 17.5012 ], [ -93.3792, 17.51405 ], [ -93.36013, 17.52533 ], [ -93.38367, 17.56391 ], [ -93.408, 17.57626 ], [ -93.4163, 17.59804 ], [ -93.41107, 17.61675 ], [ -93.38496, 17.63417 ], [ -93.38478, 17.64438 ], [ -93.35627, 17.64803 ], [ -93.36048, 17.66511 ], [ -93.3484, 17.66879 ], [ -93.32865, 17.66056 ], [ -93.31817, 17.64235 ], [ -93.32769, 17.61622 ], [ -93.3072, 17.59984 ], [ -93.28744, 17.60843 ], [ -93.27789, 17.5809 ], [ -93.2682, 17.58187 ], [ -93.2756, 17.57363 ], [ -93.2697, 17.56761 ], [ -93.26126, 17.57135 ], [ -93.25533, 17.5555 ], [ -93.23408, 17.56771 ], [ -93.23096, 17.58394 ], [ -93.2462, 17.59239 ], [ -93.23848, 17.59842 ], [ -93.21109, 17.58702 ], [ -93.2184, 17.57801 ], [ -93.207, 17.56278 ], [ -93.17856, 17.5611 ], [ -93.16626, 17.57171 ], [ -93.1625, 17.58918 ], [ -93.14952, 17.58037 ], [ -93.1378, 17.58709 ], [ -93.12481, 17.58102 ], [ -93.11976, 17.58791 ], [ -93.10128, 17.57486 ], [ -93.0947, 17.58543 ], [ -93.07764, 17.57268 ], [ -93.07978, 17.61007 ], [ -93.09433, 17.60922 ], [ -93.07443, 17.66098 ], [ -93.05984, 17.66488 ], [ -93.06696, 17.67166 ], [ -93.0418, 17.68733 ], [ -93.04514, 17.66709 ] ] ] } },
{ "type": "Feature", "properties": { "CVEGEO": "07069", "NOM_ENT": "Chiapas", "NOMGEO": "Pijijiapan", "POB1": 51193.0, "GRADO_MAR": "Alto", "IM": 0.0, "IM_NORM": 0.0, "ANALF": 0.0, "SIN_EDUC": 0.0, "SIN_DREN": 2.71, "SIN_ELEC": 2.71, "SIN_AGUA": 22.5, "PISO_TIER": 5.98, "HACIN": 2.71, "LOC5000": 0.0, "ING2SM": 0.0, "POB_TOT": 0 }, "geometry": { "type": "Polygon", "coordinates": [ [ [ -93.35115, 15.85486 ], [ -93.34365, 15.85837 ], [ -93.28247, 15.83585 ], [ -93.27452, 15.84461 ], [ -93.25633, 15.83297 ], [ -93.23204, 15.85567 ], [ -93.18425, 15.85524 ], [ -93.14037, 15.87874 ], [ -93.1238, 15.85065 ], [ -93.09431, 15.82663 ], [ -93.09775, 15.80879 ], [ -93.08437, 15.78789 ], [ -93.10816, 15.75573 ], [ -93.06174, 15.75999 ], [ -93.05868, 15.73367 ], [ -93.04377, 15.73601 ], [ -93.04461, 15.72423 ], [ -93.02244, 15.72963 ], [ -92.99515, 15.72317 ], [ -92.98088, 15.69924 ], [ -92.98642, 15.69291 ], [ -92.96343, 15.67448 ], [ -92.93885, 15.67656 ], [ -92.89878, 15.69817 ], [ -92.89562, 15.67961 ], [ -92.87089, 15.66823 ], [ -92.84138, 15.63238 ], [ -92.86973, 15.64376 ], [ -92.874, 15.63718 ], [ -92.92847, 15.63835 ], [ -92.91949, 15.57979 ], [ -92.93005, 15.58577 ], [ -92.92185, 15.59154 ], [ -92.95663, 15.6052 ], [ -92.95662, 15.61363 ], [ -92.97162, 15.60577 ], [ -92.96508, 15.58889 ], [ -92.96843, 15.51063 ], [ -93.00935, 15.48649 ], [ -93.06524, 15.51427 ], [ -93.10937, 15.48615 ], [ -93.1092, 15.47312 ], [ -93.09811, 15.46199 ], [ -93.06107, 15.45026 ], [ -93.08209, 15.4376 ], [ -93.0772, 15.43258 ], [ -93.0875, 15.42318 ], [ -93.09383, 15.42968 ], [ -93.12369, 15.40913 ], [ -93.31671, 15.5782 ], [ -93.51434, 15.7344 ], [ -93.48706, 15.74647 ], [ -93.49757, 15.75087 ], [ -93.47731, 15.77016 ], [ -93.46046, 15.75331 ], [ -93.41614, 15.84104 ], [ -93.40544, 15.84085 ], [ -93.36664, 15.88077 ], [ -93.36179, 15.89748 ], [ -93.35466, 15.89619 ], [ -93.35115, 15.85486 ] ] ] } },
{ "type": "Feature", "properties": { "CVEGEO": "07011", "NOM_ENT": "Chiapas", "NOMGEO": "Bella Vista", "POB1": 20157.0, "GRADO_MAR": "Alto", "IM": 0.0, "IM_NORM": 0.0, "ANALF": 0.0, "SIN_EDUC": 0.0, "SIN_DREN": 1.33, "SIN_ELEC": 1.33, "SIN_AGUA": 17.53, "PISO_TIER": 11.58, "HACIN": 1.33, "LOC5000": 0.0, "ING2SM": 0.0, "POB_TOT": 0 }, "geometry": { "type": "Polygon", "coordinates": [ [ [ -92.18476, 15.66343 ], [ -92.18802, 15.65724 ], [ -92.17854, 15.64688 ], [ -92.16765, 15.64721 ], [ -92.1711, 15.64041 ], [ -92.15218, 15.63697 ], [ -92.14763, 15.62895 ], [ -92.14585, 15.61572 ], [ -92.16021, 15.58346 ], [ -92.19705, 15.5877 ], [ -92.20002, 15.56813 ], [ -92.18199, 15.55455 ], [ -92.18833, 15.54839 ], [ -92.25067, 15.55927 ], [ -92.27571, 15.54906 ], [ -92.30471, 15.56319 ], [ -92.32202, 15.58889 ], [ -92.31388, 15.636 ], [ -92.32332, 15.65926 ], [ -92.30863, 15.67966 ], [ -92.2837, 15.68388 ], [ -92.26023, 15.66234 ], [ -92.25993, 15.67863 ], [ -92.23808, 15.69818 ], [ -92.2243, 15.69581 ], [ -92.18476, 15.66343 ] ] ] } },
{ "type": "Feature", "properties": { "CVEGEO": "07012", "NOM_ENT": "Chiapas", "NOMGEO": "Berriozábal", "POB1": 64632.0, "GRADO_MAR": "Medio", "IM": 0.0, "IM_NORM": 0.0, "ANALF": 0.0, "SIN_EDUC": 0.0, "SIN_DREN": 2.78, "SIN_ELEC": 2.78, "SIN_AGUA": 17.0, "PISO_TIER": 9.81, "HACIN": 2.78, "LOC5000": 0.0, "ING2SM": 0.0, "POB_TOT": 0 }, "geometry": { "type": "Polygon", "coordinates": [ [ [ -93.30623, 17.01134 ], [ -93.30362, 16.9882 ], [ -93.31069, 16.98326 ], [ -93.29951, 16.98707 ], [ -93.28843, 16.9726 ], [ -93.28845, 16.93819 ], [ -93.30046, 16.93424 ], [ -93.30878, 16.91037 ], [ -93.27417, 16.88658 ], [ -93.26483, 16.84848 ], [ -93.27281, 16.84429 ], [ -93.27011, 16.8376 ], [ -93.20855, 16.80508 ], [ -93.21314, 16.78882 ], [ -93.20469, 16.78481 ], [ -93.20522, 16.78165 ], [ -93.22111, 16.78637 ], [ -93.22044, 16.77191 ], [ -93.23603, 16.76508 ], [ -93.24273, 16.7469 ], [ -93.25586, 16.7389 ], [ -93.2538, 16.73088 ], [ -93.27256, 16.73505 ], [ -93.27513, 16.71705 ], [ -93.31827, 16.72828 ], [ -93.31153, 16.7489 ], [ -93.32345, 16.75815 ], [ -93.30987, 16.78259 ], [ -93.32133, 16.79373 ], [ -93.36853, 16.78797 ], [ -93.3757, 16.7936 ], [ -93.36904, 16.8136 ], [ -93.39014, 16.85207 ], [ -93.40543, 16.86273 ], [ -93.39971, 16.89699 ], [ -93.41468, 16.89686 ], [ -93.41456, 16.88622 ], [ -93.43067, 16.89203 ], [ -93.4307, 16.90191 ], [ -93.38831, 16.90168 ], [ -93.37473, 16.91382 ], [ -93.38174, 16.92432 ], [ -93.37084, 16.93282 ], [ -93.37798, 16.94792 ], [ -93.37191, 16.95233 ], [ -93.39863, 16.97829 ], [ -93.38602, 16.9897 ], [ -93.37279, 16.98679 ], [ -93.3692, 17.01621 ], [ -93.37913, 17.01975 ], [ -93.35647, 17.02684 ], [ -93.30623, 17.01134 ] ] ] } },
{ "type": "Feature", "properties": { "CVEGEO": "07013", "NOM_ENT": "Chiapas", "NOMGEO": "Bochil", "POB1": 37263.0, "GRADO_MAR": "Alto", "IM": 0.0, "IM_NORM": 0.0, "ANALF": 0.0, "SIN_EDUC": 0.0, "SIN_DREN": 1.27, "SIN_ELEC": 1.27, "SIN_AGUA": 9.39, "PISO_TIER": 17.24, "HACIN": 1.27, "LOC5000": 0.0, "ING2SM": 0.0, "POB_TOT": 0 }, "geometry": { "type": "Polygon", "coordinates": [ [ [ -93.0312, 17.13184 ], [ -93.03574, 17.12516 ], [ -92.99832, 17.12865 ], [ -92.97649, 17.10776 ], [ -92.96091, 17.12638 ], [ -92.94119, 17.11583 ], [ -92.96312, 17.10297 ], [ -92.96517, 17.08574 ], [ -92.98829, 17.07898 ], [ -92.99372, 17.05921 ], [ -92.94123, 17.04259 ], [ -92.95391, 17.05853 ], [ -92.92955, 17.10002 ], [ -92.93228, 17.05511 ], [ -92.90895, 17.03521 ], [ -92.91079, 17.02898 ], [ -92.87661, 17.03792 ], [ -92.86422, 17.0566 ], [ -92.85587, 17.04932 ], [ -92.86234, 17.02941 ], [ -92.85209, 17.02459 ], [ -92.85783, 17.02091 ], [ -92.85278, 17.01409 ], [ -92.83481, 17.01571 ], [ -92.82961, 17.00672 ], [ -92.81923, 17.01459 ], [ -92.81385, 17.00708 ], [ -92.81887, 16.99811 ], [ -92.8374, 16.99231 ], [ -92.84942, 16.97415 ], [ -92.83778, 16.96133 ], [ -92.84788, 16.93408 ], [ -92.86746, 16.91687 ], [ -92.90086, 16.906 ], [ -92.9385, 16.90705 ], [ -92.94342, 16.92344 ], [ -92.9544, 16.92902 ], [ -92.94413, 16.94276 ], [ -92.95908, 16.95278 ], [ -93.05635, 16.97893 ], [ -93.05896, 16.99475 ], [ -93.06943, 17.00051 ], [ -93.06419, 17.00245 ], [ -93.0678, 17.03926 ], [ -93.08205, 17.04167 ], [ -93.09411, 17.05576 ], [ -93.06685, 17.0686 ], [ -93.07036, 17.08112 ], [ -93.0462, 17.09116 ], [ -93.04634, 17.1153 ], [ -93.03693, 17.11536 ], [ -93.05079, 17.13643 ], [ -93.04321, 17.14119 ], [ -93.0312, 17.13184 ] ] ] } },
{ "type": "Feature", "properties": { "CVEGEO": "07014", "NOM_ENT": "Chiapas", "NOMGEO": "El Bosque", "POB1": 24273.0, "GRADO_MAR": "Alto", "IM": 0.0, "IM_NORM": 0.0, "ANALF": 0.0, "SIN_EDUC": 0.0, "SIN_DREN": 0.88, "SIN_ELEC": 0.88, "SIN_AGUA": 0.63, "PISO_TIER": 18.68, "HACIN": 0.88, "LOC5000": 0.0, "ING2SM": 0.0, "POB_TOT": 0 }, "geometry": { "type": "Polygon", "coordinates": [ [ [ -92.66317, 17.06794 ], [ -92.64627, 17.06997 ], [ -92.66355, 17.05845 ], [ -92.66674, 17.03766 ], [ -92.70828, 16.99724 ], [ -92.71116, 16.98243 ], [ -92.72386, 16.98873 ], [ -92.73512, 16.98441 ], [ -92.74337, 16.95581 ], [ -92.76002, 16.95382 ], [ -92.77172, 16.97225 ], [ -92.76093, 16.98267 ], [ -92.7679, 16.98869 ], [ -92.77879, 16.98633 ], [ -92.78533, 16.965 ], [ -92.80435, 16.98488 ], [ -92.81564, 16.98568 ], [ -92.8088, 16.99082 ], [ -92.81976, 16.99613 ], [ -92.81385, 17.00708 ], [ -92.81956, 17.01336 ], [ -92.8097, 17.02207 ], [ -92.82549, 17.04973 ], [ -92.81041, 17.05389 ], [ -92.78472, 17.04668 ], [ -92.76226, 17.08092 ], [ -92.76088, 17.09518 ], [ -92.75006, 17.08862 ], [ -92.74478, 17.09473 ], [ -92.73103, 17.09186 ], [ -92.72265, 17.08359 ], [ -92.67858, 17.09531 ], [ -92.66317, 17.06794 ] ] ] } },
{ "type": "Feature", "properties": { "CVEGEO": "07015", "NOM_ENT": "Chiapas", "NOMGEO": "Cacahoatán", "POB1": 50112.0, "GRADO_MAR": "Medio", "IM": 0.0, "IM_NORM": 0.0, "ANALF": 0.0, "SIN_EDUC": 0.0, "SIN_DREN": 0.93, "SIN_ELEC": 0.93, "SIN_AGUA": 2.09, "PISO_TIER": 7.58, "HACIN": 0.93, "LOC5000": 0.0, "ING2SM": 0.0, "POB_TOT": 0 }, "geometry": { "type": "Polygon", "coordinates": [ [ [ -92.10789, 15.13195 ], [ -92.10851, 15.10919 ], [ -92.11423, 15.08377 ], [ -92.12582, 15.067 ], [ -92.13647, 15.06832 ], [ -92.14486, 15.05231 ], [ -92.1304, 15.02411 ], [ -92.13943, 14.99457 ], [ -92.17791, 14.98417 ], [ -92.18071, 14.97413 ], [ -92.18945, 14.99997 ], [ -92.18603, 15.02768 ], [ -92.22397, 15.03251 ], [ -92.22635, 15.04531 ], [ -92.20233, 15.11043 ], [ -92.20388, 15.12929 ], [ -92.18476, 15.14385 ], [ -92.17649, 15.16337 ], [ -92.18218, 15.1679 ], [ -92.17893, 15.18347 ], [ -92.16286, 15.20116 ], [ -92.10789, 15.13195 ] ] ] } },
{ "type": "Feature", "properties": { "CVEGEO": "07016", "NOM_ENT": "Chiapas", "NOMGEO": "Catazajá", "POB1": 17619.0, "GRADO_MAR": "Alto", "IM": 0.0, "IM_NORM": 0.0, "ANALF": 0.0, "SIN_EDUC": 0.0, "SIN_DREN": 5.43, "SIN_ELEC": 5.43, "SIN_AGUA": 3.18, "PISO_TIER": 9.4, "HACIN": 5.43, "LOC5000": 0.0, "ING2SM": 0.0, "POB_TOT": 0 }, "geometry": { "type": "Polygon", "coordinates": [ [ [ -91.93959, 17.90629 ], [ -91.95683, 17.87993 ], [ -91.95611, 17.86902 ], [ -91.94423, 17.86291 ], [ -91.92806, 17.87082 ], [ -91.91812, 17.89952 ], [ -91.89416, 17.8875 ], [ -91.87068, 17.89078 ], [ -91.84968, 17.88286 ], [ -91.81252, 17.90037 ], [ -91.80436, 17.86886 ], [ -91.77968, 17.8513 ], [ -91.79181, 17.83062 ], [ -91.78819, 17.80743 ], [ -91.82357, 17.7962 ], [ -91.82916, 17.81248 ], [ -91.84843, 17.82553 ], [ -91.87933, 17.82638 ], [ -91.8991, 17.83903 ], [ -91.91804, 17.83541 ], [ -91.92282, 17.82485 ], [ -91.90962, 17.81845 ], [ -91.93269, 17.81281 ], [ -91.93789, 17.80428 ], [ -91.9237, 17.78812 ], [ -91.93203, 17.78002 ], [ -91.92383, 17.77005 ], [ -91.94574, 17.76854 ], [ -91.93355, 17.75078 ], [ -91.94235, 17.74736 ], [ -91.93409, 17.74268 ], [ -91.93099, 17.72307 ], [ -91.95236, 17.73482 ], [ -91.95139, 17.70231 ], [ -91.95869, 17.69818 ], [ -91.94067, 17.67186 ], [ -91.97701, 17.63623 ], [ -92.01195, 17.66826 ], [ -92.02659, 17.65563 ], [ -92.02234, 17.63892 ], [ -92.02882, 17.63883 ], [ -92.02862, 17.63076 ], [ -92.01842, 17.63079 ], [ -92.01723, 17.61247 ], [ -92.04107, 17.5928 ], [ -92.07165, 17.61336 ], [ -92.08605, 17.614 ], [ -92.06843, 17.66033 ], [ -92.07661, 17.68669 ], [ -92.09391, 17.68657 ], [ -92.09174, 17.69702 ], [ -92.13208, 17.69815 ], [ -92.13198, 17.70969 ], [ -92.11298, 17.70935 ], [ -92.11271, 17.7231 ], [ -92.12213, 17.72139 ], [ -92.1136, 17.74122 ], [ -92.13183, 17.74195 ], [ -92.14654, 17.71882 ], [ -92.18332, 17.73233 ], [ -92.18635, 17.7632 ], [ -92.15077, 17.75078 ], [ -92.1517, 17.76457 ], [ -92.13082, 17.76608 ], [ -92.13597, 17.77901 ], [ -92.12713, 17.7859 ], [ -92.14658, 17.81467 ], [ -92.12048, 17.79597 ], [ -92.10553, 17.81294 ], [ -92.10203, 17.85088 ], [ -92.09049, 17.85073 ], [ -92.09046, 17.8566 ], [ -92.0563, 17.84675 ], [ -92.0494, 17.85477 ], [ -92.05245, 17.86724 ], [ -92.07179, 17.87767 ], [ -92.0197, 17.88782 ], [ -92.01554, 17.8975 ], [ -92.00335, 17.89052 ], [ -91.99128, 17.91961 ], [ -91.99988, 17.94334 ], [ -91.97363, 17.91143 ], [ -91.93959, 17.90629 ] ] ] } },
{ "type": "Feature", "properties": { "CVEGEO": "07017", "NOM_ENT": "Chiapas", "NOMGEO": "Cintalapa de Figueroa", "POB1": 88106.0, "GRADO_MAR": "Medio", "IM": 0.0, "IM_NORM": 0.0, "ANALF": 0.0, "SIN_EDUC": 0.0, "SIN_DREN": 3.24, "SIN_ELEC": 3.24, "SIN_AGUA": 7.42, "PISO_TIER": 8.54, "HACIN": 3.24, "LOC5000": 0.0, "ING2SM": 0.0, "POB_TOT": 0 }, "geometry": { "type": "Polygon", "coordinates": [ [ [ -93.86183, 17.10851 ], [ -93.86611, 17.06195 ], [ -93.83597, 17.0533 ], [ -93.80548, 17.02446 ], [ -93.78736, 17.02161 ], [ -93.77343, 17.00945 ], [ -93.75969, 16.98879 ], [ -93.76605, 16.98101 ], [ -93.75297, 16.97977 ], [ -93.73215, 16.94012 ], [ -93.72527, 16.95219 ], [ -93.71479, 16.94966 ], [ -93.71527, 16.94107 ], [ -93.70465, 16.94532 ], [ -93.69744, 16.9292 ], [ -93.67707, 16.93699 ], [ -93.67442, 16.92823 ], [ -93.67162, 16.93389 ], [ -93.65483, 16.92254 ], [ -93.65429, 16.90832 ], [ -93.64656, 16.91095 ], [ -93.64214, 16.89992 ], [ -93.63507, 16.90739 ], [ -93.60702, 16.89718 ], [ -93.5619, 16.84529 ], [ -93.55508, 16.84778 ], [ -93.58784, 16.81985 ], [ -93.58254, 16.81449 ], [ -93.58991, 16.80108 ], [ -93.64538, 16.79307 ], [ -93.64288, 16.75082 ], [ -93.65992, 16.73957 ], [ -93.66961, 16.69645 ], [ -93.68037, 16.69601 ], [ -93.66873, 16.68773 ], [ -93.68695, 16.69096 ], [ -93.69767, 16.64663 ], [ -93.69512, 16.62068 ], [ -93.70099, 16.62292 ], [ -93.71376, 16.59869 ], [ -93.71715, 16.56771 ], [ -93.73519, 16.57172 ], [ -93.74449, 16.56524 ], [ -93.75316, 16.54737 ], [ -93.74557, 16.52961 ], [ -93.75812, 16.50398 ], [ -93.80757, 16.49967 ], [ -93.83364, 16.47536 ], [ -93.86023, 16.48692 ], [ -93.8738, 16.47324 ], [ -93.87058, 16.45962 ], [ -93.88828, 16.44339 ], [ -93.93102, 16.44234 ], [ -93.93728, 16.41019 ], [ -93.92357, 16.40649 ], [ -93.93932, 16.39807 ], [ -93.92618, 16.39209 ], [ -93.92092, 16.37737 ], [ -93.96155, 16.36717 ], [ -93.98175, 16.37736 ], [ -93.98548, 16.36609 ], [ -94.01392, 16.38129 ], [ -94.00661, 16.39306 ], [ -94.01568, 16.39815 ], [ -94.01899, 16.39281 ], [ -94.02054, 16.40172 ], [ -94.05418, 16.40059 ], [ -94.05866, 16.41927 ], [ -94.07024, 16.42562 ], [ -94.10247, 16.40753 ], [ -94.13915, 16.46178 ], [ -93.86742, 17.13696 ], [ -93.83274, 17.11848 ], [ -93.86183, 17.10851 ] ] ] } },
{ "type": "Feature", "properties": { "CVEGEO": "07018", "NOM_ENT": "Chiapas", "NOMGEO": "Coapilla", "POB1": 9900.0, "GRADO_MAR": "Alto", "IM": 0.0, "IM_NORM": 0.0, "ANALF": 0.0, "SIN_EDUC": 0.0, "SIN_DREN": 2.65, "SIN_ELEC": 2.65, "SIN_AGUA": 1.08, "PISO_TIER": 11.63, "HACIN": 2.65, "LOC5000": 0.0, "ING2SM": 0.0, "POB_TOT": 0 }, "geometry": { "type": "Polygon", "coordinates": [ [ [ -93.14852, 17.18353 ], [ -93.12677, 17.18301 ], [ -93.11016, 17.17032 ], [ -93.12053, 17.16644 ], [ -93.11513, 17.13809 ], [ -93.12232, 17.13445 ], [ -93.08874, 17.12953 ], [ -93.07784, 17.14207 ], [ -93.05517, 17.14947 ], [ -93.03693, 17.11536 ], [ -93.04634, 17.1153 ], [ -93.0462, 17.09116 ], [ -93.07036, 17.08112 ], [ -93.06685, 17.0686 ], [ -93.09289, 17.05781 ], [ -93.09137, 17.04721 ], [ -93.10988, 17.04587 ], [ -93.11439, 17.05479 ], [ -93.13206, 17.04981 ], [ -93.14046, 17.06285 ], [ -93.14706, 17.05999 ], [ -93.13961, 17.07782 ], [ -93.15782, 17.08467 ], [ -93.14296, 17.09552 ], [ -93.16768, 17.09724 ], [ -93.17997, 17.118 ], [ -93.20926, 17.13606 ], [ -93.19287, 17.1916 ], [ -93.1436, 17.18827 ], [ -93.14852, 17.18353 ] ] ] } },
{ "type": "Feature", "properties": { "CVEGEO": "07019", "NOM_ENT": "Chiapas", "NOMGEO": "Comitán de Domínguez", "POB1": 166178.0, "GRADO_MAR": "Bajo", "IM": 0.0, "IM_NORM": 0.0, "ANALF": 0.0, "SIN_EDUC": 0.0, "SIN_DREN": 0.56, "SIN_ELEC": 0.56, "SIN_AGUA": 13.03, "PISO_TIER": 6.48, "HACIN": 0.56, "LOC5000": 0.0, "ING2SM": 0.0, "POB_TOT": 0 }, "geometry": { "type": "Polygon", "coordinates": [ [ [ -92.21528, 16.49553 ], [ -92.17618, 16.49349 ], [ -92.18271, 16.45227 ], [ -92.15794, 16.45375 ], [ -92.15528, 16.41612 ], [ -92.17561, 16.41228 ], [ -92.16827, 16.402 ], [ -92.1535, 16.41316 ], [ -92.13249, 16.41079 ], [ -92.13181, 16.42521 ], [ -92.11687, 16.42173 ], [ -92.11937, 16.39577 ], [ -92.11382, 16.38979 ], [ -92.09258, 16.39638 ], [ -92.07848, 16.38167 ], [ -92.08273, 16.37077 ], [ -92.06428, 16.36788 ], [ -92.05154, 16.35332 ], [ -92.05442, 16.33675 ], [ -92.04504, 16.33206 ], [ -92.02445, 16.34109 ], [ -92.0485, 16.32414 ], [ -92.06114, 16.2967 ], [ -92.04516, 16.29814 ], [ -92.02404, 16.28242 ], [ -92.03445, 16.27336 ], [ -92.03343, 16.2624 ], [ -92.05117, 16.25012 ], [ -92.01761, 16.2008 ], [ -91.99779, 16.19157 ], [ -92.00261, 16.18179 ], [ -91.99668, 16.16595 ], [ -92.02252, 16.17767 ], [ -92.02589, 16.16476 ], [ -92.08216, 16.15719 ], [ -92.07713, 16.1415 ], [ -92.10054, 16.09206 ], [ -92.08585, 16.07437 ], [ -92.09121, 16.06576 ], [ -92.10891, 16.05713 ], [ -92.14242, 16.07848 ], [ -92.16551, 16.04948 ], [ -92.17542, 16.04944 ], [ -92.17824, 16.03615 ], [ -92.16834, 16.02936 ], [ -92.17779, 16.014 ], [ -92.24499, 16.01557 ], [ -92.24996, 16.06558 ], [ -92.22989, 16.06755 ], [ -92.21616, 16.07922 ], [ -92.21619, 16.08607 ], [ -92.23341, 16.09122 ], [ -92.22935, 16.09863 ], [ -92.19177, 16.09552 ], [ -92.18244, 16.10349 ], [ -92.18244, 16.114 ], [ -92.15231, 16.14339 ], [ -92.15737, 16.16045 ], [ -92.13903, 16.1749 ], [ -92.15271, 16.18043 ], [ -92.14885, 16.18624 ], [ -92.1619, 16.21255 ], [ -92.17736, 16.19756 ], [ -92.18919, 16.20412 ], [ -92.20357, 16.22436 ], [ -92.19104, 16.23005 ], [ -92.19509, 16.23816 ], [ -92.20944, 16.22854 ], [ -92.22665, 16.24705 ], [ -92.27764, 16.26246 ], [ -92.27952, 16.27028 ], [ -92.28827, 16.26961 ], [ -92.28846, 16.23918 ], [ -92.30722, 16.22581 ], [ -92.31067, 16.24887 ], [ -92.30095, 16.25931 ], [ -92.31907, 16.28149 ], [ -92.31063, 16.30228 ], [ -92.27484, 16.30492 ], [ -92.29234, 16.31424 ], [ -92.28781, 16.32261 ], [ -92.31464, 16.35864 ], [ -92.30071, 16.37711 ], [ -92.29251, 16.3769 ], [ -92.29858, 16.391 ], [ -92.28802, 16.3936 ], [ -92.29475, 16.39731 ], [ -92.32054, 16.37547 ], [ -92.31519, 16.41271 ], [ -92.2971, 16.43137 ], [ -92.32066, 16.45881 ], [ -92.30814, 16.4726 ], [ -92.31973, 16.48556 ], [ -92.31146, 16.49568 ], [ -92.32984, 16.51406 ], [ -92.35317, 16.51338 ], [ -92.32964, 16.52853 ], [ -92.31973, 16.5692 ], [ -92.28599, 16.55792 ], [ -92.26839, 16.52818 ], [ -92.27279, 16.51778 ], [ -92.21528, 16.49553 ] ] ] } },
{ "type": "Feature", "properties": { "CVEGEO": "07020", "NOM_ENT": "Chiapas", "NOMGEO": "La Concordia", "POB1": 49920.0, "GRADO_MAR": "Alto", "IM": 0.0, "IM_NORM": 0.0, "ANALF": 0.0, "SIN_EDUC": 0.0, "SIN_DREN": 4.83, "SIN_ELEC": 4.83, "SIN_AGUA": 8.04, "PISO_TIER": 12.83, "HACIN": 4.83, "LOC5000": 0.0, "ING2SM": 0.0, "POB_TOT": 0 }, "geometry": { "type": "Polygon", "coordinates": [ [ [ -92.83138, 16.24005 ], [ -92.79975, 16.2427 ], [ -92.78337, 16.22298 ], [ -92.78439, 16.21241 ], [ -92.79477, 16.21132 ], [ -92.79153, 16.20636 ], [ -92.78362, 16.20721 ], [ -92.77416, 16.20311 ], [ -92.78015, 16.20176 ], [ -92.77234, 16.1913 ], [ -92.75223, 16.18435 ], [ -92.72294, 16.21163 ], [ -92.71219, 16.21183 ], [ -92.70462, 16.19747 ], [ -92.59902, 16.14855 ], [ -92.57665, 16.12301 ], [ -92.56424, 16.13509 ], [ -92.5336, 16.14435 ], [ -92.48154, 16.14301 ], [ -92.48193, 16.13435 ], [ -92.5047, 16.13346 ], [ -92.51001, 16.12526 ], [ -92.52301, 16.12734 ], [ -92.55844, 16.11072 ], [ -92.53783, 16.07594 ], [ -92.46865, 16.03546 ], [ -92.45367, 16.04146 ], [ -92.40882, 16.00713 ], [ -92.38257, 16.00924 ], [ -92.35236, 15.98937 ], [ -92.34481, 15.99679 ], [ -92.34263, 15.987 ], [ -92.32936, 15.98934 ], [ -92.32503, 15.96882 ], [ -92.33254, 15.9635 ], [ -92.29822, 15.97029 ], [ -92.2955, 15.96526 ], [ -92.30505, 15.95736 ], [ -92.32758, 15.96039 ], [ -92.36451, 15.92554 ], [ -92.39065, 15.87915 ], [ -92.37236, 15.86729 ], [ -92.38807, 15.83484 ], [ -92.47553, 15.89193 ], [ -92.47481, 15.90426 ], [ -92.48857, 15.89629 ], [ -92.52532, 15.92887 ], [ -92.54706, 15.89032 ], [ -92.58712, 15.88892 ], [ -92.6152, 15.85914 ], [ -92.62124, 15.88776 ], [ -92.63617, 15.88248 ], [ -92.6509, 15.90625 ], [ -92.66834, 15.9166 ], [ -92.66999, 15.90655 ], [ -92.724, 15.88536 ], [ -92.75141, 15.85694 ], [ -92.77584, 15.8579 ], [ -92.80911, 15.82884 ], [ -92.78421, 15.82429 ], [ -92.82718, 15.77424 ], [ -92.8297, 15.75535 ], [ -92.81895, 15.75288 ], [ -92.80177, 15.73005 ], [ -92.80655, 15.7189 ], [ -92.81742, 15.72934 ], [ -92.83029, 15.7147 ], [ -92.82614, 15.70776 ], [ -92.80615, 15.71461 ], [ -92.82963, 15.66678 ], [ -92.88742, 15.67433 ], [ -92.89584, 15.68001 ], [ -92.89878, 15.69817 ], [ -92.93885, 15.67656 ], [ -92.96343, 15.67448 ], [ -92.98642, 15.69291 ], [ -92.98088, 15.69924 ], [ -92.99515, 15.72317 ], [ -93.02244, 15.72963 ], [ -93.04461, 15.72423 ], [ -93.04377, 15.73601 ], [ -93.05868, 15.73367 ], [ -93.06174, 15.75999 ], [ -93.10834, 15.7559 ], [ -93.08437, 15.78789 ], [ -93.09775, 15.80879 ], [ -93.0946, 15.82755 ], [ -93.12959, 15.86052 ], [ -93.11595, 15.85497 ], [ -93.08981, 15.87542 ], [ -93.07787, 15.8718 ], [ -93.09498, 15.89943 ], [ -93.08461, 15.90557 ], [ -93.09463, 15.91646 ], [ -93.07377, 15.9447 ], [ -93.05233, 15.93924 ], [ -93.03531, 15.95532 ], [ -93.02425, 15.95148 ], [ -93.03266, 15.94708 ], [ -93.01557, 15.94717 ], [ -93.00968, 15.97764 ], [ -92.98876, 15.98406 ], [ -92.98539, 16.01983 ], [ -92.9635, 16.03765 ], [ -92.96536, 16.05166 ], [ -92.93609, 16.08601 ], [ -92.91706, 16.12473 ], [ -92.92095, 16.14011 ], [ -92.89837, 16.16457 ], [ -92.87438, 16.22348 ], [ -92.85853, 16.2221 ], [ -92.88619, 16.24745 ], [ -92.872, 16.25588 ], [ -92.83138, 16.24005 ] ] ] } },
{ "type": "Feature", "properties": { "CVEGEO": "07021", "NOM_ENT": "Chiapas", "NOMGEO": "Copainalá", "POB1": 22192.0, "GRADO_MAR": "Medio", "IM": 0.0, "IM_NORM": 0.0, "ANALF": 0.0, "SIN_EDUC": 0.0, "SIN_DREN": 3.16, "SIN_ELEC": 3.16, "SIN_AGUA": 4.09, "PISO_TIER": 10.71, "HACIN": 3.16, "LOC5000": 0.0, "ING2SM": 0.0, "POB_TOT": 0 }, "geometry": { "type": "Polygon", "coordinates": [ [ [ -93.2226, 17.21486 ], [ -93.21924, 17.19962 ], [ -93.22553, 17.19964 ], [ -93.21469, 17.18234 ], [ -93.19259, 17.19139 ], [ -93.20926, 17.13606 ], [ -93.17997, 17.118 ], [ -93.16768, 17.09724 ], [ -93.14296, 17.09552 ], [ -93.15782, 17.08467 ], [ -93.13961, 17.07782 ], [ -93.14851, 17.06795 ], [ -93.13508, 17.04928 ], [ -93.14776, 17.04087 ], [ -93.14253, 17.03262 ], [ -93.18483, 17.00275 ], [ -93.20751, 17.03127 ], [ -93.26635, 17.01623 ], [ -93.28579, 17.00278 ], [ -93.349, 17.02638 ], [ -93.37201, 17.02301 ], [ -93.36738, 17.04639 ], [ -93.37698, 17.05437 ], [ -93.37877, 17.07706 ], [ -93.36419, 17.08537 ], [ -93.34941, 17.07957 ], [ -93.34561, 17.08952 ], [ -93.32139, 17.09537 ], [ -93.31422, 17.11547 ], [ -93.30502, 17.1168 ], [ -93.30975, 17.12401 ], [ -93.29659, 17.13194 ], [ -93.29871, 17.15327 ], [ -93.28888, 17.1584 ], [ -93.29297, 17.17759 ], [ -93.27812, 17.19195 ], [ -93.30021, 17.21525 ], [ -93.28612, 17.22139 ], [ -93.27431, 17.20968 ], [ -93.26433, 17.22406 ], [ -93.25029, 17.22211 ], [ -93.24623, 17.22853 ], [ -93.2226, 17.21486 ] ] ] } },
{ "type": "Feature", "properties": { "CVEGEO": "07022", "NOM_ENT": "Chiapas", "NOMGEO": "Chalchihuitán", "POB1": 21915.0, "GRADO_MAR": "Muy alto", "IM": 0.0, "IM_NORM": 0.0, "ANALF": 0.0, "SIN_EDUC": 0.0, "SIN_DREN": 15.48, "SIN_ELEC": 15.48, "SIN_AGUA": 48.64, "PISO_TIER": 39.07, "HACIN": 15.48, "LOC5000": 0.0, "ING2SM": 0.0, "POB_TOT": 0 }, "geometry": { "type": "Polygon", "coordinates": [ [ [ -92.54322, 17.07702 ], [ -92.55929, 17.04809 ], [ -92.55068, 17.02313 ], [ -92.55724, 16.99412 ], [ -92.54597, 16.97053 ], [ -92.56189, 16.95796 ], [ -92.60071, 16.95006 ], [ -92.65668, 16.96194 ], [ -92.65419, 16.97994 ], [ -92.68075, 16.98836 ], [ -92.71116, 16.98243 ], [ -92.70828, 16.99724 ], [ -92.66674, 17.03766 ], [ -92.66355, 17.05845 ], [ -92.61313, 17.08022 ], [ -92.57932, 17.11559 ], [ -92.54322, 17.07702 ] ] ] } },
{ "type": "Feature", "properties": { "CVEGEO": "07023", "NOM_ENT": "Chiapas", "NOMGEO": "Chamula", "POB1": 101967.0, "GRADO_MAR": "Muy alto", "IM": 0.0, "IM_NORM": 0.0, "ANALF": 0.0, "SIN_EDUC": 0.0, "SIN_DREN": 1.85, "SIN_ELEC": 1.85, "SIN_AGUA": 17.77, "PISO_TIER": 18.69, "HACIN": 1.85, "LOC5000": 0.0, "ING2SM": 0.0, "POB_TOT": 0 }, "geometry": { "type": "Polygon", "coordinates": [ [ [ -92.67227, 16.88216 ], [ -92.66578, 16.88932 ], [ -92.66653, 16.88224 ], [ -92.63572, 16.87689 ], [ -92.63679, 16.85957 ], [ -92.62742, 16.85731 ], [ -92.62731, 16.87696 ], [ -92.56829, 16.85424 ], [ -92.53713, 16.85181 ], [ -92.54672, 16.79378 ], [ -92.53513, 16.75341 ], [ -92.52683, 16.74836 ], [ -92.5336, 16.73881 ], [ -92.54701, 16.73619 ], [ -92.58019, 16.74954 ], [ -92.59802, 16.78977 ], [ -92.62906, 16.76017 ], [ -92.64631, 16.76945 ], [ -92.66995, 16.7603 ], [ -92.6943, 16.76228 ], [ -92.74046, 16.77281 ], [ -92.74639, 16.78101 ], [ -92.81155, 16.77468 ], [ -92.82549, 16.78371 ], [ -92.81838, 16.78915 ], [ -92.82792, 16.79233 ], [ -92.81268, 16.81067 ], [ -92.81536, 16.84274 ], [ -92.82062, 16.84789 ], [ -92.82429, 16.83868 ], [ -92.83114, 16.85113 ], [ -92.82064, 16.87921 ], [ -92.85645, 16.87909 ], [ -92.85622, 16.89031 ], [ -92.81444, 16.89463 ], [ -92.77858, 16.86569 ], [ -92.76537, 16.86676 ], [ -92.75405, 16.85758 ], [ -92.74577, 16.86707 ], [ -92.73907, 16.85794 ], [ -92.69681, 16.87727 ], [ -92.69882, 16.89355 ], [ -92.69054, 16.89591 ], [ -92.67227, 16.88216 ] ] ] } },
{ "type": "Feature", "properties": { "CVEGEO": "07024", "NOM_ENT": "Chiapas", "NOMGEO": "Chanal", "POB1": 13678.0, "GRADO_MAR": "Muy alto", "IM": 0.0, "IM_NORM": 0.0, "ANALF": 0.0, "SIN_EDUC": 0.0, "SIN_DREN": 2.89, "SIN_ELEC": 2.89, "SIN_AGUA": 34.39, "PISO_TIER": 25.97, "HACIN": 2.89, "LOC5000": 0.0, "ING2SM": 0.0, "POB_TOT": 0 }, "geometry": { "type": "Polygon", "coordinates": [ [ [ -92.01918, 16.6882 ], [ -92.04284, 16.66297 ], [ -92.06442, 16.6586 ], [ -92.09834, 16.66922 ], [ -92.11586, 16.66697 ], [ -92.14493, 16.64395 ], [ -92.1532, 16.632 ], [ -92.1468, 16.59384 ], [ -92.15173, 16.54805 ], [ -92.17095, 16.4975 ], [ -92.17866, 16.4934 ], [ -92.21528, 16.49553 ], [ -92.27279, 16.51778 ], [ -92.26839, 16.52818 ], [ -92.28599, 16.55792 ], [ -92.31973, 16.5692 ], [ -92.32981, 16.54445 ], [ -92.34083, 16.57975 ], [ -92.3876, 16.61738 ], [ -92.37518, 16.61719 ], [ -92.36837, 16.63459 ], [ -92.27879, 16.62901 ], [ -92.27781, 16.66823 ], [ -92.26855, 16.69188 ], [ -92.30322, 16.69973 ], [ -92.30724, 16.71599 ], [ -92.2599, 16.7034 ], [ -92.2543, 16.68839 ], [ -92.23386, 16.68715 ], [ -92.22072, 16.6893 ], [ -92.22045, 16.69707 ], [ -92.15383, 16.7004 ], [ -92.14526, 16.69213 ], [ -92.138, 16.70026 ], [ -92.12053, 16.69384 ], [ -92.06865, 16.70479 ], [ -92.01918, 16.6882 ] ] ] } },
{ "type": "Feature", "properties": { "CVEGEO": "07025", "NOM_ENT": "Chiapas", "NOMGEO": "Chapultenango", "POB1": 7472.0, "GRADO_MAR": "Alto", "IM": 0.0, "IM_NORM": 0.0, "ANALF": 0.0, "SIN_EDUC": 0.0, "SIN_DREN": 1.07, "SIN_ELEC": 1.07, "SIN_AGUA": 7.16, "PISO_TIER": 21.0, "HACIN": 1.07, "LOC5000": 0.0, "ING2SM": 0.0, "POB_TOT": 0 }, "geometry": { "type": "Polygon", "coordinates": [ [ [ -93.18829, 17.39742 ], [ -93.15191, 17.39262 ], [ -93.15244, 17.37524 ], [ -93.13968, 17.37558 ], [ -93.13884, 17.36478 ], [ -93.13031, 17.36156 ], [ -93.09916, 17.3582 ], [ -93.09815, 17.3665 ], [ -93.08276, 17.3641 ], [ -93.08276, 17.37203 ], [ -93.08051, 17.37542 ], [ -93.07719, 17.36451 ], [ -93.04977, 17.37992 ], [ -93.04383, 17.37038 ], [ -93.05302, 17.33465 ], [ -93.04459, 17.31497 ], [ -93.06532, 17.2961 ], [ -93.06871, 17.26759 ], [ -93.09802, 17.26792 ], [ -93.11713, 17.28061 ], [ -93.15884, 17.26196 ], [ -93.1828, 17.27193 ], [ -93.19183, 17.26298 ], [ -93.18551, 17.27572 ], [ -93.21602, 17.33367 ], [ -93.19561, 17.3442 ], [ -93.1792, 17.33633 ], [ -93.17136, 17.35543 ], [ -93.19957, 17.36616 ], [ -93.19977, 17.38564 ], [ -93.20764, 17.38188 ], [ -93.20798, 17.40452 ], [ -93.1961, 17.4085 ], [ -93.18829, 17.39742 ] ] ] } },
{ "type": "Feature", "properties": { "CVEGEO": "07026", "NOM_ENT": "Chiapas", "NOMGEO": "Chenalhó", "POB1": 47371.0, "GRADO_MAR": "Muy alto", "IM": 0.0, "IM_NORM": 0.0, "ANALF": 0.0, "SIN_EDUC": 0.0, "SIN_DREN": 3.63, "SIN_ELEC": 3.63, "SIN_AGUA": 18.87, "PISO_TIER": 32.96, "HACIN": 3.63, "LOC5000": 0.0, "ING2SM": 0.0, "POB_TOT": 0 }, "geometry": { "type": "Polygon", "coordinates": [ [ [ -92.50131, 17.04923 ], [ -92.51442, 17.02929 ], [ -92.50355, 17.0306 ], [ -92.50747, 17.01688 ], [ -92.51623, 17.01588 ], [ -92.50785, 17.00366 ], [ -92.49666, 17.00295 ], [ -92.49331, 16.96864 ], [ -92.44743, 16.97703 ], [ -92.43831, 16.98518 ], [ -92.45823, 16.96262 ], [ -92.43718, 16.92838 ], [ -92.48521, 16.93088 ], [ -92.49395, 16.90882 ], [ -92.5164, 16.89869 ], [ -92.51697, 16.88836 ], [ -92.52664, 16.90049 ], [ -92.54119, 16.89234 ], [ -92.56908, 16.90104 ], [ -92.60237, 16.87072 ], [ -92.62448, 16.88035 ], [ -92.64267, 16.87558 ], [ -92.66653, 16.88224 ], [ -92.66578, 16.88932 ], [ -92.67227, 16.88216 ], [ -92.65171, 16.92315 ], [ -92.65473, 16.92871 ], [ -92.66063, 16.92024 ], [ -92.67654, 16.92301 ], [ -92.69572, 16.9345 ], [ -92.7002, 16.95441 ], [ -92.69394, 16.97288 ], [ -92.70988, 16.98227 ], [ -92.68075, 16.98836 ], [ -92.65419, 16.97994 ], [ -92.65668, 16.96194 ], [ -92.62736, 16.95409 ], [ -92.60071, 16.95006 ], [ -92.56189, 16.95796 ], [ -92.54584, 16.97079 ], [ -92.55724, 16.99412 ], [ -92.55068, 17.02313 ], [ -92.55929, 17.04809 ], [ -92.54288, 17.07177 ], [ -92.50131, 17.04923 ] ] ] } },
{ "type": "Feature", "properties": { "CVEGEO": "07027", "NOM_ENT": "Chiapas", "NOMGEO": "Chiapa de Corzo", "POB1": 112075.0, "GRADO_MAR": "Bajo", "IM": 0.0, "IM_NORM": 0.0, "ANALF": 0.0, "SIN_EDUC": 0.0, "SIN_DREN": 1.02, "SIN_ELEC": 1.02, "SIN_AGUA": 7.11, "PISO_TIER": 6.11, "HACIN": 1.02, "LOC5000": 0.0, "ING2SM": 0.0, "POB_TOT": 0 }, "geometry": { "type": "Polygon", "coordinates": [ [ [ -92.9351, 16.87541 ], [ -92.94239, 16.87943 ], [ -92.95831, 16.86834 ], [ -92.9507, 16.85895 ], [ -92.96505, 16.86888 ], [ -92.98091, 16.86311 ], [ -92.96111, 16.8406 ], [ -92.97311, 16.83665 ], [ -92.97625, 16.82615 ], [ -92.9862, 16.82658 ], [ -92.9797, 16.80295 ], [ -93.00543, 16.79392 ], [ -93.01212, 16.79885 ], [ -93.01606, 16.77565 ], [ -93.0055, 16.77648 ], [ -93.02061, 16.77152 ], [ -93.01862, 16.76673 ], [ -92.99765, 16.77131 ], [ -92.9959, 16.78215 ], [ -92.98675, 16.78475 ], [ -92.9885, 16.76529 ], [ -92.95506, 16.76509 ], [ -92.89677, 16.73861 ], [ -92.91041, 16.71733 ], [ -92.90244, 16.71403 ], [ -92.88323, 16.73223 ], [ -92.889, 16.71409 ], [ -92.8704, 16.71901 ], [ -92.86663, 16.70456 ], [ -92.87236, 16.69564 ], [ -92.87995, 16.70322 ], [ -92.88394, 16.69695 ], [ -92.85957, 16.68544 ], [ -92.8678, 16.66638 ], [ -92.84156, 16.66697 ], [ -92.84568, 16.65152 ], [ -92.91989, 16.64174 ], [ -92.95821, 16.57287 ], [ -92.94298, 16.53221 ], [ -92.94804, 16.51893 ], [ -92.93679, 16.50409 ], [ -92.94754, 16.49468 ], [ -92.94162, 16.4833 ], [ -92.93422, 16.48621 ], [ -92.92985, 16.47778 ], [ -92.91523, 16.48624 ], [ -92.90741, 16.47488 ], [ -92.91299, 16.46726 ], [ -92.90218, 16.45416 ], [ -92.90845, 16.44581 ], [ -92.88338, 16.40227 ], [ -92.88883, 16.39929 ], [ -92.88198, 16.39666 ], [ -92.87399, 16.41265 ], [ -92.85472, 16.40631 ], [ -92.83158, 16.38156 ], [ -92.82058, 16.39163 ], [ -92.80289, 16.37827 ], [ -92.81289, 16.35145 ], [ -92.84913, 16.33661 ], [ -92.86611, 16.31628 ], [ -92.86608, 16.29221 ], [ -92.88837, 16.29445 ], [ -92.88714, 16.3045 ], [ -92.89506, 16.30431 ], [ -92.895, 16.34193 ], [ -92.90721, 16.3455 ], [ -92.8938, 16.3693 ], [ -92.96011, 16.42483 ], [ -93.0289, 16.42951 ], [ -93.03967, 16.44152 ], [ -93.09275, 16.39964 ], [ -93.09945, 16.40373 ], [ -93.09169, 16.42263 ], [ -93.04801, 16.47054 ], [ -93.06103, 16.46557 ], [ -93.05838, 16.48474 ], [ -93.10539, 16.49641 ], [ -93.07535, 16.50685 ], [ -93.07231, 16.53748 ], [ -93.06384, 16.52662 ], [ -93.05319, 16.53932 ], [ -93.06145, 16.54789 ], [ -93.0608, 16.58554 ], [ -93.05577, 16.6025 ], [ -93.04376, 16.60474 ], [ -93.04187, 16.61431 ], [ -93.0579, 16.6269 ], [ -93.05971, 16.63938 ], [ -93.07598, 16.63679 ], [ -93.06339, 16.64692 ], [ -93.07243, 16.65687 ], [ -93.05707, 16.66355 ], [ -93.06502, 16.68104 ], [ -93.04547, 16.66532 ], [ -93.0339, 16.67762 ], [ -93.03791, 16.70109 ], [ -93.0476, 16.71153 ], [ -93.03528, 16.72618 ], [ -93.05823, 16.75206 ], [ -93.0375, 16.75159 ], [ -93.0702, 16.79319 ], [ -93.06427, 16.83476 ], [ -93.08399, 16.83889 ], [ -93.03763, 16.84435 ], [ -93.02032, 16.8708 ], [ -93.0351, 16.86345 ], [ -93.05401, 16.87488 ], [ -93.05618, 16.88332 ], [ -93.03355, 16.88571 ], [ -93.0346, 16.87018 ], [ -93.03035, 16.88918 ], [ -93.06174, 16.89597 ], [ -93.05947, 16.90976 ], [ -93.03782, 16.90646 ], [ -93.03722, 16.89615 ], [ -93.02288, 16.88983 ], [ -92.99138, 16.91033 ], [ -92.9351, 16.87541 ] ] ] } },
{ "type": "Feature", "properties": { "CVEGEO": "07028", "NOM_ENT": "Chiapas", "NOMGEO": "Chiapilla", "POB1": 6156.0, "GRADO_MAR": "Alto", "IM": 0.0, "IM_NORM": 0.0, "ANALF": 0.0, "SIN_EDUC": 0.0, "SIN_DREN": 0.81, "SIN_ELEC": 0.81, "SIN_AGUA": 1.27, "PISO_TIER": 2.94, "HACIN": 0.81, "LOC5000": 0.0, "ING2SM": 0.0, "POB_TOT": 0 }, "geometry": { "type": "Polygon", "coordinates": [ [ [ -92.67721, 16.57782 ], [ -92.69828, 16.54642 ], [ -92.68907, 16.5128 ], [ -92.73886, 16.52617 ], [ -92.73572, 16.53089 ], [ -92.74885, 16.54076 ], [ -92.76595, 16.52823 ], [ -92.78359, 16.53311 ], [ -92.76885, 16.56162 ], [ -92.75918, 16.55503 ], [ -92.74547, 16.56448 ], [ -92.74393, 16.58964 ], [ -92.72311, 16.58172 ], [ -92.70515, 16.60342 ], [ -92.70699, 16.58677 ], [ -92.67721, 16.57782 ] ] ] } },
{ "type": "Feature", "properties": { "CVEGEO": "07029", "NOM_ENT": "Chiapas", "NOMGEO": "Chicoasén", "POB1": 5402.0, "GRADO_MAR": "Medio", "IM": 0.0, "IM_NORM": 0.0, "ANALF": 0.0, "SIN_EDUC": 0.0, "SIN_DREN": 1.82, "SIN_ELEC": 1.82, "SIN_AGUA": 6.64, "PISO_TIER": 7.63, "HACIN": 1.82, "LOC5000": 0.0, "ING2SM": 0.0, "POB_TOT": 0 }, "geometry": { "type": "Polygon", "coordinates": [ [ [ -93.0678, 17.03926 ], [ -93.06419, 17.00245 ], [ -93.06943, 17.00051 ], [ -93.05896, 16.99475 ], [ -93.06065, 16.97892 ], [ -93.04078, 16.95942 ], [ -93.05406, 16.95954 ], [ -93.05503, 16.94748 ], [ -93.06544, 16.94956 ], [ -93.07403, 16.93783 ], [ -93.08286, 16.95447 ], [ -93.09304, 16.95549 ], [ -93.09599, 16.94529 ], [ -93.10584, 16.95571 ], [ -93.10095, 16.94188 ], [ -93.10899, 16.9366 ], [ -93.11188, 16.94803 ], [ -93.17664, 16.97553 ], [ -93.16452, 16.98565 ], [ -93.18483, 17.00275 ], [ -93.14923, 17.0221 ], [ -93.14253, 17.03262 ], [ -93.14776, 17.04087 ], [ -93.13544, 17.0451 ], [ -93.1391, 17.05258 ], [ -93.0678, 17.03926 ] ] ] } },
{ "type": "Feature", "properties": { "CVEGEO": "07030", "NOM_ENT": "Chiapas", "NOMGEO": "Chicomuselo", "POB1": 36785.0, "GRADO_MAR": "Alto", "IM": 0.0, "IM_NORM": 0.0, "ANALF": 0.0, "SIN_EDUC": 0.0, "SIN_DREN": 3.12, "SIN_ELEC": 3.12, "SIN_AGUA": 8.85, "PISO_TIER": 16.1, "HACIN": 3.12, "LOC5000": 0.0, "ING2SM": 0.0, "POB_TOT": 0 }, "geometry": { "type": "Polygon", "coordinates": [ [ [ -92.30822, 15.93577 ], [ -92.29824, 15.94572 ], [ -92.30275, 15.93416 ], [ -92.28533, 15.92156 ], [ -92.26872, 15.93293 ], [ -92.25933, 15.92425 ], [ -92.25011, 15.93105 ], [ -92.23049, 15.92444 ], [ -92.22766, 15.93173 ], [ -92.18858, 15.92154 ], [ -92.18388, 15.90978 ], [ -92.19034, 15.90436 ], [ -92.1832, 15.90169 ], [ -92.18473, 15.88032 ], [ -92.19391, 15.87608 ], [ -92.20057, 15.85675 ], [ -92.19506, 15.83553 ], [ -92.21217, 15.80391 ], [ -92.22405, 15.80171 ], [ -92.22606, 15.79206 ], [ -92.23924, 15.79205 ], [ -92.24818, 15.77495 ], [ -92.22885, 15.7651 ], [ -92.23948, 15.75098 ], [ -92.22904, 15.71615 ], [ -92.2212, 15.71533 ], [ -92.22574, 15.69592 ], [ -92.24393, 15.69524 ], [ -92.25993, 15.67863 ], [ -92.26023, 15.66234 ], [ -92.28411, 15.68394 ], [ -92.30863, 15.67966 ], [ -92.32188, 15.65942 ], [ -92.32896, 15.6757 ], [ -92.33085, 15.66644 ], [ -92.35615, 15.66555 ], [ -92.35935, 15.67429 ], [ -92.40363, 15.69306 ], [ -92.43168, 15.65628 ], [ -92.46476, 15.66273 ], [ -92.48142, 15.63761 ], [ -92.52977, 15.67368 ], [ -92.51099, 15.69535 ], [ -92.52402, 15.69573 ], [ -92.49173, 15.69968 ], [ -92.49332, 15.70641 ], [ -92.52256, 15.70726 ], [ -92.51335, 15.74572 ], [ -92.53866, 15.74395 ], [ -92.54639, 15.75741 ], [ -92.57238, 15.76436 ], [ -92.57226, 15.77849 ], [ -92.57447, 15.76924 ], [ -92.59362, 15.76191 ], [ -92.61045, 15.77997 ], [ -92.61638, 15.80017 ], [ -92.60416, 15.82985 ], [ -92.6152, 15.85914 ], [ -92.58712, 15.88892 ], [ -92.54706, 15.89032 ], [ -92.52532, 15.92887 ], [ -92.48857, 15.89629 ], [ -92.47481, 15.90426 ], [ -92.47553, 15.89193 ], [ -92.38807, 15.83484 ], [ -92.37236, 15.86729 ], [ -92.39065, 15.87915 ], [ -92.36451, 15.92554 ], [ -92.34377, 15.94665 ], [ -92.33389, 15.93873 ], [ -92.32167, 15.94948 ], [ -92.30822, 15.93577 ] ] ] } },
{ "type": "Feature", "properties": { "CVEGEO": "07031", "NOM_ENT": "Chiapas", "NOMGEO": "Chilón", "POB1": 137262.0, "GRADO_MAR": "Muy alto", "IM": 0.0, "IM_NORM": 0.0, "ANALF": 0.0, "SIN_EDUC": 0.0, "SIN_DREN": 10.54, "SIN_ELEC": 10.54, "SIN_AGUA": 13.68, "PISO_TIER": 24.76, "HACIN": 10.54, "LOC5000": 0.0, "ING2SM": 0.0, "POB_TOT": 0 }, "geometry": { "type": "Polygon", "coordinates": [ [ [ -92.05869, 17.25812 ], [ -92.03278, 17.22279 ], [ -92.01395, 17.23397 ], [ -91.99666, 17.23122 ], [ -91.99546, 17.21644 ], [ -91.97208, 17.20584 ], [ -91.96157, 17.21632 ], [ -91.88881, 17.21358 ], [ -91.89463, 17.22736 ], [ -91.9132, 17.22627 ], [ -91.91691, 17.23867 ], [ -91.91068, 17.24885 ], [ -91.74312, 17.24835 ], [ -91.71761, 17.2219 ], [ -91.72101, 17.21094 ], [ -91.73459, 17.20516 ], [ -91.72565, 17.18145 ], [ -91.73542, 17.16023 ], [ -91.71902, 17.16987 ], [ -91.6923, 17.1702 ], [ -91.68536, 17.18658 ], [ -91.67458, 17.19144 ], [ -91.68628, 17.20195 ], [ -91.66425, 17.19713 ], [ -91.65346, 17.20721 ], [ -91.64787, 17.17227 ], [ -91.68024, 17.17074 ], [ -91.68228, 17.15054 ], [ -91.69811, 17.13568 ], [ -91.74555, 17.14452 ], [ -91.75319, 17.12432 ], [ -91.70047, 17.10417 ], [ -91.70432, 17.09456 ], [ -91.73704, 17.09973 ], [ -91.74369, 17.10715 ], [ -91.75311, 17.08949 ], [ -91.76138, 17.08797 ], [ -91.78148, 17.04434 ], [ -91.87965, 16.99691 ], [ -91.91959, 16.99939 ], [ -91.92083, 17.00712 ], [ -91.93891, 17.00526 ], [ -91.95418, 16.98763 ], [ -91.97233, 16.98453 ], [ -92.05655, 16.98008 ], [ -92.07087, 16.98764 ], [ -92.07623, 16.97423 ], [ -92.10627, 16.97384 ], [ -92.12751, 16.96176 ], [ -92.15466, 16.9707 ], [ -92.15573, 16.98055 ], [ -92.18121, 16.9886 ], [ -92.18524, 16.9982 ], [ -92.20513, 16.99903 ], [ -92.22445, 16.94735 ], [ -92.25987, 16.94633 ], [ -92.26824, 16.93673 ], [ -92.29492, 16.94563 ], [ -92.29618, 16.95326 ], [ -92.34999, 16.95435 ], [ -92.35054, 16.96327 ], [ -92.34119, 16.96551 ], [ -92.34591, 16.98899 ], [ -92.31373, 16.99545 ], [ -92.3123, 17.00468 ], [ -92.28257, 17.01865 ], [ -92.29322, 17.04136 ], [ -92.28029, 17.06037 ], [ -92.28995, 17.06707 ], [ -92.30772, 17.06476 ], [ -92.32501, 17.07946 ], [ -92.35005, 17.06851 ], [ -92.34595, 17.07816 ], [ -92.35991, 17.08892 ], [ -92.38884, 17.06924 ], [ -92.38074, 17.09641 ], [ -92.38438, 17.11658 ], [ -92.40233, 17.13239 ], [ -92.37052, 17.15496 ], [ -92.36936, 17.14022 ], [ -92.3602, 17.15407 ], [ -92.33512, 17.12183 ], [ -92.28747, 17.16306 ], [ -92.27447, 17.15681 ], [ -92.26493, 17.16355 ], [ -92.25829, 17.18406 ], [ -92.24749, 17.18671 ], [ -92.21683, 17.163 ], [ -92.20773, 17.1712 ], [ -92.22871, 17.19578 ], [ -92.19131, 17.23741 ], [ -92.15513, 17.21025 ], [ -92.12355, 17.24123 ], [ -92.12519, 17.2508 ], [ -92.0884, 17.27729 ], [ -92.05869, 17.25812 ] ] ] } },
{ "type": "Feature", "properties": { "CVEGEO": "07032", "NOM_ENT": "Chiapas", "NOMGEO": "Escuintla", "POB1": 30896.0, "GRADO_MAR": "Alto", "IM": 0.0, "IM_NORM": 0.0, "ANALF": 0.0, "SIN_EDUC": 0.0, "SIN_DREN": 2.51, "SIN_ELEC": 2.51, "SIN_AGUA": 9.16, "PISO_TIER": 8.22, "HACIN": 2.51, "LOC5000": 0.0, "ING2SM": 0.0, "POB_TOT": 0 }, "geometry": { "type": "Polygon", "coordinates": [ [ [ -92.49567, 15.4587 ], [ -92.48695, 15.45936 ], [ -92.48464, 15.4388 ], [ -92.42912, 15.42311 ], [ -92.43375, 15.3869 ], [ -92.44381, 15.37857 ], [ -92.44429, 15.36582 ], [ -92.43664, 15.36201 ], [ -92.45465, 15.36131 ], [ -92.46503, 15.33696 ], [ -92.47144, 15.34444 ], [ -92.4817, 15.3392 ], [ -92.48105, 15.33174 ], [ -92.45935, 15.32874 ], [ -92.46236, 15.3015 ], [ -92.45567, 15.28996 ], [ -92.48628, 15.27928 ], [ -92.46258, 15.25964 ], [ -92.47922, 15.26316 ], [ -92.50002, 15.28533 ], [ -92.52827, 15.28654 ], [ -92.52442, 15.30549 ], [ -92.51063, 15.30673 ], [ -92.50873, 15.32127 ], [ -92.55713, 15.32566 ], [ -92.56732, 15.34072 ], [ -92.58628, 15.33255 ], [ -92.60334, 15.30589 ], [ -92.5769, 15.30399 ], [ -92.58717, 15.30077 ], [ -92.58583, 15.25942 ], [ -92.59652, 15.25877 ], [ -92.59267, 15.25054 ], [ -92.61392, 15.24177 ], [ -92.61544, 15.2356 ], [ -92.60687, 15.23327 ], [ -92.61751, 15.21478 ], [ -92.63487, 15.22336 ], [ -92.64149, 15.21514 ], [ -92.65037, 15.22478 ], [ -92.63901, 15.23658 ], [ -92.64661, 15.24236 ], [ -92.63737, 15.24253 ], [ -92.62694, 15.26009 ], [ -92.66162, 15.28597 ], [ -92.68061, 15.27872 ], [ -92.67188, 15.29313 ], [ -92.68124, 15.3047 ], [ -92.7093, 15.30174 ], [ -92.71971, 15.31193 ], [ -92.71477, 15.30309 ], [ -92.72462, 15.29586 ], [ -92.73713, 15.30519 ], [ -92.72328, 15.31111 ], [ -92.71316, 15.32757 ], [ -92.68887, 15.31883 ], [ -92.65274, 15.33242 ], [ -92.66152, 15.34822 ], [ -92.64928, 15.35245 ], [ -92.65493, 15.36223 ], [ -92.64718, 15.37759 ], [ -92.64032, 15.37501 ], [ -92.64567, 15.36036 ], [ -92.63976, 15.35635 ], [ -92.62732, 15.37631 ], [ -92.61412, 15.40442 ], [ -92.63032, 15.4043 ], [ -92.63351, 15.41111 ], [ -92.60665, 15.45476 ], [ -92.56582, 15.45433 ], [ -92.57071, 15.47962 ], [ -92.55226, 15.4752 ], [ -92.55745, 15.48733 ], [ -92.51089, 15.48201 ], [ -92.49567, 15.4587 ] ] ] } },
{ "type": "Feature", "properties": { "CVEGEO": "07033", "NOM_ENT": "Chiapas", "NOMGEO": "Francisco León", "POB1": 7245.0, "GRADO_MAR": "Alto", "IM": 0.0, "IM_NORM": 0.0, "ANALF": 0.0, "SIN_EDUC": 0.0, "SIN_DREN": 2.67, "SIN_ELEC": 2.67, "SIN_AGUA": 2.18, "PISO_TIER": 22.05, "HACIN": 2.67, "LOC5000": 0.0, "ING2SM": 0.0, "POB_TOT": 0 }, "geometry": { "type": "Polygon", "coordinates": [ [ [ -93.23009, 17.34827 ], [ -93.18551, 17.27572 ], [ -93.19293, 17.26485 ], [ -93.1828, 17.27193 ], [ -93.1785, 17.26652 ], [ -93.19245, 17.26059 ], [ -93.18041, 17.24694 ], [ -93.20939, 17.23179 ], [ -93.2226, 17.21486 ], [ -93.24382, 17.22206 ], [ -93.2473, 17.24471 ], [ -93.28364, 17.22131 ], [ -93.29634, 17.23179 ], [ -93.292, 17.24594 ], [ -93.28198, 17.24723 ], [ -93.28825, 17.27035 ], [ -93.298, 17.2631 ], [ -93.38061, 17.26953 ], [ -93.38419, 17.31875 ], [ -93.33375, 17.33141 ], [ -93.32034, 17.35184 ], [ -93.27157, 17.35256 ], [ -93.242, 17.36776 ], [ -93.22603, 17.35286 ], [ -93.23009, 17.34827 ] ] ] } },
{ "type": "Feature", "properties": { "CVEGEO": "07034", "NOM_ENT": "Chiapas", "NOMGEO": "Frontera Comalapa", "POB1": 80897.0, "GRADO_MAR": "Medio", "IM": 0.0, "IM_NORM": 0.0, "ANALF": 0.0, "SIN_EDUC": 0.0, "SIN_DREN": 1.16, "SIN_ELEC": 1.16, "SIN_AGUA": 8.19, "PISO_TIER": 8.35, "HACIN": 1.16, "LOC5000": 0.0, "ING2SM": 0.0, "POB_TOT": 0 }, "geometry": { "type": "Polygon", "coordinates": [ [ [ -92.1254, 15.92159 ], [ -92.11866, 15.90219 ], [ -92.10719, 15.8997 ], [ -92.09481, 15.88312 ], [ -92.07855, 15.8841 ], [ -92.0686, 15.86628 ], [ -92.05121, 15.86198 ], [ -92.05129, 15.85199 ], [ -92.01965, 15.84309 ], [ -92.01312, 15.84936 ], [ -92.01419, 15.84074 ], [ -91.96709, 15.84987 ], [ -91.95009, 15.82889 ], [ -91.95153, 15.82064 ], [ -91.91663, 15.8051 ], [ -91.91555, 15.78295 ], [ -91.93014, 15.77819 ], [ -91.93579, 15.76395 ], [ -91.92187, 15.75152 ], [ -91.99007, 15.63576 ], [ -92.00915, 15.64464 ], [ -92.0306, 15.63517 ], [ -92.04298, 15.63867 ], [ -92.0415, 15.64442 ], [ -92.09484, 15.64594 ], [ -92.10389, 15.62859 ], [ -92.14859, 15.62665 ], [ -92.15218, 15.63697 ], [ -92.1711, 15.64041 ], [ -92.16765, 15.64721 ], [ -92.17854, 15.64688 ], [ -92.18802, 15.65724 ], [ -92.18476, 15.66343 ], [ -92.22574, 15.69592 ], [ -92.2212, 15.71533 ], [ -92.22904, 15.71615 ], [ -92.23948, 15.75098 ], [ -92.22885, 15.7651 ], [ -92.24818, 15.77495 ], [ -92.23924, 15.79205 ], [ -92.22606, 15.79206 ], [ -92.22405, 15.80171 ], [ -92.21217, 15.80391 ], [ -92.19506, 15.83553 ], [ -92.20057, 15.85675 ], [ -92.19391, 15.87608 ], [ -92.18473, 15.88032 ], [ -92.18621, 15.89982 ], [ -92.1746, 15.90799 ], [ -92.18002, 15.9222 ], [ -92.17474, 15.92679 ], [ -92.15902, 15.91793 ], [ -92.17063, 15.93379 ], [ -92.16112, 15.93794 ], [ -92.1254, 15.92159 ] ] ] } },
{ "type": "Feature", "properties": { "CVEGEO": "07035", "NOM_ENT": "Chiapas", "NOMGEO": "Frontera Hidalgo", "POB1": 14556.0, "GRADO_MAR": "Alto", "IM": 0.0, "IM_NORM": 0.0, "ANALF": 0.0, "SIN_EDUC": 0.0, "SIN_DREN": 3.31, "SIN_ELEC": 3.31, "SIN_AGUA": 9.02, "PISO_TIER": 9.32, "HACIN": 3.31, "LOC5000": 0.0, "ING2SM": 0.0, "POB_TOT": 0 }, "geometry": { "type": "Polygon", "coordinates": [ [ [ -92.16072, 14.77349 ], [ -92.1718, 14.75274 ], [ -92.15553, 14.73092 ], [ -92.16946, 14.73229 ], [ -92.18091, 14.71069 ], [ -92.20229, 14.71307 ], [ -92.22287, 14.69659 ], [ -92.24849, 14.69917 ], [ -92.25584, 14.71673 ], [ -92.26812, 14.72079 ], [ -92.26076, 14.74658 ], [ -92.2669, 14.74805 ], [ -92.25988, 14.76053 ], [ -92.26416, 14.77583 ], [ -92.24273, 14.78428 ], [ -92.24884, 14.76266 ], [ -92.24046, 14.75867 ], [ -92.23224, 14.78092 ], [ -92.22551, 14.78057 ], [ -92.22968, 14.79877 ], [ -92.22311, 14.80775 ], [ -92.21024, 14.79088 ], [ -92.19375, 14.79671 ], [ -92.18954, 14.80935 ], [ -92.16072, 14.77349 ] ] ] } },
{ "type": "Feature", "properties": { "CVEGEO": "07036", "NOM_ENT": "Chiapas", "NOMGEO": "La Grandeza", "POB1": 7701.0, "GRADO_MAR": "Alto", "IM": 0.0, "IM_NORM": 0.0, "ANALF": 0.0, "SIN_EDUC": 0.0, "SIN_DREN": 0.53, "SIN_ELEC": 0.53, "SIN_AGUA": 19.89, "PISO_TIER": 7.03, "HACIN": 0.53, "LOC5000": 0.0, "ING2SM": 0.0, "POB_TOT": 0 }, "geometry": { "type": "Polygon", "coordinates": [ [ [ -92.18579, 15.55035 ], [ -92.20653, 15.4599 ], [ -92.25089, 15.46839 ], [ -92.2339, 15.50677 ], [ -92.25067, 15.55927 ], [ -92.18579, 15.55035 ] ] ] } },
{ "type": "Feature", "properties": { "CVEGEO": "07037", "NOM_ENT": "Chiapas", "NOMGEO": "Huehuetán", "POB1": 36333.0, "GRADO_MAR": "Alto", "IM": 0.0, "IM_NORM": 0.0, "ANALF": 0.0, "SIN_EDUC": 0.0, "SIN_DREN": 3.73, "SIN_ELEC": 3.73, "SIN_AGUA": 16.41, "PISO_TIER": 9.6, "HACIN": 3.73, "LOC5000": 0.0, "ING2SM": 0.0, "POB_TOT": 0 }, "geometry": { "type": "Polygon", "coordinates": [ [ [ -92.33292, 15.1046 ], [ -92.3331, 15.08802 ], [ -92.31771, 15.07678 ], [ -92.32722, 15.05239 ], [ -92.34349, 15.06488 ], [ -92.33919, 15.04292 ], [ -92.36499, 15.04465 ], [ -92.37581, 15.03251 ], [ -92.34884, 15.03942 ], [ -92.33247, 15.03589 ], [ -92.33606, 15.02749 ], [ -92.32252, 15.02901 ], [ -92.3153, 15.01476 ], [ -92.31999, 15.0059 ], [ -92.30145, 14.99098 ], [ -92.30176, 14.98298 ], [ -92.31401, 14.97953 ], [ -92.30715, 14.97348 ], [ -92.31657, 14.96305 ], [ -92.34674, 14.96356 ], [ -92.34857, 14.95546 ], [ -92.36307, 14.95769 ], [ -92.37162, 14.94419 ], [ -92.37954, 14.95489 ], [ -92.3867, 14.94434 ], [ -92.39778, 14.94344 ], [ -92.41479, 14.95253 ], [ -92.41568, 14.96157 ], [ -92.43032, 14.95336 ], [ -92.43587, 14.95947 ], [ -92.4679, 14.9323 ], [ -92.47747, 14.95602 ], [ -92.48612, 14.94966 ], [ -92.49466, 14.96599 ], [ -92.50621, 14.94798 ], [ -92.51225, 14.95928 ], [ -92.52921, 14.96435 ], [ -92.5393, 14.95427 ], [ -92.56345, 14.95605 ], [ -92.55993, 15.00025 ], [ -92.51395, 15.03903 ], [ -92.50694, 15.03723 ], [ -92.49612, 15.05456 ], [ -92.47745, 15.04945 ], [ -92.47145, 15.0627 ], [ -92.45291, 15.04815 ], [ -92.45214, 15.05621 ], [ -92.43853, 15.04696 ], [ -92.41439, 15.07643 ], [ -92.40804, 15.0663 ], [ -92.3975, 15.07519 ], [ -92.382, 15.07375 ], [ -92.38181, 15.0841 ], [ -92.36613, 15.08176 ], [ -92.36477, 15.09752 ], [ -92.37793, 15.09113 ], [ -92.37618, 15.10377 ], [ -92.3649, 15.10927 ], [ -92.33292, 15.1046 ] ] ] } },
{ "type": "Feature", "properties": { "CVEGEO": "07038", "NOM_ENT": "Chiapas", "NOMGEO": "Huixtán", "POB1": 22975.0, "GRADO_MAR": "Muy alto", "IM": 0.0, "IM_NORM": 0.0, "ANALF": 0.0, "SIN_EDUC": 0.0, "SIN_DREN": 0.74, "SIN_ELEC": 0.74, "SIN_AGUA": 22.46, "PISO_TIER": 20.08, "HACIN": 0.74, "LOC5000": 0.0, "ING2SM": 0.0, "POB_TOT": 0 }, "geometry": { "type": "Polygon", "coordinates": [ [ [ -92.44957, 16.76115 ], [ -92.40688, 16.76986 ], [ -92.3957, 16.7483 ], [ -92.37571, 16.7554 ], [ -92.37821, 16.75045 ], [ -92.33603, 16.74568 ], [ -92.30724, 16.71599 ], [ -92.30322, 16.69973 ], [ -92.27027, 16.69431 ], [ -92.27879, 16.62901 ], [ -92.36837, 16.63459 ], [ -92.37518, 16.61719 ], [ -92.3876, 16.61738 ], [ -92.36182, 16.60047 ], [ -92.37528, 16.58698 ], [ -92.42606, 16.63642 ], [ -92.42422, 16.62826 ], [ -92.43841, 16.61951 ], [ -92.47411, 16.62621 ], [ -92.469, 16.64199 ], [ -92.43732, 16.63944 ], [ -92.43322, 16.65199 ], [ -92.41271, 16.64773 ], [ -92.43464, 16.67155 ], [ -92.43458, 16.66521 ], [ -92.45168, 16.66862 ], [ -92.44687, 16.67836 ], [ -92.49296, 16.67268 ], [ -92.49301, 16.6785 ], [ -92.51533, 16.67824 ], [ -92.51673, 16.69652 ], [ -92.50786, 16.69735 ], [ -92.51631, 16.70739 ], [ -92.5153, 16.76505 ], [ -92.48647, 16.77888 ], [ -92.45701, 16.7725 ], [ -92.44957, 16.76115 ] ] ] } },
{ "type": "Feature", "properties": { "CVEGEO": "07039", "NOM_ENT": "Chiapas", "NOMGEO": "Huitiupán", "POB1": 27893.0, "GRADO_MAR": "Alto", "IM": 0.0, "IM_NORM": 0.0, "ANALF": 0.0, "SIN_EDUC": 0.0, "SIN_DREN": 1.7, "SIN_ELEC": 1.7, "SIN_AGUA": 5.29, "PISO_TIER": 28.35, "HACIN": 1.7, "LOC5000": 0.0, "ING2SM": 0.0, "POB_TOT": 0 }, "geometry": { "type": "Polygon", "coordinates": [ [ [ -92.70974, 17.32967 ], [ -92.68759, 17.33535 ], [ -92.66125, 17.31042 ], [ -92.64832, 17.31514 ], [ -92.64808, 17.30254 ], [ -92.65601, 17.29903 ], [ -92.63529, 17.27585 ], [ -92.62611, 17.28025 ], [ -92.61919, 17.25694 ], [ -92.59311, 17.26963 ], [ -92.57612, 17.26927 ], [ -92.59387, 17.24226 ], [ -92.5898, 17.2043 ], [ -92.5999, 17.17416 ], [ -92.62229, 17.15193 ], [ -92.63651, 17.14915 ], [ -92.64143, 17.13283 ], [ -92.68115, 17.16034 ], [ -92.70201, 17.1555 ], [ -92.72569, 17.1656 ], [ -92.73469, 17.19492 ], [ -92.81065, 17.23645 ], [ -92.81383, 17.28052 ], [ -92.78899, 17.28296 ], [ -92.78039, 17.29771 ], [ -92.79668, 17.31128 ], [ -92.76921, 17.31936 ], [ -92.76612, 17.33135 ], [ -92.76298, 17.31683 ], [ -92.75226, 17.31022 ], [ -92.75356, 17.3434 ], [ -92.72347, 17.34768 ], [ -92.70974, 17.32967 ] ] ] } },
{ "type": "Feature", "properties": { "CVEGEO": "07040", "NOM_ENT": "Chiapas", "NOMGEO": "Huixtla", "POB1": 53242.0, "GRADO_MAR": "Medio", "IM": 0.0, "IM_NORM": 0.0, "ANALF": 0.0, "SIN_EDUC": 0.0, "SIN_DREN": 1.27, "SIN_ELEC": 1.27, "SIN_AGUA": 7.58, "PISO_TIER": 9.24, "HACIN": 1.27, "LOC5000": 0.0, "ING2SM": 0.0, "POB_TOT": 0 }, "geometry": { "type": "Polygon", "coordinates": [ [ [ -92.43057, 15.28634 ], [ -92.42534, 15.27502 ], [ -92.45042, 15.25956 ], [ -92.43758, 15.24916 ], [ -92.45507, 15.24462 ], [ -92.46825, 15.22896 ], [ -92.4509, 15.22717 ], [ -92.45089, 15.19633 ], [ -92.41478, 15.18955 ], [ -92.42142, 15.18525 ], [ -92.41805, 15.17752 ], [ -92.44488, 15.16219 ], [ -92.47128, 15.10972 ], [ -92.46242, 15.10108 ], [ -92.48261, 15.08619 ], [ -92.479, 15.07491 ], [ -92.48726, 15.06963 ], [ -92.47145, 15.0627 ], [ -92.47745, 15.04945 ], [ -92.49612, 15.05456 ], [ -92.50694, 15.03723 ], [ -92.53974, 15.02079 ], [ -92.60349, 14.95158 ], [ -92.63735, 14.95294 ], [ -92.64561, 14.96219 ], [ -92.65175, 14.95581 ], [ -92.73263, 15.03083 ], [ -92.70011, 15.01321 ], [ -92.69173, 15.0197 ], [ -92.6804, 15.00126 ], [ -92.67464, 15.00554 ], [ -92.679, 15.02166 ], [ -92.66593, 15.02023 ], [ -92.66584, 15.04486 ], [ -92.61558, 15.05265 ], [ -92.61483, 15.06748 ], [ -92.62374, 15.06727 ], [ -92.60557, 15.07372 ], [ -92.61525, 15.0991 ], [ -92.60643, 15.11933 ], [ -92.58371, 15.12337 ], [ -92.54849, 15.11528 ], [ -92.51605, 15.1575 ], [ -92.53222, 15.15805 ], [ -92.54351, 15.17435 ], [ -92.52017, 15.18943 ], [ -92.51526, 15.22239 ], [ -92.52177, 15.2284 ], [ -92.5151, 15.24033 ], [ -92.49748, 15.2447 ], [ -92.50982, 15.25409 ], [ -92.49826, 15.26143 ], [ -92.46258, 15.25964 ], [ -92.48628, 15.27928 ], [ -92.45028, 15.28964 ], [ -92.43057, 15.28634 ] ] ] } },
{ "type": "Feature", "properties": { "CVEGEO": "07041", "NOM_ENT": "Chiapas", "NOMGEO": "La Independencia", "POB1": 46409.0, "GRADO_MAR": "Alto", "IM": 0.0, "IM_NORM": 0.0, "ANALF": 0.0, "SIN_EDUC": 0.0, "SIN_DREN": 1.16, "SIN_ELEC": 1.16, "SIN_AGUA": 7.29, "PISO_TIER": 8.36, "HACIN": 1.16, "LOC5000": 0.0, "ING2SM": 0.0, "POB_TOT": 0 }, "geometry": { "type": "Polygon", "coordinates": [ [ [ -91.95828, 16.26196 ], [ -91.92388, 16.26703 ], [ -91.911, 16.25747 ], [ -91.90012, 16.26918 ], [ -91.87143, 16.26121 ], [ -91.85682, 16.25507 ], [ -91.85964, 16.24618 ], [ -91.84926, 16.23715 ], [ -91.85302, 16.22719 ], [ -91.83044, 16.2231 ], [ -91.8185, 16.24224 ], [ -91.78252, 16.21052 ], [ -91.7456, 16.22217 ], [ -91.73991, 16.24373 ], [ -91.72935, 16.25003 ], [ -91.74148, 16.25727 ], [ -91.73037, 16.26681 ], [ -91.70641, 16.26549 ], [ -91.68212, 16.27654 ], [ -91.68956, 16.26775 ], [ -91.66997, 16.25267 ], [ -91.64883, 16.26044 ], [ -91.63122, 16.25291 ], [ -91.62018, 16.21724 ], [ -91.63322, 16.2143 ], [ -91.60712, 16.21421 ], [ -91.60602, 16.20361 ], [ -91.59609, 16.21164 ], [ -91.56222, 16.1866 ], [ -91.5559, 16.20126 ], [ -91.54996, 16.19791 ], [ -91.55618, 16.18652 ], [ -91.51684, 16.17296 ], [ -91.49997, 16.15031 ], [ -91.52225, 16.134 ], [ -91.52722, 16.14249 ], [ -91.52083, 16.14434 ], [ -91.55539, 16.16977 ], [ -91.55372, 16.15977 ], [ -91.58129, 16.15936 ], [ -91.60326, 16.13468 ], [ -91.62361, 16.14977 ], [ -91.61835, 16.13536 ], [ -91.62397, 16.13049 ], [ -91.63308, 16.14139 ], [ -91.6423, 16.13227 ], [ -91.63639, 16.12326 ], [ -91.64979, 16.12169 ], [ -91.66205, 16.14282 ], [ -91.67513, 16.14119 ], [ -91.68389, 16.15893 ], [ -91.682, 16.15201 ], [ -91.69545, 16.1453 ], [ -91.72048, 16.14364 ], [ -91.72909, 16.13216 ], [ -91.74299, 16.13509 ], [ -91.73969, 16.12458 ], [ -91.76655, 16.15439 ], [ -91.80079, 16.17451 ], [ -91.81309, 16.15858 ], [ -91.82397, 16.16139 ], [ -91.81644, 16.18936 ], [ -91.80268, 16.19282 ], [ -91.83225, 16.20697 ], [ -91.84043, 16.18931 ], [ -91.85218, 16.18507 ], [ -91.84822, 16.17798 ], [ -91.86268, 16.16973 ], [ -91.85062, 16.15602 ], [ -91.86317, 16.15687 ], [ -91.88298, 16.18583 ], [ -91.89189, 16.17877 ], [ -91.87101, 16.14963 ], [ -91.88128, 16.14025 ], [ -91.89591, 16.16778 ], [ -91.93353, 16.16749 ], [ -91.93429, 16.15978 ], [ -91.96725, 16.16384 ], [ -91.96963, 16.17278 ], [ -91.99327, 16.16427 ], [ -92.00261, 16.18179 ], [ -92.00111, 16.19765 ], [ -92.01761, 16.2008 ], [ -92.05117, 16.25012 ], [ -92.03343, 16.2624 ], [ -92.03445, 16.27336 ], [ -92.02404, 16.28242 ], [ -92.01366, 16.26804 ], [ -92.01469, 16.27708 ], [ -91.9863, 16.28462 ], [ -91.97981, 16.29877 ], [ -91.96542, 16.30565 ], [ -91.95828, 16.26196 ] ] ] } },
{ "type": "Feature", "properties": { "CVEGEO": "07042", "NOM_ENT": "Chiapas", "NOMGEO": "Ixhuatán", "POB1": 11377.0, "GRADO_MAR": "Medio", "IM": 0.0, "IM_NORM": 0.0, "ANALF": 0.0, "SIN_EDUC": 0.0, "SIN_DREN": 1.01, "SIN_ELEC": 1.01, "SIN_AGUA": 0.2, "PISO_TIER": 9.01, "HACIN": 1.01, "LOC5000": 0.0, "ING2SM": 0.0, "POB_TOT": 0 }, "geometry": { "type": "Polygon", "coordinates": [ [ [ -92.93284, 17.3469 ], [ -92.90049, 17.27319 ], [ -92.91131, 17.26858 ], [ -92.92242, 17.27486 ], [ -92.92441, 17.25975 ], [ -92.91666, 17.25281 ], [ -92.9217, 17.2453 ], [ -92.94545, 17.26102 ], [ -92.96376, 17.28762 ], [ -92.97158, 17.2878 ], [ -92.97826, 17.27318 ], [ -93.02438, 17.27942 ], [ -93.02689, 17.2674 ], [ -93.03523, 17.26492 ], [ -93.04702, 17.26932 ], [ -93.0465, 17.27806 ], [ -93.0658, 17.28132 ], [ -93.06532, 17.2961 ], [ -93.04459, 17.31497 ], [ -93.05183, 17.32515 ], [ -93.04386, 17.33616 ], [ -93.0332, 17.3223 ], [ -93.0246, 17.3308 ], [ -93.01826, 17.32628 ], [ -93.03031, 17.30995 ], [ -93.01118, 17.32051 ], [ -92.97721, 17.30044 ], [ -92.99263, 17.34771 ], [ -92.97371, 17.34661 ], [ -92.98528, 17.32925 ], [ -92.98061, 17.3223 ], [ -92.9519, 17.31919 ], [ -92.94977, 17.34184 ], [ -92.94131, 17.34239 ], [ -92.9315, 17.36023 ], [ -92.93284, 17.3469 ] ] ] } },
{ "type": "Feature", "properties": { "CVEGEO": "07043", "NOM_ENT": "Chiapas", "NOMGEO": "Ixtacomitán", "POB1": 10961.0, "GRADO_MAR": "Medio", "IM": 0.0, "IM_NORM": 0.0, "ANALF": 0.0, "SIN_EDUC": 0.0, "SIN_DREN": 0.94, "SIN_ELEC": 0.94, "SIN_AGUA": 4.29, "PISO_TIER": 10.08, "HACIN": 0.94, "LOC5000": 0.0, "ING2SM": 0.0, "POB_TOT": 0 }, "geometry": { "type": "Polygon", "coordinates": [ [ [ -93.03806, 17.48564 ], [ -93.0603, 17.47009 ], [ -93.04778, 17.4605 ], [ -93.05064, 17.41643 ], [ -93.07289, 17.40386 ], [ -93.06991, 17.39581 ], [ -93.0473, 17.39388 ], [ -93.04664, 17.38668 ], [ -93.06179, 17.37892 ], [ -93.05964, 17.37051 ], [ -93.07719, 17.36451 ], [ -93.07927, 17.37594 ], [ -93.08276, 17.3641 ], [ -93.09815, 17.3665 ], [ -93.09916, 17.3582 ], [ -93.13863, 17.36455 ], [ -93.13968, 17.37558 ], [ -93.15244, 17.37524 ], [ -93.15191, 17.39262 ], [ -93.17384, 17.40281 ], [ -93.16929, 17.41537 ], [ -93.13956, 17.42849 ], [ -93.12084, 17.4643 ], [ -93.10138, 17.47579 ], [ -93.10194, 17.48537 ], [ -93.08702, 17.47931 ], [ -93.08651, 17.49174 ], [ -93.07738, 17.4919 ], [ -93.07951, 17.48291 ], [ -93.07361, 17.49575 ], [ -93.03806, 17.48564 ] ] ] } },
{ "type": "Feature", "properties": { "CVEGEO": "07044", "NOM_ENT": "Chiapas", "NOMGEO": "Ixtapa", "POB1": 28999.0, "GRADO_MAR": "Alto", "IM": 0.0, "IM_NORM": 0.0, "ANALF": 0.0, "SIN_EDUC": 0.0, "SIN_DREN": 3.09, "SIN_ELEC": 3.09, "SIN_AGUA": 2.5, "PISO_TIER": 15.6, "HACIN": 3.09, "LOC5000": 0.0, "ING2SM": 0.0, "POB_TOT": 0 }, "geometry": { "type": "Polygon", "coordinates": [ [ [ -92.8304, 16.91143 ], [ -92.81601, 16.89126 ], [ -92.85622, 16.89031 ], [ -92.85645, 16.87909 ], [ -92.82064, 16.87921 ], [ -92.83114, 16.85113 ], [ -92.82429, 16.83868 ], [ -92.82062, 16.84789 ], [ -92.81536, 16.84274 ], [ -92.81268, 16.81067 ], [ -92.82792, 16.79233 ], [ -92.81107, 16.77622 ], [ -92.82438, 16.77046 ], [ -92.84569, 16.77783 ], [ -92.86089, 16.74965 ], [ -92.88099, 16.74327 ], [ -92.85073, 16.71146 ], [ -92.86399, 16.68463 ], [ -92.88394, 16.69695 ], [ -92.87995, 16.70322 ], [ -92.87236, 16.69564 ], [ -92.86663, 16.70456 ], [ -92.8704, 16.71901 ], [ -92.889, 16.71409 ], [ -92.88323, 16.73223 ], [ -92.90244, 16.71403 ], [ -92.91041, 16.71733 ], [ -92.89677, 16.73861 ], [ -92.91393, 16.74946 ], [ -92.95506, 16.76509 ], [ -92.9885, 16.76529 ], [ -92.98675, 16.78475 ], [ -92.9959, 16.78215 ], [ -92.99765, 16.77131 ], [ -93.01862, 16.76673 ], [ -93.02061, 16.77152 ], [ -93.0055, 16.77648 ], [ -93.01606, 16.77565 ], [ -93.01212, 16.79885 ], [ -93.00543, 16.79392 ], [ -92.9797, 16.80295 ], [ -92.9862, 16.82658 ], [ -92.97625, 16.82615 ], [ -92.97311, 16.83665 ], [ -92.96111, 16.8406 ], [ -92.98091, 16.86311 ], [ -92.96505, 16.86888 ], [ -92.9507, 16.85895 ], [ -92.95831, 16.86834 ], [ -92.94239, 16.87943 ], [ -92.92209, 16.86955 ], [ -92.91312, 16.87363 ], [ -92.89574, 16.88565 ], [ -92.90752, 16.89264 ], [ -92.90086, 16.906 ], [ -92.86746, 16.91687 ], [ -92.85134, 16.9307 ], [ -92.83949, 16.91272 ], [ -92.8304, 16.91143 ] ] ] } },
{ "type": "Feature", "properties": { "CVEGEO": "07045", "NOM_ENT": "Chiapas", "NOMGEO": "Ixtapangajoya", "POB1": 6284.0, "GRADO_MAR": "Alto", "IM": 0.0, "IM_NORM": 0.0, "ANALF": 0.0, "SIN_EDUC": 0.0, "SIN_DREN": 1.93, "SIN_ELEC": 1.93, "SIN_AGUA": 3.63, "PISO_TIER": 14.86, "HACIN": 1.93, "LOC5000": 0.0, "ING2SM": 0.0, "POB_TOT": 0 }, "geometry": { "type": "Polygon", "coordinates": [ [ [ -92.98833, 17.55 ], [ -92.97978, 17.53613 ], [ -92.99264, 17.53001 ], [ -92.98487, 17.51131 ], [ -92.96804, 17.51797 ], [ -92.94811, 17.48274 ], [ -92.93935, 17.50235 ], [ -92.92061, 17.50268 ], [ -92.95023, 17.44414 ], [ -92.93404, 17.4393 ], [ -92.93164, 17.42809 ], [ -92.91348, 17.41371 ], [ -92.93463, 17.40616 ], [ -92.9313, 17.37059 ], [ -92.94934, 17.36674 ], [ -92.95753, 17.37645 ], [ -92.94611, 17.38461 ], [ -92.94626, 17.40142 ], [ -92.97078, 17.41761 ], [ -92.99626, 17.45187 ], [ -93.01808, 17.45532 ], [ -93.02977, 17.48984 ], [ -93.03999, 17.47911 ], [ -93.03873, 17.48635 ], [ -93.05388, 17.49316 ], [ -93.02744, 17.4952 ], [ -93.02788, 17.51462 ], [ -93.01703, 17.52177 ], [ -93.01696, 17.53403 ], [ -93.00466, 17.53133 ], [ -93.00274, 17.55405 ], [ -92.98833, 17.55 ] ] ] } },
{ "type": "Feature", "properties": { "CVEGEO": "07046", "NOM_ENT": "Chiapas", "NOMGEO": "Jiquipilas", "POB1": 41063.0, "GRADO_MAR": "Medio", "IM": 0.0, "IM_NORM": 0.0, "ANALF": 0.0, "SIN_EDUC": 0.0, "SIN_DREN": 2.72, "SIN_ELEC": 2.72, "SIN_AGUA": 7.71, "PISO_TIER": 9.24, "HACIN": 2.72, "LOC5000": 0.0, "ING2SM": 0.0, "POB_TOT": 0 }, "geometry": { "type": "Polygon", "coordinates": [ [ [ -93.54127, 16.83135 ], [ -93.5325, 16.83412 ], [ -93.52925, 16.82778 ], [ -93.5285, 16.80859 ], [ -93.53949, 16.8018 ], [ -93.542, 16.77857 ], [ -93.52527, 16.76113 ], [ -93.52837, 16.74197 ], [ -93.54477, 16.7283 ], [ -93.54329, 16.71556 ], [ -93.56376, 16.68663 ], [ -93.54947, 16.67369 ], [ -93.5283, 16.67082 ], [ -93.53444, 16.64651 ], [ -93.52585, 16.65079 ], [ -93.51451, 16.64047 ], [ -93.51508, 16.6287 ], [ -93.48253, 16.60521 ], [ -93.49486, 16.57673 ], [ -93.49603, 16.56149 ], [ -93.48719, 16.55929 ], [ -93.49439, 16.54235 ], [ -93.5253, 16.53233 ], [ -93.51796, 16.52156 ], [ -93.52061, 16.48823 ], [ -93.52698, 16.49611 ], [ -93.52592, 16.46961 ], [ -93.51092, 16.46219 ], [ -93.51272, 16.44742 ], [ -93.54644, 16.43761 ], [ -93.54742, 16.4309 ], [ -93.54849, 16.43783 ], [ -93.57583, 16.43485 ], [ -93.55568, 16.40114 ], [ -93.59636, 16.40453 ], [ -93.60961, 16.39776 ], [ -93.61593, 16.37207 ], [ -93.63655, 16.36668 ], [ -93.64678, 16.35018 ], [ -93.64956, 16.30686 ], [ -93.67386, 16.32443 ], [ -93.68656, 16.31233 ], [ -93.68956, 16.2966 ], [ -93.70781, 16.31277 ], [ -93.71964, 16.30744 ], [ -93.74745, 16.31453 ], [ -93.75188, 16.32712 ], [ -93.79241, 16.34457 ], [ -93.81456, 16.34363 ], [ -93.8174, 16.3508 ], [ -93.83232, 16.32681 ], [ -93.84458, 16.32155 ], [ -93.85251, 16.32747 ], [ -93.84594, 16.33139 ], [ -93.86661, 16.34431 ], [ -93.92903, 16.3562 ], [ -93.92669, 16.36151 ], [ -93.94647, 16.36869 ], [ -93.92092, 16.37737 ], [ -93.92618, 16.39209 ], [ -93.93932, 16.39807 ], [ -93.92357, 16.40649 ], [ -93.93728, 16.41019 ], [ -93.93102, 16.44234 ], [ -93.88828, 16.44339 ], [ -93.87058, 16.45962 ], [ -93.8738, 16.47324 ], [ -93.86023, 16.48692 ], [ -93.83364, 16.47536 ], [ -93.80757, 16.49967 ], [ -93.75812, 16.50398 ], [ -93.74557, 16.52961 ], [ -93.75316, 16.54737 ], [ -93.74449, 16.56524 ], [ -93.73519, 16.57172 ], [ -93.71715, 16.56771 ], [ -93.71376, 16.59869 ], [ -93.70099, 16.62292 ], [ -93.69512, 16.62068 ], [ -93.69767, 16.64663 ], [ -93.68695, 16.69096 ], [ -93.66873, 16.68773 ], [ -93.68037, 16.69601 ], [ -93.66961, 16.69645 ], [ -93.65992, 16.73957 ], [ -93.64288, 16.75082 ], [ -93.64538, 16.79307 ], [ -93.58991, 16.80108 ], [ -93.58254, 16.81449 ], [ -93.58784, 16.81985 ], [ -93.55532, 16.84683 ], [ -93.5639, 16.85053 ], [ -93.54816, 16.85064 ], [ -93.54127, 16.83135 ] ] ] } },
{ "type": "Feature", "properties": { "CVEGEO": "07047", "NOM_ENT": "Chiapas", "NOMGEO": "Jitotol", "POB1": 24966.0, "GRADO_MAR": "Alto", "IM": 0.0, "IM_NORM": 0.0, "ANALF": 0.0, "SIN_EDUC": 0.0, "SIN_DREN": 0.6, "SIN_ELEC": 0.6, "SIN_AGUA": 1.34, "PISO_TIER": 9.64, "HACIN": 0.6, "LOC5000": 0.0, "ING2SM": 0.0, "POB_TOT": 0 }, "geometry": { "type": "Polygon", "coordinates": [ [ [ -92.94029, 17.1602 ], [ -92.93972, 17.14519 ], [ -92.91682, 17.13608 ], [ -92.89984, 17.13554 ], [ -92.89551, 17.14678 ], [ -92.8761, 17.14878 ], [ -92.86333, 17.13901 ], [ -92.83984, 17.14623 ], [ -92.8284, 17.12259 ], [ -92.81147, 17.12296 ], [ -92.81164, 17.12848 ], [ -92.76187, 17.1151 ], [ -92.76226, 17.08092 ], [ -92.78472, 17.04668 ], [ -92.824, 17.05208 ], [ -92.8097, 17.02207 ], [ -92.82961, 17.00672 ], [ -92.83481, 17.01571 ], [ -92.85278, 17.01409 ], [ -92.85783, 17.02091 ], [ -92.85209, 17.02459 ], [ -92.86234, 17.02941 ], [ -92.85587, 17.04932 ], [ -92.86422, 17.0566 ], [ -92.87661, 17.03792 ], [ -92.91079, 17.02898 ], [ -92.90895, 17.03521 ], [ -92.93228, 17.05511 ], [ -92.92955, 17.10002 ], [ -92.95391, 17.05853 ], [ -92.94123, 17.04259 ], [ -92.98715, 17.05571 ], [ -92.99445, 17.06083 ], [ -92.98829, 17.07898 ], [ -92.96517, 17.08574 ], [ -92.96312, 17.10297 ], [ -92.94119, 17.11583 ], [ -92.96091, 17.12638 ], [ -92.96861, 17.12138 ], [ -92.97455, 17.13801 ], [ -92.98799, 17.14212 ], [ -92.98166, 17.16258 ], [ -92.97005, 17.16055 ], [ -92.96609, 17.17181 ], [ -92.94029, 17.1602 ] ] ] } },
{ "type": "Feature", "properties": { "CVEGEO": "07048", "NOM_ENT": "Chiapas", "NOMGEO": "Juárez", "POB1": 21807.0, "GRADO_MAR": "Medio", "IM": 0.0, "IM_NORM": 0.0, "ANALF": 0.0, "SIN_EDUC": 0.0, "SIN_DREN": 1.85, "SIN_ELEC": 1.85, "SIN_AGUA": 12.73, "PISO_TIER": 6.31, "HACIN": 1.85, "LOC5000": 0.0, "ING2SM": 0.0, "POB_TOT": 0 }, "geometry": { "type": "Polygon", "coordinates": [ [ [ -93.02543, 17.82542 ], [ -93.01201, 17.79367 ], [ -93.02779, 17.77164 ], [ -93.04263, 17.76841 ], [ -93.05433, 17.74217 ], [ -93.05773, 17.72018 ], [ -93.0383, 17.70658 ], [ -93.03805, 17.688 ], [ -93.06696, 17.67166 ], [ -93.05984, 17.66488 ], [ -93.07443, 17.66098 ], [ -93.09433, 17.60922 ], [ -93.07978, 17.61007 ], [ -93.07764, 17.57268 ], [ -93.0947, 17.58543 ], [ -93.10128, 17.57486 ], [ -93.11976, 17.58791 ], [ -93.12481, 17.58102 ], [ -93.1378, 17.58709 ], [ -93.14952, 17.58037 ], [ -93.1625, 17.58918 ], [ -93.16626, 17.57171 ], [ -93.17856, 17.5611 ], [ -93.207, 17.56278 ], [ -93.2184, 17.57801 ], [ -93.21109, 17.58702 ], [ -93.23848, 17.59842 ], [ -93.2462, 17.59239 ], [ -93.23096, 17.58394 ], [ -93.23408, 17.56771 ], [ -93.25533, 17.5555 ], [ -93.26126, 17.57135 ], [ -93.2697, 17.56761 ], [ -93.2756, 17.57363 ], [ -93.2682, 17.58187 ], [ -93.27789, 17.5809 ], [ -93.28744, 17.60843 ], [ -93.3072, 17.59984 ], [ -93.32769, 17.61622 ], [ -93.3173, 17.63955 ], [ -93.32789, 17.65979 ], [ -93.3484, 17.66879 ], [ -93.36048, 17.66511 ], [ -93.3543, 17.71288 ], [ -93.36255, 17.72869 ], [ -93.37394, 17.73299 ], [ -93.36984, 17.73738 ], [ -93.39054, 17.7734 ], [ -93.35163, 17.76399 ], [ -93.33342, 17.81836 ], [ -93.31432, 17.81293 ], [ -93.32021, 17.79601 ], [ -93.30524, 17.7818 ], [ -93.27394, 17.77214 ], [ -93.26341, 17.80631 ], [ -93.2492, 17.81098 ], [ -93.25267, 17.79539 ], [ -93.24436, 17.78655 ], [ -93.19371, 17.77138 ], [ -93.1807, 17.7756 ], [ -93.17972, 17.78638 ], [ -93.17045, 17.77747 ], [ -93.14688, 17.77752 ], [ -93.15037, 17.76306 ], [ -93.13583, 17.75218 ], [ -93.13344, 17.79152 ], [ -93.12355, 17.79675 ], [ -93.10533, 17.79175 ], [ -93.10214, 17.81324 ], [ -93.1161, 17.82132 ], [ -93.10164, 17.84583 ], [ -93.04336, 17.84188 ], [ -93.02543, 17.82542 ] ] ] } },
{ "type": "Feature", "properties": { "CVEGEO": "07049", "NOM_ENT": "Chiapas", "NOMGEO": "Larráinzar", "POB1": 31259.0, "GRADO_MAR": "Alto", "IM": 0.0, "IM_NORM": 0.0, "ANALF": 0.0, "SIN_EDUC": 0.0, "SIN_DREN": 0.75, "SIN_ELEC": 0.75, "SIN_AGUA": 5.54, "PISO_TIER": 6.13, "HACIN": 0.75, "LOC5000": 0.0, "ING2SM": 0.0, "POB_TOT": 0 }, "geometry": { "type": "Polygon", "coordinates": [ [ [ -92.78533, 16.965 ], [ -92.77879, 16.98633 ], [ -92.7679, 16.98869 ], [ -92.76093, 16.98267 ], [ -92.77172, 16.97225 ], [ -92.76002, 16.95382 ], [ -92.74268, 16.95646 ], [ -92.73512, 16.98441 ], [ -92.72386, 16.98873 ], [ -92.70988, 16.98227 ], [ -92.71425, 16.97251 ], [ -92.71419, 16.98087 ], [ -92.73749, 16.96956 ], [ -92.72635, 16.95951 ], [ -92.74211, 16.94772 ], [ -92.74334, 16.93656 ], [ -92.72579, 16.92858 ], [ -92.71736, 16.90679 ], [ -92.69519, 16.90526 ], [ -92.69681, 16.87727 ], [ -92.73907, 16.85794 ], [ -92.74577, 16.86707 ], [ -92.75405, 16.85758 ], [ -92.76537, 16.86676 ], [ -92.77858, 16.86569 ], [ -92.8304, 16.91143 ], [ -92.84256, 16.91339 ], [ -92.83986, 16.92023 ], [ -92.85134, 16.9307 ], [ -92.83778, 16.96133 ], [ -92.84942, 16.97415 ], [ -92.82523, 16.99826 ], [ -92.78533, 16.965 ] ] ] } },
{ "type": "Feature", "properties": { "CVEGEO": "07050", "NOM_ENT": "Chiapas", "NOMGEO": "La Libertad", "POB1": 5232.0, "GRADO_MAR": "Medio", "IM": 0.0, "IM_NORM": 0.0, "ANALF": 0.0, "SIN_EDUC": 0.0, "SIN_DREN": 3.15, "SIN_ELEC": 3.15, "SIN_AGUA": 13.23, "PISO_TIER": 1.96, "HACIN": 3.15, "LOC5000": 0.0, "ING2SM": 0.0, "POB_TOT": 0 }, "geometry": { "type": "Polygon", "coordinates": [ [ [ -91.78651, 17.71902 ], [ -91.77933, 17.70739 ], [ -91.7766, 17.71543 ], [ -91.76785, 17.70311 ], [ -91.74824, 17.70017 ], [ -91.7388, 17.71081 ], [ -91.73329, 17.69658 ], [ -91.72476, 17.69206 ], [ -91.71754, 17.69841 ], [ -91.71707, 17.68774 ], [ -91.70403, 17.69222 ], [ -91.70095, 17.67894 ], [ -91.69371, 17.685 ], [ -91.68137, 17.67013 ], [ -91.67299, 17.68347 ], [ -91.65474, 17.67615 ], [ -91.66433, 17.66666 ], [ -91.65405, 17.64523 ], [ -91.65878, 17.63971 ], [ -91.65281, 17.63857 ], [ -91.65989, 17.63044 ], [ -91.64456, 17.62192 ], [ -91.66356, 17.61216 ], [ -91.63882, 17.58147 ], [ -91.63428, 17.53462 ], [ -91.64907, 17.51777 ], [ -91.65221, 17.49219 ], [ -91.67435, 17.47164 ], [ -91.68213, 17.46949 ], [ -91.68164, 17.48308 ], [ -91.71622, 17.49668 ], [ -91.72817, 17.51755 ], [ -91.7504, 17.52982 ], [ -91.81533, 17.53308 ], [ -91.81559, 17.53939 ], [ -91.82498, 17.53246 ], [ -91.87074, 17.55029 ], [ -91.85265, 17.55981 ], [ -91.84822, 17.57217 ], [ -91.85465, 17.57216 ], [ -91.85983, 17.59001 ], [ -91.85495, 17.63515 ], [ -91.86115, 17.63776 ], [ -91.85773, 17.64599 ], [ -91.87164, 17.6834 ], [ -91.82745, 17.70851 ], [ -91.83643, 17.71782 ], [ -91.81927, 17.7286 ], [ -91.78651, 17.71902 ] ] ] } },
{ "type": "Feature", "properties": { "CVEGEO": "07051", "NOM_ENT": "Chiapas", "NOMGEO": "Mapastepec", "POB1": 46130.0, "GRADO_MAR": "Medio", "IM": 0.0, "IM_NORM": 0.0, "ANALF": 0.0, "SIN_EDUC": 0.0, "SIN_DREN": 1.69, "SIN_ELEC": 1.69, "SIN_AGUA": 12.41, "PISO_TIER": 7.06, "HACIN": 1.69, "LOC5000": 0.0, "ING2SM": 0.0, "POB_TOT": 0 }, "geometry": { "type": "Polygon", "coordinates": [ [ [ -92.82432, 15.66649 ], [ -92.78229, 15.64174 ], [ -92.76663, 15.64739 ], [ -92.76382, 15.61495 ], [ -92.73847, 15.61638 ], [ -92.69989, 15.60189 ], [ -92.66674, 15.61434 ], [ -92.65981, 15.61042 ], [ -92.67259, 15.60649 ], [ -92.68921, 15.5479 ], [ -92.69975, 15.50088 ], [ -92.69199, 15.48274 ], [ -92.7176, 15.47543 ], [ -92.72079, 15.46572 ], [ -92.73091, 15.46778 ], [ -92.74382, 15.45515 ], [ -92.75724, 15.45785 ], [ -92.76898, 15.4328 ], [ -92.74868, 15.42882 ], [ -92.77076, 15.42677 ], [ -92.77468, 15.40043 ], [ -92.78537, 15.38928 ], [ -92.81198, 15.40353 ], [ -92.80281, 15.39358 ], [ -92.81011, 15.34636 ], [ -92.84004, 15.32222 ], [ -92.85242, 15.28209 ], [ -92.87173, 15.26162 ], [ -92.88125, 15.27043 ], [ -92.88573, 15.266 ], [ -92.8783, 15.25872 ], [ -92.88474, 15.25257 ], [ -92.89468, 15.25869 ], [ -92.8854, 15.25079 ], [ -92.89375, 15.24864 ], [ -92.88848, 15.23226 ], [ -92.90025, 15.24866 ], [ -92.91077, 15.24893 ], [ -92.88703, 15.22101 ], [ -92.92319, 15.24679 ], [ -92.93095, 15.23132 ], [ -93.12369, 15.40913 ], [ -93.09383, 15.42968 ], [ -93.0875, 15.42318 ], [ -93.0772, 15.43258 ], [ -93.08209, 15.4376 ], [ -93.06107, 15.45026 ], [ -93.09811, 15.46199 ], [ -93.1092, 15.47312 ], [ -93.10937, 15.48615 ], [ -93.06524, 15.51427 ], [ -93.00935, 15.48649 ], [ -92.96843, 15.51063 ], [ -92.96508, 15.58889 ], [ -92.97162, 15.60577 ], [ -92.95662, 15.61363 ], [ -92.95663, 15.6052 ], [ -92.92185, 15.59154 ], [ -92.93005, 15.58577 ], [ -92.91949, 15.57979 ], [ -92.92847, 15.63835 ], [ -92.874, 15.63718 ], [ -92.86973, 15.64376 ], [ -92.84138, 15.63238 ], [ -92.87796, 15.67172 ], [ -92.82432, 15.66649 ] ] ] } },
{ "type": "Feature", "properties": { "CVEGEO": "07052", "NOM_ENT": "Chiapas", "NOMGEO": "Las Margaritas", "POB1": 141027.0, "GRADO_MAR": "Alto", "IM": 0.0, "IM_NORM": 0.0, "ANALF": 0.0, "SIN_EDUC": 0.0, "SIN_DREN": 1.0, "SIN_ELEC": 1.0, "SIN_AGUA": 21.77, "PISO_TIER": 14.76, "HACIN": 1.0, "LOC5000": 0.0, "ING2SM": 0.0, "POB_TOT": 0 }, "geometry": { "type": "Polygon", "coordinates": [ [ [ -92.025, 16.65691 ], [ -92.01957, 16.66114 ], [ -92.00038, 16.59368 ], [ -91.92393, 16.60029 ], [ -91.9199, 16.5491 ], [ -91.85844, 16.56672 ], [ -91.82962, 16.53635 ], [ -91.82319, 16.55432 ], [ -91.78825, 16.55211 ], [ -91.76606, 16.53013 ], [ -91.78461, 16.51299 ], [ -91.76693, 16.49404 ], [ -91.74619, 16.49928 ], [ -91.74369, 16.51332 ], [ -91.72805, 16.5104 ], [ -91.69728, 16.52528 ], [ -91.70015, 16.53474 ], [ -91.68759, 16.55206 ], [ -91.69631, 16.56787 ], [ -91.67414, 16.57868 ], [ -91.65305, 16.53622 ], [ -91.61715, 16.5241 ], [ -91.61032, 16.54015 ], [ -91.60346, 16.53411 ], [ -91.59004, 16.53778 ], [ -91.57828, 16.51017 ], [ -91.58487, 16.49684 ], [ -91.57801, 16.48722 ], [ -91.53395, 16.51235 ], [ -91.50708, 16.49673 ], [ -91.48926, 16.50967 ], [ -91.48667, 16.52556 ], [ -91.45384, 16.51255 ], [ -91.43308, 16.48813 ], [ -91.44545, 16.46238 ], [ -91.42091, 16.4432 ], [ -91.43586, 16.42354 ], [ -91.42111, 16.40378 ], [ -91.41153, 16.40911 ], [ -91.38907, 16.38733 ], [ -91.36247, 16.4032 ], [ -91.33607, 16.40688 ], [ -91.34105, 16.38976 ], [ -91.33535, 16.38475 ], [ -91.34386, 16.37993 ], [ -91.33066, 16.38096 ], [ -91.33759, 16.37257 ], [ -91.32717, 16.36969 ], [ -91.32915, 16.33685 ], [ -91.34168, 16.33246 ], [ -91.33338, 16.32696 ], [ -91.32902, 16.3329 ], [ -91.32754, 16.322 ], [ -91.30015, 16.31812 ], [ -91.3573, 16.29013 ], [ -91.373, 16.24487 ], [ -91.39004, 16.25955 ], [ -91.38542, 16.23069 ], [ -91.39077, 16.22799 ], [ -91.36836, 16.20051 ], [ -91.34071, 16.20262 ], [ -91.35033, 16.18634 ], [ -91.34041, 16.16776 ], [ -91.35558, 16.14745 ], [ -91.33977, 16.11509 ], [ -91.32766, 16.12045 ], [ -91.30479, 16.10775 ], [ -91.29665, 16.07436 ], [ -91.38178, 16.07435 ], [ -91.40785, 16.10695 ], [ -91.39976, 16.11531 ], [ -91.42339, 16.11751 ], [ -91.44706, 16.10845 ], [ -91.44294, 16.09612 ], [ -91.47601, 16.09591 ], [ -91.48098, 16.11735 ], [ -91.49393, 16.11801 ], [ -91.50119, 16.13706 ], [ -91.51817, 16.14251 ], [ -91.49997, 16.15031 ], [ -91.51684, 16.17296 ], [ -91.55618, 16.18652 ], [ -91.54996, 16.19791 ], [ -91.5559, 16.20126 ], [ -91.56222, 16.1866 ], [ -91.59609, 16.21164 ], [ -91.60602, 16.20361 ], [ -91.60712, 16.21421 ], [ -91.63322, 16.2143 ], [ -91.62018, 16.21724 ], [ -91.63122, 16.25291 ], [ -91.64883, 16.26044 ], [ -91.66997, 16.25267 ], [ -91.68956, 16.26775 ], [ -91.68212, 16.27654 ], [ -91.70641, 16.26549 ], [ -91.73037, 16.26681 ], [ -91.74148, 16.25727 ], [ -91.72935, 16.25003 ], [ -91.73991, 16.24373 ], [ -91.7456, 16.22217 ], [ -91.78252, 16.21052 ], [ -91.8185, 16.24224 ], [ -91.83044, 16.2231 ], [ -91.85302, 16.22719 ], [ -91.84926, 16.23715 ], [ -91.85964, 16.24618 ], [ -91.85682, 16.25507 ], [ -91.87143, 16.26121 ], [ -91.90012, 16.26918 ], [ -91.911, 16.25747 ], [ -91.92388, 16.26703 ], [ -91.95828, 16.26196 ], [ -91.96542, 16.30565 ], [ -91.97981, 16.29877 ], [ -91.9863, 16.28462 ], [ -92.01469, 16.27708 ], [ -92.01366, 16.26804 ], [ -92.02872, 16.28894 ], [ -92.04516, 16.29814 ], [ -92.05756, 16.29304 ], [ -92.0485, 16.32414 ], [ -92.02445, 16.34109 ], [ -92.04504, 16.33206 ], [ -92.05442, 16.33675 ], [ -92.05154, 16.35332 ], [ -92.06428, 16.36788 ], [ -92.08273, 16.37077 ], [ -92.07848, 16.38167 ], [ -92.09258, 16.39638 ], [ -92.11382, 16.38979 ], [ -92.11937, 16.39577 ], [ -92.11687, 16.42173 ], [ -92.13181, 16.42521 ], [ -92.13249, 16.41079 ], [ -92.1535, 16.41316 ], [ -92.16827, 16.402 ], [ -92.17561, 16.41228 ], [ -92.15528, 16.41612 ], [ -92.15794, 16.45375 ], [ -92.18271, 16.45227 ], [ -92.17866, 16.4934 ], [ -92.17095, 16.4975 ], [ -92.15173, 16.54805 ], [ -92.1504, 16.63638 ], [ -92.11586, 16.66697 ], [ -92.09834, 16.66922 ], [ -92.06442, 16.6586 ], [ -92.04284, 16.66297 ], [ -92.03295, 16.67403 ], [ -92.025, 16.65691 ] ] ] } },
{ "type": "Feature", "properties": { "CVEGEO": "07070", "NOM_ENT": "Chiapas", "NOMGEO": "El Porvenir", "POB1": 12263.0, "GRADO_MAR": "Medio", "IM": 0.0, "IM_NORM": 0.0, "ANALF": 0.0, "SIN_EDUC": 0.0, "SIN_DREN": 0.14, "SIN_ELEC": 0.14, "SIN_AGUA": 6.54, "PISO_TIER": 10.56, "HACIN": 0.14, "LOC5000": 0.0, "ING2SM": 0.0, "POB_TOT": 0 }, "geometry": { "type": "Polygon", "coordinates": [ [ [ -92.20376, 15.45521 ], [ -92.21453, 15.4025 ], [ -92.233, 15.39815 ], [ -92.23571, 15.39006 ], [ -92.34129, 15.42645 ], [ -92.32222, 15.44478 ], [ -92.31603, 15.44155 ], [ -92.30646, 15.46267 ], [ -92.27515, 15.46693 ], [ -92.26516, 15.4583 ], [ -92.25089, 15.46839 ], [ -92.20376, 15.45521 ] ] ] } },
{ "type": "Feature", "properties": { "CVEGEO": "07053", "NOM_ENT": "Chiapas", "NOMGEO": "Mazapa de Madero", "POB1": 7901.0, "GRADO_MAR": "Alto", "IM": 0.0, "IM_NORM": 0.0, "ANALF": 0.0, "SIN_EDUC": 0.0, "SIN_DREN": 0.79, "SIN_ELEC": 0.79, "SIN_AGUA": 9.91, "PISO_TIER": 8.76, "HACIN": 0.79, "LOC5000": 0.0, "ING2SM": 0.0, "POB_TOT": 0 }, "geometry": { "type": "Polygon", "coordinates": [ [ [ -92.16173, 15.44926 ], [ -92.14498, 15.40721 ], [ -92.12872, 15.3999 ], [ -92.21003, 15.26116 ], [ -92.21725, 15.2623 ], [ -92.22881, 15.27515 ], [ -92.2338, 15.31432 ], [ -92.22319, 15.31438 ], [ -92.22136, 15.29337 ], [ -92.21344, 15.29853 ], [ -92.21469, 15.31372 ], [ -92.18538, 15.32927 ], [ -92.19142, 15.34284 ], [ -92.21287, 15.34965 ], [ -92.22131, 15.39169 ], [ -92.20376, 15.45521 ], [ -92.16173, 15.44926 ] ] ] } },
{ "type": "Feature", "properties": { "CVEGEO": "07054", "NOM_ENT": "Chiapas", "NOMGEO": "Mazatán", "POB1": 28250.0, "GRADO_MAR": "Alto", "IM": 0.0, "IM_NORM": 0.0, "ANALF": 0.0, "SIN_EDUC": 0.0, "SIN_DREN": 4.26, "SIN_ELEC": 4.26, "SIN_AGUA": 12.17, "PISO_TIER": 11.05, "HACIN": 4.26, "LOC5000": 0.0, "ING2SM": 0.0, "POB_TOT": 0 }, "geometry": { "type": "Polygon", "coordinates": [ [ [ -92.56345, 14.95605 ], [ -92.5393, 14.95427 ], [ -92.52921, 14.96435 ], [ -92.51225, 14.95928 ], [ -92.50621, 14.94798 ], [ -92.49466, 14.96599 ], [ -92.48612, 14.94966 ], [ -92.47747, 14.95602 ], [ -92.4679, 14.9323 ], [ -92.43587, 14.95947 ], [ -92.41618, 14.92317 ], [ -92.38806, 14.90889 ], [ -92.38569, 14.86793 ], [ -92.3979, 14.85472 ], [ -92.3986, 14.83512 ], [ -92.38556, 14.80986 ], [ -92.41697, 14.80006 ], [ -92.41032, 14.79239 ], [ -92.43275, 14.78369 ], [ -92.42592, 14.78044 ], [ -92.43499, 14.77878 ], [ -92.43913, 14.76082 ], [ -92.46639, 14.75755 ], [ -92.67604, 14.97315 ], [ -92.65175, 14.95581 ], [ -92.64561, 14.96219 ], [ -92.63735, 14.95294 ], [ -92.60349, 14.95158 ], [ -92.55993, 15.00025 ], [ -92.56345, 14.95605 ] ] ] } },
{ "type": "Feature", "properties": { "CVEGEO": "07071", "NOM_ENT": "Chiapas", "NOMGEO": "Villa Comaltitlán", "POB1": 30297.0, "GRADO_MAR": "Alto", "IM": 0.0, "IM_NORM": 0.0, "ANALF": 0.0, "SIN_EDUC": 0.0, "SIN_DREN": 3.13, "SIN_ELEC": 3.13, "SIN_AGUA": 13.32, "PISO_TIER": 8.93, "HACIN": 3.13, "LOC5000": 0.0, "ING2SM": 0.0, "POB_TOT": 0 }, "geometry": { "type": "Polygon", "coordinates": [ [ [ -92.55713, 15.32566 ], [ -92.50873, 15.32127 ], [ -92.51063, 15.30673 ], [ -92.52442, 15.30549 ], [ -92.52857, 15.28699 ], [ -92.50002, 15.28533 ], [ -92.47725, 15.26205 ], [ -92.50982, 15.25409 ], [ -92.49748, 15.2447 ], [ -92.5151, 15.24033 ], [ -92.52177, 15.2284 ], [ -92.51526, 15.22239 ], [ -92.52017, 15.18943 ], [ -92.54351, 15.17435 ], [ -92.53222, 15.15805 ], [ -92.51605, 15.1575 ], [ -92.52496, 15.14468 ], [ -92.54849, 15.11528 ], [ -92.58371, 15.12337 ], [ -92.60589, 15.11987 ], [ -92.61525, 15.0991 ], [ -92.60557, 15.07372 ], [ -92.62374, 15.06727 ], [ -92.61483, 15.06748 ], [ -92.61558, 15.05265 ], [ -92.66584, 15.04486 ], [ -92.66593, 15.02023 ], [ -92.679, 15.02166 ], [ -92.67464, 15.00554 ], [ -92.68069, 15.00135 ], [ -92.69173, 15.0197 ], [ -92.70595, 15.01487 ], [ -92.71777, 15.02858 ], [ -92.76516, 15.11392 ], [ -92.75581, 15.1119 ], [ -92.7584, 15.13308 ], [ -92.74138, 15.15142 ], [ -92.72172, 15.12787 ], [ -92.71053, 15.14078 ], [ -92.71685, 15.15404 ], [ -92.68055, 15.17314 ], [ -92.66275, 15.20264 ], [ -92.65032, 15.20048 ], [ -92.6465, 15.21351 ], [ -92.63909, 15.21086 ], [ -92.63782, 15.22221 ], [ -92.61751, 15.21478 ], [ -92.60687, 15.23327 ], [ -92.61544, 15.2356 ], [ -92.61392, 15.24177 ], [ -92.59267, 15.25054 ], [ -92.59652, 15.25877 ], [ -92.58583, 15.25942 ], [ -92.58717, 15.30077 ], [ -92.5769, 15.30399 ], [ -92.60334, 15.30589 ], [ -92.58286, 15.33573 ], [ -92.56587, 15.33816 ], [ -92.55713, 15.32566 ] ] ] } },
{ "type": "Feature", "properties": { "CVEGEO": "07072", "NOM_ENT": "Chiapas", "NOMGEO": "Pueblo Nuevo Solistahuacán", "POB1": 29636.0, "GRADO_MAR": "Alto", "IM": 0.0, "IM_NORM": 0.0, "ANALF": 0.0, "SIN_EDUC": 0.0, "SIN_DREN": 1.73, "SIN_ELEC": 1.73, "SIN_AGUA": 5.05, "PISO_TIER": 22.14, "HACIN": 1.73, "LOC5000": 0.0, "ING2SM": 0.0, "POB_TOT": 0 }, "geometry": { "type": "Polygon", "coordinates": [ [ [ -92.8322, 17.26768 ], [ -92.83276, 17.29249 ], [ -92.81383, 17.28052 ], [ -92.8141, 17.24644 ], [ -92.81065, 17.23645 ], [ -92.7869, 17.22453 ], [ -92.79751, 17.21823 ], [ -92.78264, 17.2146 ], [ -92.781, 17.18141 ], [ -92.79231, 17.18746 ], [ -92.78438, 17.19141 ], [ -92.79262, 17.20539 ], [ -92.80632, 17.20556 ], [ -92.79902, 17.202 ], [ -92.80356, 17.19355 ], [ -92.82455, 17.16241 ], [ -92.83187, 17.16239 ], [ -92.82548, 17.15386 ], [ -92.84705, 17.15674 ], [ -92.83086, 17.15186 ], [ -92.84604, 17.14249 ], [ -92.89551, 17.14678 ], [ -92.89923, 17.13601 ], [ -92.90984, 17.13456 ], [ -92.93972, 17.14519 ], [ -92.94314, 17.16227 ], [ -92.93383, 17.15181 ], [ -92.91061, 17.16799 ], [ -92.91495, 17.17804 ], [ -92.89968, 17.19752 ], [ -92.91165, 17.20944 ], [ -92.90688, 17.21585 ], [ -92.89279, 17.21225 ], [ -92.88662, 17.24703 ], [ -92.88578, 17.26023 ], [ -92.90918, 17.26396 ], [ -92.91666, 17.25281 ], [ -92.92441, 17.25975 ], [ -92.92242, 17.27486 ], [ -92.91131, 17.26858 ], [ -92.90049, 17.27319 ], [ -92.91777, 17.31597 ], [ -92.87623, 17.31594 ], [ -92.86667, 17.30129 ], [ -92.87659, 17.29961 ], [ -92.85293, 17.27799 ], [ -92.86084, 17.27649 ], [ -92.8322, 17.26768 ] ] ] } },
{ "type": "Feature", "properties": { "CVEGEO": "07055", "NOM_ENT": "Chiapas", "NOMGEO": "Metapa", "POB1": 5876.0, "GRADO_MAR": "Medio", "IM": 0.0, "IM_NORM": 0.0, "ANALF": 0.0, "SIN_EDUC": 0.0, "SIN_DREN": 1.88, "SIN_ELEC": 1.88, "SIN_AGUA": 8.92, "PISO_TIER": 9.07, "HACIN": 1.88, "LOC5000": 0.0, "ING2SM": 0.0, "POB_TOT": 0 }, "geometry": { "type": "Polygon", "coordinates": [ [ [ -92.18151, 14.84738 ], [ -92.17799, 14.80502 ], [ -92.18954, 14.80935 ], [ -92.19375, 14.79671 ], [ -92.21024, 14.79088 ], [ -92.22199, 14.81712 ], [ -92.23717, 14.8252 ], [ -92.23047, 14.83102 ], [ -92.22013, 14.82209 ], [ -92.20008, 14.8524 ], [ -92.18151, 14.84738 ] ] ] } },
{ "type": "Feature", "properties": { "CVEGEO": "07056", "NOM_ENT": "Chiapas", "NOMGEO": "Mitontic", "POB1": 13755.0, "GRADO_MAR": "Muy alto", "IM": 0.0, "IM_NORM": 0.0, "ANALF": 0.0, "SIN_EDUC": 0.0, "SIN_DREN": 1.36, "SIN_ELEC": 1.36, "SIN_AGUA": 24.5, "PISO_TIER": 25.41, "HACIN": 1.36, "LOC5000": 0.0, "ING2SM": 0.0, "POB_TOT": 0 }, "geometry": { "type": "Polygon", "coordinates": [ [ [ -92.51597, 16.88709 ], [ -92.52303, 16.86139 ], [ -92.53713, 16.85181 ], [ -92.60134, 16.86378 ], [ -92.62197, 16.87646 ], [ -92.63012, 16.87667 ], [ -92.62774, 16.857 ], [ -92.63903, 16.86208 ], [ -92.63236, 16.8817 ], [ -92.60237, 16.87072 ], [ -92.56908, 16.90104 ], [ -92.54119, 16.89234 ], [ -92.52664, 16.90049 ], [ -92.51597, 16.88709 ] ] ] } },
{ "type": "Feature", "properties": { "CVEGEO": "07057", "NOM_ENT": "Chiapas", "NOMGEO": "Motozintla", "POB1": 76398.0, "GRADO_MAR": "Medio", "IM": 0.0, "IM_NORM": 0.0, "ANALF": 0.0, "SIN_EDUC": 0.0, "SIN_DREN": 0.85, "SIN_ELEC": 0.85, "SIN_AGUA": 7.11, "PISO_TIER": 10.94, "HACIN": 0.85, "LOC5000": 0.0, "ING2SM": 0.0, "POB_TOT": 0 }, "geometry": { "type": "Polygon", "coordinates": [ [ [ -92.31376, 15.41168 ], [ -92.28631, 15.40998 ], [ -92.23808, 15.38957 ], [ -92.233, 15.39815 ], [ -92.21453, 15.4025 ], [ -92.22243, 15.38094 ], [ -92.21268, 15.37351 ], [ -92.21287, 15.34965 ], [ -92.18818, 15.33792 ], [ -92.19101, 15.32249 ], [ -92.21469, 15.31372 ], [ -92.21819, 15.29457 ], [ -92.22319, 15.31438 ], [ -92.2338, 15.31432 ], [ -92.23575, 15.30564 ], [ -92.22881, 15.27515 ], [ -92.18398, 15.22764 ], [ -92.22267, 15.20394 ], [ -92.2466, 15.21233 ], [ -92.25028, 15.20582 ], [ -92.23443, 15.19886 ], [ -92.2434, 15.1891 ], [ -92.2678, 15.18384 ], [ -92.28404, 15.16414 ], [ -92.29281, 15.19764 ], [ -92.26723, 15.19483 ], [ -92.2762, 15.21894 ], [ -92.30486, 15.23369 ], [ -92.32697, 15.23551 ], [ -92.33349, 15.20168 ], [ -92.35184, 15.21023 ], [ -92.3703, 15.19226 ], [ -92.37963, 15.21782 ], [ -92.40813, 15.23486 ], [ -92.41161, 15.224 ], [ -92.41962, 15.2248 ], [ -92.41554, 15.23112 ], [ -92.42125, 15.23374 ], [ -92.42576, 15.22591 ], [ -92.46825, 15.22896 ], [ -92.45507, 15.24462 ], [ -92.43758, 15.24916 ], [ -92.45042, 15.25956 ], [ -92.42534, 15.27502 ], [ -92.43057, 15.28634 ], [ -92.45567, 15.28996 ], [ -92.46236, 15.3015 ], [ -92.45935, 15.32874 ], [ -92.48105, 15.33174 ], [ -92.4817, 15.3392 ], [ -92.47144, 15.34444 ], [ -92.46503, 15.33696 ], [ -92.45465, 15.36131 ], [ -92.43664, 15.36201 ], [ -92.44429, 15.36582 ], [ -92.44381, 15.37857 ], [ -92.43375, 15.3869 ], [ -92.42537, 15.43944 ], [ -92.38729, 15.44625 ], [ -92.31376, 15.41168 ] ] ] } },
{ "type": "Feature", "properties": { "CVEGEO": "07058", "NOM_ENT": "Chiapas", "NOMGEO": "Nicolás Ruíz", "POB1": 4765.0, "GRADO_MAR": "Alto", "IM": 0.0, "IM_NORM": 0.0, "ANALF": 0.0, "SIN_EDUC": 0.0, "SIN_DREN": 0.72, "SIN_ELEC": 0.72, "SIN_AGUA": 0.61, "PISO_TIER": 8.93, "HACIN": 0.72, "LOC5000": 0.0, "ING2SM": 0.0, "POB_TOT": 0 }, "geometry": { "type": "Polygon", "coordinates": [ [ [ -92.58041, 16.44769 ], [ -92.56717, 16.45388 ], [ -92.57607, 16.43534 ], [ -92.60072, 16.42665 ], [ -92.62126, 16.4072 ], [ -92.65207, 16.40003 ], [ -92.65213, 16.41708 ], [ -92.60894, 16.44015 ], [ -92.62478, 16.47327 ], [ -92.59542, 16.47393 ], [ -92.58041, 16.44769 ] ] ] } },
{ "type": "Feature", "properties": { "CVEGEO": "07059", "NOM_ENT": "Chiapas", "NOMGEO": "Ocosingo", "POB1": 234661.0, "GRADO_MAR": "Muy alto", "IM": 0.0, "IM_NORM": 0.0, "ANALF": 0.0, "SIN_EDUC": 0.0, "SIN_DREN": 5.18, "SIN_ELEC": 5.18, "SIN_AGUA": 11.68, "PISO_TIER": 29.42, "HACIN": 5.18, "LOC5000": 0.0, "ING2SM": 0.0, "POB_TOT": 0 }, "geometry": { "type": "Polygon", "coordinates": [ [ [ -91.64846, 17.21604 ], [ -91.63242, 17.20607 ], [ -91.62649, 17.22096 ], [ -91.58397, 17.23263 ], [ -91.58608, 17.22491 ], [ -91.55685, 17.22238 ], [ -91.55745, 17.21319 ], [ -91.52609, 17.21092 ], [ -91.52451, 17.19139 ], [ -91.55156, 17.1658 ], [ -91.56019, 17.1293 ], [ -91.54092, 17.11147 ], [ -91.52391, 17.12566 ], [ -91.51867, 17.11571 ], [ -91.51237, 17.1207 ], [ -91.49606, 17.11454 ], [ -91.49378, 17.10476 ], [ -91.45546, 17.08289 ], [ -91.44398, 17.10404 ], [ -91.49951, 17.13118 ], [ -91.47762, 17.16398 ], [ -91.48546, 17.16862 ], [ -91.47876, 17.17458 ], [ -91.45937, 17.14169 ], [ -91.44458, 17.13636 ], [ -91.44044, 17.14661 ], [ -91.42272, 17.12662 ], [ -91.41235, 17.12673 ], [ -91.4035, 17.08335 ], [ -91.38593, 17.07484 ], [ -91.37477, 17.10517 ], [ -91.36093, 17.09595 ], [ -91.35381, 17.1307 ], [ -91.32128, 17.1259 ], [ -91.32333, 17.10887 ], [ -91.30485, 17.11231 ], [ -91.30223, 17.12214 ], [ -91.27844, 17.11499 ], [ -91.28225, 17.10631 ], [ -91.30234, 17.10009 ], [ -91.30171, 17.0892 ], [ -91.30886, 17.08741 ], [ -91.29938, 17.07746 ], [ -91.30175, 17.06701 ], [ -91.2604, 17.10297 ], [ -91.23336, 17.10027 ], [ -91.2103, 17.05308 ], [ -91.17573, 17.01608 ], [ -91.1544, 17.00487 ], [ -91.1216, 17.00218 ], [ -91.12004, 16.97753 ], [ -91.1044, 16.9702 ], [ -91.06447, 16.92513 ], [ -91.07404, 16.91363 ], [ -91.06562, 16.90286 ], [ -91.00711, 16.88618 ], [ -90.98783, 16.86308 ], [ -90.9805, 16.87268 ], [ -90.98506, 16.89795 ], [ -90.965, 16.9015 ], [ -90.9545, 16.88447 ], [ -90.97405, 16.86362 ], [ -90.93363, 16.85932 ], [ -90.93388, 16.84232 ], [ -90.92176, 16.82193 ], [ -90.87771, 16.82378 ], [ -90.84878, 16.79653 ], [ -90.80369, 16.79852 ], [ -90.8028, 16.77623 ], [ -90.75987, 16.76118 ], [ -90.75684, 16.75106 ], [ -90.71062, 16.72336 ], [ -90.70837, 16.70367 ], [ -90.68063, 16.68704 ], [ -90.67594, 16.66056 ], [ -90.65733, 16.63864 ], [ -90.66198, 16.62796 ], [ -90.65335, 16.5945 ], [ -90.67617, 16.59035 ], [ -90.69471, 16.60276 ], [ -90.69357, 16.58357 ], [ -90.70439, 16.57284 ], [ -90.69436, 16.56351 ], [ -90.69018, 16.54816 ], [ -90.69752, 16.54072 ], [ -90.68521, 16.52769 ], [ -90.67679, 16.49077 ], [ -90.70678, 16.4916 ], [ -90.69784, 16.46858 ], [ -90.6807, 16.46723 ], [ -90.67637, 16.45863 ], [ -90.69344, 16.45845 ], [ -90.69889, 16.44645 ], [ -90.71416, 16.44306 ], [ -90.71368, 16.4197 ], [ -90.72258, 16.41391 ], [ -90.73088, 16.43705 ], [ -90.71932, 16.44999 ], [ -90.72503, 16.46251 ], [ -90.71194, 16.46739 ], [ -90.72466, 16.47182 ], [ -90.75526, 16.42626 ], [ -90.77386, 16.41866 ], [ -90.77255, 16.40792 ], [ -90.7555, 16.39573 ], [ -90.7706, 16.38881 ], [ -90.77216, 16.37874 ], [ -90.74941, 16.37098 ], [ -90.76353, 16.35956 ], [ -90.75498, 16.33868 ], [ -90.77824, 16.34635 ], [ -90.82991, 16.33228 ], [ -90.8568, 16.33662 ], [ -90.85955, 16.31482 ], [ -90.87296, 16.30881 ], [ -90.87472, 16.29849 ], [ -90.86653, 16.26396 ], [ -90.84675, 16.24081 ], [ -90.86676, 16.24215 ], [ -90.87012, 16.2362 ], [ -90.84566, 16.22981 ], [ -90.84336, 16.22222 ], [ -90.86563, 16.21446 ], [ -90.87733, 16.19969 ], [ -90.88754, 16.20141 ], [ -90.89585, 16.21623 ], [ -90.9089, 16.20101 ], [ -90.88517, 16.1952 ], [ -90.88285, 16.1783 ], [ -90.9304, 16.11375 ], [ -90.95859, 16.10031 ], [ -90.94505, 16.07695 ], [ -91.16584, 16.07429 ], [ -91.16258, 16.127 ], [ -91.11603, 16.17254 ], [ -91.16456, 16.22042 ], [ -91.1497, 16.26251 ], [ -91.18073, 16.26671 ], [ -91.1799, 16.27312 ], [ -91.17196, 16.31913 ], [ -91.15214, 16.30302 ], [ -91.13076, 16.33912 ], [ -91.16445, 16.35293 ], [ -91.18027, 16.32725 ], [ -91.19801, 16.32044 ], [ -91.23331, 16.34417 ], [ -91.23054, 16.30672 ], [ -91.23885, 16.29577 ], [ -91.2401, 16.259 ], [ -91.2487, 16.26718 ], [ -91.27733, 16.26861 ], [ -91.27572, 16.29679 ], [ -91.28303, 16.30234 ], [ -91.29134, 16.28236 ], [ -91.30206, 16.28864 ], [ -91.30624, 16.30313 ], [ -91.30015, 16.31812 ], [ -91.32754, 16.322 ], [ -91.32902, 16.3329 ], [ -91.33338, 16.32696 ], [ -91.34168, 16.33246 ], [ -91.32915, 16.33685 ], [ -91.32717, 16.36969 ], [ -91.33759, 16.37257 ], [ -91.33066, 16.38096 ], [ -91.34386, 16.37993 ], [ -91.33535, 16.38475 ], [ -91.34105, 16.38976 ], [ -91.33595, 16.40679 ], [ -91.36247, 16.4032 ], [ -91.38907, 16.38733 ], [ -91.41153, 16.40911 ], [ -91.42111, 16.40378 ], [ -91.43586, 16.42354 ], [ -91.42091, 16.4432 ], [ -91.44545, 16.46238 ], [ -91.43585, 16.49392 ], [ -91.45521, 16.51356 ], [ -91.48169, 16.52552 ], [ -91.49083, 16.52201 ], [ -91.48646, 16.51366 ], [ -91.49429, 16.50307 ], [ -91.50708, 16.49673 ], [ -91.53395, 16.51235 ], [ -91.57801, 16.48722 ], [ -91.58487, 16.49684 ], [ -91.5782, 16.50925 ], [ -91.58546, 16.53145 ], [ -91.59208, 16.53933 ], [ -91.60346, 16.53411 ], [ -91.61032, 16.54015 ], [ -91.60482, 16.55339 ], [ -91.61811, 16.56648 ], [ -91.58723, 16.55998 ], [ -91.55186, 16.57286 ], [ -91.57094, 16.6056 ], [ -91.60135, 16.59689 ], [ -91.59896, 16.61876 ], [ -91.61895, 16.60106 ], [ -91.62293, 16.61388 ], [ -91.65144, 16.61525 ], [ -91.68483, 16.63699 ], [ -91.68502, 16.64795 ], [ -91.70533, 16.65193 ], [ -91.77908, 16.70239 ], [ -91.76806, 16.75107 ], [ -91.7993, 16.74345 ], [ -91.89522, 16.75083 ], [ -91.89422, 16.7578 ], [ -91.90514, 16.76139 ], [ -91.90638, 16.79752 ], [ -91.934, 16.81005 ], [ -91.93194, 16.81939 ], [ -91.93831, 16.80916 ], [ -91.95928, 16.81593 ], [ -91.97924, 16.81532 ], [ -91.98092, 16.80401 ], [ -92.00344, 16.81051 ], [ -92.01143, 16.8258 ], [ -91.9994, 16.83924 ], [ -92.03018, 16.85169 ], [ -92.039, 16.85121 ], [ -92.03863, 16.82575 ], [ -92.05373, 16.82103 ], [ -92.0504, 16.80046 ], [ -92.05978, 16.79579 ], [ -92.05923, 16.77891 ], [ -92.13222, 16.74796 ], [ -92.13338, 16.76797 ], [ -92.1557, 16.78493 ], [ -92.16776, 16.77196 ], [ -92.17975, 16.77704 ], [ -92.1668, 16.78709 ], [ -92.17453, 16.79336 ], [ -92.1922, 16.79466 ], [ -92.19313, 16.78498 ], [ -92.24274, 16.79482 ], [ -92.23384, 16.80534 ], [ -92.23729, 16.82339 ], [ -92.25139, 16.82989 ], [ -92.27631, 16.8666 ], [ -92.30343, 16.8849 ], [ -92.29348, 16.8947 ], [ -92.29678, 16.90076 ], [ -92.31493, 16.90568 ], [ -92.35252, 16.90031 ], [ -92.33941, 16.93223 ], [ -92.31347, 16.93851 ], [ -92.30994, 16.94877 ], [ -92.32118, 16.94956 ], [ -92.3168, 16.95345 ], [ -92.29508, 16.95302 ], [ -92.29492, 16.94563 ], [ -92.26824, 16.93673 ], [ -92.25987, 16.94633 ], [ -92.22445, 16.94735 ], [ -92.20513, 16.99903 ], [ -92.18524, 16.9982 ], [ -92.18121, 16.9886 ], [ -92.15573, 16.98055 ], [ -92.15466, 16.9707 ], [ -92.12751, 16.96176 ], [ -92.10627, 16.97384 ], [ -92.07623, 16.97423 ], [ -92.07087, 16.98764 ], [ -92.05655, 16.98008 ], [ -91.97233, 16.98453 ], [ -91.95418, 16.98763 ], [ -91.93891, 17.00526 ], [ -91.92083, 17.00712 ], [ -91.91959, 16.99939 ], [ -91.87965, 16.99691 ], [ -91.80368, 17.03785 ], [ -91.79309, 17.03516 ], [ -91.74369, 17.10715 ], [ -91.73704, 17.09973 ], [ -91.70329, 17.09604 ], [ -91.70047, 17.10417 ], [ -91.75319, 17.12432 ], [ -91.74555, 17.14452 ], [ -91.69811, 17.13568 ], [ -91.68228, 17.15054 ], [ -91.68024, 17.17074 ], [ -91.64787, 17.17227 ], [ -91.65346, 17.20721 ], [ -91.66425, 17.19713 ], [ -91.68628, 17.20195 ], [ -91.67458, 17.19144 ], [ -91.68536, 17.18658 ], [ -91.6923, 17.1702 ], [ -91.71902, 17.16987 ], [ -91.73542, 17.16023 ], [ -91.72565, 17.18145 ], [ -91.73459, 17.20516 ], [ -91.70679, 17.21489 ], [ -91.70841, 17.22269 ], [ -91.67853, 17.23984 ], [ -91.65237, 17.21988 ], [ -91.65516, 17.21186 ], [ -91.64846, 17.21604 ] ] ] } },
{ "type": "Feature", "properties": { "CVEGEO": "07060", "NOM_ENT": "Chiapas", "NOMGEO": "Ocotepec", "POB1": 14088.0, "GRADO_MAR": "Alto", "IM": 0.0, "IM_NORM": 0.0, "ANALF": 0.0, "SIN_EDUC": 0.0, "SIN_DREN": 3.27, "SIN_ELEC": 3.27, "SIN_AGUA": 4.67, "PISO_TIER": 21.78, "HACIN": 3.27, "LOC5000": 0.0, "ING2SM": 0.0, "POB_TOT": 0 }, "geometry": { "type": "Polygon", "coordinates": [ [ [ -93.13827, 17.24149 ], [ -93.12348, 17.21183 ], [ -93.12705, 17.19583 ], [ -93.14492, 17.20028 ], [ -93.15745, 17.19026 ], [ -93.19631, 17.19495 ], [ -93.21469, 17.18234 ], [ -93.22553, 17.19964 ], [ -93.21924, 17.19962 ], [ -93.22332, 17.214 ], [ -93.20939, 17.23179 ], [ -93.18041, 17.24694 ], [ -93.19245, 17.26059 ], [ -93.1785, 17.26652 ], [ -93.15884, 17.26196 ], [ -93.13827, 17.24149 ] ] ] } },
{ "type": "Feature", "properties": { "CVEGEO": "07061", "NOM_ENT": "Chiapas", "NOMGEO": "Ocozocoautla de Espinosa", "POB1": 97397.0, "GRADO_MAR": "Medio", "IM": 0.0, "IM_NORM": 0.0, "ANALF": 0.0, "SIN_EDUC": 0.0, "SIN_DREN": 1.92, "SIN_ELEC": 1.92, "SIN_AGUA": 7.2, "PISO_TIER": 12.88, "HACIN": 1.92, "LOC5000": 0.0, "ING2SM": 0.0, "POB_TOT": 0 }, "geometry": { "type": "Polygon", "coordinates": [ [ [ -93.66565, 17.15417 ], [ -93.65921, 17.14355 ], [ -93.63193, 17.14341 ], [ -93.63415, 17.13935 ], [ -93.63219, 17.13648 ], [ -93.62491, 17.14011 ], [ -93.63044, 17.14105 ], [ -93.62914, 17.14371 ], [ -93.61981, 17.14277 ], [ -93.62133, 17.13706 ], [ -93.59095, 17.12995 ], [ -93.59483, 17.12706 ], [ -93.59269, 17.12296 ], [ -93.58553, 17.12747 ], [ -93.56415, 17.11794 ], [ -93.56024, 17.10862 ], [ -93.51048, 17.12372 ], [ -93.4749, 17.09299 ], [ -93.45371, 17.06275 ], [ -93.42365, 17.04518 ], [ -93.4308, 17.03249 ], [ -93.40141, 17.03146 ], [ -93.39787, 17.0205 ], [ -93.40803, 17.01786 ], [ -93.40798, 17.02339 ], [ -93.41567, 17.01045 ], [ -93.40734, 16.99498 ], [ -93.38602, 16.9897 ], [ -93.3985, 16.97302 ], [ -93.37191, 16.95233 ], [ -93.37798, 16.94792 ], [ -93.37084, 16.93282 ], [ -93.38174, 16.92432 ], [ -93.37473, 16.91382 ], [ -93.38831, 16.90168 ], [ -93.4307, 16.90191 ], [ -93.43067, 16.89203 ], [ -93.41456, 16.88622 ], [ -93.41468, 16.89686 ], [ -93.39971, 16.89699 ], [ -93.40543, 16.86273 ], [ -93.39014, 16.85207 ], [ -93.36904, 16.8136 ], [ -93.3757, 16.7936 ], [ -93.36853, 16.78797 ], [ -93.32634, 16.79643 ], [ -93.319, 16.79164 ], [ -93.30987, 16.78259 ], [ -93.32345, 16.75815 ], [ -93.31153, 16.7489 ], [ -93.31827, 16.72828 ], [ -93.29521, 16.72023 ], [ -93.27513, 16.71705 ], [ -93.27256, 16.73505 ], [ -93.25532, 16.72997 ], [ -93.24664, 16.74663 ], [ -93.22512, 16.7444 ], [ -93.24761, 16.72111 ], [ -93.2406, 16.71974 ], [ -93.24425, 16.69871 ], [ -93.23113, 16.69043 ], [ -93.23357, 16.67333 ], [ -93.24097, 16.67657 ], [ -93.18732, 16.59857 ], [ -93.19405, 16.59822 ], [ -93.20008, 16.58161 ], [ -93.22768, 16.56949 ], [ -93.22293, 16.56608 ], [ -93.22923, 16.55619 ], [ -93.2417, 16.5668 ], [ -93.24747, 16.55572 ], [ -93.25563, 16.56743 ], [ -93.25296, 16.58463 ], [ -93.29735, 16.57499 ], [ -93.27835, 16.51756 ], [ -93.29046, 16.49817 ], [ -93.42525, 16.49591 ], [ -93.46865, 16.47418 ], [ -93.45896, 16.43747 ], [ -93.46713, 16.42892 ], [ -93.47407, 16.45188 ], [ -93.48922, 16.45989 ], [ -93.49741, 16.45213 ], [ -93.49973, 16.46245 ], [ -93.52592, 16.46961 ], [ -93.52698, 16.49611 ], [ -93.52061, 16.48823 ], [ -93.51796, 16.52156 ], [ -93.5253, 16.53233 ], [ -93.49439, 16.54235 ], [ -93.48719, 16.55929 ], [ -93.49603, 16.56149 ], [ -93.49486, 16.57673 ], [ -93.48253, 16.60521 ], [ -93.51508, 16.6287 ], [ -93.51451, 16.64047 ], [ -93.52585, 16.65079 ], [ -93.53444, 16.64651 ], [ -93.5283, 16.67082 ], [ -93.54947, 16.67369 ], [ -93.56376, 16.68663 ], [ -93.54329, 16.71556 ], [ -93.54477, 16.7283 ], [ -93.52837, 16.74197 ], [ -93.52525, 16.76245 ], [ -93.542, 16.77857 ], [ -93.53949, 16.8018 ], [ -93.52841, 16.80897 ], [ -93.53147, 16.83324 ], [ -93.541, 16.83109 ], [ -93.54491, 16.85017 ], [ -93.5662, 16.85328 ], [ -93.60702, 16.89718 ], [ -93.63507, 16.90739 ], [ -93.64214, 16.89992 ], [ -93.64656, 16.91095 ], [ -93.65429, 16.90832 ], [ -93.66072, 16.92838 ], [ -93.66533, 16.92448 ], [ -93.67162, 16.93389 ], [ -93.67351, 16.92769 ], [ -93.67769, 16.93703 ], [ -93.69744, 16.9292 ], [ -93.70465, 16.94532 ], [ -93.71527, 16.94107 ], [ -93.71479, 16.94966 ], [ -93.72467, 16.95213 ], [ -93.73215, 16.94012 ], [ -93.75297, 16.97977 ], [ -93.76605, 16.98101 ], [ -93.75969, 16.98879 ], [ -93.77343, 17.00945 ], [ -93.78736, 17.02161 ], [ -93.80548, 17.02446 ], [ -93.83597, 17.0533 ], [ -93.86611, 17.06195 ], [ -93.86183, 17.10851 ], [ -93.83575, 17.11519 ], [ -93.83236, 17.11968 ], [ -93.8397, 17.12083 ], [ -93.8291, 17.12464 ], [ -93.81971, 17.10723 ], [ -93.81288, 17.1146 ], [ -93.7741, 17.09028 ], [ -93.76072, 17.10135 ], [ -93.73606, 17.07627 ], [ -93.7293, 17.09205 ], [ -93.69696, 17.09334 ], [ -93.68369, 17.12606 ], [ -93.69346, 17.12886 ], [ -93.68502, 17.1442 ], [ -93.69987, 17.1477 ], [ -93.68869, 17.15634 ], [ -93.66565, 17.15417 ] ] ] } },
{ "type": "Feature", "properties": { "CVEGEO": "07062", "NOM_ENT": "Chiapas", "NOMGEO": "Ostuacán", "POB1": 18469.0, "GRADO_MAR": "Alto", "IM": 0.0, "IM_NORM": 0.0, "ANALF": 0.0, "SIN_EDUC": 0.0, "SIN_DREN": 3.06, "SIN_ELEC": 3.06, "SIN_AGUA": 7.69, "PISO_TIER": 10.6, "HACIN": 3.06, "LOC5000": 0.0, "ING2SM": 0.0, "POB_TOT": 0 }, "geometry": { "type": "Polygon", "coordinates": [ [ [ -93.408, 17.57626 ], [ -93.38367, 17.56391 ], [ -93.36134, 17.52869 ], [ -93.36098, 17.52225 ], [ -93.3792, 17.51405 ], [ -93.37189, 17.5012 ], [ -93.31456, 17.50681 ], [ -93.29001, 17.49555 ], [ -93.28641, 17.46406 ], [ -93.26081, 17.45235 ], [ -93.26412, 17.42571 ], [ -93.25457, 17.42372 ], [ -93.25755, 17.40645 ], [ -93.24994, 17.40672 ], [ -93.24889, 17.36613 ], [ -93.27157, 17.35256 ], [ -93.32253, 17.35076 ], [ -93.33375, 17.33141 ], [ -93.38419, 17.31875 ], [ -93.38641, 17.29665 ], [ -93.40424, 17.30309 ], [ -93.40624, 17.31975 ], [ -93.41352, 17.31636 ], [ -93.42827, 17.32687 ], [ -93.43387, 17.29566 ], [ -93.45123, 17.29864 ], [ -93.4499, 17.30852 ], [ -93.45914, 17.30993 ], [ -93.4572, 17.32904 ], [ -93.47665, 17.3312 ], [ -93.4739, 17.3379 ], [ -93.48267, 17.33922 ], [ -93.48518, 17.33215 ], [ -93.49895, 17.33376 ], [ -93.50045, 17.35569 ], [ -93.49477, 17.35383 ], [ -93.49785, 17.36881 ], [ -93.49204, 17.3742 ], [ -93.50106, 17.38621 ], [ -93.5269, 17.3966 ], [ -93.52882, 17.38466 ], [ -93.55413, 17.3882 ], [ -93.51101, 17.44837 ], [ -93.50604, 17.47749 ], [ -93.5149, 17.49024 ], [ -93.50252, 17.49952 ], [ -93.48508, 17.54848 ], [ -93.47297, 17.55349 ], [ -93.45239, 17.54598 ], [ -93.44635, 17.58546 ], [ -93.41543, 17.59579 ], [ -93.408, 17.57626 ] ] ] } },
{ "type": "Feature", "properties": { "CVEGEO": "07063", "NOM_ENT": "Chiapas", "NOMGEO": "Osumacinta", "POB1": 3983.0, "GRADO_MAR": "Medio", "IM": 0.0, "IM_NORM": 0.0, "ANALF": 0.0, "SIN_EDUC": 0.0, "SIN_DREN": 1.44, "SIN_ELEC": 1.44, "SIN_AGUA": 0.45, "PISO_TIER": 4.33, "HACIN": 1.44, "LOC5000": 0.0, "ING2SM": 0.0, "POB_TOT": 0 }, "geometry": { "type": "Polygon", "coordinates": [ [ [ -93.07403, 16.93783 ], [ -93.0663, 16.94175 ], [ -93.04543, 16.93152 ], [ -93.04716, 16.92105 ], [ -93.02493, 16.89206 ], [ -93.03722, 16.89615 ], [ -93.03782, 16.90646 ], [ -93.05947, 16.90976 ], [ -93.06174, 16.89597 ], [ -93.03035, 16.88918 ], [ -93.0346, 16.87018 ], [ -93.03355, 16.88571 ], [ -93.05618, 16.88332 ], [ -93.05401, 16.87488 ], [ -93.0351, 16.86345 ], [ -93.02032, 16.8708 ], [ -93.03276, 16.84938 ], [ -93.05091, 16.83882 ], [ -93.07114, 16.84424 ], [ -93.09044, 16.8366 ], [ -93.09219, 16.84473 ], [ -93.10893, 16.84485 ], [ -93.10746, 16.88073 ], [ -93.13446, 16.90045 ], [ -93.14082, 16.90932 ], [ -93.13487, 16.91814 ], [ -93.14918, 16.93472 ], [ -93.14412, 16.94649 ], [ -93.118, 16.94045 ], [ -93.1249, 16.91426 ], [ -93.11461, 16.92941 ], [ -93.10577, 16.92947 ], [ -93.10584, 16.95571 ], [ -93.09599, 16.94529 ], [ -93.09304, 16.95549 ], [ -93.08286, 16.95447 ], [ -93.07403, 16.93783 ] ] ] } },
{ "type": "Feature", "properties": { "CVEGEO": "07064", "NOM_ENT": "Chiapas", "NOMGEO": "Oxchuc", "POB1": 54932.0, "GRADO_MAR": "Muy alto", "IM": 0.0, "IM_NORM": 0.0, "ANALF": 0.0, "SIN_EDUC": 0.0, "SIN_DREN": 4.34, "SIN_ELEC": 4.34, "SIN_AGUA": 70.05, "PISO_TIER": 41.2, "HACIN": 4.34, "LOC5000": 0.0, "ING2SM": 0.0, "POB_TOT": 0 }, "geometry": { "type": "Polygon", "coordinates": [ [ [ -92.29678, 16.90076 ], [ -92.29348, 16.8947 ], [ -92.30343, 16.8849 ], [ -92.27631, 16.8666 ], [ -92.25139, 16.82989 ], [ -92.23729, 16.82339 ], [ -92.23384, 16.80534 ], [ -92.24274, 16.79482 ], [ -92.19313, 16.78498 ], [ -92.1922, 16.79466 ], [ -92.17794, 16.79445 ], [ -92.1671, 16.78937 ], [ -92.18004, 16.77902 ], [ -92.16961, 16.77197 ], [ -92.1557, 16.78493 ], [ -92.13338, 16.76797 ], [ -92.12692, 16.74257 ], [ -92.06865, 16.70479 ], [ -92.12053, 16.69384 ], [ -92.138, 16.70026 ], [ -92.14526, 16.69213 ], [ -92.16549, 16.7003 ], [ -92.2543, 16.68839 ], [ -92.2599, 16.7034 ], [ -92.30724, 16.71599 ], [ -92.33603, 16.74568 ], [ -92.37821, 16.75045 ], [ -92.37571, 16.7554 ], [ -92.3957, 16.7483 ], [ -92.40811, 16.76992 ], [ -92.37795, 16.77948 ], [ -92.36757, 16.8103 ], [ -92.44008, 16.81772 ], [ -92.45615, 16.85242 ], [ -92.45092, 16.86775 ], [ -92.38694, 16.85133 ], [ -92.36271, 16.85452 ], [ -92.33869, 16.88586 ], [ -92.3367, 16.89688 ], [ -92.35207, 16.9006 ], [ -92.29678, 16.90076 ] ] ] } },
{ "type": "Feature", "properties": { "CVEGEO": "07065", "NOM_ENT": "Chiapas", "NOMGEO": "Palenque", "POB1": 132265.0, "GRADO_MAR": "Medio", "IM": 0.0, "IM_NORM": 0.0, "ANALF": 0.0, "SIN_EDUC": 0.0, "SIN_DREN": 4.98, "SIN_ELEC": 4.98, "SIN_AGUA": 5.35, "PISO_TIER": 6.58, "HACIN": 4.98, "LOC5000": 0.0, "ING2SM": 0.0, "POB_TOT": 0 }, "geometry": { "type": "Polygon", "coordinates": [ [ [ -91.87933, 17.82638 ], [ -91.84843, 17.82553 ], [ -91.82916, 17.81248 ], [ -91.82357, 17.7962 ], [ -91.78819, 17.80743 ], [ -91.78222, 17.79195 ], [ -91.79016, 17.74602 ], [ -91.81032, 17.75132 ], [ -91.82911, 17.73891 ], [ -91.8212, 17.73178 ], [ -91.83643, 17.71782 ], [ -91.82745, 17.70851 ], [ -91.87164, 17.6834 ], [ -91.85773, 17.64599 ], [ -91.86115, 17.63776 ], [ -91.85495, 17.63515 ], [ -91.85983, 17.59001 ], [ -91.85465, 17.57216 ], [ -91.84822, 17.57217 ], [ -91.85265, 17.55981 ], [ -91.87074, 17.55029 ], [ -91.82894, 17.53317 ], [ -91.81559, 17.53939 ], [ -91.81533, 17.53308 ], [ -91.75988, 17.53225 ], [ -91.73289, 17.52186 ], [ -91.71695, 17.4972 ], [ -91.68164, 17.48308 ], [ -91.68213, 17.46949 ], [ -91.68989, 17.47506 ], [ -91.69979, 17.46711 ], [ -91.6652, 17.46166 ], [ -91.67204, 17.44406 ], [ -91.64332, 17.43099 ], [ -91.63074, 17.43559 ], [ -91.60894, 17.4255 ], [ -91.60689, 17.41689 ], [ -91.55879, 17.40053 ], [ -91.55785, 17.42224 ], [ -91.53724, 17.41973 ], [ -91.53684, 17.40736 ], [ -91.50993, 17.3922 ], [ -91.505, 17.39948 ], [ -91.45649, 17.37572 ], [ -91.43929, 17.38428 ], [ -91.41983, 17.37407 ], [ -91.41677, 17.34562 ], [ -91.39699, 17.33794 ], [ -91.38351, 17.31283 ], [ -91.38954, 17.29951 ], [ -91.41259, 17.30755 ], [ -91.42552, 17.30184 ], [ -91.43975, 17.25 ], [ -91.42742, 17.21659 ], [ -91.41122, 17.20619 ], [ -91.37552, 17.20455 ], [ -91.35474, 17.19077 ], [ -91.34786, 17.15943 ], [ -91.33556, 17.16124 ], [ -91.33123, 17.17679 ], [ -91.32104, 17.18307 ], [ -91.27845, 17.17948 ], [ -91.26399, 17.16708 ], [ -91.27306, 17.13773 ], [ -91.27021, 17.1146 ], [ -91.2604, 17.10297 ], [ -91.30175, 17.06701 ], [ -91.29938, 17.07746 ], [ -91.30886, 17.08741 ], [ -91.30171, 17.0892 ], [ -91.30234, 17.10009 ], [ -91.28225, 17.10631 ], [ -91.27844, 17.11499 ], [ -91.30223, 17.12214 ], [ -91.30485, 17.11231 ], [ -91.32333, 17.10887 ], [ -91.32128, 17.1259 ], [ -91.35381, 17.1307 ], [ -91.36093, 17.09595 ], [ -91.37477, 17.10517 ], [ -91.38593, 17.07484 ], [ -91.4035, 17.08335 ], [ -91.41235, 17.12673 ], [ -91.42272, 17.12662 ], [ -91.44044, 17.14661 ], [ -91.44458, 17.13636 ], [ -91.45937, 17.14169 ], [ -91.47876, 17.17458 ], [ -91.48546, 17.16862 ], [ -91.47762, 17.16398 ], [ -91.49951, 17.13118 ], [ -91.44398, 17.10404 ], [ -91.45546, 17.08289 ], [ -91.49378, 17.10476 ], [ -91.49606, 17.11454 ], [ -91.51237, 17.1207 ], [ -91.51867, 17.11571 ], [ -91.52391, 17.12566 ], [ -91.54092, 17.11147 ], [ -91.56184, 17.13324 ], [ -91.55156, 17.1658 ], [ -91.52451, 17.19139 ], [ -91.52609, 17.21092 ], [ -91.55745, 17.21319 ], [ -91.55685, 17.22238 ], [ -91.58608, 17.22491 ], [ -91.58397, 17.23263 ], [ -91.62649, 17.22096 ], [ -91.63242, 17.20607 ], [ -91.64846, 17.21604 ], [ -91.65516, 17.21186 ], [ -91.65237, 17.21988 ], [ -91.67853, 17.23984 ], [ -91.72085, 17.21123 ], [ -91.71761, 17.2219 ], [ -91.74312, 17.24835 ], [ -91.91068, 17.24885 ], [ -91.90799, 17.25359 ], [ -91.94408, 17.2629 ], [ -91.94687, 17.24717 ], [ -91.96582, 17.23545 ], [ -91.97391, 17.23862 ], [ -91.98273, 17.22976 ], [ -92.00439, 17.2368 ], [ -91.99263, 17.25613 ], [ -91.98931, 17.25089 ], [ -91.94872, 17.25737 ], [ -91.95103, 17.30095 ], [ -91.93269, 17.29678 ], [ -91.92424, 17.3206 ], [ -91.96293, 17.32764 ], [ -91.9582, 17.34645 ], [ -91.96509, 17.34697 ], [ -91.92537, 17.38243 ], [ -91.92479, 17.38851 ], [ -91.9388, 17.39226 ], [ -91.9496, 17.3807 ], [ -91.96095, 17.39332 ], [ -91.94168, 17.40055 ], [ -91.93454, 17.43099 ], [ -91.94779, 17.42961 ], [ -91.94651, 17.44337 ], [ -91.95703, 17.44442 ], [ -91.9559, 17.45498 ], [ -91.97051, 17.45649 ], [ -92.01372, 17.4234 ], [ -92.02995, 17.43025 ], [ -92.06139, 17.42324 ], [ -92.06108, 17.43029 ], [ -92.14791, 17.49974 ], [ -92.12036, 17.52925 ], [ -92.15251, 17.55069 ], [ -92.16116, 17.54256 ], [ -92.15214, 17.5362 ], [ -92.16538, 17.5317 ], [ -92.19824, 17.56237 ], [ -92.21846, 17.56684 ], [ -92.21606, 17.58375 ], [ -92.2429, 17.59 ], [ -92.22246, 17.60174 ], [ -92.24028, 17.61359 ], [ -92.24661, 17.63678 ], [ -92.30691, 17.66458 ], [ -92.30617, 17.6512 ], [ -92.31799, 17.6599 ], [ -92.32098, 17.64451 ], [ -92.3492, 17.65639 ], [ -92.34989, 17.70278 ], [ -92.34012, 17.70376 ], [ -92.33734, 17.71209 ], [ -92.28868, 17.70266 ], [ -92.27462, 17.69226 ], [ -92.22605, 17.74878 ], [ -92.19449, 17.77664 ], [ -92.18848, 17.76813 ], [ -92.17194, 17.78657 ], [ -92.15245, 17.77906 ], [ -92.15077, 17.75078 ], [ -92.18635, 17.7632 ], [ -92.18332, 17.73233 ], [ -92.14654, 17.71882 ], [ -92.13183, 17.74195 ], [ -92.1136, 17.74122 ], [ -92.12213, 17.72139 ], [ -92.11271, 17.7231 ], [ -92.11298, 17.70935 ], [ -92.13198, 17.70969 ], [ -92.13208, 17.69815 ], [ -92.09174, 17.69702 ], [ -92.09391, 17.68657 ], [ -92.07661, 17.68669 ], [ -92.06843, 17.66033 ], [ -92.08605, 17.614 ], [ -92.07165, 17.61336 ], [ -92.04107, 17.5928 ], [ -92.01723, 17.61247 ], [ -92.01842, 17.63079 ], [ -92.02862, 17.63076 ], [ -92.02882, 17.63883 ], [ -92.02234, 17.63892 ], [ -92.02659, 17.65563 ], [ -92.01195, 17.66826 ], [ -91.97701, 17.63623 ], [ -91.94067, 17.67186 ], [ -91.95869, 17.69818 ], [ -91.95139, 17.70231 ], [ -91.95236, 17.73482 ], [ -91.93787, 17.72267 ], [ -91.93031, 17.72612 ], [ -91.94235, 17.74736 ], [ -91.93355, 17.75078 ], [ -91.94574, 17.76854 ], [ -91.92383, 17.77005 ], [ -91.93203, 17.78002 ], [ -91.9236, 17.78761 ], [ -91.93774, 17.8053 ], [ -91.91014, 17.81792 ], [ -91.92111, 17.82196 ], [ -91.9219, 17.83211 ], [ -91.90104, 17.83926 ], [ -91.87933, 17.82638 ] ] ] } },
{ "type": "Feature", "properties": { "CVEGEO": "07066", "NOM_ENT": "Chiapas", "NOMGEO": "Pantelhó", "POB1": 26391.0, "GRADO_MAR": "Muy alto", "IM": 0.0, "IM_NORM": 0.0, "ANALF": 0.0, "SIN_EDUC": 0.0, "SIN_DREN": 6.49, "SIN_ELEC": 6.49, "SIN_AGUA": 10.79, "PISO_TIER": 21.82, "HACIN": 6.49, "LOC5000": 0.0, "ING2SM": 0.0, "POB_TOT": 0 }, "geometry": { "type": "Polygon", "coordinates": [ [ [ -92.38074, 17.09641 ], [ -92.39153, 17.07258 ], [ -92.40975, 17.05974 ], [ -92.39984, 17.03429 ], [ -92.41838, 17.02684 ], [ -92.40797, 17.01002 ], [ -92.44743, 16.97703 ], [ -92.49092, 16.96823 ], [ -92.49666, 17.00295 ], [ -92.50785, 17.00366 ], [ -92.51623, 17.01588 ], [ -92.50747, 17.01688 ], [ -92.50355, 17.0306 ], [ -92.51442, 17.02929 ], [ -92.50131, 17.04923 ], [ -92.5437, 17.07246 ], [ -92.56186, 17.09607 ], [ -92.5653, 17.10503 ], [ -92.55724, 17.10776 ], [ -92.56488, 17.11578 ], [ -92.54423, 17.10741 ], [ -92.53412, 17.13273 ], [ -92.52155, 17.13162 ], [ -92.5198, 17.10562 ], [ -92.53263, 17.09298 ], [ -92.52891, 17.07755 ], [ -92.51513, 17.06879 ], [ -92.49405, 17.10733 ], [ -92.49742, 17.12804 ], [ -92.48671, 17.13253 ], [ -92.44535, 17.13322 ], [ -92.38074, 17.09641 ] ] ] } },
{ "type": "Feature", "properties": { "CVEGEO": "07067", "NOM_ENT": "Chiapas", "NOMGEO": "Pantepec", "POB1": 12266.0, "GRADO_MAR": "Alto", "IM": 0.0, "IM_NORM": 0.0, "ANALF": 0.0, "SIN_EDUC": 0.0, "SIN_DREN": 2.43, "SIN_ELEC": 2.43, "SIN_AGUA": 0.99, "PISO_TIER": 24.13, "HACIN": 2.43, "LOC5000": 0.0, "ING2SM": 0.0, "POB_TOT": 0 }, "geometry": { "type": "Polygon", "coordinates": [ [ [ -93.0465, 17.27806 ], [ -93.0479, 17.24231 ], [ -93.0296, 17.23501 ], [ -93.03477, 17.20147 ], [ -93.02856, 17.19826 ], [ -93.0386, 17.17773 ], [ -93.02491, 17.1568 ], [ -92.99047, 17.13343 ], [ -92.96708, 17.12926 ], [ -92.97464, 17.10768 ], [ -92.99832, 17.12865 ], [ -93.03574, 17.12516 ], [ -93.03216, 17.13385 ], [ -93.04321, 17.14119 ], [ -93.05079, 17.13643 ], [ -93.05517, 17.14947 ], [ -93.07784, 17.14207 ], [ -93.08874, 17.12953 ], [ -93.12232, 17.13445 ], [ -93.11513, 17.13809 ], [ -93.11999, 17.1524 ], [ -93.08502, 17.17048 ], [ -93.0714, 17.20484 ], [ -93.08703, 17.22946 ], [ -93.08966, 17.2382 ], [ -93.08305, 17.23646 ], [ -93.08312, 17.23856 ], [ -93.11345, 17.27942 ], [ -93.0851, 17.267 ], [ -93.06871, 17.26759 ], [ -93.0658, 17.28132 ], [ -93.0465, 17.27806 ] ] ] } },
{ "type": "Feature", "properties": { "CVEGEO": "07073", "NOM_ENT": "Chiapas", "NOMGEO": "Rayón", "POB1": 10866.0, "GRADO_MAR": "Alto", "IM": 0.0, "IM_NORM": 0.0, "ANALF": 0.0, "SIN_EDUC": 0.0, "SIN_DREN": 1.71, "SIN_ELEC": 1.71, "SIN_AGUA": 14.76, "PISO_TIER": 14.53, "HACIN": 1.71, "LOC5000": 0.0, "ING2SM": 0.0, "POB_TOT": 0 }, "geometry": { "type": "Polygon", "coordinates": [ [ [ -93.01447, 17.23015 ], [ -93.01392, 17.23616 ], [ -92.97399, 17.22921 ], [ -92.95301, 17.20833 ], [ -92.95726, 17.19705 ], [ -92.96474, 17.19722 ], [ -92.96817, 17.16361 ], [ -92.98166, 17.16258 ], [ -92.9889, 17.14623 ], [ -92.9692, 17.13026 ], [ -92.99047, 17.13343 ], [ -93.02491, 17.1568 ], [ -93.0386, 17.17773 ], [ -93.02856, 17.19826 ], [ -93.03477, 17.20147 ], [ -93.0296, 17.23501 ], [ -93.01879, 17.23698 ], [ -93.01447, 17.23015 ] ] ] } },
{ "type": "Feature", "properties": { "CVEGEO": "07074", "NOM_ENT": "Chiapas", "NOMGEO": "Reforma", "POB1": 44829.0, "GRADO_MAR": "Bajo", "IM": 0.0, "IM_NORM": 0.0, "ANALF": 0.0, "SIN_EDUC": 0.0, "SIN_DREN": 1.09, "SIN_ELEC": 1.09, "SIN_AGUA": 3.57, "PISO_TIER": 5.61, "HACIN": 1.09, "LOC5000": 0.0, "ING2SM": 0.0, "POB_TOT": 0 }, "geometry": { "type": "Polygon", "coordinates": [ [ [ -93.24091, 17.95009 ], [ -93.20735, 17.96064 ], [ -93.192, 17.95613 ], [ -93.18314, 17.94031 ], [ -93.14507, 17.93235 ], [ -93.14598, 17.91992 ], [ -93.12912, 17.90785 ], [ -93.10497, 17.90742 ], [ -93.09072, 17.8969 ], [ -93.09195, 17.88657 ], [ -93.12362, 17.87445 ], [ -93.13179, 17.85231 ], [ -93.1161, 17.82132 ], [ -93.10214, 17.81324 ], [ -93.10533, 17.79175 ], [ -93.12355, 17.79675 ], [ -93.13344, 17.79152 ], [ -93.13583, 17.75218 ], [ -93.15037, 17.76306 ], [ -93.14688, 17.77752 ], [ -93.17045, 17.77747 ], [ -93.17972, 17.78638 ], [ -93.1807, 17.7756 ], [ -93.19371, 17.77138 ], [ -93.24436, 17.78655 ], [ -93.25267, 17.79539 ], [ -93.2492, 17.81098 ], [ -93.26341, 17.80631 ], [ -93.27394, 17.77214 ], [ -93.30524, 17.7818 ], [ -93.32021, 17.79601 ], [ -93.31432, 17.81293 ], [ -93.33342, 17.81836 ], [ -93.34311, 17.78751 ], [ -93.3585, 17.78839 ], [ -93.36441, 17.77908 ], [ -93.3805, 17.78173 ], [ -93.3666, 17.80292 ], [ -93.34058, 17.79812 ], [ -93.3493, 17.81543 ], [ -93.33429, 17.8517 ], [ -93.35058, 17.87606 ], [ -93.33602, 17.90498 ], [ -93.33993, 17.93285 ], [ -93.32526, 17.92794 ], [ -93.298, 17.93858 ], [ -93.27747, 17.9823 ], [ -93.24091, 17.95009 ] ] ] } },
{ "type": "Feature", "properties": { "CVEGEO": "07075", "NOM_ENT": "Chiapas", "NOMGEO": "Las Rosas", "POB1": 28829.0, "GRADO_MAR": "Alto", "IM": 0.0, "IM_NORM": 0.0, "ANALF": 0.0, "SIN_EDUC": 0.0, "SIN_DREN": 1.52, "SIN_ELEC": 1.52, "SIN_AGUA": 20.56, "PISO_TIER": 21.3, "HACIN": 1.52, "LOC5000": 0.0, "ING2SM": 0.0, "POB_TOT": 0 }, "geometry": { "type": "Polygon", "coordinates": [ [ [ -92.31519, 16.41271 ], [ -92.32097, 16.37735 ], [ -92.29475, 16.39731 ], [ -92.28802, 16.3936 ], [ -92.29858, 16.391 ], [ -92.29251, 16.3769 ], [ -92.30071, 16.37711 ], [ -92.31464, 16.35864 ], [ -92.28781, 16.32261 ], [ -92.29234, 16.31424 ], [ -92.27484, 16.30492 ], [ -92.31043, 16.30252 ], [ -92.31907, 16.28149 ], [ -92.33368, 16.27715 ], [ -92.356, 16.27699 ], [ -92.36431, 16.30202 ], [ -92.37169, 16.27889 ], [ -92.39085, 16.27564 ], [ -92.40037, 16.281 ], [ -92.39378, 16.29058 ], [ -92.38163, 16.29058 ], [ -92.38494, 16.3085 ], [ -92.4027, 16.29779 ], [ -92.42317, 16.33189 ], [ -92.43871, 16.33624 ], [ -92.44004, 16.32923 ], [ -92.45349, 16.32707 ], [ -92.43855, 16.35419 ], [ -92.44695, 16.37946 ], [ -92.42493, 16.40658 ], [ -92.42843, 16.42552 ], [ -92.41065, 16.41899 ], [ -92.40768, 16.45033 ], [ -92.39869, 16.46012 ], [ -92.38972, 16.46251 ], [ -92.38612, 16.44075 ], [ -92.36321, 16.43167 ], [ -92.32096, 16.46079 ], [ -92.2971, 16.43137 ], [ -92.31519, 16.41271 ] ] ] } },
{ "type": "Feature", "properties": { "CVEGEO": "07076", "NOM_ENT": "Chiapas", "NOMGEO": "Sabanilla", "POB1": 29889.0, "GRADO_MAR": "Alto", "IM": 0.0, "IM_NORM": 0.0, "ANALF": 0.0, "SIN_EDUC": 0.0, "SIN_DREN": 0.69, "SIN_ELEC": 0.69, "SIN_AGUA": 12.79, "PISO_TIER": 22.92, "HACIN": 0.69, "LOC5000": 0.0, "ING2SM": 0.0, "POB_TOT": 0 }, "geometry": { "type": "Polygon", "coordinates": [ [ [ -92.64867, 17.43608 ], [ -92.63005, 17.44626 ], [ -92.61892, 17.42447 ], [ -92.60709, 17.42314 ], [ -92.59986, 17.41274 ], [ -92.58689, 17.36112 ], [ -92.61068, 17.34766 ], [ -92.58247, 17.30997 ], [ -92.55708, 17.2953 ], [ -92.55893, 17.31003 ], [ -92.54459, 17.31098 ], [ -92.54259, 17.2881 ], [ -92.5376, 17.29143 ], [ -92.5114, 17.27183 ], [ -92.51492, 17.22264 ], [ -92.53062, 17.19321 ], [ -92.5898, 17.2043 ], [ -92.59387, 17.24226 ], [ -92.57612, 17.26927 ], [ -92.59311, 17.26963 ], [ -92.61919, 17.25694 ], [ -92.62611, 17.28025 ], [ -92.63529, 17.27585 ], [ -92.65601, 17.29903 ], [ -92.64808, 17.30254 ], [ -92.64832, 17.31514 ], [ -92.66125, 17.31042 ], [ -92.68759, 17.33535 ], [ -92.70974, 17.32967 ], [ -92.72352, 17.34845 ], [ -92.73556, 17.34713 ], [ -92.67876, 17.37849 ], [ -92.66818, 17.45669 ], [ -92.64867, 17.43608 ] ] ] } },
{ "type": "Feature", "properties": { "CVEGEO": "07077", "NOM_ENT": "Chiapas", "NOMGEO": "Salto de Agua", "POB1": 64251.0, "GRADO_MAR": "Muy alto", "IM": 0.0, "IM_NORM": 0.0, "ANALF": 0.0, "SIN_EDUC": 0.0, "SIN_DREN": 8.25, "SIN_ELEC": 8.25, "SIN_AGUA": 8.33, "PISO_TIER": 17.44, "HACIN": 8.25, "LOC5000": 0.0, "ING2SM": 0.0, "POB_TOT": 0 }, "geometry": { "type": "Polygon", "coordinates": [ [ [ -92.24661, 17.63678 ], [ -92.24028, 17.61359 ], [ -92.22246, 17.60174 ], [ -92.2429, 17.59 ], [ -92.21606, 17.58375 ], [ -92.21846, 17.56684 ], [ -92.19824, 17.56237 ], [ -92.16538, 17.5317 ], [ -92.15214, 17.5362 ], [ -92.16116, 17.54256 ], [ -92.15251, 17.55069 ], [ -92.12036, 17.52925 ], [ -92.14791, 17.49974 ], [ -92.06108, 17.43029 ], [ -92.06141, 17.42325 ], [ -92.02995, 17.43025 ], [ -92.01372, 17.4234 ], [ -91.97051, 17.45649 ], [ -91.9559, 17.45498 ], [ -91.95703, 17.44442 ], [ -91.94651, 17.44337 ], [ -91.94779, 17.42961 ], [ -91.93454, 17.43099 ], [ -91.94168, 17.40055 ], [ -91.96095, 17.39332 ], [ -91.9496, 17.3807 ], [ -91.9388, 17.39226 ], [ -91.92479, 17.38851 ], [ -91.92537, 17.38243 ], [ -91.96509, 17.34697 ], [ -91.9582, 17.34645 ], [ -91.96293, 17.32764 ], [ -91.92424, 17.3206 ], [ -91.93269, 17.29678 ], [ -91.95103, 17.30095 ], [ -91.94872, 17.25737 ], [ -91.98931, 17.25089 ], [ -91.99263, 17.25613 ], [ -92.00439, 17.2368 ], [ -91.98273, 17.22976 ], [ -91.97391, 17.23862 ], [ -91.96582, 17.23545 ], [ -91.94687, 17.24717 ], [ -91.94408, 17.2629 ], [ -91.93318, 17.26103 ], [ -91.90799, 17.25359 ], [ -91.91691, 17.23867 ], [ -91.9132, 17.22627 ], [ -91.89463, 17.22736 ], [ -91.88881, 17.21358 ], [ -91.96157, 17.21632 ], [ -91.97208, 17.20584 ], [ -91.99546, 17.21644 ], [ -91.99666, 17.23122 ], [ -92.01395, 17.23397 ], [ -92.03278, 17.22279 ], [ -92.05869, 17.25812 ], [ -92.07488, 17.26283 ], [ -92.11631, 17.30543 ], [ -92.14399, 17.28499 ], [ -92.16267, 17.30369 ], [ -92.16468, 17.32125 ], [ -92.15614, 17.32873 ], [ -92.20273, 17.3489 ], [ -92.20477, 17.34322 ], [ -92.22324, 17.35906 ], [ -92.21763, 17.36844 ], [ -92.23065, 17.38131 ], [ -92.24965, 17.36219 ], [ -92.26844, 17.35856 ], [ -92.29443, 17.36646 ], [ -92.30141, 17.35987 ], [ -92.34405, 17.3994 ], [ -92.34853, 17.38964 ], [ -92.37388, 17.39144 ], [ -92.38034, 17.40642 ], [ -92.39588, 17.39683 ], [ -92.40266, 17.42402 ], [ -92.38276, 17.43394 ], [ -92.38812, 17.45611 ], [ -92.37124, 17.45985 ], [ -92.35029, 17.44134 ], [ -92.33135, 17.45842 ], [ -92.33405, 17.47058 ], [ -92.36117, 17.48986 ], [ -92.37594, 17.4869 ], [ -92.38193, 17.50456 ], [ -92.39076, 17.506 ], [ -92.39004, 17.52326 ], [ -92.42208, 17.50756 ], [ -92.48084, 17.51885 ], [ -92.48899, 17.53103 ], [ -92.47945, 17.57491 ], [ -92.43677, 17.57009 ], [ -92.40207, 17.57804 ], [ -92.40085, 17.58603 ], [ -92.35067, 17.61793 ], [ -92.35813, 17.64196 ], [ -92.3492, 17.65639 ], [ -92.32098, 17.64451 ], [ -92.31799, 17.6599 ], [ -92.30617, 17.6512 ], [ -92.30691, 17.66458 ], [ -92.24661, 17.63678 ] ] ] } },
{ "type": "Feature", "properties": { "CVEGEO": "07078", "NOM_ENT": "Chiapas", "NOMGEO": "San Cristóbal de las Casas", "POB1": 215874.0, "GRADO_MAR": "Bajo", "IM": 0.0, "IM_NORM": 0.0, "ANALF": 0.0, "SIN_EDUC": 0.0, "SIN_DREN": 0.55, "SIN_ELEC": 0.55, "SIN_AGUA": 6.55, "PISO_TIER": 10.42, "HACIN": 0.55, "LOC5000": 0.0, "ING2SM": 0.0, "POB_TOT": 0 }, "geometry": { "type": "MultiPolygon", "coordinates": [ [ [ [ -92.35492, 16.55084 ], [ -92.34371, 16.53978 ], [ -92.38551, 16.5523 ], [ -92.37293, 16.57014 ], [ -92.37528, 16.58698 ], [ -92.36182, 16.60047 ], [ -92.3398, 16.57804 ], [ -92.35492, 16.55084 ] ] ], [ [ [ -92.58019, 16.74954 ], [ -92.55953, 16.74057 ], [ -92.5336, 16.73881 ], [ -92.52683, 16.74836 ], [ -92.53513, 16.75341 ], [ -92.53672, 16.77654 ], [ -92.51323, 16.77428 ], [ -92.51631, 16.70739 ], [ -92.50786, 16.69735 ], [ -92.51673, 16.69652 ], [ -92.51533, 16.67824 ], [ -92.49301, 16.6785 ], [ -92.49296, 16.67268 ], [ -92.44687, 16.67836 ], [ -92.45168, 16.66862 ], [ -92.43458, 16.66521 ], [ -92.43464, 16.67155 ], [ -92.41841, 16.66092 ], [ -92.41299, 16.64716 ], [ -92.43342, 16.65197 ], [ -92.43732, 16.63944 ], [ -92.469, 16.64199 ], [ -92.49696, 16.63248 ], [ -92.51729, 16.63723 ], [ -92.51484, 16.64901 ], [ -92.52749, 16.64914 ], [ -92.52383, 16.62786 ], [ -92.53481, 16.62788 ], [ -92.54, 16.61678 ], [ -92.59667, 16.64357 ], [ -92.58285, 16.62384 ], [ -92.58943, 16.61456 ], [ -92.59497, 16.62095 ], [ -92.60288, 16.60564 ], [ -92.58297, 16.59624 ], [ -92.57626, 16.57743 ], [ -92.58664, 16.57921 ], [ -92.59309, 16.59076 ], [ -92.6164, 16.57848 ], [ -92.63155, 16.58186 ], [ -92.64706, 16.59108 ], [ -92.64021, 16.60275 ], [ -92.66143, 16.60911 ], [ -92.6651, 16.62421 ], [ -92.68896, 16.62578 ], [ -92.70997, 16.61657 ], [ -92.71085, 16.64432 ], [ -92.70412, 16.64996 ], [ -92.7159, 16.67715 ], [ -92.70772, 16.69777 ], [ -92.7199, 16.71468 ], [ -92.71351, 16.72119 ], [ -92.72027, 16.72262 ], [ -92.6886, 16.74457 ], [ -92.68315, 16.75404 ], [ -92.69257, 16.75599 ], [ -92.69203, 16.76283 ], [ -92.66995, 16.7603 ], [ -92.64631, 16.76945 ], [ -92.62504, 16.76112 ], [ -92.59802, 16.78977 ], [ -92.58019, 16.74954 ] ] ] ] } },
{ "type": "Feature", "properties": { "CVEGEO": "07079", "NOM_ENT": "Chiapas", "NOMGEO": "San Fernando", "POB1": 41793.0, "GRADO_MAR": "Medio", "IM": 0.0, "IM_NORM": 0.0, "ANALF": 0.0, "SIN_EDUC": 0.0, "SIN_DREN": 1.5, "SIN_ELEC": 1.5, "SIN_AGUA": 10.88, "PISO_TIER": 4.73, "HACIN": 1.5, "LOC5000": 0.0, "ING2SM": 0.0, "POB_TOT": 0 }, "geometry": { "type": "Polygon", "coordinates": [ [ [ -93.18062, 16.99506 ], [ -93.16452, 16.98565 ], [ -93.17664, 16.97553 ], [ -93.11188, 16.94803 ], [ -93.10402, 16.93502 ], [ -93.1249, 16.91426 ], [ -93.118, 16.94045 ], [ -93.14977, 16.94398 ], [ -93.13487, 16.91814 ], [ -93.14082, 16.90932 ], [ -93.10746, 16.88073 ], [ -93.10893, 16.84485 ], [ -93.13721, 16.8443 ], [ -93.13655, 16.80933 ], [ -93.16386, 16.80923 ], [ -93.16414, 16.80114 ], [ -93.17959, 16.79573 ], [ -93.19158, 16.80415 ], [ -93.20363, 16.80094 ], [ -93.27011, 16.8376 ], [ -93.27281, 16.84429 ], [ -93.26483, 16.84848 ], [ -93.27417, 16.88658 ], [ -93.30878, 16.91037 ], [ -93.30046, 16.93424 ], [ -93.28845, 16.93819 ], [ -93.28843, 16.9726 ], [ -93.29951, 16.98707 ], [ -93.31069, 16.98326 ], [ -93.30362, 16.9882 ], [ -93.30623, 17.01134 ], [ -93.2841, 17.00293 ], [ -93.26635, 17.01623 ], [ -93.20751, 17.03127 ], [ -93.18062, 16.99506 ] ] ] } },
{ "type": "Feature", "properties": { "CVEGEO": "07080", "NOM_ENT": "Chiapas", "NOMGEO": "Siltepec", "POB1": 25937.0, "GRADO_MAR": "Alto", "IM": 0.0, "IM_NORM": 0.0, "ANALF": 0.0, "SIN_EDUC": 0.0, "SIN_DREN": 1.14, "SIN_ELEC": 1.14, "SIN_AGUA": 5.4, "PISO_TIER": 14.38, "HACIN": 1.14, "LOC5000": 0.0, "ING2SM": 0.0, "POB_TOT": 0 }, "geometry": { "type": "Polygon", "coordinates": [ [ [ -92.35615, 15.66555 ], [ -92.32675, 15.67208 ], [ -92.31388, 15.636 ], [ -92.32202, 15.58889 ], [ -92.30471, 15.56319 ], [ -92.27571, 15.54906 ], [ -92.25067, 15.55927 ], [ -92.23405, 15.50942 ], [ -92.24403, 15.4729 ], [ -92.26516, 15.4583 ], [ -92.27515, 15.46693 ], [ -92.30646, 15.46267 ], [ -92.31603, 15.44155 ], [ -92.32222, 15.44478 ], [ -92.34129, 15.42645 ], [ -92.38729, 15.44625 ], [ -92.42537, 15.43944 ], [ -92.4308, 15.42307 ], [ -92.48464, 15.4388 ], [ -92.48695, 15.45936 ], [ -92.49567, 15.4587 ], [ -92.5038, 15.47114 ], [ -92.47371, 15.48973 ], [ -92.45615, 15.48969 ], [ -92.46065, 15.5052 ], [ -92.39399, 15.51188 ], [ -92.38032, 15.50228 ], [ -92.36572, 15.51645 ], [ -92.36468, 15.52699 ], [ -92.37197, 15.53133 ], [ -92.36362, 15.54144 ], [ -92.38286, 15.54602 ], [ -92.40776, 15.59142 ], [ -92.40952, 15.59862 ], [ -92.3995, 15.59857 ], [ -92.42186, 15.62784 ], [ -92.4065, 15.64431 ], [ -92.40861, 15.65792 ], [ -92.39005, 15.66094 ], [ -92.38492, 15.67207 ], [ -92.4027, 15.67525 ], [ -92.42941, 15.65863 ], [ -92.40363, 15.69306 ], [ -92.35615, 15.66555 ] ] ] } },
{ "type": "Feature", "properties": { "CVEGEO": "07081", "NOM_ENT": "Chiapas", "NOMGEO": "Simojovel", "POB1": 52935.0, "GRADO_MAR": "Muy alto", "IM": 0.0, "IM_NORM": 0.0, "ANALF": 0.0, "SIN_EDUC": 0.0, "SIN_DREN": 2.27, "SIN_ELEC": 2.27, "SIN_AGUA": 7.32, "PISO_TIER": 20.18, "HACIN": 2.27, "LOC5000": 0.0, "ING2SM": 0.0, "POB_TOT": 0 }, "geometry": { "type": "Polygon", "coordinates": [ [ [ -92.73469, 17.19492 ], [ -92.72569, 17.1656 ], [ -92.70201, 17.1555 ], [ -92.68115, 17.16034 ], [ -92.64338, 17.13305 ], [ -92.63651, 17.14915 ], [ -92.62229, 17.15193 ], [ -92.5999, 17.17416 ], [ -92.5898, 17.2043 ], [ -92.43458, 17.1625 ], [ -92.44535, 17.13322 ], [ -92.49742, 17.12804 ], [ -92.49405, 17.10733 ], [ -92.5009, 17.09054 ], [ -92.50994, 17.08854 ], [ -92.51129, 17.07021 ], [ -92.53081, 17.08046 ], [ -92.53037, 17.10199 ], [ -92.5198, 17.10562 ], [ -92.52155, 17.13162 ], [ -92.53412, 17.13273 ], [ -92.54423, 17.10741 ], [ -92.56482, 17.11597 ], [ -92.55724, 17.10776 ], [ -92.5653, 17.10503 ], [ -92.56133, 17.09843 ], [ -92.57902, 17.10562 ], [ -92.57932, 17.11559 ], [ -92.61313, 17.08022 ], [ -92.66317, 17.06794 ], [ -92.67858, 17.09531 ], [ -92.72265, 17.08359 ], [ -92.73157, 17.092 ], [ -92.75979, 17.0923 ], [ -92.75739, 17.11007 ], [ -92.77641, 17.11778 ], [ -92.75901, 17.12952 ], [ -92.7887, 17.13552 ], [ -92.77732, 17.15563 ], [ -92.78666, 17.14912 ], [ -92.79123, 17.17194 ], [ -92.76855, 17.17768 ], [ -92.781, 17.18141 ], [ -92.78264, 17.2146 ], [ -92.79751, 17.21823 ], [ -92.79227, 17.22386 ], [ -92.73469, 17.19492 ] ] ] } },
{ "type": "Feature", "properties": { "CVEGEO": "07082", "NOM_ENT": "Chiapas", "NOMGEO": "Sitalá", "POB1": 15518.0, "GRADO_MAR": "Muy alto", "IM": 0.0, "IM_NORM": 0.0, "ANALF": 0.0, "SIN_EDUC": 0.0, "SIN_DREN": 45.44, "SIN_ELEC": 45.44, "SIN_AGUA": 39.77, "PISO_TIER": 32.22, "HACIN": 45.44, "LOC5000": 0.0, "ING2SM": 0.0, "POB_TOT": 0 }, "geometry": { "type": "Polygon", "coordinates": [ [ [ -92.34595, 17.07816 ], [ -92.35005, 17.06851 ], [ -92.32501, 17.07946 ], [ -92.30772, 17.06476 ], [ -92.28995, 17.06707 ], [ -92.28029, 17.06037 ], [ -92.29322, 17.04136 ], [ -92.28235, 17.01903 ], [ -92.3123, 17.00468 ], [ -92.31373, 16.99545 ], [ -92.34658, 16.98874 ], [ -92.35972, 17.00285 ], [ -92.38089, 16.99987 ], [ -92.40764, 17.00982 ], [ -92.41838, 17.02684 ], [ -92.39984, 17.03429 ], [ -92.40913, 17.06107 ], [ -92.36828, 17.08775 ], [ -92.34595, 17.07816 ] ] ] } },
{ "type": "Feature", "properties": { "CVEGEO": "07083", "NOM_ENT": "Chiapas", "NOMGEO": "Socoltenango", "POB1": 19092.0, "GRADO_MAR": "Alto", "IM": 0.0, "IM_NORM": 0.0, "ANALF": 0.0, "SIN_EDUC": 0.0, "SIN_DREN": 1.53, "SIN_ELEC": 1.53, "SIN_AGUA": 6.99, "PISO_TIER": 15.84, "HACIN": 1.53, "LOC5000": 0.0, "ING2SM": 0.0, "POB_TOT": 0 }, "geometry": { "type": "Polygon", "coordinates": [ [ [ -92.31413, 16.28138 ], [ -92.30095, 16.25931 ], [ -92.31067, 16.24887 ], [ -92.30722, 16.22581 ], [ -92.27718, 16.19875 ], [ -92.28639, 16.18477 ], [ -92.30879, 16.18665 ], [ -92.32462, 16.17359 ], [ -92.3351, 16.17622 ], [ -92.32142, 16.16379 ], [ -92.33218, 16.14853 ], [ -92.30333, 16.14522 ], [ -92.27453, 16.12394 ], [ -92.29108, 16.1103 ], [ -92.31588, 16.11122 ], [ -92.31251, 16.09832 ], [ -92.33067, 16.07844 ], [ -92.32325, 16.06691 ], [ -92.33242, 16.06209 ], [ -92.3222, 16.05307 ], [ -92.32708, 16.03161 ], [ -92.30202, 16.00969 ], [ -92.28536, 16.01411 ], [ -92.28745, 15.99957 ], [ -92.2474, 15.97538 ], [ -92.24262, 15.97378 ], [ -92.23701, 15.99908 ], [ -92.22108, 15.98858 ], [ -92.22626, 15.96512 ], [ -92.19666, 15.95409 ], [ -92.15842, 15.92196 ], [ -92.17491, 15.9268 ], [ -92.18002, 15.9222 ], [ -92.1746, 15.90799 ], [ -92.18187, 15.90162 ], [ -92.19033, 15.90412 ], [ -92.18372, 15.9082 ], [ -92.18818, 15.92117 ], [ -92.20779, 15.92806 ], [ -92.21717, 15.92391 ], [ -92.22841, 15.9317 ], [ -92.23049, 15.92444 ], [ -92.25011, 15.93105 ], [ -92.25933, 15.92425 ], [ -92.26872, 15.93293 ], [ -92.28533, 15.92156 ], [ -92.30275, 15.93416 ], [ -92.29824, 15.94572 ], [ -92.30822, 15.93577 ], [ -92.32167, 15.94948 ], [ -92.33389, 15.93873 ], [ -92.34142, 15.94552 ], [ -92.33522, 15.95436 ], [ -92.3271, 15.96047 ], [ -92.30505, 15.95736 ], [ -92.29822, 15.97029 ], [ -92.33057, 15.96262 ], [ -92.32503, 15.96882 ], [ -92.32936, 15.98934 ], [ -92.34263, 15.987 ], [ -92.34481, 15.99679 ], [ -92.35236, 15.98937 ], [ -92.38257, 16.00924 ], [ -92.40882, 16.00713 ], [ -92.45427, 16.0417 ], [ -92.46608, 16.03488 ], [ -92.4787, 16.03989 ], [ -92.53783, 16.07594 ], [ -92.55865, 16.10701 ], [ -92.52301, 16.12734 ], [ -92.48193, 16.13435 ], [ -92.48061, 16.17282 ], [ -92.47124, 16.16097 ], [ -92.4625, 16.16555 ], [ -92.47092, 16.21109 ], [ -92.45109, 16.21141 ], [ -92.41291, 16.26379 ], [ -92.40141, 16.25959 ], [ -92.40702, 16.25085 ], [ -92.39223, 16.25085 ], [ -92.39412, 16.26092 ], [ -92.37169, 16.27889 ], [ -92.36431, 16.30202 ], [ -92.35611, 16.2778 ], [ -92.31413, 16.28138 ] ] ] } },
{ "type": "Feature", "properties": { "CVEGEO": "07084", "NOM_ENT": "Chiapas", "NOMGEO": "Solosuchiapa", "POB1": 8561.0, "GRADO_MAR": "Alto", "IM": 0.0, "IM_NORM": 0.0, "ANALF": 0.0, "SIN_EDUC": 0.0, "SIN_DREN": 2.07, "SIN_ELEC": 2.07, "SIN_AGUA": 0.89, "PISO_TIER": 11.89, "HACIN": 2.07, "LOC5000": 0.0, "ING2SM": 0.0, "POB_TOT": 0 }, "geometry": { "type": "Polygon", "coordinates": [ [ [ -93.01808, 17.45532 ], [ -92.99626, 17.45187 ], [ -92.97078, 17.41761 ], [ -92.94626, 17.40142 ], [ -92.94611, 17.38461 ], [ -92.95753, 17.37645 ], [ -92.94934, 17.36674 ], [ -92.92956, 17.37152 ], [ -92.93628, 17.3484 ], [ -92.94977, 17.34184 ], [ -92.95116, 17.31935 ], [ -92.98061, 17.3223 ], [ -92.98528, 17.32925 ], [ -92.97371, 17.34661 ], [ -92.99263, 17.34771 ], [ -92.97721, 17.30044 ], [ -93.01118, 17.32051 ], [ -93.03031, 17.30995 ], [ -93.01815, 17.32591 ], [ -93.0246, 17.3308 ], [ -93.0332, 17.3223 ], [ -93.04339, 17.33635 ], [ -93.04983, 17.32832 ], [ -93.04383, 17.37038 ], [ -93.04977, 17.37992 ], [ -93.06179, 17.37892 ], [ -93.04664, 17.38668 ], [ -93.0473, 17.39388 ], [ -93.06991, 17.39581 ], [ -93.07289, 17.40386 ], [ -93.05064, 17.41643 ], [ -93.05362, 17.43036 ], [ -93.04611, 17.43587 ], [ -93.04785, 17.46084 ], [ -93.05971, 17.47332 ], [ -93.03042, 17.4898 ], [ -93.01808, 17.45532 ] ] ] } },
{ "type": "Feature", "properties": { "CVEGEO": "07085", "NOM_ENT": "Chiapas", "NOMGEO": "Soyaló", "POB1": 10890.0, "GRADO_MAR": "Alto", "IM": 0.0, "IM_NORM": 0.0, "ANALF": 0.0, "SIN_EDUC": 0.0, "SIN_DREN": 1.72, "SIN_ELEC": 1.72, "SIN_AGUA": 2.67, "PISO_TIER": 8.37, "HACIN": 1.72, "LOC5000": 0.0, "ING2SM": 0.0, "POB_TOT": 0 }, "geometry": { "type": "Polygon", "coordinates": [ [ [ -92.95908, 16.95278 ], [ -92.94413, 16.94276 ], [ -92.9544, 16.92902 ], [ -92.94342, 16.92344 ], [ -92.93977, 16.9076 ], [ -92.90086, 16.906 ], [ -92.90752, 16.89264 ], [ -92.89574, 16.88565 ], [ -92.92209, 16.86955 ], [ -92.99138, 16.91033 ], [ -93.02288, 16.88983 ], [ -93.04716, 16.92105 ], [ -93.04543, 16.93152 ], [ -93.0663, 16.94175 ], [ -93.06544, 16.94956 ], [ -93.05503, 16.94748 ], [ -93.05406, 16.95954 ], [ -93.04078, 16.95942 ], [ -93.06065, 16.97892 ], [ -92.95908, 16.95278 ] ] ] } },
{ "type": "Feature", "properties": { "CVEGEO": "07086", "NOM_ENT": "Chiapas", "NOMGEO": "Suchiapa", "POB1": 25627.0, "GRADO_MAR": "Medio", "IM": 0.0, "IM_NORM": 0.0, "ANALF": 0.0, "SIN_EDUC": 0.0, "SIN_DREN": 0.99, "SIN_ELEC": 0.99, "SIN_AGUA": 7.7, "PISO_TIER": 6.18, "HACIN": 0.99, "LOC5000": 0.0, "ING2SM": 0.0, "POB_TOT": 0 }, "geometry": { "type": "Polygon", "coordinates": [ [ [ -93.05707, 16.66355 ], [ -93.07243, 16.65687 ], [ -93.06339, 16.64692 ], [ -93.07598, 16.63679 ], [ -93.05971, 16.63938 ], [ -93.0579, 16.6269 ], [ -93.0419, 16.61177 ], [ -93.05577, 16.6025 ], [ -93.0608, 16.58554 ], [ -93.06145, 16.54789 ], [ -93.05319, 16.53932 ], [ -93.06384, 16.52662 ], [ -93.07231, 16.53748 ], [ -93.07535, 16.50685 ], [ -93.1094, 16.49561 ], [ -93.16883, 16.52261 ], [ -93.17117, 16.50382 ], [ -93.23076, 16.51853 ], [ -93.23482, 16.52872 ], [ -93.21764, 16.55001 ], [ -93.22923, 16.55619 ], [ -93.22293, 16.56608 ], [ -93.22768, 16.56949 ], [ -93.20008, 16.58161 ], [ -93.18682, 16.60643 ], [ -93.24097, 16.67657 ], [ -93.2211, 16.67884 ], [ -93.21162, 16.67031 ], [ -93.21596, 16.6602 ], [ -93.20088, 16.6507 ], [ -93.19399, 16.65768 ], [ -93.18075, 16.64754 ], [ -93.17973, 16.65769 ], [ -93.15904, 16.64516 ], [ -93.15004, 16.65751 ], [ -93.15893, 16.66979 ], [ -93.14878, 16.67401 ], [ -93.13795, 16.65915 ], [ -93.12683, 16.66927 ], [ -93.09472, 16.65751 ], [ -93.07407, 16.67505 ], [ -93.08512, 16.6787 ], [ -93.08955, 16.69484 ], [ -93.05707, 16.66355 ] ] ] } },
{ "type": "Feature", "properties": { "CVEGEO": "07087", "NOM_ENT": "Chiapas", "NOMGEO": "Suchiate", "POB1": 41672.0, "GRADO_MAR": "Alto", "IM": 0.0, "IM_NORM": 0.0, "ANALF": 0.0, "SIN_EDUC": 0.0, "SIN_DREN": 1.88, "SIN_ELEC": 1.88, "SIN_AGUA": 17.51, "PISO_TIER": 16.35, "HACIN": 1.88, "LOC5000": 0.0, "ING2SM": 0.0, "POB_TOT": 0 }, "geometry": { "type": "Polygon", "coordinates": [ [ [ -92.15553, 14.73092 ], [ -92.14749, 14.71903 ], [ -92.14587, 14.66285 ], [ -92.17705, 14.62622 ], [ -92.18248, 14.57833 ], [ -92.21526, 14.5569 ], [ -92.22675, 14.5321 ], [ -92.3196, 14.61839 ], [ -92.2899, 14.66158 ], [ -92.2955, 14.66564 ], [ -92.26749, 14.70999 ], [ -92.26812, 14.72079 ], [ -92.25584, 14.71673 ], [ -92.24849, 14.69917 ], [ -92.22287, 14.69659 ], [ -92.20229, 14.71307 ], [ -92.18091, 14.71069 ], [ -92.17913, 14.72313 ], [ -92.15553, 14.73092 ] ] ] } },
{ "type": "Feature", "properties": { "CVEGEO": "07088", "NOM_ENT": "Chiapas", "NOMGEO": "Sunuapa", "POB1": 2308.0, "GRADO_MAR": "Alto", "IM": 0.0, "IM_NORM": 0.0, "ANALF": 0.0, "SIN_EDUC": 0.0, "SIN_DREN": 1.56, "SIN_ELEC": 1.56, "SIN_AGUA": 11.57, "PISO_TIER": 11.92, "HACIN": 1.56, "LOC5000": 0.0, "ING2SM": 0.0, "POB_TOT": 0 }, "geometry": { "type": "Polygon", "coordinates": [ [ [ -93.23271, 17.53686 ], [ -93.23038, 17.50816 ], [ -93.21923, 17.50612 ], [ -93.19495, 17.47971 ], [ -93.21223, 17.46875 ], [ -93.21656, 17.4514 ], [ -93.23186, 17.45041 ], [ -93.25965, 17.42115 ], [ -93.26081, 17.45235 ], [ -93.28511, 17.46268 ], [ -93.29001, 17.49555 ], [ -93.31456, 17.50681 ], [ -93.29953, 17.50978 ], [ -93.29706, 17.51781 ], [ -93.2895, 17.51238 ], [ -93.28489, 17.52389 ], [ -93.26825, 17.52734 ], [ -93.2707, 17.5378 ], [ -93.25188, 17.54541 ], [ -93.23271, 17.53686 ] ] ] } },
{ "type": "Feature", "properties": { "CVEGEO": "07089", "NOM_ENT": "Chiapas", "NOMGEO": "Tapachula", "POB1": 353706.0, "GRADO_MAR": "Bajo", "IM": 0.0, "IM_NORM": 0.0, "ANALF": 0.0, "SIN_EDUC": 0.0, "SIN_DREN": 0.92, "SIN_ELEC": 0.92, "SIN_AGUA": 8.14, "PISO_TIER": 10.37, "HACIN": 0.92, "LOC5000": 0.0, "ING2SM": 0.0, "POB_TOT": 0 }, "geometry": { "type": "Polygon", "coordinates": [ [ [ -92.16286, 15.20116 ], [ -92.17893, 15.18347 ], [ -92.18218, 15.1679 ], [ -92.17649, 15.16337 ], [ -92.18476, 15.14385 ], [ -92.20388, 15.12929 ], [ -92.20233, 15.11043 ], [ -92.22685, 15.04096 ], [ -92.22397, 15.03251 ], [ -92.18603, 15.02768 ], [ -92.18805, 14.99308 ], [ -92.20791, 14.992 ], [ -92.2097, 14.9785 ], [ -92.19838, 14.96611 ], [ -92.22102, 14.95717 ], [ -92.22624, 14.94422 ], [ -92.21943, 14.93633 ], [ -92.2265, 14.93515 ], [ -92.23405, 14.89938 ], [ -92.24932, 14.87705 ], [ -92.25145, 14.84188 ], [ -92.26, 14.82847 ], [ -92.25396, 14.80595 ], [ -92.25881, 14.7922 ], [ -92.25091, 14.78497 ], [ -92.26482, 14.78067 ], [ -92.25983, 14.76158 ], [ -92.26689, 14.74945 ], [ -92.26076, 14.74658 ], [ -92.26749, 14.70999 ], [ -92.28401, 14.69191 ], [ -92.29565, 14.66515 ], [ -92.2899, 14.66158 ], [ -92.3196, 14.61839 ], [ -92.41062, 14.69494 ], [ -92.40898, 14.70302 ], [ -92.46636, 14.75752 ], [ -92.43913, 14.76082 ], [ -92.43499, 14.77878 ], [ -92.42592, 14.78044 ], [ -92.43275, 14.78369 ], [ -92.41032, 14.79239 ], [ -92.41697, 14.80006 ], [ -92.38556, 14.80986 ], [ -92.3986, 14.83512 ], [ -92.3979, 14.85472 ], [ -92.38569, 14.86793 ], [ -92.38749, 14.90738 ], [ -92.41618, 14.92317 ], [ -92.43032, 14.95336 ], [ -92.41568, 14.96157 ], [ -92.40509, 14.94422 ], [ -92.3867, 14.94434 ], [ -92.37954, 14.95489 ], [ -92.37162, 14.94419 ], [ -92.36307, 14.95769 ], [ -92.34857, 14.95546 ], [ -92.34674, 14.96356 ], [ -92.31657, 14.96305 ], [ -92.30715, 14.97348 ], [ -92.31232, 14.98186 ], [ -92.30176, 14.98298 ], [ -92.30271, 14.99419 ], [ -92.31999, 15.0059 ], [ -92.3153, 15.01476 ], [ -92.32252, 15.02901 ], [ -92.33606, 15.02749 ], [ -92.33247, 15.03589 ], [ -92.37581, 15.03251 ], [ -92.36499, 15.04465 ], [ -92.33919, 15.04292 ], [ -92.34349, 15.06488 ], [ -92.32722, 15.05239 ], [ -92.31782, 15.07522 ], [ -92.3248, 15.08793 ], [ -92.3331, 15.08802 ], [ -92.33292, 15.1046 ], [ -92.37356, 15.10932 ], [ -92.37012, 15.13112 ], [ -92.35773, 15.14257 ], [ -92.38319, 15.14416 ], [ -92.35066, 15.16301 ], [ -92.35189, 15.17059 ], [ -92.33464, 15.18781 ], [ -92.32697, 15.23551 ], [ -92.30486, 15.23369 ], [ -92.2762, 15.21894 ], [ -92.26723, 15.19483 ], [ -92.29281, 15.19764 ], [ -92.28646, 15.16382 ], [ -92.2678, 15.18384 ], [ -92.2434, 15.1891 ], [ -92.23443, 15.19886 ], [ -92.25028, 15.20582 ], [ -92.2466, 15.21233 ], [ -92.22267, 15.20394 ], [ -92.19319, 15.22781 ], [ -92.18254, 15.22585 ], [ -92.16286, 15.20116 ] ] ] } },
{ "type": "Feature", "properties": { "CVEGEO": "07090", "NOM_ENT": "Chiapas", "NOMGEO": "Tapalapa", "POB1": 4547.0, "GRADO_MAR": "Alto", "IM": 0.0, "IM_NORM": 0.0, "ANALF": 0.0, "SIN_EDUC": 0.0, "SIN_DREN": 1.82, "SIN_ELEC": 1.82, "SIN_AGUA": 1.73, "PISO_TIER": 17.64, "HACIN": 1.82, "LOC5000": 0.0, "ING2SM": 0.0, "POB_TOT": 0 }, "geometry": { "type": "Polygon", "coordinates": [ [ [ -93.0714, 17.20484 ], [ -93.08502, 17.17048 ], [ -93.11999, 17.1524 ], [ -93.12053, 17.16644 ], [ -93.11016, 17.17032 ], [ -93.12677, 17.18301 ], [ -93.15745, 17.19026 ], [ -93.14492, 17.20028 ], [ -93.12705, 17.19583 ], [ -93.12318, 17.21058 ], [ -93.13827, 17.24149 ], [ -93.15884, 17.26196 ], [ -93.11713, 17.28061 ], [ -93.08932, 17.24619 ], [ -93.0714, 17.20484 ] ] ] } },
{ "type": "Feature", "properties": { "CVEGEO": "07120", "NOM_ENT": "Chiapas", "NOMGEO": "Capitán Luis Ángel Vidal", "POB1": 4315.0, "GRADO_MAR": "Alto", "IM": 0.0, "IM_NORM": 0.0, "ANALF": 0.0, "SIN_EDUC": 0.0, "SIN_DREN": 2.46, "SIN_ELEC": 2.46, "SIN_AGUA": 4.22, "PISO_TIER": 26.13, "HACIN": 2.46, "LOC5000": 0.0, "ING2SM": 0.0, "POB_TOT": 0 }, "geometry": { "type": "Polygon", "coordinates": [ [ [ -92.56296, 15.61855 ], [ -92.54188, 15.60115 ], [ -92.55249, 15.57027 ], [ -92.55089, 15.54231 ], [ -92.53407, 15.52912 ], [ -92.53918, 15.51064 ], [ -92.53303, 15.50008 ], [ -92.51089, 15.48201 ], [ -92.65797, 15.4906 ], [ -92.69199, 15.48274 ], [ -92.69975, 15.50088 ], [ -92.67259, 15.60649 ], [ -92.65294, 15.60674 ], [ -92.64364, 15.62099 ], [ -92.62299, 15.62904 ], [ -92.56296, 15.61855 ] ] ] } },
{ "type": "Feature", "properties": { "CVEGEO": "07091", "NOM_ENT": "Chiapas", "NOMGEO": "Tapilula", "POB1": 13592.0, "GRADO_MAR": "Bajo", "IM": 0.0, "IM_NORM": 0.0, "ANALF": 0.0, "SIN_EDUC": 0.0, "SIN_DREN": 0.42, "SIN_ELEC": 0.42, "SIN_AGUA": 2.12, "PISO_TIER": 9.86, "HACIN": 0.42, "LOC5000": 0.0, "ING2SM": 0.0, "POB_TOT": 0 }, "geometry": { "type": "Polygon", "coordinates": [ [ [ -92.96324, 17.23523 ], [ -92.97399, 17.22921 ], [ -93.01392, 17.23616 ], [ -93.01447, 17.23015 ], [ -93.01878, 17.23809 ], [ -93.0479, 17.24231 ], [ -93.04702, 17.26932 ], [ -93.02689, 17.2674 ], [ -93.02438, 17.27942 ], [ -92.97826, 17.27318 ], [ -92.97208, 17.28204 ], [ -92.96324, 17.23523 ] ] ] } },
{ "type": "Feature", "properties": { "CVEGEO": "07092", "NOM_ENT": "Chiapas", "NOMGEO": "Tecpatán", "POB1": 21426.0, "GRADO_MAR": "Alto", "IM": 0.0, "IM_NORM": 0.0, "ANALF": 0.0, "SIN_EDUC": 0.0, "SIN_DREN": 3.18, "SIN_ELEC": 3.18, "SIN_AGUA": 5.05, "PISO_TIER": 13.21, "HACIN": 3.18, "LOC5000": 0.0, "ING2SM": 0.0, "POB_TOT": 0 }, "geometry": { "type": "Polygon", "coordinates": [ [ [ -93.40624, 17.31975 ], [ -93.40424, 17.30309 ], [ -93.38287, 17.29748 ], [ -93.3762, 17.26759 ], [ -93.298, 17.2631 ], [ -93.28825, 17.27035 ], [ -93.28198, 17.24723 ], [ -93.292, 17.24594 ], [ -93.29634, 17.23179 ], [ -93.28364, 17.22131 ], [ -93.26222, 17.24062 ], [ -93.24453, 17.24004 ], [ -93.25029, 17.22211 ], [ -93.26433, 17.22406 ], [ -93.27421, 17.20971 ], [ -93.28612, 17.22139 ], [ -93.30021, 17.21525 ], [ -93.27812, 17.19195 ], [ -93.29297, 17.17759 ], [ -93.28888, 17.1584 ], [ -93.29871, 17.15327 ], [ -93.29659, 17.13194 ], [ -93.30975, 17.12401 ], [ -93.30502, 17.1168 ], [ -93.31422, 17.11547 ], [ -93.32139, 17.09537 ], [ -93.34561, 17.08952 ], [ -93.34941, 17.07957 ], [ -93.36419, 17.08537 ], [ -93.37877, 17.07706 ], [ -93.37698, 17.05437 ], [ -93.36738, 17.04639 ], [ -93.37201, 17.02301 ], [ -93.37913, 17.01975 ], [ -93.3692, 17.01621 ], [ -93.37279, 16.98679 ], [ -93.40734, 16.99498 ], [ -93.41571, 17.01414 ], [ -93.40798, 17.02339 ], [ -93.40803, 17.01786 ], [ -93.39787, 17.0205 ], [ -93.39865, 17.02812 ], [ -93.4308, 17.03249 ], [ -93.42365, 17.04518 ], [ -93.45371, 17.06275 ], [ -93.4749, 17.09299 ], [ -93.51048, 17.12372 ], [ -93.49696, 17.14906 ], [ -93.48231, 17.15357 ], [ -93.48656, 17.1451 ], [ -93.47897, 17.14478 ], [ -93.47908, 17.15804 ], [ -93.46103, 17.16271 ], [ -93.4626, 17.16866 ], [ -93.47907, 17.1648 ], [ -93.49192, 17.19632 ], [ -93.46844, 17.20246 ], [ -93.46371, 17.21226 ], [ -93.50319, 17.26704 ], [ -93.49967, 17.29257 ], [ -93.44021, 17.28964 ], [ -93.42827, 17.32687 ], [ -93.40624, 17.31975 ] ] ] } },
{ "type": "Feature", "properties": { "CVEGEO": "07093", "NOM_ENT": "Chiapas", "NOMGEO": "Tenejapa", "POB1": 48162.0, "GRADO_MAR": "Alto", "IM": 0.0, "IM_NORM": 0.0, "ANALF": 0.0, "SIN_EDUC": 0.0, "SIN_DREN": 1.03, "SIN_ELEC": 1.03, "SIN_AGUA": 5.57, "PISO_TIER": 12.48, "HACIN": 1.03, "LOC5000": 0.0, "ING2SM": 0.0, "POB_TOT": 0 }, "geometry": { "type": "Polygon", "coordinates": [ [ [ -92.43868, 16.92859 ], [ -92.44361, 16.89853 ], [ -92.43248, 16.88513 ], [ -92.45651, 16.85662 ], [ -92.45269, 16.84055 ], [ -92.44395, 16.83644 ], [ -92.44569, 16.82337 ], [ -92.36757, 16.8103 ], [ -92.37795, 16.77948 ], [ -92.44957, 16.76115 ], [ -92.46107, 16.77704 ], [ -92.48647, 16.77888 ], [ -92.51201, 16.76859 ], [ -92.51323, 16.77428 ], [ -92.53618, 16.7758 ], [ -92.54529, 16.78851 ], [ -92.54349, 16.83736 ], [ -92.53433, 16.85726 ], [ -92.52303, 16.86139 ], [ -92.5164, 16.89869 ], [ -92.49859, 16.90321 ], [ -92.48521, 16.93088 ], [ -92.43868, 16.92859 ] ] ] } },
{ "type": "Feature", "properties": { "CVEGEO": "07094", "NOM_ENT": "Chiapas", "NOMGEO": "Teopisca", "POB1": 49499.0, "GRADO_MAR": "Alto", "IM": 0.0, "IM_NORM": 0.0, "ANALF": 0.0, "SIN_EDUC": 0.0, "SIN_DREN": 1.97, "SIN_ELEC": 1.97, "SIN_AGUA": 9.65, "PISO_TIER": 16.9, "HACIN": 1.97, "LOC5000": 0.0, "ING2SM": 0.0, "POB_TOT": 0 }, "geometry": { "type": "Polygon", "coordinates": [ [ [ -92.51484, 16.64901 ], [ -92.51729, 16.63723 ], [ -92.49696, 16.63248 ], [ -92.47204, 16.63867 ], [ -92.47411, 16.62621 ], [ -92.43841, 16.61951 ], [ -92.42422, 16.62826 ], [ -92.42606, 16.63642 ], [ -92.37528, 16.58698 ], [ -92.37293, 16.57014 ], [ -92.43598, 16.58691 ], [ -92.45562, 16.53915 ], [ -92.44692, 16.52772 ], [ -92.45888, 16.4762 ], [ -92.49116, 16.48773 ], [ -92.49435, 16.49523 ], [ -92.54077, 16.45497 ], [ -92.54213, 16.46555 ], [ -92.55621, 16.46317 ], [ -92.56274, 16.48165 ], [ -92.5751, 16.48111 ], [ -92.58804, 16.50084 ], [ -92.57646, 16.5021 ], [ -92.58443, 16.5254 ], [ -92.57765, 16.54376 ], [ -92.59565, 16.55289 ], [ -92.61103, 16.58131 ], [ -92.59309, 16.59076 ], [ -92.58664, 16.57921 ], [ -92.57485, 16.57884 ], [ -92.58297, 16.59624 ], [ -92.60288, 16.60564 ], [ -92.59497, 16.62095 ], [ -92.58943, 16.61456 ], [ -92.58285, 16.62384 ], [ -92.59667, 16.64357 ], [ -92.54, 16.61678 ], [ -92.53481, 16.62788 ], [ -92.52383, 16.62786 ], [ -92.52898, 16.63631 ], [ -92.5216, 16.65039 ], [ -92.51484, 16.64901 ] ] ] } },
{ "type": "Feature", "properties": { "CVEGEO": "07096", "NOM_ENT": "Chiapas", "NOMGEO": "Tila", "POB1": 83505.0, "GRADO_MAR": "Muy alto", "IM": 0.0, "IM_NORM": 0.0, "ANALF": 0.0, "SIN_EDUC": 0.0, "SIN_DREN": 0.84, "SIN_ELEC": 0.84, "SIN_AGUA": 9.22, "PISO_TIER": 28.67, "HACIN": 0.84, "LOC5000": 0.0, "ING2SM": 0.0, "POB_TOT": 0 }, "geometry": { "type": "Polygon", "coordinates": [ [ [ -92.48892, 17.52491 ], [ -92.42208, 17.50756 ], [ -92.39004, 17.52326 ], [ -92.39076, 17.506 ], [ -92.38193, 17.50456 ], [ -92.37594, 17.4869 ], [ -92.36117, 17.48986 ], [ -92.33405, 17.47058 ], [ -92.33135, 17.45842 ], [ -92.35029, 17.44134 ], [ -92.37124, 17.45985 ], [ -92.38812, 17.45611 ], [ -92.38276, 17.43394 ], [ -92.40266, 17.42402 ], [ -92.39224, 17.38234 ], [ -92.40256, 17.38103 ], [ -92.40194, 17.30071 ], [ -92.37633, 17.29806 ], [ -92.3791, 17.25384 ], [ -92.3633, 17.21909 ], [ -92.38094, 17.19888 ], [ -92.41777, 17.19682 ], [ -92.42979, 17.17838 ], [ -92.43896, 17.18257 ], [ -92.44321, 17.17822 ], [ -92.43458, 17.17008 ], [ -92.44025, 17.16565 ], [ -92.47394, 17.16856 ], [ -92.53062, 17.19321 ], [ -92.51492, 17.22264 ], [ -92.5114, 17.27183 ], [ -92.5376, 17.29143 ], [ -92.54259, 17.2881 ], [ -92.54459, 17.31098 ], [ -92.55893, 17.31003 ], [ -92.55708, 17.2953 ], [ -92.58247, 17.30997 ], [ -92.61068, 17.34766 ], [ -92.58689, 17.36112 ], [ -92.59986, 17.41274 ], [ -92.60709, 17.42314 ], [ -92.61892, 17.42447 ], [ -92.63005, 17.44626 ], [ -92.64867, 17.43608 ], [ -92.65927, 17.44462 ], [ -92.64886, 17.4607 ], [ -92.60582, 17.47737 ], [ -92.59406, 17.49295 ], [ -92.59698, 17.52036 ], [ -92.5714, 17.54961 ], [ -92.55787, 17.54023 ], [ -92.53007, 17.55 ], [ -92.51998, 17.57305 ], [ -92.47947, 17.57483 ], [ -92.48892, 17.52491 ] ] ] } },
{ "type": "Feature", "properties": { "CVEGEO": "07097", "NOM_ENT": "Chiapas", "NOMGEO": "Tonalá", "POB1": 91913.0, "GRADO_MAR": "Bajo", "IM": 0.0, "IM_NORM": 0.0, "ANALF": 0.0, "SIN_EDUC": 0.0, "SIN_DREN": 1.69, "SIN_ELEC": 1.69, "SIN_AGUA": 6.95, "PISO_TIER": 3.47, "HACIN": 1.69, "LOC5000": 0.0, "ING2SM": 0.0, "POB_TOT": 0 }, "geometry": { "type": "Polygon", "coordinates": [ [ [ -93.70674, 16.20456 ], [ -93.61379, 16.20232 ], [ -93.5984, 16.10225 ], [ -93.57203, 16.05447 ], [ -93.59138, 16.03846 ], [ -93.57075, 16.00539 ], [ -93.57509, 15.986 ], [ -93.56713, 15.98369 ], [ -93.5517, 15.99652 ], [ -93.55496, 16.01114 ], [ -93.54067, 16.01976 ], [ -93.53088, 16.00966 ], [ -93.53291, 15.99984 ], [ -93.4809, 15.98886 ], [ -93.47785, 15.96675 ], [ -93.44122, 15.9727 ], [ -93.41264, 15.9532 ], [ -93.38438, 15.91191 ], [ -93.34883, 15.90648 ], [ -93.33343, 15.89534 ], [ -93.32135, 15.86321 ], [ -93.29926, 15.84791 ], [ -93.30337, 15.84169 ], [ -93.34365, 15.85837 ], [ -93.35115, 15.85486 ], [ -93.35466, 15.89619 ], [ -93.36179, 15.89748 ], [ -93.36664, 15.88077 ], [ -93.40544, 15.84085 ], [ -93.41614, 15.84104 ], [ -93.46046, 15.75331 ], [ -93.47731, 15.77016 ], [ -93.49757, 15.75087 ], [ -93.48706, 15.74647 ], [ -93.51434, 15.7344 ], [ -93.68683, 15.85685 ], [ -93.808, 15.93085 ], [ -93.90677, 15.97941 ], [ -93.95284, 15.98989 ], [ -93.95714, 15.9846 ], [ -94.036, 16.02209 ], [ -94.10078, 16.13901 ], [ -94.07857, 16.12029 ], [ -94.05442, 16.12137 ], [ -94.03781, 16.10755 ], [ -94.0075, 16.1118 ], [ -94.00304, 16.10179 ], [ -93.98216, 16.09367 ], [ -93.94075, 16.09459 ], [ -93.89987, 16.08464 ], [ -93.90026, 16.09342 ], [ -93.91905, 16.09603 ], [ -93.89363, 16.1717 ], [ -93.88072, 16.16762 ], [ -93.88208, 16.17616 ], [ -93.85803, 16.19506 ], [ -93.83835, 16.20376 ], [ -93.83281, 16.19745 ], [ -93.80433, 16.21232 ], [ -93.80168, 16.19537 ], [ -93.782, 16.19418 ], [ -93.76793, 16.20854 ], [ -93.77098, 16.23026 ], [ -93.74162, 16.22457 ], [ -93.70674, 16.20456 ] ] ] } },
{ "type": "Feature", "properties": { "CVEGEO": "07098", "NOM_ENT": "Chiapas", "NOMGEO": "Totolapa", "POB1": 7211.0, "GRADO_MAR": "Alto", "IM": 0.0, "IM_NORM": 0.0, "ANALF": 0.0, "SIN_EDUC": 0.0, "SIN_DREN": 1.37, "SIN_ELEC": 1.37, "SIN_AGUA": 1.87, "PISO_TIER": 11.62, "HACIN": 1.37, "LOC5000": 0.0, "ING2SM": 0.0, "POB_TOT": 0 }, "geometry": { "type": "Polygon", "coordinates": [ [ [ -92.59565, 16.55289 ], [ -92.57765, 16.54376 ], [ -92.58443, 16.5254 ], [ -92.57646, 16.5021 ], [ -92.58815, 16.50188 ], [ -92.57663, 16.4861 ], [ -92.60596, 16.49243 ], [ -92.59542, 16.47393 ], [ -92.62478, 16.47327 ], [ -92.62975, 16.48308 ], [ -92.67139, 16.4583 ], [ -92.66816, 16.44196 ], [ -92.68679, 16.45288 ], [ -92.67609, 16.47145 ], [ -92.69026, 16.4691 ], [ -92.68975, 16.46319 ], [ -92.70831, 16.48481 ], [ -92.72314, 16.48299 ], [ -92.71837, 16.45646 ], [ -92.72739, 16.44874 ], [ -92.75089, 16.46194 ], [ -92.7436, 16.47904 ], [ -92.72878, 16.48043 ], [ -92.7545, 16.4952 ], [ -92.7514, 16.50671 ], [ -92.76459, 16.52103 ], [ -92.7363, 16.53127 ], [ -92.73886, 16.52617 ], [ -92.68907, 16.5128 ], [ -92.69828, 16.54642 ], [ -92.67721, 16.57782 ], [ -92.64148, 16.56919 ], [ -92.61103, 16.58131 ], [ -92.59565, 16.55289 ] ] ] } },
{ "type": "Feature", "properties": { "CVEGEO": "07099", "NOM_ENT": "Chiapas", "NOMGEO": "La Trinitaria", "POB1": 83111.0, "GRADO_MAR": "Alto", "IM": 0.0, "IM_NORM": 0.0, "ANALF": 0.0, "SIN_EDUC": 0.0, "SIN_DREN": 0.94, "SIN_ELEC": 0.94, "SIN_AGUA": 16.75, "PISO_TIER": 6.36, "HACIN": 0.94, "LOC5000": 0.0, "ING2SM": 0.0, "POB_TOT": 0 }, "geometry": { "type": "Polygon", "coordinates": [ [ [ -91.81644, 16.18936 ], [ -91.82397, 16.16139 ], [ -91.81309, 16.15858 ], [ -91.80079, 16.17451 ], [ -91.76655, 16.15439 ], [ -91.73969, 16.12458 ], [ -91.74299, 16.13509 ], [ -91.72909, 16.13216 ], [ -91.72048, 16.14364 ], [ -91.69545, 16.1453 ], [ -91.682, 16.15201 ], [ -91.68389, 16.15893 ], [ -91.67513, 16.14119 ], [ -91.66205, 16.14282 ], [ -91.65595, 16.12349 ], [ -91.63639, 16.12326 ], [ -91.6423, 16.13227 ], [ -91.63489, 16.14021 ], [ -91.62397, 16.13049 ], [ -91.61835, 16.13536 ], [ -91.62361, 16.14977 ], [ -91.60326, 16.13468 ], [ -91.58129, 16.15936 ], [ -91.55372, 16.15977 ], [ -91.55539, 16.16977 ], [ -91.52083, 16.14434 ], [ -91.52722, 16.14249 ], [ -91.52225, 16.134 ], [ -91.51527, 16.14072 ], [ -91.50119, 16.13706 ], [ -91.49393, 16.11801 ], [ -91.47614, 16.10992 ], [ -91.47601, 16.09591 ], [ -91.44294, 16.09612 ], [ -91.44706, 16.10845 ], [ -91.42339, 16.11751 ], [ -91.39976, 16.11531 ], [ -91.40785, 16.10695 ], [ -91.38178, 16.07435 ], [ -91.73138, 16.07402 ], [ -91.92187, 15.75152 ], [ -91.93579, 15.76395 ], [ -91.93014, 15.77819 ], [ -91.91555, 15.78295 ], [ -91.91663, 15.8051 ], [ -91.95153, 15.82064 ], [ -91.95009, 15.82889 ], [ -91.9668, 15.84969 ], [ -92.01419, 15.84074 ], [ -92.01312, 15.84936 ], [ -92.01965, 15.84309 ], [ -92.05129, 15.85199 ], [ -92.05121, 15.86198 ], [ -92.0686, 15.86628 ], [ -92.07855, 15.8841 ], [ -92.09481, 15.88312 ], [ -92.10719, 15.8997 ], [ -92.11866, 15.90219 ], [ -92.1254, 15.92159 ], [ -92.16112, 15.93794 ], [ -92.17548, 15.93195 ], [ -92.18748, 15.94289 ], [ -92.17754, 15.96115 ], [ -92.18176, 15.96997 ], [ -92.19894, 15.96466 ], [ -92.20205, 15.97415 ], [ -92.19521, 15.9811 ], [ -92.20564, 15.99244 ], [ -92.1875, 16.00844 ], [ -92.20688, 16.0012 ], [ -92.20689, 16.01436 ], [ -92.17779, 16.014 ], [ -92.16834, 16.02936 ], [ -92.17824, 16.03615 ], [ -92.17542, 16.04944 ], [ -92.16551, 16.04948 ], [ -92.14242, 16.07848 ], [ -92.10891, 16.05713 ], [ -92.09121, 16.06576 ], [ -92.08585, 16.07437 ], [ -92.10054, 16.09206 ], [ -92.07713, 16.1415 ], [ -92.08216, 16.15719 ], [ -92.02589, 16.16476 ], [ -92.02252, 16.17767 ], [ -91.98646, 16.16321 ], [ -91.96963, 16.17278 ], [ -91.96725, 16.16384 ], [ -91.93429, 16.15978 ], [ -91.93353, 16.16749 ], [ -91.89591, 16.16778 ], [ -91.88128, 16.14025 ], [ -91.87057, 16.14801 ], [ -91.89113, 16.16937 ], [ -91.88298, 16.18583 ], [ -91.85713, 16.15392 ], [ -91.85018, 16.15697 ], [ -91.86268, 16.16973 ], [ -91.84822, 16.17798 ], [ -91.85218, 16.18507 ], [ -91.84043, 16.18931 ], [ -91.83225, 16.20697 ], [ -91.80421, 16.18864 ], [ -91.81644, 16.18936 ] ] ] } },
{ "type": "Feature", "properties": { "CVEGEO": "07100", "NOM_ENT": "Chiapas", "NOMGEO": "Tumbalá", "POB1": 38025.0, "GRADO_MAR": "Muy alto", "IM": 0.0, "IM_NORM": 0.0, "ANALF": 0.0, "SIN_EDUC": 0.0, "SIN_DREN": 4.83, "SIN_ELEC": 4.83, "SIN_AGUA": 18.88, "PISO_TIER": 11.64, "HACIN": 4.83, "LOC5000": 0.0, "ING2SM": 0.0, "POB_TOT": 0 }, "geometry": { "type": "Polygon", "coordinates": [ [ [ -92.34853, 17.38964 ], [ -92.34405, 17.3994 ], [ -92.30141, 17.35987 ], [ -92.29443, 17.36646 ], [ -92.26844, 17.35856 ], [ -92.24965, 17.36219 ], [ -92.23065, 17.38131 ], [ -92.21763, 17.36844 ], [ -92.22324, 17.35906 ], [ -92.20477, 17.34322 ], [ -92.20273, 17.3489 ], [ -92.15614, 17.32873 ], [ -92.16468, 17.32125 ], [ -92.16267, 17.30369 ], [ -92.14399, 17.28499 ], [ -92.11631, 17.30543 ], [ -92.0884, 17.27729 ], [ -92.12519, 17.2508 ], [ -92.12355, 17.24123 ], [ -92.15513, 17.21025 ], [ -92.18794, 17.23714 ], [ -92.20347, 17.22245 ], [ -92.23177, 17.2553 ], [ -92.26039, 17.22815 ], [ -92.28506, 17.25416 ], [ -92.30094, 17.24727 ], [ -92.32266, 17.25493 ], [ -92.3284, 17.23978 ], [ -92.32361, 17.22635 ], [ -92.33884, 17.22435 ], [ -92.35134, 17.20948 ], [ -92.36231, 17.21684 ], [ -92.3791, 17.25384 ], [ -92.37633, 17.29806 ], [ -92.40194, 17.30071 ], [ -92.40256, 17.38103 ], [ -92.39224, 17.38234 ], [ -92.39588, 17.39683 ], [ -92.38638, 17.39844 ], [ -92.38775, 17.40419 ], [ -92.38034, 17.40642 ], [ -92.37826, 17.39648 ], [ -92.34853, 17.38964 ] ] ] } },
{ "type": "Feature", "properties": { "CVEGEO": "07101", "NOM_ENT": "Chiapas", "NOMGEO": "Tuxtla Gutiérrez", "POB1": 604147.0, "GRADO_MAR": "Muy bajo", "IM": 0.0, "IM_NORM": 0.0, "ANALF": 0.0, "SIN_EDUC": 0.0, "SIN_DREN": 0.14, "SIN_ELEC": 0.14, "SIN_AGUA": 5.81, "PISO_TIER": 2.42, "HACIN": 0.14, "LOC5000": 0.0, "ING2SM": 0.0, "POB_TOT": 0 }, "geometry": { "type": "Polygon", "coordinates": [ [ [ -93.06427, 16.83476 ], [ -93.0703, 16.79358 ], [ -93.0375, 16.75159 ], [ -93.05823, 16.75206 ], [ -93.03528, 16.72618 ], [ -93.0476, 16.71153 ], [ -93.03791, 16.70109 ], [ -93.0339, 16.67762 ], [ -93.04547, 16.66532 ], [ -93.08955, 16.69484 ], [ -93.08512, 16.6787 ], [ -93.07407, 16.67505 ], [ -93.09472, 16.65751 ], [ -93.12683, 16.66927 ], [ -93.13795, 16.65915 ], [ -93.14878, 16.67401 ], [ -93.15893, 16.66979 ], [ -93.15004, 16.65751 ], [ -93.15904, 16.64516 ], [ -93.17973, 16.65769 ], [ -93.18075, 16.64754 ], [ -93.19399, 16.65768 ], [ -93.20088, 16.6507 ], [ -93.21596, 16.6602 ], [ -93.21162, 16.67031 ], [ -93.2211, 16.67884 ], [ -93.23357, 16.67333 ], [ -93.23113, 16.69043 ], [ -93.24425, 16.69871 ], [ -93.2406, 16.71974 ], [ -93.24761, 16.72111 ], [ -93.22512, 16.7444 ], [ -93.2427, 16.747 ], [ -93.24167, 16.75684 ], [ -93.22044, 16.77191 ], [ -93.22111, 16.78637 ], [ -93.20444, 16.78276 ], [ -93.21314, 16.78882 ], [ -93.20855, 16.80508 ], [ -93.17959, 16.79573 ], [ -93.16414, 16.80114 ], [ -93.16386, 16.80923 ], [ -93.14021, 16.80586 ], [ -93.13721, 16.8443 ], [ -93.06427, 16.83476 ] ] ] } },
{ "type": "Feature", "properties": { "CVEGEO": "07102", "NOM_ENT": "Chiapas", "NOMGEO": "Tuxtla Chico", "POB1": 41024.0, "GRADO_MAR": "Alto", "IM": 0.0, "IM_NORM": 0.0, "ANALF": 0.0, "SIN_EDUC": 0.0, "SIN_DREN": 1.94, "SIN_ELEC": 1.94, "SIN_AGUA": 25.88, "PISO_TIER": 10.18, "HACIN": 1.94, "LOC5000": 0.0, "ING2SM": 0.0, "POB_TOT": 0 }, "geometry": { "type": "Polygon", "coordinates": [ [ [ -92.18051, 14.97411 ], [ -92.17791, 14.98417 ], [ -92.14849, 14.98918 ], [ -92.14469, 14.9095 ], [ -92.13621, 14.89165 ], [ -92.14656, 14.8702 ], [ -92.17174, 14.86019 ], [ -92.18151, 14.84738 ], [ -92.20489, 14.85175 ], [ -92.22013, 14.82209 ], [ -92.23456, 14.82955 ], [ -92.22199, 14.81712 ], [ -92.22968, 14.79877 ], [ -92.22441, 14.78482 ], [ -92.24316, 14.75934 ], [ -92.24884, 14.76266 ], [ -92.24273, 14.78428 ], [ -92.24886, 14.77748 ], [ -92.26489, 14.77977 ], [ -92.25091, 14.78497 ], [ -92.25881, 14.7922 ], [ -92.25396, 14.80595 ], [ -92.26004, 14.82697 ], [ -92.25145, 14.84188 ], [ -92.24932, 14.87705 ], [ -92.23405, 14.89938 ], [ -92.2265, 14.93515 ], [ -92.21943, 14.93633 ], [ -92.22618, 14.942 ], [ -92.22102, 14.95717 ], [ -92.19838, 14.96611 ], [ -92.2097, 14.9785 ], [ -92.20791, 14.992 ], [ -92.18276, 14.99077 ], [ -92.18051, 14.97411 ] ] ] } },
{ "type": "Feature", "properties": { "CVEGEO": "07103", "NOM_ENT": "Chiapas", "NOMGEO": "Tuzantán", "POB1": 30302.0, "GRADO_MAR": "Alto", "IM": 0.0, "IM_NORM": 0.0, "ANALF": 0.0, "SIN_EDUC": 0.0, "SIN_DREN": 3.29, "SIN_ELEC": 3.29, "SIN_AGUA": 8.83, "PISO_TIER": 8.88, "HACIN": 3.29, "LOC5000": 0.0, "ING2SM": 0.0, "POB_TOT": 0 }, "geometry": { "type": "Polygon", "coordinates": [ [ [ -92.37963, 15.21782 ], [ -92.3703, 15.19226 ], [ -92.35184, 15.21023 ], [ -92.33315, 15.2003 ], [ -92.35066, 15.16301 ], [ -92.38319, 15.14416 ], [ -92.35773, 15.14257 ], [ -92.37012, 15.13112 ], [ -92.37356, 15.10932 ], [ -92.36761, 15.10956 ], [ -92.37701, 15.09822 ], [ -92.37706, 15.09084 ], [ -92.36426, 15.09707 ], [ -92.36613, 15.08176 ], [ -92.38181, 15.0841 ], [ -92.382, 15.07375 ], [ -92.3975, 15.07519 ], [ -92.40804, 15.0663 ], [ -92.41439, 15.07643 ], [ -92.43853, 15.04696 ], [ -92.45214, 15.05621 ], [ -92.45291, 15.04815 ], [ -92.48726, 15.06963 ], [ -92.479, 15.07491 ], [ -92.48242, 15.08661 ], [ -92.46242, 15.10108 ], [ -92.47128, 15.10972 ], [ -92.44488, 15.16219 ], [ -92.41805, 15.17752 ], [ -92.42142, 15.18525 ], [ -92.41465, 15.19081 ], [ -92.45089, 15.19633 ], [ -92.45174, 15.22798 ], [ -92.42576, 15.22591 ], [ -92.42125, 15.23374 ], [ -92.41554, 15.23112 ], [ -92.41962, 15.2248 ], [ -92.41161, 15.224 ], [ -92.40813, 15.23486 ], [ -92.37963, 15.21782 ] ] ] } },
{ "type": "Feature", "properties": { "CVEGEO": "07104", "NOM_ENT": "Chiapas", "NOMGEO": "Tzimol", "POB1": 16560.0, "GRADO_MAR": "Medio", "IM": 0.0, "IM_NORM": 0.0, "ANALF": 0.0, "SIN_EDUC": 0.0, "SIN_DREN": 2.0, "SIN_ELEC": 2.0, "SIN_AGUA": 7.04, "PISO_TIER": 4.85, "HACIN": 2.0, "LOC5000": 0.0, "ING2SM": 0.0, "POB_TOT": 0 }, "geometry": { "type": "Polygon", "coordinates": [ [ [ -92.27764, 16.26246 ], [ -92.22665, 16.24705 ], [ -92.20944, 16.22854 ], [ -92.19509, 16.23816 ], [ -92.19104, 16.23005 ], [ -92.20357, 16.22436 ], [ -92.18919, 16.20412 ], [ -92.17736, 16.19756 ], [ -92.1619, 16.21255 ], [ -92.14885, 16.18624 ], [ -92.15271, 16.18043 ], [ -92.13903, 16.1749 ], [ -92.15737, 16.16045 ], [ -92.15231, 16.14339 ], [ -92.18244, 16.114 ], [ -92.18244, 16.10349 ], [ -92.19177, 16.09552 ], [ -92.22935, 16.09863 ], [ -92.23341, 16.09122 ], [ -92.21619, 16.08607 ], [ -92.21616, 16.07922 ], [ -92.22989, 16.06755 ], [ -92.24996, 16.06558 ], [ -92.24499, 16.01557 ], [ -92.20683, 16.01655 ], [ -92.20688, 16.0012 ], [ -92.1875, 16.00844 ], [ -92.20564, 15.99244 ], [ -92.19521, 15.9811 ], [ -92.20205, 15.97415 ], [ -92.19894, 15.96466 ], [ -92.18176, 15.96997 ], [ -92.17754, 15.96115 ], [ -92.17714, 15.95322 ], [ -92.18916, 15.94766 ], [ -92.22626, 15.96512 ], [ -92.22108, 15.98858 ], [ -92.23671, 15.9989 ], [ -92.24262, 15.97378 ], [ -92.28745, 15.99957 ], [ -92.28536, 16.01411 ], [ -92.30202, 16.00969 ], [ -92.32756, 16.03315 ], [ -92.3222, 16.05307 ], [ -92.33242, 16.06209 ], [ -92.32325, 16.06691 ], [ -92.33067, 16.07844 ], [ -92.31251, 16.09832 ], [ -92.31588, 16.11122 ], [ -92.29108, 16.1103 ], [ -92.27453, 16.12394 ], [ -92.30333, 16.14522 ], [ -92.33218, 16.14853 ], [ -92.32142, 16.16379 ], [ -92.3351, 16.17622 ], [ -92.32462, 16.17359 ], [ -92.30879, 16.18665 ], [ -92.28639, 16.18477 ], [ -92.27718, 16.19875 ], [ -92.30722, 16.22581 ], [ -92.28846, 16.23918 ], [ -92.28827, 16.26961 ], [ -92.27764, 16.26246 ] ] ] } },
{ "type": "Feature", "properties": { "CVEGEO": "07105", "NOM_ENT": "Chiapas", "NOMGEO": "Unión Juárez", "POB1": 16008.0, "GRADO_MAR": "Medio", "IM": 0.0, "IM_NORM": 0.0, "ANALF": 0.0, "SIN_EDUC": 0.0, "SIN_DREN": 0.82, "SIN_ELEC": 0.82, "SIN_AGUA": 0.83, "PISO_TIER": 8.15, "HACIN": 0.82, "LOC5000": 0.0, "ING2SM": 0.0, "POB_TOT": 0 }, "geometry": { "type": "Polygon", "coordinates": [ [ [ -92.05919, 15.07033 ], [ -92.07315, 15.06151 ], [ -92.07019, 15.04678 ], [ -92.07792, 15.04588 ], [ -92.08515, 15.02122 ], [ -92.09879, 15.00961 ], [ -92.13084, 15.0132 ], [ -92.14492, 15.05204 ], [ -92.13647, 15.06832 ], [ -92.12582, 15.067 ], [ -92.11313, 15.08553 ], [ -92.11817, 15.08593 ], [ -92.11056, 15.09348 ], [ -92.10789, 15.13195 ], [ -92.05919, 15.07033 ] ] ] } },
{ "type": "Feature", "properties": { "CVEGEO": "07106", "NOM_ENT": "Chiapas", "NOMGEO": "Venustiano Carranza", "POB1": 67292.0, "GRADO_MAR": "Alto", "IM": 0.0, "IM_NORM": 0.0, "ANALF": 0.0, "SIN_EDUC": 0.0, "SIN_DREN": 3.45, "SIN_ELEC": 3.45, "SIN_AGUA": 4.92, "PISO_TIER": 17.01, "HACIN": 3.45, "LOC5000": 0.0, "ING2SM": 0.0, "POB_TOT": 0 }, "geometry": { "type": "Polygon", "coordinates": [ [ [ -92.488, 16.4601 ], [ -92.47071, 16.44547 ], [ -92.4542, 16.46128 ], [ -92.43002, 16.4691 ], [ -92.42986, 16.47947 ], [ -92.41328, 16.48875 ], [ -92.35051, 16.47745 ], [ -92.34467, 16.43918 ], [ -92.36321, 16.43167 ], [ -92.38612, 16.44075 ], [ -92.38972, 16.46251 ], [ -92.40768, 16.45033 ], [ -92.41065, 16.41899 ], [ -92.42843, 16.42552 ], [ -92.42493, 16.40658 ], [ -92.44695, 16.37946 ], [ -92.43855, 16.35419 ], [ -92.45349, 16.32707 ], [ -92.44004, 16.32923 ], [ -92.43871, 16.33624 ], [ -92.42317, 16.33189 ], [ -92.4027, 16.29779 ], [ -92.38494, 16.3085 ], [ -92.38163, 16.29058 ], [ -92.39378, 16.29058 ], [ -92.40037, 16.281 ], [ -92.37687, 16.27501 ], [ -92.39412, 16.26092 ], [ -92.39223, 16.25085 ], [ -92.40702, 16.25085 ], [ -92.40141, 16.25959 ], [ -92.41291, 16.26379 ], [ -92.45109, 16.21141 ], [ -92.47092, 16.21109 ], [ -92.4625, 16.16555 ], [ -92.47124, 16.16097 ], [ -92.48061, 16.17282 ], [ -92.48154, 16.14301 ], [ -92.5336, 16.14435 ], [ -92.56424, 16.13509 ], [ -92.57665, 16.12301 ], [ -92.59902, 16.14855 ], [ -92.70462, 16.19747 ], [ -92.71219, 16.21183 ], [ -92.72294, 16.21163 ], [ -92.75223, 16.18435 ], [ -92.7544, 16.19038 ], [ -92.76606, 16.18781 ], [ -92.78015, 16.20176 ], [ -92.77416, 16.20311 ], [ -92.79477, 16.21132 ], [ -92.78439, 16.21241 ], [ -92.78337, 16.22298 ], [ -92.79975, 16.2427 ], [ -92.83138, 16.24005 ], [ -92.86946, 16.24946 ], [ -92.87444, 16.25803 ], [ -92.87541, 16.26408 ], [ -92.85216, 16.26407 ], [ -92.84809, 16.28501 ], [ -92.85437, 16.28904 ], [ -92.84605, 16.29044 ], [ -92.86608, 16.29221 ], [ -92.86611, 16.31628 ], [ -92.84913, 16.33661 ], [ -92.81289, 16.35145 ], [ -92.80287, 16.37082 ], [ -92.80499, 16.38577 ], [ -92.79786, 16.38408 ], [ -92.74746, 16.42277 ], [ -92.76454, 16.45366 ], [ -92.75145, 16.45212 ], [ -92.75089, 16.46194 ], [ -92.7331, 16.44913 ], [ -92.7189, 16.45576 ], [ -92.72314, 16.48299 ], [ -92.70831, 16.48481 ], [ -92.68975, 16.46319 ], [ -92.69026, 16.4691 ], [ -92.67609, 16.47145 ], [ -92.68679, 16.45288 ], [ -92.66816, 16.44196 ], [ -92.67139, 16.4583 ], [ -92.62975, 16.48308 ], [ -92.60894, 16.44015 ], [ -92.65213, 16.41708 ], [ -92.65141, 16.39976 ], [ -92.62126, 16.4072 ], [ -92.60072, 16.42665 ], [ -92.5805, 16.4315 ], [ -92.56828, 16.44817 ], [ -92.56744, 16.45411 ], [ -92.58041, 16.44769 ], [ -92.60321, 16.49385 ], [ -92.56463, 16.48307 ], [ -92.55621, 16.46317 ], [ -92.54213, 16.46555 ], [ -92.54077, 16.45497 ], [ -92.49435, 16.49523 ], [ -92.47777, 16.48266 ], [ -92.488, 16.4601 ] ] ] } },
{ "type": "Feature", "properties": { "CVEGEO": "07107", "NOM_ENT": "Chiapas", "NOMGEO": "Villa Corzo", "POB1": 65643.0, "GRADO_MAR": "Alto", "IM": 0.0, "IM_NORM": 0.0, "ANALF": 0.0, "SIN_EDUC": 0.0, "SIN_DREN": 5.22, "SIN_ELEC": 5.22, "SIN_AGUA": 8.02, "PISO_TIER": 8.9, "HACIN": 5.22, "LOC5000": 0.0, "ING2SM": 0.0, "POB_TOT": 0 }, "geometry": { "type": "Polygon", "coordinates": [ [ [ -93.05555, 16.27014 ], [ -93.04402, 16.28208 ], [ -93.03463, 16.27137 ], [ -93.03996, 16.26594 ], [ -93.02496, 16.26456 ], [ -93.01827, 16.27897 ], [ -93.02443, 16.25853 ], [ -93.00818, 16.25616 ], [ -93.0031, 16.27051 ], [ -92.98557, 16.25213 ], [ -92.96886, 16.24919 ], [ -92.9751, 16.24108 ], [ -92.9494, 16.23329 ], [ -92.95418, 16.24456 ], [ -92.93389, 16.23839 ], [ -92.94228, 16.24752 ], [ -92.94946, 16.24474 ], [ -92.94431, 16.24913 ], [ -92.95655, 16.26309 ], [ -92.93172, 16.25565 ], [ -92.93172, 16.24454 ], [ -92.92034, 16.24071 ], [ -92.92321, 16.25615 ], [ -92.91328, 16.24804 ], [ -92.90821, 16.24779 ], [ -92.9166, 16.25989 ], [ -92.9098, 16.25376 ], [ -92.87762, 16.26014 ], [ -92.87285, 16.25232 ], [ -92.88619, 16.24745 ], [ -92.8578, 16.22475 ], [ -92.86076, 16.21912 ], [ -92.87438, 16.22348 ], [ -92.89837, 16.16457 ], [ -92.92178, 16.1384 ], [ -92.91706, 16.12473 ], [ -92.93609, 16.08601 ], [ -92.96536, 16.05166 ], [ -92.9635, 16.03765 ], [ -92.98469, 16.02135 ], [ -92.98876, 15.98406 ], [ -93.00968, 15.97764 ], [ -93.01557, 15.94717 ], [ -93.03266, 15.94708 ], [ -93.02425, 15.95148 ], [ -93.03531, 15.95532 ], [ -93.05233, 15.93924 ], [ -93.07377, 15.9447 ], [ -93.07778, 15.93255 ], [ -93.09005, 15.92813 ], [ -93.09463, 15.91646 ], [ -93.08461, 15.90557 ], [ -93.09498, 15.89943 ], [ -93.07811, 15.87152 ], [ -93.08981, 15.87542 ], [ -93.11736, 15.85491 ], [ -93.14037, 15.87874 ], [ -93.18425, 15.85524 ], [ -93.23204, 15.85567 ], [ -93.25633, 15.83297 ], [ -93.27452, 15.84461 ], [ -93.28247, 15.83585 ], [ -93.30157, 15.84018 ], [ -93.3005, 15.84982 ], [ -93.31255, 15.85197 ], [ -93.33179, 15.87925 ], [ -93.33343, 15.89534 ], [ -93.34883, 15.90648 ], [ -93.38438, 15.91191 ], [ -93.41264, 15.9532 ], [ -93.44122, 15.9727 ], [ -93.47785, 15.96675 ], [ -93.4809, 15.98886 ], [ -93.53291, 15.99984 ], [ -93.53088, 16.00966 ], [ -93.54067, 16.01976 ], [ -93.55496, 16.01114 ], [ -93.5517, 15.99652 ], [ -93.56713, 15.98369 ], [ -93.57509, 15.986 ], [ -93.57075, 16.00539 ], [ -93.59138, 16.03846 ], [ -93.57203, 16.05447 ], [ -93.5984, 16.10225 ], [ -93.61379, 16.20232 ], [ -93.58456, 16.19909 ], [ -93.56066, 16.18617 ], [ -93.54045, 16.18563 ], [ -93.53605, 16.19764 ], [ -93.50214, 16.17961 ], [ -93.49308, 16.1886 ], [ -93.47303, 16.17684 ], [ -93.44883, 16.17009 ], [ -93.44146, 16.17758 ], [ -93.43574, 16.16697 ], [ -93.41442, 16.16425 ], [ -93.40445, 16.16966 ], [ -93.42242, 16.21318 ], [ -93.40812, 16.22801 ], [ -93.39337, 16.20965 ], [ -93.37415, 16.20501 ], [ -93.37385, 16.19323 ], [ -93.34833, 16.19719 ], [ -93.33795, 16.20794 ], [ -93.32409, 16.19325 ], [ -93.33149, 16.21281 ], [ -93.31562, 16.21654 ], [ -93.30634, 16.20485 ], [ -93.29348, 16.2226 ], [ -93.29457, 16.21016 ], [ -93.26081, 16.21947 ], [ -93.25555, 16.1939 ], [ -93.24524, 16.2098 ], [ -93.24904, 16.21894 ], [ -93.23833, 16.21476 ], [ -93.22581, 16.22448 ], [ -93.22174, 16.23978 ], [ -93.20137, 16.24266 ], [ -93.19686, 16.23704 ], [ -93.20016, 16.24728 ], [ -93.21826, 16.24541 ], [ -93.2081, 16.27063 ], [ -93.12475, 16.27658 ], [ -93.10207, 16.25927 ], [ -93.07529, 16.26826 ], [ -93.05483, 16.29555 ], [ -93.05555, 16.27014 ] ] ] } },
{ "type": "Feature", "properties": { "CVEGEO": "07108", "NOM_ENT": "Chiapas", "NOMGEO": "Villaflores", "POB1": 109536.0, "GRADO_MAR": "Medio", "IM": 0.0, "IM_NORM": 0.0, "ANALF": 0.0, "SIN_EDUC": 0.0, "SIN_DREN": 1.99, "SIN_ELEC": 1.99, "SIN_AGUA": 8.97, "PISO_TIER": 6.23, "HACIN": 1.99, "LOC5000": 0.0, "ING2SM": 0.0, "POB_TOT": 0 }, "geometry": { "type": "Polygon", "coordinates": [ [ [ -93.24747, 16.55572 ], [ -93.2417, 16.5668 ], [ -93.21764, 16.55001 ], [ -93.23482, 16.52872 ], [ -93.22167, 16.51255 ], [ -93.17117, 16.50382 ], [ -93.16883, 16.52261 ], [ -93.1094, 16.49561 ], [ -93.05838, 16.48474 ], [ -93.06103, 16.46557 ], [ -93.04801, 16.47054 ], [ -93.09169, 16.42263 ], [ -93.09945, 16.40373 ], [ -93.09275, 16.39964 ], [ -93.10168, 16.38792 ], [ -93.10273, 16.37414 ], [ -93.07856, 16.36193 ], [ -93.09252, 16.3338 ], [ -93.08262, 16.32654 ], [ -93.07876, 16.29775 ], [ -93.07108, 16.28577 ], [ -93.0636, 16.29413 ], [ -93.05949, 16.28923 ], [ -93.07529, 16.26826 ], [ -93.10207, 16.25927 ], [ -93.12475, 16.27658 ], [ -93.2081, 16.27063 ], [ -93.21826, 16.24541 ], [ -93.20016, 16.24728 ], [ -93.19686, 16.23704 ], [ -93.20137, 16.24266 ], [ -93.22174, 16.23978 ], [ -93.22581, 16.22448 ], [ -93.23833, 16.21476 ], [ -93.24904, 16.21894 ], [ -93.24524, 16.2098 ], [ -93.25555, 16.1939 ], [ -93.26081, 16.21947 ], [ -93.29457, 16.21016 ], [ -93.29348, 16.2226 ], [ -93.30634, 16.20485 ], [ -93.31562, 16.21654 ], [ -93.33149, 16.21281 ], [ -93.32294, 16.20366 ], [ -93.32409, 16.19325 ], [ -93.33795, 16.20794 ], [ -93.34833, 16.19719 ], [ -93.37385, 16.19323 ], [ -93.37415, 16.20501 ], [ -93.39337, 16.20965 ], [ -93.40812, 16.22801 ], [ -93.42242, 16.21318 ], [ -93.40445, 16.16966 ], [ -93.41442, 16.16425 ], [ -93.43574, 16.16697 ], [ -93.44146, 16.17758 ], [ -93.44883, 16.17009 ], [ -93.47303, 16.17684 ], [ -93.49308, 16.1886 ], [ -93.50214, 16.17961 ], [ -93.53605, 16.19764 ], [ -93.54045, 16.18563 ], [ -93.56066, 16.18617 ], [ -93.58456, 16.19909 ], [ -93.65328, 16.20788 ], [ -93.70674, 16.20456 ], [ -93.74162, 16.22457 ], [ -93.77098, 16.23026 ], [ -93.72178, 16.28858 ], [ -93.728, 16.29781 ], [ -93.74066, 16.29799 ], [ -93.74745, 16.31453 ], [ -93.71964, 16.30744 ], [ -93.70781, 16.31277 ], [ -93.68956, 16.2966 ], [ -93.68656, 16.31233 ], [ -93.67386, 16.32443 ], [ -93.64956, 16.30686 ], [ -93.64678, 16.35018 ], [ -93.63655, 16.36668 ], [ -93.61593, 16.37207 ], [ -93.60961, 16.39776 ], [ -93.59636, 16.40453 ], [ -93.55568, 16.40114 ], [ -93.57583, 16.43485 ], [ -93.54849, 16.43783 ], [ -93.54742, 16.4309 ], [ -93.54644, 16.43761 ], [ -93.51272, 16.44742 ], [ -93.51092, 16.46219 ], [ -93.49973, 16.46245 ], [ -93.49977, 16.45304 ], [ -93.48922, 16.45989 ], [ -93.47301, 16.45105 ], [ -93.46713, 16.42892 ], [ -93.45896, 16.43747 ], [ -93.46865, 16.47418 ], [ -93.42525, 16.49591 ], [ -93.29046, 16.49817 ], [ -93.27835, 16.51756 ], [ -93.29735, 16.57499 ], [ -93.26314, 16.58582 ], [ -93.25296, 16.58463 ], [ -93.24747, 16.55572 ] ] ] } },
{ "type": "Feature", "properties": { "CVEGEO": "07109", "NOM_ENT": "Chiapas", "NOMGEO": "Yajalón", "POB1": 40285.0, "GRADO_MAR": "Alto", "IM": 0.0, "IM_NORM": 0.0, "ANALF": 0.0, "SIN_EDUC": 0.0, "SIN_DREN": 3.1, "SIN_ELEC": 3.1, "SIN_AGUA": 7.58, "PISO_TIER": 26.32, "HACIN": 3.1, "LOC5000": 0.0, "ING2SM": 0.0, "POB_TOT": 0 }, "geometry": { "type": "Polygon", "coordinates": [ [ [ -92.20347, 17.22245 ], [ -92.22871, 17.19578 ], [ -92.20773, 17.1712 ], [ -92.21683, 17.163 ], [ -92.24749, 17.18671 ], [ -92.25829, 17.18406 ], [ -92.26493, 17.16355 ], [ -92.27447, 17.15681 ], [ -92.28747, 17.16306 ], [ -92.33679, 17.12139 ], [ -92.3602, 17.15407 ], [ -92.36936, 17.14022 ], [ -92.37052, 17.15496 ], [ -92.40233, 17.13239 ], [ -92.38438, 17.11658 ], [ -92.38393, 17.09992 ], [ -92.44535, 17.13322 ], [ -92.43458, 17.1625 ], [ -92.44321, 17.17822 ], [ -92.43896, 17.18257 ], [ -92.42979, 17.17838 ], [ -92.41777, 17.19682 ], [ -92.38094, 17.19888 ], [ -92.3633, 17.21909 ], [ -92.35134, 17.20948 ], [ -92.34447, 17.2126 ], [ -92.33954, 17.22391 ], [ -92.32361, 17.22635 ], [ -92.3284, 17.23978 ], [ -92.32266, 17.25493 ], [ -92.30094, 17.24727 ], [ -92.28506, 17.25416 ], [ -92.26039, 17.22815 ], [ -92.23177, 17.2553 ], [ -92.20347, 17.22245 ] ] ] } },
{ "type": "Feature", "properties": { "CVEGEO": "07110", "NOM_ENT": "Chiapas", "NOMGEO": "San Lucas", "POB1": 7526.0, "GRADO_MAR": "Alto", "IM": 0.0, "IM_NORM": 0.0, "ANALF": 0.0, "SIN_EDUC": 0.0, "SIN_DREN": 2.52, "SIN_ELEC": 2.52, "SIN_AGUA": 1.51, "PISO_TIER": 8.32, "HACIN": 2.52, "LOC5000": 0.0, "ING2SM": 0.0, "POB_TOT": 0 }, "geometry": { "type": "Polygon", "coordinates": [ [ [ -92.79387, 16.67066 ], [ -92.77326, 16.67784 ], [ -92.74721, 16.66695 ], [ -92.72158, 16.64348 ], [ -92.71263, 16.6603 ], [ -92.70412, 16.64996 ], [ -92.71085, 16.64432 ], [ -92.70997, 16.61657 ], [ -92.68896, 16.62578 ], [ -92.6651, 16.62421 ], [ -92.66143, 16.60911 ], [ -92.64021, 16.60275 ], [ -92.64706, 16.59108 ], [ -92.6164, 16.57848 ], [ -92.64148, 16.56919 ], [ -92.67721, 16.57782 ], [ -92.70699, 16.58677 ], [ -92.70515, 16.60342 ], [ -92.72311, 16.58172 ], [ -92.73844, 16.59078 ], [ -92.72803, 16.59987 ], [ -92.7487, 16.61373 ], [ -92.74889, 16.5927 ], [ -92.75925, 16.59127 ], [ -92.77276, 16.63167 ], [ -92.78746, 16.64491 ], [ -92.78405, 16.65492 ], [ -92.82582, 16.67263 ], [ -92.81239, 16.68429 ], [ -92.79387, 16.67066 ] ] ] } },
{ "type": "Feature", "properties": { "CVEGEO": "07111", "NOM_ENT": "Chiapas", "NOMGEO": "Zinacantán", "POB1": 45373.0, "GRADO_MAR": "Muy alto", "IM": 0.0, "IM_NORM": 0.0, "ANALF": 0.0, "SIN_EDUC": 0.0, "SIN_DREN": 3.57, "SIN_ELEC": 3.57, "SIN_AGUA": 26.31, "PISO_TIER": 12.12, "HACIN": 3.57, "LOC5000": 0.0, "ING2SM": 0.0, "POB_TOT": 0 }, "geometry": { "type": "Polygon", "coordinates": [ [ [ -92.69203, 16.76283 ], [ -92.69257, 16.75599 ], [ -92.68315, 16.75404 ], [ -92.72027, 16.72262 ], [ -92.71351, 16.72119 ], [ -92.7199, 16.71468 ], [ -92.70769, 16.69633 ], [ -92.7159, 16.67715 ], [ -92.70908, 16.66769 ], [ -92.72158, 16.64348 ], [ -92.74721, 16.66695 ], [ -92.77326, 16.67784 ], [ -92.79387, 16.67066 ], [ -92.81401, 16.68658 ], [ -92.84343, 16.65907 ], [ -92.84156, 16.66697 ], [ -92.8678, 16.66638 ], [ -92.85073, 16.71146 ], [ -92.88111, 16.74306 ], [ -92.86089, 16.74965 ], [ -92.84756, 16.77681 ], [ -92.82438, 16.77046 ], [ -92.7901, 16.78073 ], [ -92.75975, 16.77584 ], [ -92.74639, 16.78101 ], [ -92.69203, 16.76283 ] ] ] } },
{ "type": "Feature", "properties": { "CVEGEO": "07112", "NOM_ENT": "Chiapas", "NOMGEO": "San Juan Cancuc", "POB1": 37948.0, "GRADO_MAR": "Muy alto", "IM": 0.0, "IM_NORM": 0.0, "ANALF": 0.0, "SIN_EDUC": 0.0, "SIN_DREN": 9.42, "SIN_ELEC": 9.42, "SIN_AGUA": 27.05, "PISO_TIER": 30.22, "HACIN": 9.42, "LOC5000": 0.0, "ING2SM": 0.0, "POB_TOT": 0 }, "geometry": { "type": "Polygon", "coordinates": [ [ [ -92.38089, 16.99987 ], [ -92.35972, 17.00285 ], [ -92.34144, 16.98324 ], [ -92.34148, 16.96453 ], [ -92.35054, 16.96327 ], [ -92.34999, 16.95435 ], [ -92.30994, 16.94877 ], [ -92.31402, 16.938 ], [ -92.33738, 16.93369 ], [ -92.34346, 16.92564 ], [ -92.35252, 16.90031 ], [ -92.3367, 16.89688 ], [ -92.33869, 16.88586 ], [ -92.36271, 16.85452 ], [ -92.38694, 16.85133 ], [ -92.44559, 16.86906 ], [ -92.43248, 16.88513 ], [ -92.44361, 16.89853 ], [ -92.43718, 16.92838 ], [ -92.45823, 16.96262 ], [ -92.40367, 17.00936 ], [ -92.38089, 16.99987 ] ] ] } },
{ "type": "Feature", "properties": { "CVEGEO": "07113", "NOM_ENT": "Chiapas", "NOMGEO": "Aldama", "POB1": 8480.0, "GRADO_MAR": "Alto", "IM": 0.0, "IM_NORM": 0.0, "ANALF": 0.0, "SIN_EDUC": 0.0, "SIN_DREN": 1.11, "SIN_ELEC": 1.11, "SIN_AGUA": 6.3, "PISO_TIER": 14.4, "HACIN": 1.11, "LOC5000": 0.0, "ING2SM": 0.0, "POB_TOT": 0 }, "geometry": { "type": "Polygon", "coordinates": [ [ [ -92.69055, 16.93009 ], [ -92.65171, 16.92315 ], [ -92.67188, 16.88399 ], [ -92.68746, 16.88971 ], [ -92.69519, 16.90526 ], [ -92.71907, 16.90822 ], [ -92.72158, 16.91599 ], [ -92.70468, 16.93603 ], [ -92.70607, 16.95997 ], [ -92.71671, 16.96567 ], [ -92.70895, 16.98051 ], [ -92.69394, 16.97288 ], [ -92.69055, 16.93009 ] ] ] } },
{ "type": "Feature", "properties": { "CVEGEO": "07114", "NOM_ENT": "Chiapas", "NOMGEO": "Benemérito de las Américas", "POB1": 23603.0, "GRADO_MAR": "Alto", "IM": 0.0, "IM_NORM": 0.0, "ANALF": 0.0, "SIN_EDUC": 0.0, "SIN_DREN": 3.14, "SIN_ELEC": 3.14, "SIN_AGUA": 11.37, "PISO_TIER": 11.93, "HACIN": 3.14, "LOC5000": 0.0, "ING2SM": 0.0, "POB_TOT": 0 }, "geometry": { "type": "Polygon", "coordinates": [ [ [ -90.65544, 16.59221 ], [ -90.66639, 16.58973 ], [ -90.66684, 16.5818 ], [ -90.64867, 16.57788 ], [ -90.64049, 16.59581 ], [ -90.6256, 16.5777 ], [ -90.64707, 16.56052 ], [ -90.6454, 16.51864 ], [ -90.63559, 16.51352 ], [ -90.61658, 16.52179 ], [ -90.60562, 16.50364 ], [ -90.61859, 16.48864 ], [ -90.63344, 16.48911 ], [ -90.63134, 16.47933 ], [ -90.62042, 16.47718 ], [ -90.61344, 16.48845 ], [ -90.59436, 16.49065 ], [ -90.58666, 16.46951 ], [ -90.54401, 16.4817 ], [ -90.54693, 16.46805 ], [ -90.5278, 16.45771 ], [ -90.51421, 16.46989 ], [ -90.5006, 16.46691 ], [ -90.4958, 16.45349 ], [ -90.47811, 16.45982 ], [ -90.48455, 16.42302 ], [ -90.42072, 16.42489 ], [ -90.40771, 16.40403 ], [ -90.39792, 16.41617 ], [ -90.38729, 16.412 ], [ -90.40181, 16.393 ], [ -90.37292, 16.37435 ], [ -90.37069, 16.36467 ], [ -90.37972, 16.36003 ], [ -90.39581, 16.37451 ], [ -90.40976, 16.36301 ], [ -90.40931, 16.3459 ], [ -90.40303, 16.36105 ], [ -90.39924, 16.34939 ], [ -90.38164, 16.33845 ], [ -90.39753, 16.3396 ], [ -90.41001, 16.32918 ], [ -90.41164, 16.30723 ], [ -90.43856, 16.30209 ], [ -90.43179, 16.29222 ], [ -90.44048, 16.27979 ], [ -90.42242, 16.25918 ], [ -90.42826, 16.25389 ], [ -90.44547, 16.26152 ], [ -90.45471, 16.24865 ], [ -90.45055, 16.24054 ], [ -90.44004, 16.24757 ], [ -90.42782, 16.23319 ], [ -90.45119, 16.22489 ], [ -90.45667, 16.2095 ], [ -90.45197, 16.18504 ], [ -90.43146, 16.17765 ], [ -90.4245, 16.16318 ], [ -90.45024, 16.14995 ], [ -90.42788, 16.13712 ], [ -90.42976, 16.11777 ], [ -90.45144, 16.1245 ], [ -90.45661, 16.11215 ], [ -90.45366, 16.09226 ], [ -90.42503, 16.10366 ], [ -90.44515, 16.08302 ], [ -90.44084, 16.07419 ], [ -90.79148, 16.0742 ], [ -90.78867, 16.14457 ], [ -90.77138, 16.16186 ], [ -90.7611, 16.15186 ], [ -90.74747, 16.15871 ], [ -90.75367, 16.16719 ], [ -90.71437, 16.17765 ], [ -90.71562, 16.17034 ], [ -90.70201, 16.17241 ], [ -90.71132, 16.12124 ], [ -90.66517, 16.12069 ], [ -90.66669, 16.15416 ], [ -90.61294, 16.14156 ], [ -90.61241, 16.12058 ], [ -90.57745, 16.11998 ], [ -90.59137, 16.1835 ], [ -90.61096, 16.18339 ], [ -90.61227, 16.1713 ], [ -90.62496, 16.17219 ], [ -90.62342, 16.24288 ], [ -90.55671, 16.25411 ], [ -90.56569, 16.26174 ], [ -90.55892, 16.30275 ], [ -90.58415, 16.30155 ], [ -90.59541, 16.31629 ], [ -90.60928, 16.30776 ], [ -90.60497, 16.34744 ], [ -90.62861, 16.3507 ], [ -90.61415, 16.36382 ], [ -90.66286, 16.37109 ], [ -90.64455, 16.39091 ], [ -90.64055, 16.44182 ], [ -90.70729, 16.4327 ], [ -90.71251, 16.44438 ], [ -90.69889, 16.44645 ], [ -90.69424, 16.45811 ], [ -90.67579, 16.46065 ], [ -90.69741, 16.46813 ], [ -90.70678, 16.4916 ], [ -90.67679, 16.49077 ], [ -90.68521, 16.52769 ], [ -90.69752, 16.54072 ], [ -90.69018, 16.54816 ], [ -90.69436, 16.56351 ], [ -90.70439, 16.57284 ], [ -90.69357, 16.58357 ], [ -90.69303, 16.60432 ], [ -90.67617, 16.59035 ], [ -90.65544, 16.59221 ] ] ] } },
{ "type": "Feature", "properties": { "CVEGEO": "07115", "NOM_ENT": "Chiapas", "NOMGEO": "Maravilla Tenejapa", "POB1": 14714.0, "GRADO_MAR": "Muy alto", "IM": 0.0, "IM_NORM": 0.0, "ANALF": 0.0, "SIN_EDUC": 0.0, "SIN_DREN": 2.41, "SIN_ELEC": 2.41, "SIN_AGUA": 16.68, "PISO_TIER": 13.3, "HACIN": 2.41, "LOC5000": 0.0, "ING2SM": 0.0, "POB_TOT": 0 }, "geometry": { "type": "Polygon", "coordinates": [ [ [ -91.15214, 16.30302 ], [ -91.17196, 16.31913 ], [ -91.18073, 16.26671 ], [ -91.1497, 16.26251 ], [ -91.16456, 16.22042 ], [ -91.11603, 16.17254 ], [ -91.16258, 16.127 ], [ -91.16584, 16.07429 ], [ -91.29665, 16.07436 ], [ -91.30479, 16.10775 ], [ -91.32766, 16.12045 ], [ -91.33977, 16.11509 ], [ -91.3459, 16.1238 ], [ -91.33991, 16.12552 ], [ -91.35558, 16.14745 ], [ -91.34041, 16.16776 ], [ -91.35033, 16.18634 ], [ -91.34071, 16.20262 ], [ -91.36836, 16.20051 ], [ -91.37939, 16.2085 ], [ -91.39077, 16.22799 ], [ -91.38542, 16.23069 ], [ -91.39004, 16.25955 ], [ -91.373, 16.24487 ], [ -91.3573, 16.29013 ], [ -91.30225, 16.31441 ], [ -91.30206, 16.28864 ], [ -91.29134, 16.28236 ], [ -91.28303, 16.30234 ], [ -91.27572, 16.29679 ], [ -91.27733, 16.26861 ], [ -91.2487, 16.26718 ], [ -91.2401, 16.259 ], [ -91.23885, 16.29577 ], [ -91.23054, 16.30672 ], [ -91.23331, 16.34417 ], [ -91.19801, 16.32044 ], [ -91.18027, 16.32725 ], [ -91.16445, 16.35293 ], [ -91.13076, 16.33912 ], [ -91.15214, 16.30302 ] ] ] } },
{ "type": "Feature", "properties": { "CVEGEO": "07116", "NOM_ENT": "Chiapas", "NOMGEO": "Marqués de Comillas", "POB1": 12892.0, "GRADO_MAR": "Alto", "IM": 0.0, "IM_NORM": 0.0, "ANALF": 0.0, "SIN_EDUC": 0.0, "SIN_DREN": 5.32, "SIN_ELEC": 5.32, "SIN_AGUA": 23.07, "PISO_TIER": 9.56, "HACIN": 5.32, "LOC5000": 0.0, "ING2SM": 0.0, "POB_TOT": 0 }, "geometry": { "type": "Polygon", "coordinates": [ [ [ -90.72581, 16.4606 ], [ -90.71917, 16.45137 ], [ -90.73088, 16.43705 ], [ -90.72544, 16.41563 ], [ -90.71368, 16.4197 ], [ -90.71251, 16.44438 ], [ -90.70729, 16.4327 ], [ -90.64055, 16.44182 ], [ -90.64455, 16.39091 ], [ -90.66286, 16.37109 ], [ -90.61415, 16.36382 ], [ -90.62861, 16.3507 ], [ -90.60497, 16.34744 ], [ -90.60928, 16.30776 ], [ -90.59541, 16.31629 ], [ -90.58415, 16.30155 ], [ -90.55892, 16.30275 ], [ -90.56569, 16.26174 ], [ -90.55671, 16.25411 ], [ -90.62342, 16.24288 ], [ -90.62496, 16.17219 ], [ -90.61227, 16.1713 ], [ -90.61096, 16.18339 ], [ -90.59137, 16.1835 ], [ -90.57745, 16.11998 ], [ -90.61241, 16.12058 ], [ -90.61294, 16.14156 ], [ -90.66669, 16.15416 ], [ -90.66517, 16.12069 ], [ -90.71132, 16.12124 ], [ -90.70201, 16.17241 ], [ -90.71562, 16.17034 ], [ -90.71437, 16.17765 ], [ -90.75367, 16.16719 ], [ -90.74747, 16.15871 ], [ -90.7611, 16.15186 ], [ -90.77138, 16.16186 ], [ -90.78867, 16.14457 ], [ -90.79148, 16.0742 ], [ -90.96118, 16.07405 ], [ -90.94372, 16.08067 ], [ -90.95066, 16.08098 ], [ -90.95859, 16.10031 ], [ -90.9304, 16.11375 ], [ -90.88354, 16.17665 ], [ -90.88517, 16.1952 ], [ -90.90901, 16.19795 ], [ -90.9004, 16.21295 ], [ -90.89253, 16.21508 ], [ -90.88754, 16.20141 ], [ -90.87733, 16.19969 ], [ -90.86563, 16.21446 ], [ -90.84336, 16.22222 ], [ -90.84566, 16.22981 ], [ -90.87012, 16.2362 ], [ -90.86676, 16.24215 ], [ -90.84675, 16.24081 ], [ -90.86653, 16.26396 ], [ -90.87472, 16.29849 ], [ -90.87296, 16.30881 ], [ -90.85955, 16.31482 ], [ -90.8568, 16.33662 ], [ -90.82991, 16.33228 ], [ -90.77824, 16.34635 ], [ -90.75355, 16.33983 ], [ -90.76353, 16.35956 ], [ -90.74941, 16.37098 ], [ -90.77306, 16.38167 ], [ -90.75581, 16.39703 ], [ -90.77255, 16.40792 ], [ -90.77386, 16.41866 ], [ -90.75526, 16.42626 ], [ -90.72806, 16.47006 ], [ -90.71654, 16.47301 ], [ -90.71302, 16.46457 ], [ -90.72581, 16.4606 ] ] ] } },
{ "type": "Feature", "properties": { "CVEGEO": "07117", "NOM_ENT": "Chiapas", "NOMGEO": "Montecristo de Guerrero", "POB1": 8412.0, "GRADO_MAR": "Alto", "IM": 0.0, "IM_NORM": 0.0, "ANALF": 0.0, "SIN_EDUC": 0.0, "SIN_DREN": 2.89, "SIN_ELEC": 2.89, "SIN_AGUA": 1.87, "PISO_TIER": 17.92, "HACIN": 2.89, "LOC5000": 0.0, "ING2SM": 0.0, "POB_TOT": 0 }, "geometry": { "type": "Polygon", "coordinates": [ [ [ -92.5808, 15.7316 ], [ -92.57724, 15.68972 ], [ -92.59483, 15.67028 ], [ -92.58919, 15.65731 ], [ -92.61535, 15.64295 ], [ -92.61356, 15.63338 ], [ -92.63054, 15.63365 ], [ -92.65131, 15.6165 ], [ -92.69989, 15.60189 ], [ -92.73847, 15.61638 ], [ -92.76382, 15.61495 ], [ -92.76634, 15.67016 ], [ -92.71605, 15.68304 ], [ -92.70858, 15.71043 ], [ -92.69124, 15.71017 ], [ -92.68756, 15.69453 ], [ -92.67608, 15.72285 ], [ -92.57118, 15.75205 ], [ -92.5808, 15.7316 ] ] ] } },
{ "type": "Feature", "properties": { "CVEGEO": "07118", "NOM_ENT": "Chiapas", "NOMGEO": "San Andrés Duraznal", "POB1": 6047.0, "GRADO_MAR": "Alto", "IM": 0.0, "IM_NORM": 0.0, "ANALF": 0.0, "SIN_EDUC": 0.0, "SIN_DREN": 1.31, "SIN_ELEC": 1.31, "SIN_AGUA": 0.66, "PISO_TIER": 7.62, "HACIN": 1.31, "LOC5000": 0.0, "ING2SM": 0.0, "POB_TOT": 0 }, "geometry": { "type": "Polygon", "coordinates": [ [ [ -92.78438, 17.19141 ], [ -92.79215, 17.18721 ], [ -92.76855, 17.17768 ], [ -92.79123, 17.17194 ], [ -92.78666, 17.14912 ], [ -92.77732, 17.15563 ], [ -92.7887, 17.13552 ], [ -92.75768, 17.12644 ], [ -92.77641, 17.11778 ], [ -92.81164, 17.12848 ], [ -92.81147, 17.12296 ], [ -92.8284, 17.12259 ], [ -92.83985, 17.14617 ], [ -92.83086, 17.15186 ], [ -92.84705, 17.15674 ], [ -92.82548, 17.15386 ], [ -92.83187, 17.16239 ], [ -92.82455, 17.16241 ], [ -92.80356, 17.19355 ], [ -92.79902, 17.202 ], [ -92.80632, 17.20556 ], [ -92.79139, 17.20362 ], [ -92.78438, 17.19141 ] ] ] } },
{ "type": "Feature", "properties": { "CVEGEO": "07119", "NOM_ENT": "Chiapas", "NOMGEO": "Santiago el Pinar", "POB1": 4959.0, "GRADO_MAR": "Muy alto", "IM": 0.0, "IM_NORM": 0.0, "ANALF": 0.0, "SIN_EDUC": 0.0, "SIN_DREN": 2.06, "SIN_ELEC": 2.06, "SIN_AGUA": 1.03, "PISO_TIER": 21.66, "HACIN": 2.06, "LOC5000": 0.0, "ING2SM": 0.0, "POB_TOT": 0 }, "geometry": { "type": "Polygon", "coordinates": [ [ [ -92.71671, 16.96567 ], [ -92.70607, 16.95997 ], [ -92.70468, 16.93603 ], [ -92.72158, 16.91599 ], [ -92.73095, 16.93388 ], [ -92.74334, 16.93656 ], [ -92.74211, 16.94772 ], [ -92.72635, 16.95951 ], [ -92.73749, 16.96956 ], [ -92.72376, 16.97909 ], [ -92.71317, 16.97597 ], [ -92.71671, 16.96567 ] ] ] } },
{ "type": "Feature", "properties": { "CVEGEO": "07121", "NOM_ENT": "Chiapas", "NOMGEO": "Rincón Chamula San Pedro", "POB1": 8718.0, "GRADO_MAR": "Alto", "IM": 0.0, "IM_NORM": 0.0, "ANALF": 0.0, "SIN_EDUC": 0.0, "SIN_DREN": 1.9, "SIN_ELEC": 1.9, "SIN_AGUA": 2.53, "PISO_TIER": 24.79, "HACIN": 1.9, "LOC5000": 0.0, "ING2SM": 0.0, "POB_TOT": 0 }, "geometry": { "type": "Polygon", "coordinates": [ [ [ -92.9217, 17.2453 ], [ -92.90918, 17.26396 ], [ -92.88578, 17.26023 ], [ -92.89279, 17.21225 ], [ -92.90688, 17.21585 ], [ -92.91165, 17.20944 ], [ -92.89968, 17.19752 ], [ -92.91495, 17.17804 ], [ -92.91061, 17.16799 ], [ -92.93383, 17.15181 ], [ -92.9465, 17.16437 ], [ -92.94839, 17.15901 ], [ -92.96852, 17.16843 ], [ -92.96474, 17.19722 ], [ -92.95726, 17.19705 ], [ -92.95301, 17.20833 ], [ -92.9757, 17.23155 ], [ -92.96324, 17.23523 ], [ -92.97158, 17.2878 ], [ -92.96376, 17.28762 ], [ -92.9217, 17.2453 ] ] ] } },
{ "type": "Feature", "properties": { "CVEGEO": "07122", "NOM_ENT": "Chiapas", "NOMGEO": "El Parral", "POB1": 15587.0, "GRADO_MAR": "Medio", "IM": 0.0, "IM_NORM": 0.0, "ANALF": 0.0, "SIN_EDUC": 0.0, "SIN_DREN": 2.59, "SIN_ELEC": 2.59, "SIN_AGUA": 3.65, "PISO_TIER": 6.0, "HACIN": 2.59, "LOC5000": 0.0, "ING2SM": 0.0, "POB_TOT": 0 }, "geometry": { "type": "Polygon", "coordinates": [ [ [ -92.96011, 16.42483 ], [ -92.8938, 16.3693 ], [ -92.90721, 16.3455 ], [ -92.895, 16.34193 ], [ -92.89506, 16.30431 ], [ -92.88714, 16.3045 ], [ -92.88929, 16.29578 ], [ -92.88266, 16.29223 ], [ -92.84618, 16.29083 ], [ -92.84792, 16.2893 ], [ -92.85036, 16.29009 ], [ -92.85136, 16.28855 ], [ -92.85338, 16.28964 ], [ -92.85437, 16.28904 ], [ -92.84809, 16.28501 ], [ -92.85216, 16.26407 ], [ -92.89882, 16.25406 ], [ -92.9166, 16.25989 ], [ -92.90821, 16.24779 ], [ -92.92321, 16.25615 ], [ -92.92034, 16.24071 ], [ -92.93172, 16.24454 ], [ -92.93172, 16.25565 ], [ -92.95655, 16.26309 ], [ -92.94431, 16.24913 ], [ -92.94946, 16.24474 ], [ -92.94228, 16.24752 ], [ -92.93389, 16.23839 ], [ -92.95418, 16.24456 ], [ -92.9494, 16.23329 ], [ -92.9751, 16.24108 ], [ -92.96886, 16.24919 ], [ -92.98557, 16.25213 ], [ -93.0031, 16.27051 ], [ -93.00818, 16.25616 ], [ -93.02443, 16.25853 ], [ -93.01827, 16.27897 ], [ -93.02496, 16.26456 ], [ -93.03996, 16.26594 ], [ -93.03463, 16.27137 ], [ -93.04402, 16.28208 ], [ -93.05555, 16.27014 ], [ -93.06215, 16.28404 ], [ -93.05483, 16.29555 ], [ -93.07108, 16.28577 ], [ -93.08428, 16.33032 ], [ -93.09252, 16.3338 ], [ -93.07856, 16.36193 ], [ -93.10273, 16.37414 ], [ -93.10168, 16.38792 ], [ -93.04436, 16.44043 ], [ -92.96011, 16.42483 ] ] ] } },
{ "type": "Feature", "properties": { "CVEGEO": "07123", "NOM_ENT": "Chiapas", "NOMGEO": "Emiliano Zapata", "POB1": 10783.0, "GRADO_MAR": "Medio", "IM": 0.0, "IM_NORM": 0.0, "ANALF": 0.0, "SIN_EDUC": 0.0, "SIN_DREN": 2.69, "SIN_ELEC": 2.69, "SIN_AGUA": 8.16, "PISO_TIER": 8.87, "HACIN": 2.69, "LOC5000": 0.0, "ING2SM": 0.0, "POB_TOT": 0 }, "geometry": { "type": "Polygon", "coordinates": [ [ [ -92.86222, 16.58151 ], [ -92.85908, 16.56721 ], [ -92.84127, 16.56377 ], [ -92.86492, 16.54751 ], [ -92.85847, 16.52386 ], [ -92.8925, 16.51819 ], [ -92.89292, 16.50776 ], [ -92.88534, 16.50161 ], [ -92.87592, 16.50969 ], [ -92.85167, 16.48376 ], [ -92.85856, 16.48058 ], [ -92.85755, 16.46887 ], [ -92.83414, 16.46781 ], [ -92.82673, 16.4496 ], [ -92.78511, 16.43588 ], [ -92.79117, 16.41742 ], [ -92.7776, 16.40112 ], [ -92.80755, 16.37823 ], [ -92.82058, 16.39163 ], [ -92.83158, 16.38156 ], [ -92.85472, 16.40631 ], [ -92.87399, 16.41265 ], [ -92.877, 16.40148 ], [ -92.88762, 16.39787 ], [ -92.88338, 16.40227 ], [ -92.89386, 16.42648 ], [ -92.90845, 16.44581 ], [ -92.90218, 16.45416 ], [ -92.91299, 16.46726 ], [ -92.90741, 16.47488 ], [ -92.91523, 16.48624 ], [ -92.92985, 16.47778 ], [ -92.93422, 16.48621 ], [ -92.94162, 16.4833 ], [ -92.94754, 16.49468 ], [ -92.93679, 16.50409 ], [ -92.94804, 16.51893 ], [ -92.94298, 16.53221 ], [ -92.95821, 16.57287 ], [ -92.92139, 16.63883 ], [ -92.88679, 16.5883 ], [ -92.86222, 16.58151 ] ] ] } },
{ "type": "Feature", "properties": { "CVEGEO": "07124", "NOM_ENT": "Chiapas", "NOMGEO": "Mezcalapa", "POB1": 23847.0, "GRADO_MAR": "Alto", "IM": 0.0, "IM_NORM": 0.0, "ANALF": 0.0, "SIN_EDUC": 0.0, "SIN_DREN": 3.0, "SIN_ELEC": 3.0, "SIN_AGUA": 6.41, "PISO_TIER": 15.73, "HACIN": 3.0, "LOC5000": 0.0, "ING2SM": 0.0, "POB_TOT": 0 }, "geometry": { "type": "Polygon", "coordinates": [ [ [ -93.50106, 17.38621 ], [ -93.49204, 17.3742 ], [ -93.49785, 17.36881 ], [ -93.49532, 17.36641 ], [ -93.49477, 17.35383 ], [ -93.50045, 17.35569 ], [ -93.49895, 17.33376 ], [ -93.48518, 17.33215 ], [ -93.48267, 17.33922 ], [ -93.4739, 17.3379 ], [ -93.47665, 17.3312 ], [ -93.4572, 17.32904 ], [ -93.45914, 17.30993 ], [ -93.4499, 17.30852 ], [ -93.45123, 17.29864 ], [ -93.43829, 17.29634 ], [ -93.44021, 17.28964 ], [ -93.46201, 17.28803 ], [ -93.49967, 17.29257 ], [ -93.50621, 17.27575 ], [ -93.49764, 17.27169 ], [ -93.50319, 17.26704 ], [ -93.47842, 17.22468 ], [ -93.46371, 17.21226 ], [ -93.46844, 17.20246 ], [ -93.49192, 17.19632 ], [ -93.47907, 17.1648 ], [ -93.4626, 17.16866 ], [ -93.46103, 17.16271 ], [ -93.47908, 17.15804 ], [ -93.47897, 17.14478 ], [ -93.4896, 17.15351 ], [ -93.51734, 17.11869 ], [ -93.56024, 17.10862 ], [ -93.56415, 17.11794 ], [ -93.58553, 17.12747 ], [ -93.59269, 17.12296 ], [ -93.59095, 17.12995 ], [ -93.62133, 17.13706 ], [ -93.61981, 17.14277 ], [ -93.62914, 17.14371 ], [ -93.62491, 17.14011 ], [ -93.63219, 17.13648 ], [ -93.63193, 17.14341 ], [ -93.65921, 17.14355 ], [ -93.66565, 17.15417 ], [ -93.68982, 17.15723 ], [ -93.69987, 17.1477 ], [ -93.68502, 17.1442 ], [ -93.69346, 17.12886 ], [ -93.68369, 17.12606 ], [ -93.69396, 17.09848 ], [ -93.71139, 17.09591 ], [ -93.71389, 17.08831 ], [ -93.7293, 17.09205 ], [ -93.73606, 17.07627 ], [ -93.76072, 17.10135 ], [ -93.7741, 17.09028 ], [ -93.81288, 17.1146 ], [ -93.81971, 17.10723 ], [ -93.8291, 17.12464 ], [ -93.83989, 17.12047 ], [ -93.86742, 17.13696 ], [ -93.86091, 17.16374 ], [ -93.82713, 17.1725 ], [ -93.82662, 17.19049 ], [ -93.80144, 17.24038 ], [ -93.7886, 17.23232 ], [ -93.77244, 17.24582 ], [ -93.76297, 17.23934 ], [ -93.66269, 17.25627 ], [ -93.66441, 17.28619 ], [ -93.63813, 17.29095 ], [ -93.60793, 17.31493 ], [ -93.55413, 17.3882 ], [ -93.52882, 17.38466 ], [ -93.5269, 17.3966 ], [ -93.50106, 17.38621 ] ] ] } },
{ "type": "Feature", "properties": { "CVEGEO": "07125", "NOM_ENT": "Chiapas", "NOMGEO": "Honduras de la Sierra", "POB1": 11650.0, "GRADO_MAR": "Alto", "IM": 0.0, "IM_NORM": 0.0, "ANALF": 0.0, "SIN_EDUC": 0.0, "SIN_DREN": 1.6, "SIN_ELEC": 1.6, "SIN_AGUA": 1.58, "PISO_TIER": 21.28, "HACIN": 1.6, "LOC5000": 0.0, "ING2SM": 0.0, "POB_TOT": 0 }, "geometry": { "type": "Polygon", "coordinates": [ [ [ -92.40861, 15.65792 ], [ -92.4065, 15.64431 ], [ -92.42186, 15.62784 ], [ -92.3995, 15.59857 ], [ -92.40952, 15.59862 ], [ -92.40776, 15.59142 ], [ -92.38286, 15.54602 ], [ -92.36362, 15.54144 ], [ -92.37197, 15.53133 ], [ -92.36468, 15.52699 ], [ -92.36572, 15.51645 ], [ -92.38032, 15.50228 ], [ -92.39399, 15.51188 ], [ -92.46065, 15.5052 ], [ -92.45615, 15.48969 ], [ -92.47371, 15.48973 ], [ -92.5038, 15.47114 ], [ -92.53303, 15.50008 ], [ -92.53918, 15.51064 ], [ -92.53407, 15.52912 ], [ -92.55089, 15.54231 ], [ -92.55249, 15.57027 ], [ -92.54188, 15.60115 ], [ -92.52065, 15.61471 ], [ -92.49761, 15.64438 ], [ -92.48142, 15.63761 ], [ -92.46476, 15.66273 ], [ -92.43168, 15.65628 ], [ -92.39878, 15.67603 ], [ -92.38522, 15.67244 ], [ -92.38695, 15.66492 ], [ -92.40861, 15.65792 ] ] ] } }
]
}
