{
"type": "FeatureCollection",
"name": "Municipal_opt",
"crs": { "type": "name", "properties": { "name": "urn:ogc:def:crs:OGC:1.3:CRS84" } },
"features": [
{ "type": "Feature", "properties": { "NOMGEO": "Acajete", "CVEGEO": "30001", "POB1": 9701.0, "POB84": 4920.0, "POB42": 4781.0 }, "geometry": { "type": "Polygon", "coordinates": [ [ [ -97.03785, 19.61594 ], [ -97.02036, 19.62168 ], [ -96.99662, 19.61365 ], [ -96.996, 19.57831 ], [ -96.99997, 19.57337 ], [ -96.99662, 19.56377 ], [ -96.98834, 19.56267 ], [ -97.01829, 19.55161 ], [ -97.01483, 19.542 ], [ -97.00393, 19.53673 ], [ -97.01128, 19.53483 ], [ -97.00025, 19.52954 ], [ -97.02225, 19.52552 ], [ -97.01369, 19.52342 ], [ -97.01694, 19.51153 ], [ -97.02144, 19.51363 ], [ -97.02539, 19.50799 ], [ -97.03012, 19.5139 ], [ -97.02833, 19.50532 ], [ -97.051, 19.51143 ], [ -97.0566, 19.51743 ], [ -97.07964, 19.52022 ], [ -97.09248, 19.53191 ], [ -97.10457, 19.5313 ], [ -97.09954, 19.53635 ], [ -97.10041, 19.54788 ], [ -97.09122, 19.55176 ], [ -97.09735, 19.56238 ], [ -97.09511, 19.56801 ], [ -97.08648, 19.56666 ], [ -97.09331, 19.58289 ], [ -97.04102, 19.61518 ], [ -97.04141, 19.62417 ], [ -97.03425, 19.62555 ], [ -97.03785, 19.61594 ] ] ] } },
{ "type": "Feature", "properties": { "NOMGEO": "Acatlán", "CVEGEO": "30002", "POB1": 3441.0, "POB84": 1666.0, "POB42": 1775.0 }, "geometry": { "type": "Polygon", "coordinates": [ [ [ -96.82016, 19.71103 ], [ -96.81948, 19.70136 ], [ -96.81328, 19.69581 ], [ -96.8225, 19.69446 ], [ -96.8224, 19.68344 ], [ -96.83026, 19.68347 ], [ -96.82467, 19.67243 ], [ -96.84022, 19.67089 ], [ -96.85327, 19.66261 ], [ -96.85228, 19.67543 ], [ -96.86157, 19.68025 ], [ -96.8644, 19.69003 ], [ -96.86186, 19.69488 ], [ -96.85444, 19.6954 ], [ -96.85577, 19.70877 ], [ -96.83449, 19.71457 ], [ -96.82016, 19.71103 ] ] ] } },
{ "type": "Feature", "properties": { "NOMGEO": "Acayucan", "CVEGEO": "30003", "POB1": 80815.0, "POB84": 38517.0, "POB42": 42298.0 }, "geometry": { "type": "Polygon", "coordinates": [ [ [ -94.99328, 18.11114 ], [ -94.98955, 18.1064 ], [ -94.9376, 18.1411 ], [ -94.93459, 18.13541 ], [ -94.92301, 18.13465 ], [ -94.92225, 18.12879 ], [ -94.91766, 18.12887 ], [ -94.91399, 18.11859 ], [ -94.92173, 18.11247 ], [ -94.89875, 18.11412 ], [ -94.89051, 18.11074 ], [ -94.89156, 18.10697 ], [ -94.88411, 18.10709 ], [ -94.88312, 18.09978 ], [ -94.88727, 18.09803 ], [ -94.87994, 18.09336 ], [ -94.87799, 18.07046 ], [ -94.86068, 18.05463 ], [ -94.85452, 18.03967 ], [ -94.86847, 18.0418 ], [ -94.87121, 18.03139 ], [ -94.86459, 18.0273 ], [ -94.84951, 17.99845 ], [ -94.85022, 17.99306 ], [ -94.86587, 17.99372 ], [ -94.87234, 17.98703 ], [ -94.89479, 17.99814 ], [ -94.89925, 17.97152 ], [ -94.91187, 17.97128 ], [ -94.90753, 17.95888 ], [ -94.89854, 17.95939 ], [ -94.89053, 17.95244 ], [ -94.91372, 17.93364 ], [ -94.91949, 17.93498 ], [ -94.9302, 17.92138 ], [ -94.94846, 17.92141 ], [ -94.94848, 17.92663 ], [ -94.95632, 17.92213 ], [ -94.95475, 17.92847 ], [ -94.96023, 17.92833 ], [ -94.96625, 17.92098 ], [ -94.96298, 17.92002 ], [ -94.98254, 17.90766 ], [ -94.98737, 17.91027 ], [ -94.98278, 17.91468 ], [ -94.98919, 17.92905 ], [ -95.01044, 17.92995 ], [ -95.01027, 17.94436 ], [ -95.00579, 17.94539 ], [ -95.01022, 17.95299 ], [ -95.00133, 17.9558 ], [ -95.01011, 17.96427 ], [ -95.01894, 17.96435 ], [ -95.02491, 17.95896 ], [ -95.0533, 17.96022 ], [ -95.05829, 17.96367 ], [ -95.05826, 17.97432 ], [ -95.0849, 17.97617 ], [ -95.09697, 17.97275 ], [ -95.09686, 17.95589 ], [ -95.11887, 17.95899 ], [ -95.13386, 17.96824 ], [ -95.13583, 17.95741 ], [ -95.13153, 17.94417 ], [ -95.13731, 17.94869 ], [ -95.14815, 17.94206 ], [ -95.15477, 17.95305 ], [ -95.16559, 17.95537 ], [ -95.16989, 17.96315 ], [ -95.16836, 17.98128 ], [ -95.18025, 17.98586 ], [ -95.19326, 17.98181 ], [ -95.20498, 18.00467 ], [ -95.2077, 18.01944 ], [ -95.19449, 18.01487 ], [ -95.1905, 18.01777 ], [ -95.19726, 18.02401 ], [ -95.21118, 18.02405 ], [ -95.19876, 18.03056 ], [ -95.20052, 18.04034 ], [ -95.20791, 18.04084 ], [ -95.20826, 18.03085 ], [ -95.21343, 18.0307 ], [ -95.22291, 18.05115 ], [ -95.2328, 18.04826 ], [ -95.24234, 18.053 ], [ -95.2452, 18.06045 ], [ -95.24187, 18.06299 ], [ -95.22825, 18.06028 ], [ -95.23505, 18.07313 ], [ -95.22639, 18.08735 ], [ -95.24062, 18.09968 ], [ -95.24796, 18.09863 ], [ -95.25991, 18.12111 ], [ -95.25207, 18.12316 ], [ -95.24337, 18.10875 ], [ -95.22515, 18.11222 ], [ -95.22661, 18.09836 ], [ -95.20597, 18.08688 ], [ -95.2011, 18.0779 ], [ -95.1921, 18.07645 ], [ -95.19253, 18.06852 ], [ -95.1859, 18.06216 ], [ -95.18277, 18.07438 ], [ -95.16791, 18.07921 ], [ -95.15995, 18.0767 ], [ -95.15549, 18.08521 ], [ -95.15966, 18.08915 ], [ -95.13883, 18.10865 ], [ -95.12873, 18.12868 ], [ -95.12045, 18.13338 ], [ -95.10277, 18.12762 ], [ -95.08686, 18.1424 ], [ -95.07372, 18.13541 ], [ -95.06214, 18.14331 ], [ -95.05655, 18.13995 ], [ -95.06621, 18.13247 ], [ -95.05042, 18.12567 ], [ -95.04448, 18.11101 ], [ -95.0331, 18.11755 ], [ -95.03377, 18.12196 ], [ -95.02062, 18.12159 ], [ -95.01705, 18.14098 ], [ -95.00702, 18.13623 ], [ -95.0065, 18.12568 ], [ -95.00244, 18.12587 ], [ -95.00402, 18.14426 ], [ -95.00087, 18.1411 ], [ -95.00048, 18.14841 ], [ -94.99335, 18.14555 ], [ -94.99848, 18.1286 ], [ -94.99189, 18.1274 ], [ -94.99328, 18.11114 ] ] ] } },
{ "type": "Feature", "properties": { "NOMGEO": "Actopan", "CVEGEO": "30004", "POB1": 41742.0, "POB84": 20610.0, "POB42": 21132.0 }, "geometry": { "type": "Polygon", "coordinates": [ [ [ -96.39154, 19.67828 ], [ -96.39789, 19.67114 ], [ -96.39581, 19.64469 ], [ -96.37201, 19.60188 ], [ -96.37928, 19.59224 ], [ -96.37403, 19.5609 ], [ -96.33008, 19.49752 ], [ -96.33746, 19.49009 ], [ -96.3549, 19.48504 ], [ -96.35631, 19.47902 ], [ -96.36412, 19.48617 ], [ -96.37362, 19.48449 ], [ -96.36727, 19.47887 ], [ -96.36884, 19.47419 ], [ -96.38351, 19.47046 ], [ -96.39183, 19.45695 ], [ -96.40067, 19.45908 ], [ -96.39842, 19.46369 ], [ -96.41368, 19.45584 ], [ -96.4308, 19.46104 ], [ -96.4587, 19.46141 ], [ -96.46464, 19.45295 ], [ -96.47478, 19.45217 ], [ -96.47703, 19.44245 ], [ -96.49442, 19.41941 ], [ -96.51369, 19.41723 ], [ -96.51547, 19.39879 ], [ -96.53073, 19.40324 ], [ -96.53807, 19.39466 ], [ -96.54485, 19.40188 ], [ -96.5543, 19.40035 ], [ -96.55957, 19.41726 ], [ -96.56648, 19.41568 ], [ -96.56555, 19.4082 ], [ -96.56958, 19.40595 ], [ -96.57774, 19.4218 ], [ -96.60604, 19.42032 ], [ -96.62543, 19.43217 ], [ -96.64826, 19.43649 ], [ -96.65504, 19.45472 ], [ -96.68883, 19.45504 ], [ -96.69337, 19.46487 ], [ -96.71137, 19.47306 ], [ -96.70494, 19.48131 ], [ -96.71729, 19.49679 ], [ -96.73302, 19.5065 ], [ -96.72933, 19.51665 ], [ -96.77376, 19.52899 ], [ -96.78087, 19.54027 ], [ -96.794, 19.54545 ], [ -96.79028, 19.55387 ], [ -96.77452, 19.55501 ], [ -96.76753, 19.56557 ], [ -96.75995, 19.56308 ], [ -96.75739, 19.56689 ], [ -96.76267, 19.5729 ], [ -96.75778, 19.57532 ], [ -96.75312, 19.57123 ], [ -96.72966, 19.5715 ], [ -96.70644, 19.56464 ], [ -96.70455, 19.55673 ], [ -96.68061, 19.53234 ], [ -96.67542, 19.53315 ], [ -96.66532, 19.53927 ], [ -96.68471, 19.55964 ], [ -96.68375, 19.57021 ], [ -96.67971, 19.56957 ], [ -96.68242, 19.58173 ], [ -96.65974, 19.58958 ], [ -96.64376, 19.58367 ], [ -96.64363, 19.58763 ], [ -96.64132, 19.58037 ], [ -96.63102, 19.57833 ], [ -96.62204, 19.58801 ], [ -96.60592, 19.58724 ], [ -96.62263, 19.60072 ], [ -96.61907, 19.61915 ], [ -96.60788, 19.6143 ], [ -96.59529, 19.62219 ], [ -96.58721, 19.61742 ], [ -96.55955, 19.61919 ], [ -96.54139, 19.64402 ], [ -96.53944, 19.65494 ], [ -96.52679, 19.66205 ], [ -96.52737, 19.67305 ], [ -96.52161, 19.68285 ], [ -96.51356, 19.68967 ], [ -96.50821, 19.683 ], [ -96.49915, 19.68451 ], [ -96.50371, 19.70576 ], [ -96.48159, 19.71242 ], [ -96.47158, 19.71034 ], [ -96.46448, 19.71505 ], [ -96.47041, 19.71875 ], [ -96.45019, 19.72723 ], [ -96.4403, 19.72033 ], [ -96.43519, 19.709 ], [ -96.42679, 19.71662 ], [ -96.4105, 19.71101 ], [ -96.39154, 19.67828 ] ] ] } },
{ "type": "Feature", "properties": { "NOMGEO": "Acula", "CVEGEO": "30005", "POB1": 5253.0, "POB84": 2670.0, "POB42": 2583.0 }, "geometry": { "type": "Polygon", "coordinates": [ [ [ -95.76556, 18.54625 ], [ -95.75439, 18.53484 ], [ -95.73891, 18.53622 ], [ -95.72905, 18.54458 ], [ -95.71607, 18.51567 ], [ -95.70457, 18.50239 ], [ -95.70512, 18.49476 ], [ -95.72073, 18.48136 ], [ -95.74612, 18.48657 ], [ -95.74675, 18.47996 ], [ -95.76036, 18.4688 ], [ -95.77642, 18.47212 ], [ -95.77821, 18.46678 ], [ -95.78727, 18.46484 ], [ -95.79951, 18.46803 ], [ -95.81106, 18.4832 ], [ -95.81739, 18.4787 ], [ -95.85078, 18.49385 ], [ -95.84906, 18.49974 ], [ -95.83339, 18.50374 ], [ -95.82664, 18.53948 ], [ -95.85055, 18.56621 ], [ -95.86755, 18.56451 ], [ -95.8655, 18.57575 ], [ -95.88297, 18.58239 ], [ -95.87547, 18.588 ], [ -95.87643, 18.594 ], [ -95.88913, 18.6033 ], [ -95.89207, 18.61132 ], [ -95.86553, 18.64473 ], [ -95.84784, 18.64909 ], [ -95.84775, 18.66136 ], [ -95.83905, 18.65448 ], [ -95.82541, 18.65723 ], [ -95.82349, 18.64562 ], [ -95.8037, 18.64685 ], [ -95.81149, 18.61621 ], [ -95.80816, 18.61276 ], [ -95.7938, 18.61586 ], [ -95.79045, 18.59704 ], [ -95.7835, 18.58986 ], [ -95.78617, 18.58178 ], [ -95.7757, 18.56951 ], [ -95.76605, 18.57152 ], [ -95.75826, 18.55504 ], [ -95.76556, 18.54625 ] ] ] } },
{ "type": "Feature", "properties": { "NOMGEO": "Acultzingo", "CVEGEO": "30006", "POB1": 23100.0, "POB84": 11178.0, "POB42": 11922.0 }, "geometry": { "type": "Polygon", "coordinates": [ [ [ -97.22535, 18.75829 ], [ -97.20882, 18.7445 ], [ -97.22368, 18.73195 ], [ -97.21577, 18.72033 ], [ -97.23351, 18.70202 ], [ -97.22923, 18.69164 ], [ -97.2193, 18.69114 ], [ -97.22245, 18.68348 ], [ -97.23062, 18.6811 ], [ -97.22775, 18.66823 ], [ -97.23068, 18.66593 ], [ -97.23651, 18.6707 ], [ -97.24029, 18.66627 ], [ -97.2438, 18.64693 ], [ -97.23543, 18.64357 ], [ -97.24524, 18.64022 ], [ -97.25227, 18.62673 ], [ -97.27185, 18.62778 ], [ -97.28187, 18.65249 ], [ -97.29121, 18.65546 ], [ -97.3032, 18.67429 ], [ -97.32318, 18.66431 ], [ -97.3304, 18.67314 ], [ -97.33103, 18.68312 ], [ -97.33726, 18.67859 ], [ -97.34397, 18.68576 ], [ -97.34219, 18.7059 ], [ -97.35002, 18.71714 ], [ -97.34215, 18.72582 ], [ -97.34719, 18.72744 ], [ -97.33951, 18.74241 ], [ -97.34439, 18.749 ], [ -97.33783, 18.76068 ], [ -97.30009, 18.773 ], [ -97.28067, 18.76338 ], [ -97.2781, 18.77408 ], [ -97.26998, 18.77139 ], [ -97.26478, 18.77882 ], [ -97.22882, 18.7917 ], [ -97.21089, 18.78754 ], [ -97.20652, 18.78044 ], [ -97.22535, 18.75829 ] ] ] } },
{ "type": "Feature", "properties": { "NOMGEO": "Camarón de Tejeda", "CVEGEO": "30007", "POB1": 6538.0, "POB84": 3195.0, "POB42": 3343.0 }, "geometry": { "type": "Polygon", "coordinates": [ [ [ -96.5141, 19.04751 ], [ -96.51395, 19.04104 ], [ -96.50403, 19.03892 ], [ -96.50336, 19.05091 ], [ -96.49973, 19.04547 ], [ -96.48261, 19.04524 ], [ -96.48252, 19.02975 ], [ -96.49028, 19.02981 ], [ -96.49193, 19.01864 ], [ -96.48749, 18.98673 ], [ -96.49419, 18.9933 ], [ -96.50994, 18.99706 ], [ -96.52486, 18.99126 ], [ -96.52863, 18.97826 ], [ -96.55898, 18.97638 ], [ -96.55724, 18.96553 ], [ -96.54997, 18.96554 ], [ -96.54603, 18.9595 ], [ -96.53821, 18.96203 ], [ -96.54394, 18.95429 ], [ -96.57758, 18.96055 ], [ -96.60032, 18.95503 ], [ -96.60368, 18.96177 ], [ -96.61334, 18.95034 ], [ -96.6168, 18.95775 ], [ -96.60406, 18.96973 ], [ -96.63225, 18.97656 ], [ -96.61679, 18.97815 ], [ -96.61446, 18.98767 ], [ -96.61039, 18.9876 ], [ -96.61129, 19.01661 ], [ -96.61932, 19.01602 ], [ -96.61987, 19.02191 ], [ -96.64195, 19.01357 ], [ -96.66778, 19.01994 ], [ -96.66441, 19.03334 ], [ -96.64606, 19.03723 ], [ -96.63966, 19.05219 ], [ -96.63098, 19.04264 ], [ -96.62057, 19.05042 ], [ -96.61765, 19.04658 ], [ -96.6153, 19.05571 ], [ -96.61547, 19.04941 ], [ -96.60448, 19.04997 ], [ -96.6023, 19.04409 ], [ -96.60058, 19.05059 ], [ -96.59564, 19.04568 ], [ -96.58925, 19.05163 ], [ -96.58659, 19.04702 ], [ -96.58262, 19.05221 ], [ -96.57734, 19.04859 ], [ -96.57757, 19.05224 ], [ -96.57211, 19.05024 ], [ -96.56794, 19.0546 ], [ -96.56662, 19.05094 ], [ -96.56238, 19.05425 ], [ -96.55283, 19.05033 ], [ -96.55103, 19.0387 ], [ -96.54737, 19.04547 ], [ -96.54016, 19.04525 ], [ -96.54234, 19.03908 ], [ -96.5141, 19.04751 ] ] ] } },
{ "type": "Feature", "properties": { "NOMGEO": "Alpatláhuac", "CVEGEO": "30008", "POB1": 10338.0, "POB84": 5034.0, "POB42": 5304.0 }, "geometry": { "type": "Polygon", "coordinates": [ [ [ -97.06383, 19.10101 ], [ -97.0786, 19.0993 ], [ -97.0783, 19.09244 ], [ -97.08928, 19.09038 ], [ -97.09836, 19.07959 ], [ -97.10425, 19.08178 ], [ -97.12121, 19.0762 ], [ -97.11514, 19.06802 ], [ -97.13504, 19.07 ], [ -97.13272, 19.0636 ], [ -97.16712, 19.06325 ], [ -97.19763, 19.07671 ], [ -97.20142, 19.09973 ], [ -97.1405, 19.12872 ], [ -97.1203, 19.13163 ], [ -97.12029, 19.13675 ], [ -97.10027, 19.1263 ], [ -97.0916, 19.1274 ], [ -97.08556, 19.11906 ], [ -97.06646, 19.11289 ], [ -97.06383, 19.10101 ] ] ] } },
{ "type": "Feature", "properties": { "NOMGEO": "Alto Lucero de Gutiérrez Barrios", "CVEGEO": "30009", "POB1": 28184.0, "POB84": 14006.0, "POB42": 14178.0 }, "geometry": { "type": "Polygon", "coordinates": [ [ [ -96.4105, 19.71101 ], [ -96.42679, 19.71662 ], [ -96.43519, 19.709 ], [ -96.4403, 19.72033 ], [ -96.45019, 19.72723 ], [ -96.47041, 19.71875 ], [ -96.46448, 19.71505 ], [ -96.47158, 19.71034 ], [ -96.48159, 19.71242 ], [ -96.50371, 19.70576 ], [ -96.49915, 19.68451 ], [ -96.50821, 19.683 ], [ -96.51356, 19.68967 ], [ -96.52161, 19.68285 ], [ -96.52737, 19.67305 ], [ -96.52679, 19.66205 ], [ -96.53944, 19.65494 ], [ -96.54139, 19.64402 ], [ -96.55955, 19.61919 ], [ -96.58721, 19.61742 ], [ -96.59529, 19.62219 ], [ -96.60788, 19.6143 ], [ -96.61907, 19.61915 ], [ -96.62263, 19.60072 ], [ -96.60592, 19.58724 ], [ -96.62204, 19.58801 ], [ -96.63102, 19.57833 ], [ -96.64132, 19.58037 ], [ -96.64363, 19.58763 ], [ -96.64376, 19.58367 ], [ -96.65974, 19.58958 ], [ -96.68242, 19.58173 ], [ -96.67971, 19.56957 ], [ -96.68375, 19.57021 ], [ -96.68471, 19.55964 ], [ -96.66532, 19.53927 ], [ -96.67542, 19.53315 ], [ -96.68061, 19.53234 ], [ -96.70455, 19.55673 ], [ -96.70644, 19.56464 ], [ -96.72966, 19.5715 ], [ -96.75312, 19.57123 ], [ -96.75778, 19.57532 ], [ -96.74991, 19.60061 ], [ -96.75973, 19.61509 ], [ -96.75375, 19.61364 ], [ -96.74677, 19.61968 ], [ -96.75686, 19.63105 ], [ -96.75154, 19.63197 ], [ -96.75311, 19.63725 ], [ -96.74972, 19.63558 ], [ -96.74423, 19.64418 ], [ -96.74446, 19.66317 ], [ -96.7349, 19.66605 ], [ -96.74375, 19.67371 ], [ -96.72767, 19.67356 ], [ -96.72021, 19.69524 ], [ -96.71448, 19.69459 ], [ -96.71737, 19.70669 ], [ -96.72998, 19.71902 ], [ -96.71694, 19.7183 ], [ -96.71682, 19.72488 ], [ -96.70543, 19.72801 ], [ -96.68788, 19.72082 ], [ -96.6855, 19.72907 ], [ -96.68904, 19.73441 ], [ -96.68234, 19.74041 ], [ -96.67133, 19.73508 ], [ -96.6714, 19.72164 ], [ -96.66559, 19.71561 ], [ -96.65322, 19.73668 ], [ -96.67215, 19.74116 ], [ -96.67548, 19.74884 ], [ -96.65086, 19.75373 ], [ -96.64679, 19.77426 ], [ -96.62881, 19.77843 ], [ -96.62499, 19.78439 ], [ -96.61037, 19.78175 ], [ -96.5811, 19.79204 ], [ -96.5765, 19.80504 ], [ -96.5668, 19.80963 ], [ -96.56642, 19.82089 ], [ -96.54163, 19.84884 ], [ -96.54327, 19.85527 ], [ -96.53655, 19.86615 ], [ -96.54525, 19.87614 ], [ -96.53357, 19.89035 ], [ -96.53184, 19.90195 ], [ -96.52594, 19.90494 ], [ -96.53647, 19.91665 ], [ -96.52628, 19.92477 ], [ -96.48414, 19.87846 ], [ -96.44929, 19.84887 ], [ -96.43796, 19.80785 ], [ -96.42307, 19.78915 ], [ -96.4229, 19.77516 ], [ -96.40688, 19.74735 ], [ -96.40831, 19.73862 ], [ -96.39934, 19.71821 ], [ -96.39977, 19.71681 ], [ -96.40063, 19.71535 ], [ -96.39965, 19.71887 ], [ -96.40303, 19.72154 ], [ -96.40692, 19.70515 ], [ -96.4105, 19.71101 ] ] ] } },
{ "type": "Feature", "properties": { "NOMGEO": "Altotonga", "CVEGEO": "30010", "POB1": 64234.0, "POB84": 30527.0, "POB42": 33707.0 }, "geometry": { "type": "Polygon", "coordinates": [ [ [ -96.99586, 19.77674 ], [ -97.00108, 19.77544 ], [ -97.01985, 19.78805 ], [ -97.02594, 19.77999 ], [ -97.03723, 19.78094 ], [ -97.05645, 19.77089 ], [ -97.05877, 19.7639 ], [ -97.06273, 19.76334 ], [ -97.06211, 19.76822 ], [ -97.07112, 19.76615 ], [ -97.07937, 19.75605 ], [ -97.07785, 19.74623 ], [ -97.09349, 19.74275 ], [ -97.11186, 19.74017 ], [ -97.13042, 19.76133 ], [ -97.14363, 19.74635 ], [ -97.14437, 19.73894 ], [ -97.15321, 19.73863 ], [ -97.16756, 19.72421 ], [ -97.16917, 19.71458 ], [ -97.18306, 19.70034 ], [ -97.18558, 19.68837 ], [ -97.19922, 19.68333 ], [ -97.19601, 19.67789 ], [ -97.21617, 19.68496 ], [ -97.22822, 19.67865 ], [ -97.25619, 19.68811 ], [ -97.25913, 19.68012 ], [ -97.24758, 19.66259 ], [ -97.23636, 19.65702 ], [ -97.23804, 19.6368 ], [ -97.25753, 19.64571 ], [ -97.26785, 19.63801 ], [ -97.28095, 19.6861 ], [ -97.27016, 19.69771 ], [ -97.27145, 19.71691 ], [ -97.28194, 19.72477 ], [ -97.28307, 19.732 ], [ -97.28105, 19.75583 ], [ -97.27213, 19.76878 ], [ -97.25977, 19.77581 ], [ -97.26551, 19.77983 ], [ -97.26058, 19.78902 ], [ -97.25572, 19.78253 ], [ -97.24929, 19.78586 ], [ -97.2503, 19.77871 ], [ -97.23345, 19.77841 ], [ -97.22921, 19.77274 ], [ -97.20879, 19.7818 ], [ -97.19919, 19.76244 ], [ -97.18882, 19.75686 ], [ -97.18026, 19.77263 ], [ -97.18732, 19.78303 ], [ -97.1853, 19.78695 ], [ -97.17207, 19.79449 ], [ -97.16267, 19.79292 ], [ -97.13816, 19.81454 ], [ -97.13465, 19.82574 ], [ -97.13795, 19.82942 ], [ -97.13178, 19.82497 ], [ -97.12449, 19.83923 ], [ -97.11943, 19.83729 ], [ -97.11504, 19.8451 ], [ -97.10464, 19.84146 ], [ -97.09638, 19.85392 ], [ -97.08303, 19.84777 ], [ -97.07289, 19.84956 ], [ -97.068, 19.8558 ], [ -97.05783, 19.8441 ], [ -97.05052, 19.84729 ], [ -97.05686, 19.85377 ], [ -97.03188, 19.86526 ], [ -97.01747, 19.8569 ], [ -97.00853, 19.85834 ], [ -97.00986, 19.86737 ], [ -97.00362, 19.88273 ], [ -96.98795, 19.88653 ], [ -96.97448, 19.88214 ], [ -96.9563, 19.893 ], [ -96.95583, 19.87699 ], [ -96.94994, 19.86449 ], [ -96.98858, 19.83283 ], [ -96.97558, 19.83213 ], [ -96.97475, 19.8238 ], [ -96.96494, 19.82415 ], [ -96.95996, 19.81484 ], [ -96.964, 19.80739 ], [ -96.97795, 19.80602 ], [ -96.97109, 19.80085 ], [ -96.97538, 19.79686 ], [ -96.98751, 19.79561 ], [ -96.99679, 19.80026 ], [ -96.99586, 19.77674 ] ] ] } },
{ "type": "Feature", "properties": { "NOMGEO": "Alvarado", "CVEGEO": "30011", "POB1": 57035.0, "POB84": 27938.0, "POB42": 29097.0 }, "geometry": { "type": "Polygon", "coordinates": [ [ [ -95.50993, 18.68897 ], [ -95.51363, 18.68267 ], [ -95.51188, 18.66486 ], [ -95.54386, 18.65359 ], [ -95.55062, 18.65297 ], [ -95.56551, 18.66528 ], [ -95.57407, 18.66517 ], [ -95.59432, 18.69205 ], [ -95.62848, 18.69386 ], [ -95.635, 18.70731 ], [ -95.63694, 18.69555 ], [ -95.64688, 18.6959 ], [ -95.65619, 18.68692 ], [ -95.67869, 18.68328 ], [ -95.69603, 18.67406 ], [ -95.71598, 18.67782 ], [ -95.71759, 18.66959 ], [ -95.72621, 18.66552 ], [ -95.72524, 18.63694 ], [ -95.72064, 18.62648 ], [ -95.72461, 18.62214 ], [ -95.72026, 18.61749 ], [ -95.73619, 18.59963 ], [ -95.74532, 18.60348 ], [ -95.75053, 18.60009 ], [ -95.74877, 18.57967 ], [ -95.75789, 18.55504 ], [ -95.76605, 18.57152 ], [ -95.7757, 18.56951 ], [ -95.78617, 18.58178 ], [ -95.7835, 18.58986 ], [ -95.79045, 18.59704 ], [ -95.7938, 18.61586 ], [ -95.80816, 18.61276 ], [ -95.81149, 18.61621 ], [ -95.8037, 18.64685 ], [ -95.82349, 18.64562 ], [ -95.82705, 18.64981 ], [ -95.82444, 18.65663 ], [ -95.83905, 18.65448 ], [ -95.84738, 18.66146 ], [ -95.84784, 18.64909 ], [ -95.86553, 18.64473 ], [ -95.88682, 18.62284 ], [ -95.89837, 18.62483 ], [ -95.88721, 18.66005 ], [ -95.88296, 18.71904 ], [ -95.87096, 18.72681 ], [ -95.86562, 18.75204 ], [ -95.87172, 18.75208 ], [ -95.87578, 18.7455 ], [ -95.88344, 18.76065 ], [ -95.89758, 18.75092 ], [ -95.90721, 18.75343 ], [ -95.91023, 18.77648 ], [ -95.93718, 18.79443 ], [ -95.97335, 18.78945 ], [ -95.9759, 18.80114 ], [ -95.99604, 18.80234 ], [ -95.99847, 18.82685 ], [ -95.98251, 18.83369 ], [ -95.98627, 18.88509 ], [ -96.00352, 18.88135 ], [ -96.0037, 18.88579 ], [ -96.02256, 18.8856 ], [ -96.02263, 18.89256 ], [ -96.03164, 18.89748 ], [ -96.02842, 18.92508 ], [ -96.01927, 18.93443 ], [ -96.04389, 18.98663 ], [ -96.0532, 18.99062 ], [ -96.07043, 18.9866 ], [ -96.07559, 18.99764 ], [ -96.09079, 19.00192 ], [ -96.09214, 18.99467 ], [ -96.11111, 19.01048 ], [ -96.10963, 19.02687 ], [ -96.1026, 19.02667 ], [ -96.10229, 19.03424 ], [ -96.09559, 19.03611 ], [ -96.09701, 19.04703 ], [ -96.10387, 19.0468 ], [ -96.10981, 19.058 ], [ -96.11735, 19.05574 ], [ -96.12055, 19.06072 ], [ -96.11662, 19.05956 ], [ -96.1139, 19.07256 ], [ -96.11692, 19.08423 ], [ -96.10573, 19.08321 ], [ -96.10663, 19.09192 ], [ -96.09902, 19.09437 ], [ -96.10226, 19.0993 ], [ -96.09846, 19.1023 ], [ -96.09817, 19.09493 ], [ -96.08702, 19.08149 ], [ -96.05811, 19.06349 ], [ -96.0188, 19.05594 ], [ -95.98224, 19.06531 ], [ -95.98265, 19.06114 ], [ -95.97389, 19.05793 ], [ -95.9608, 18.96665 ], [ -95.94172, 18.92686 ], [ -95.94094, 18.9054 ], [ -95.90082, 18.85944 ], [ -95.86634, 18.83501 ], [ -95.78262, 18.79958 ], [ -95.75231, 18.79192 ], [ -95.75042, 18.79512 ], [ -95.7522, 18.79188 ], [ -95.74303, 18.78734 ], [ -95.74261, 18.79079 ], [ -95.72073, 18.76911 ], [ -95.66438, 18.74205 ], [ -95.60708, 18.72574 ], [ -95.5253, 18.71482 ], [ -95.50993, 18.68897 ] ] ] } },
{ "type": "Feature", "properties": { "NOMGEO": "Amatitlán", "CVEGEO": "30012", "POB1": 7866.0, "POB84": 3848.0, "POB42": 4018.0 }, "geometry": { "type": "Polygon", "coordinates": [ [ [ -95.63748, 18.35141 ], [ -95.64488, 18.36185 ], [ -95.64616, 18.37475 ], [ -95.70035, 18.39608 ], [ -95.74059, 18.41931 ], [ -95.73636, 18.42427 ], [ -95.75066, 18.42854 ], [ -95.75718, 18.43877 ], [ -95.77271, 18.4412 ], [ -95.7745, 18.44838 ], [ -95.76651, 18.45476 ], [ -95.77663, 18.45707 ], [ -95.77642, 18.47212 ], [ -95.76036, 18.4688 ], [ -95.74675, 18.47996 ], [ -95.74612, 18.48657 ], [ -95.72073, 18.48136 ], [ -95.71117, 18.48844 ], [ -95.70418, 18.50069 ], [ -95.71799, 18.51926 ], [ -95.71518, 18.5167 ], [ -95.71664, 18.52361 ], [ -95.7111, 18.52164 ], [ -95.69909, 18.50458 ], [ -95.68871, 18.50071 ], [ -95.67648, 18.48177 ], [ -95.6714, 18.48087 ], [ -95.66941, 18.47035 ], [ -95.66249, 18.46484 ], [ -95.6647, 18.45822 ], [ -95.65836, 18.45127 ], [ -95.64708, 18.44886 ], [ -95.63953, 18.43796 ], [ -95.64792, 18.43418 ], [ -95.63213, 18.42196 ], [ -95.62682, 18.40801 ], [ -95.63243, 18.38304 ], [ -95.61417, 18.38573 ], [ -95.61759, 18.37141 ], [ -95.61393, 18.36368 ], [ -95.61014, 18.36077 ], [ -95.59773, 18.36456 ], [ -95.594, 18.35495 ], [ -95.63748, 18.35141 ] ] ] } },
{ "type": "Feature", "properties": { "NOMGEO": "Naranjos Amatlán", "CVEGEO": "30013", "POB1": 26843.0, "POB84": 12669.0, "POB42": 14174.0 }, "geometry": { "type": "Polygon", "coordinates": [ [ [ -97.58112, 21.33731 ], [ -97.587, 21.33395 ], [ -97.58888, 21.31477 ], [ -97.59253, 21.31739 ], [ -97.58882, 21.30963 ], [ -97.59409, 21.30728 ], [ -97.59375, 21.29838 ], [ -97.58323, 21.29604 ], [ -97.5929, 21.29103 ], [ -97.60575, 21.29556 ], [ -97.61603, 21.28308 ], [ -97.64508, 21.28633 ], [ -97.64008, 21.29247 ], [ -97.65408, 21.28769 ], [ -97.65959, 21.28004 ], [ -97.67254, 21.3017 ], [ -97.67082, 21.306 ], [ -97.68556, 21.29119 ], [ -97.67681, 21.28305 ], [ -97.66977, 21.28812 ], [ -97.67712, 21.26797 ], [ -97.68751, 21.27084 ], [ -97.6896, 21.265 ], [ -97.71537, 21.26894 ], [ -97.71837, 21.26445 ], [ -97.7067, 21.26114 ], [ -97.71583, 21.25313 ], [ -97.72594, 21.26437 ], [ -97.74498, 21.26739 ], [ -97.74912, 21.27981 ], [ -97.74614, 21.28069 ], [ -97.77444, 21.33103 ], [ -97.79001, 21.33225 ], [ -97.79231, 21.33837 ], [ -97.77467, 21.3622 ], [ -97.76803, 21.35892 ], [ -97.77675, 21.34699 ], [ -97.77373, 21.33993 ], [ -97.76789, 21.3472 ], [ -97.75503, 21.34393 ], [ -97.7453, 21.33467 ], [ -97.73165, 21.33357 ], [ -97.73117, 21.33972 ], [ -97.71682, 21.34526 ], [ -97.70844, 21.33526 ], [ -97.70224, 21.34702 ], [ -97.69824, 21.34365 ], [ -97.69739, 21.35746 ], [ -97.6851, 21.36367 ], [ -97.66018, 21.35166 ], [ -97.6554, 21.34178 ], [ -97.64373, 21.34787 ], [ -97.6252, 21.34077 ], [ -97.62663, 21.3365 ], [ -97.62132, 21.33342 ], [ -97.60925, 21.32936 ], [ -97.60628, 21.33221 ], [ -97.60325, 21.32712 ], [ -97.60236, 21.3457 ], [ -97.58857, 21.34722 ], [ -97.58552, 21.35172 ], [ -97.58112, 21.33731 ] ] ] } },
{ "type": "Feature", "properties": { "NOMGEO": "Amatlán de los Reyes", "CVEGEO": "30014", "POB1": 46955.0, "POB84": 22774.0, "POB42": 24181.0 }, "geometry": { "type": "Polygon", "coordinates": [ [ [ -96.84468, 18.95724 ], [ -96.8381, 18.94252 ], [ -96.82971, 18.94247 ], [ -96.83645, 18.92475 ], [ -96.81761, 18.90567 ], [ -96.8293, 18.90119 ], [ -96.8248, 18.88213 ], [ -96.85531, 18.86552 ], [ -96.82231, 18.84341 ], [ -96.82047, 18.81769 ], [ -96.83174, 18.82438 ], [ -96.84966, 18.80711 ], [ -96.83516, 18.79906 ], [ -96.83769, 18.78589 ], [ -96.8686, 18.78338 ], [ -96.88865, 18.80076 ], [ -96.89201, 18.79002 ], [ -96.89977, 18.79121 ], [ -96.90433, 18.78609 ], [ -96.92406, 18.79469 ], [ -96.93417, 18.81652 ], [ -96.95716, 18.8253 ], [ -96.95605, 18.84088 ], [ -96.9445, 18.85583 ], [ -96.92865, 18.85522 ], [ -96.92043, 18.85939 ], [ -96.92172, 18.86469 ], [ -96.8984, 18.86448 ], [ -96.89639, 18.87262 ], [ -96.88538, 18.87515 ], [ -96.8815, 18.8857 ], [ -96.90694, 18.89671 ], [ -96.9062, 18.9071 ], [ -96.90225, 18.91065 ], [ -96.89473, 18.90643 ], [ -96.87526, 18.91121 ], [ -96.8831, 18.92659 ], [ -96.87865, 18.93563 ], [ -96.88286, 18.94011 ], [ -96.88139, 18.94938 ], [ -96.87657, 18.94973 ], [ -96.87098, 18.95941 ], [ -96.84468, 18.95724 ] ] ] } },
{ "type": "Feature", "properties": { "NOMGEO": "Angel R. Cabada", "CVEGEO": "30015", "POB1": 33839.0, "POB84": 16514.0, "POB42": 17325.0 }, "geometry": { "type": "Polygon", "coordinates": [ [ [ -95.28466, 18.70722 ], [ -95.28909, 18.70346 ], [ -95.2945, 18.70697 ], [ -95.3024, 18.6917 ], [ -95.29507, 18.6906 ], [ -95.29231, 18.68084 ], [ -95.29568, 18.67902 ], [ -95.29497, 18.66527 ], [ -95.28613, 18.66407 ], [ -95.29513, 18.63484 ], [ -95.29274, 18.6245 ], [ -95.29898, 18.62539 ], [ -95.29957, 18.6215 ], [ -95.28744, 18.61591 ], [ -95.28865, 18.60791 ], [ -95.28425, 18.60277 ], [ -95.26056, 18.5998 ], [ -95.26794, 18.5997 ], [ -95.26934, 18.59155 ], [ -95.29486, 18.59166 ], [ -95.29382, 18.59598 ], [ -95.29846, 18.5903 ], [ -95.30581, 18.59751 ], [ -95.30822, 18.58546 ], [ -95.32207, 18.58374 ], [ -95.32665, 18.5725 ], [ -95.31618, 18.56386 ], [ -95.31368, 18.55418 ], [ -95.31982, 18.55388 ], [ -95.31498, 18.5458 ], [ -95.3221, 18.54623 ], [ -95.32628, 18.53197 ], [ -95.33276, 18.52673 ], [ -95.32837, 18.51771 ], [ -95.33696, 18.51923 ], [ -95.34353, 18.51286 ], [ -95.34864, 18.51399 ], [ -95.34964, 18.5067 ], [ -95.36963, 18.50792 ], [ -95.37522, 18.50227 ], [ -95.38221, 18.50496 ], [ -95.3804, 18.48917 ], [ -95.40123, 18.4952 ], [ -95.41576, 18.48737 ], [ -95.41693, 18.49129 ], [ -95.4265, 18.49111 ], [ -95.42713, 18.50127 ], [ -95.44098, 18.50253 ], [ -95.44609, 18.50166 ], [ -95.44408, 18.48656 ], [ -95.4703, 18.47983 ], [ -95.4752, 18.46925 ], [ -95.48617, 18.47239 ], [ -95.48903, 18.46917 ], [ -95.49612, 18.47695 ], [ -95.50236, 18.47385 ], [ -95.49987, 18.48379 ], [ -95.50479, 18.49546 ], [ -95.4987, 18.51893 ], [ -95.50317, 18.52409 ], [ -95.49686, 18.52777 ], [ -95.49611, 18.5385 ], [ -95.48617, 18.55096 ], [ -95.49264, 18.55398 ], [ -95.49263, 18.55933 ], [ -95.48172, 18.56354 ], [ -95.48375, 18.55434 ], [ -95.46972, 18.55353 ], [ -95.46716, 18.57177 ], [ -95.4602, 18.57589 ], [ -95.46089, 18.5886 ], [ -95.46619, 18.58778 ], [ -95.471, 18.62704 ], [ -95.46511, 18.6296 ], [ -95.47065, 18.64084 ], [ -95.46724, 18.65591 ], [ -95.45805, 18.65962 ], [ -95.47533, 18.68077 ], [ -95.47304, 18.6864 ], [ -95.45654, 18.69428 ], [ -95.45772, 18.69887 ], [ -95.44867, 18.69721 ], [ -95.44812, 18.70431 ], [ -95.44324, 18.70175 ], [ -95.43706, 18.71087 ], [ -95.28731, 18.71525 ], [ -95.28466, 18.70722 ] ] ] } },
{ "type": "Feature", "properties": { "NOMGEO": "La Antigua", "CVEGEO": "30016", "POB1": 28682.0, "POB84": 13737.0, "POB42": 14945.0 }, "geometry": { "type": "Polygon", "coordinates": [ [ [ -96.22765, 19.26057 ], [ -96.22371, 19.25657 ], [ -96.22643, 19.22082 ], [ -96.24142, 19.2255 ], [ -96.27299, 19.2648 ], [ -96.28683, 19.2599 ], [ -96.29111, 19.2435 ], [ -96.30959, 19.23268 ], [ -96.31877, 19.23104 ], [ -96.32368, 19.23732 ], [ -96.33939, 19.24185 ], [ -96.32794, 19.29298 ], [ -96.32205, 19.29556 ], [ -96.34573, 19.31463 ], [ -96.34696, 19.32532 ], [ -96.35454, 19.33259 ], [ -96.34944, 19.34124 ], [ -96.35982, 19.34269 ], [ -96.35875, 19.34792 ], [ -96.3739, 19.3583 ], [ -96.3737, 19.36427 ], [ -96.38479, 19.36058 ], [ -96.38193, 19.37228 ], [ -96.37226, 19.38144 ], [ -96.37709, 19.40072 ], [ -96.33196, 19.39592 ], [ -96.32993, 19.40883 ], [ -96.32259, 19.4091 ], [ -96.32174, 19.41434 ], [ -96.3067, 19.37344 ], [ -96.31087, 19.35702 ], [ -96.29899, 19.32816 ], [ -96.26728, 19.29354 ], [ -96.22156, 19.26538 ], [ -96.22765, 19.26057 ] ] ] } },
{ "type": "Feature", "properties": { "NOMGEO": "Apazapan", "CVEGEO": "30017", "POB1": 4709.0, "POB84": 2363.0, "POB42": 2346.0 }, "geometry": { "type": "Polygon", "coordinates": [ [ [ -96.56042, 19.33944 ], [ -96.57115, 19.33603 ], [ -96.57644, 19.32548 ], [ -96.58674, 19.32649 ], [ -96.59109, 19.31977 ], [ -96.59909, 19.32207 ], [ -96.60245, 19.33291 ], [ -96.6117, 19.33657 ], [ -96.63025, 19.31986 ], [ -96.65741, 19.31585 ], [ -96.65821, 19.31113 ], [ -96.66487, 19.31454 ], [ -96.67604, 19.30366 ], [ -96.68665, 19.30937 ], [ -96.69142, 19.30485 ], [ -96.69863, 19.31597 ], [ -96.7052, 19.31077 ], [ -96.71883, 19.31559 ], [ -96.73966, 19.363 ], [ -96.73713, 19.37239 ], [ -96.70686, 19.35775 ], [ -96.69698, 19.37078 ], [ -96.68286, 19.37472 ], [ -96.67553, 19.38306 ], [ -96.67943, 19.36909 ], [ -96.66361, 19.36092 ], [ -96.65409, 19.33785 ], [ -96.6414, 19.34524 ], [ -96.64064, 19.35234 ], [ -96.63297, 19.34708 ], [ -96.63064, 19.35092 ], [ -96.61996, 19.34628 ], [ -96.61277, 19.35029 ], [ -96.60446, 19.34378 ], [ -96.59676, 19.3496 ], [ -96.58249, 19.34138 ], [ -96.56042, 19.33944 ] ] ] } },
{ "type": "Feature", "properties": { "NOMGEO": "Aquila", "CVEGEO": "30018", "POB1": 1978.0, "POB84": 929.0, "POB42": 1049.0 }, "geometry": { "type": "Polygon", "coordinates": [ [ [ -97.33079, 18.76391 ], [ -97.33701, 18.76838 ], [ -97.34019, 18.7784 ], [ -97.35285, 18.77436 ], [ -97.35482, 18.77936 ], [ -97.35204, 18.79289 ], [ -97.34274, 18.80109 ], [ -97.33775, 18.79909 ], [ -97.32577, 18.81299 ], [ -97.31198, 18.81068 ], [ -97.29219, 18.7864 ], [ -97.3, 18.77603 ], [ -97.31182, 18.77666 ], [ -97.33079, 18.76391 ] ] ] } },
{ "type": "Feature", "properties": { "NOMGEO": "Astacinga", "CVEGEO": "30019", "POB1": 6909.0, "POB84": 3201.0, "POB42": 3708.0 }, "geometry": { "type": "Polygon", "coordinates": [ [ [ -97.05521, 18.57422 ], [ -97.07114, 18.56918 ], [ -97.0794, 18.55477 ], [ -97.10307, 18.53805 ], [ -97.11047, 18.52145 ], [ -97.14456, 18.57093 ], [ -97.13263, 18.57579 ], [ -97.11924, 18.57186 ], [ -97.11573, 18.57619 ], [ -97.10047, 18.57564 ], [ -97.08532, 18.58518 ], [ -97.07509, 18.5821 ], [ -97.04886, 18.58839 ], [ -97.04807, 18.58144 ], [ -97.05521, 18.57422 ] ] ] } },
{ "type": "Feature", "properties": { "NOMGEO": "Atlahuilco", "CVEGEO": "30020", "POB1": 11577.0, "POB84": 5594.0, "POB42": 5983.0 }, "geometry": { "type": "Polygon", "coordinates": [ [ [ -97.06286, 18.70355 ], [ -97.06678, 18.69946 ], [ -97.05373, 18.68562 ], [ -97.05507, 18.66532 ], [ -97.06402, 18.66388 ], [ -97.07872, 18.64128 ], [ -97.10944, 18.65538 ], [ -97.12171, 18.6486 ], [ -97.13419, 18.6481 ], [ -97.13178, 18.6537 ], [ -97.13738, 18.65504 ], [ -97.13313, 18.6601 ], [ -97.14016, 18.65951 ], [ -97.14605, 18.66777 ], [ -97.1713, 18.66431 ], [ -97.1779, 18.65874 ], [ -97.18677, 18.67238 ], [ -97.16626, 18.68678 ], [ -97.15662, 18.68252 ], [ -97.15178, 18.67226 ], [ -97.13888, 18.67949 ], [ -97.13472, 18.68867 ], [ -97.13755, 18.71559 ], [ -97.13222, 18.73032 ], [ -97.12108, 18.70836 ], [ -97.12832, 18.7041 ], [ -97.11289, 18.70188 ], [ -97.10772, 18.71091 ], [ -97.10021, 18.71255 ], [ -97.10187, 18.70615 ], [ -97.09175, 18.70641 ], [ -97.08642, 18.7083 ], [ -97.08546, 18.71605 ], [ -97.07421, 18.71271 ], [ -97.07616, 18.70269 ], [ -97.06286, 18.70355 ] ] ] } },
{ "type": "Feature", "properties": { "NOMGEO": "Atoyac", "CVEGEO": "30021", "POB1": 23461.0, "POB84": 11351.0, "POB42": 12110.0 }, "geometry": { "type": "Polygon", "coordinates": [ [ [ -96.81426, 18.99873 ], [ -96.81016, 19.00087 ], [ -96.80657, 18.99618 ], [ -96.79958, 19.00157 ], [ -96.79417, 18.99498 ], [ -96.77218, 18.93683 ], [ -96.76563, 18.93483 ], [ -96.75205, 18.90029 ], [ -96.74507, 18.89816 ], [ -96.73383, 18.88045 ], [ -96.73309, 18.86777 ], [ -96.7115, 18.84826 ], [ -96.71133, 18.83851 ], [ -96.72191, 18.84762 ], [ -96.73547, 18.83776 ], [ -96.74241, 18.83896 ], [ -96.75564, 18.85279 ], [ -96.76175, 18.85132 ], [ -96.76502, 18.85533 ], [ -96.76061, 18.85979 ], [ -96.77476, 18.86707 ], [ -96.78105, 18.8765 ], [ -96.82453, 18.87906 ], [ -96.8293, 18.90119 ], [ -96.81761, 18.90567 ], [ -96.83645, 18.92475 ], [ -96.82971, 18.94247 ], [ -96.8381, 18.94252 ], [ -96.84468, 18.95724 ], [ -96.85644, 18.96312 ], [ -96.84822, 18.97129 ], [ -96.85835, 18.97324 ], [ -96.85885, 18.98845 ], [ -96.86398, 18.99155 ], [ -96.86785, 19.00552 ], [ -96.858, 19.0108 ], [ -96.84721, 19.00281 ], [ -96.83849, 19.00851 ], [ -96.83286, 19.0034 ], [ -96.81489, 19.00889 ], [ -96.81426, 18.99873 ] ] ] } },
{ "type": "Feature", "properties": { "NOMGEO": "Atzacan", "CVEGEO": "30022", "POB1": 22651.0, "POB84": 11125.0, "POB42": 11526.0 }, "geometry": { "type": "Polygon", "coordinates": [ [ [ -97.02094, 18.94404 ], [ -97.02521, 18.94033 ], [ -97.02129, 18.93202 ], [ -97.04479, 18.94528 ], [ -97.05976, 18.94569 ], [ -97.06629, 18.92284 ], [ -97.0632, 18.91835 ], [ -97.06791, 18.91791 ], [ -97.06186, 18.89998 ], [ -97.06586, 18.89065 ], [ -97.08204, 18.89336 ], [ -97.07899, 18.88603 ], [ -97.09042, 18.87595 ], [ -97.10619, 18.88444 ], [ -97.10807, 18.89458 ], [ -97.0983, 18.89767 ], [ -97.1063, 18.91078 ], [ -97.08737, 18.92107 ], [ -97.09425, 18.93698 ], [ -97.12126, 18.94899 ], [ -97.12034, 18.95954 ], [ -97.1277, 18.97085 ], [ -97.12346, 18.97725 ], [ -97.11128, 18.97906 ], [ -97.10259, 18.99201 ], [ -97.08672, 18.97569 ], [ -97.07209, 18.9751 ], [ -97.06067, 18.98356 ], [ -97.0524, 18.98351 ], [ -97.04755, 18.99172 ], [ -97.04014, 18.98563 ], [ -97.03567, 18.97561 ], [ -97.03929, 18.96929 ], [ -97.02094, 18.94404 ] ] ] } },
{ "type": "Feature", "properties": { "NOMGEO": "Atzalan", "CVEGEO": "30023", "POB1": 49180.0, "POB84": 24379.0, "POB42": 24801.0 }, "geometry": { "type": "Polygon", "coordinates": [ [ [ -96.97946, 19.97144 ], [ -96.96365, 19.97371 ], [ -96.95902, 19.96338 ], [ -96.96378, 19.95036 ], [ -96.95242, 19.92417 ], [ -96.95684, 19.92049 ], [ -96.95304, 19.90921 ], [ -96.95945, 19.89004 ], [ -96.97448, 19.88214 ], [ -96.98795, 19.88653 ], [ -97.00362, 19.88273 ], [ -97.00986, 19.86737 ], [ -97.00853, 19.85834 ], [ -97.01747, 19.8569 ], [ -97.0324, 19.86515 ], [ -97.05686, 19.85377 ], [ -97.05053, 19.84786 ], [ -97.05349, 19.84532 ], [ -97.05979, 19.84422 ], [ -97.068, 19.8558 ], [ -97.07289, 19.84956 ], [ -97.08303, 19.84777 ], [ -97.09638, 19.85392 ], [ -97.10464, 19.84146 ], [ -97.11504, 19.8451 ], [ -97.11943, 19.83729 ], [ -97.12449, 19.83923 ], [ -97.13178, 19.82497 ], [ -97.13795, 19.82942 ], [ -97.13465, 19.82574 ], [ -97.13816, 19.81454 ], [ -97.16267, 19.79292 ], [ -97.17207, 19.79449 ], [ -97.1853, 19.78695 ], [ -97.18732, 19.78303 ], [ -97.18026, 19.77263 ], [ -97.18882, 19.75686 ], [ -97.19919, 19.76244 ], [ -97.20879, 19.7818 ], [ -97.22921, 19.77274 ], [ -97.23345, 19.77841 ], [ -97.2503, 19.77871 ], [ -97.24929, 19.78586 ], [ -97.25572, 19.78253 ], [ -97.26056, 19.78809 ], [ -97.24788, 19.79433 ], [ -97.26053, 19.79727 ], [ -97.24397, 19.8061 ], [ -97.2361, 19.82947 ], [ -97.24052, 19.82799 ], [ -97.24594, 19.83676 ], [ -97.2557, 19.8397 ], [ -97.24689, 19.85418 ], [ -97.25022, 19.86797 ], [ -97.24646, 19.87417 ], [ -97.25204, 19.88425 ], [ -97.2492, 19.89298 ], [ -97.23588, 19.90859 ], [ -97.22467, 19.90756 ], [ -97.22463, 19.92061 ], [ -97.21731, 19.92554 ], [ -97.21543, 19.93325 ], [ -97.2074, 19.93434 ], [ -97.19527, 19.95608 ], [ -97.17213, 19.98215 ], [ -97.17312, 19.99298 ], [ -97.16518, 19.99554 ], [ -97.15881, 19.99185 ], [ -97.14863, 19.99898 ], [ -97.15304, 20.01328 ], [ -97.09823, 20.02276 ], [ -97.09274, 20.04144 ], [ -97.078, 20.0537 ], [ -97.07119, 20.04814 ], [ -97.04399, 20.05012 ], [ -97.04031, 20.03371 ], [ -97.0502, 20.03094 ], [ -97.05549, 20.04352 ], [ -97.06178, 20.03354 ], [ -97.05287, 19.99099 ], [ -97.02793, 19.97783 ], [ -97.01294, 19.97469 ], [ -97.00677, 19.97973 ], [ -97.01369, 19.96757 ], [ -97.00179, 19.95873 ], [ -96.99348, 19.96131 ], [ -96.99618, 19.96872 ], [ -96.98794, 19.98125 ], [ -96.97946, 19.97144 ] ] ] } },
{ "type": "Feature", "properties": { "NOMGEO": "Tlaltetela", "CVEGEO": "30024", "POB1": 16485.0, "POB84": 8318.0, "POB42": 8167.0 }, "geometry": { "type": "Polygon", "coordinates": [ [ [ -96.80447, 19.35912 ], [ -96.80484, 19.34508 ], [ -96.79895, 19.34416 ], [ -96.79741, 19.33475 ], [ -96.77619, 19.33837 ], [ -96.76981, 19.32764 ], [ -96.77367, 19.32521 ], [ -96.77406, 19.30536 ], [ -96.74248, 19.31661 ], [ -96.74289, 19.29995 ], [ -96.73229, 19.28407 ], [ -96.72534, 19.28276 ], [ -96.72335, 19.26777 ], [ -96.69477, 19.26997 ], [ -96.70062, 19.27164 ], [ -96.70937, 19.28749 ], [ -96.69945, 19.31586 ], [ -96.69282, 19.30552 ], [ -96.68665, 19.30937 ], [ -96.67604, 19.30366 ], [ -96.66487, 19.31454 ], [ -96.65821, 19.31113 ], [ -96.65741, 19.31585 ], [ -96.6286, 19.32055 ], [ -96.6117, 19.33657 ], [ -96.60245, 19.33291 ], [ -96.59699, 19.32002 ], [ -96.60055, 19.32099 ], [ -96.60432, 19.30936 ], [ -96.61482, 19.30251 ], [ -96.60925, 19.29311 ], [ -96.63525, 19.27764 ], [ -96.6524, 19.27766 ], [ -96.65748, 19.2713 ], [ -96.66717, 19.2749 ], [ -96.68101, 19.26949 ], [ -96.69476, 19.25434 ], [ -96.72778, 19.24864 ], [ -96.80064, 19.22013 ], [ -96.80732, 19.21957 ], [ -96.80329, 19.22669 ], [ -96.81225, 19.22432 ], [ -96.81833, 19.23335 ], [ -96.82839, 19.23398 ], [ -96.83101, 19.23932 ], [ -96.82244, 19.24914 ], [ -96.77854, 19.26899 ], [ -96.75396, 19.27332 ], [ -96.76429, 19.28576 ], [ -96.7876, 19.28719 ], [ -96.79266, 19.28322 ], [ -96.81963, 19.2987 ], [ -96.83176, 19.29983 ], [ -96.85699, 19.28713 ], [ -96.87371, 19.28926 ], [ -96.88747, 19.28339 ], [ -96.88865, 19.28696 ], [ -96.91459, 19.27671 ], [ -96.93444, 19.26155 ], [ -96.93683, 19.25376 ], [ -96.95968, 19.23589 ], [ -96.96673, 19.22398 ], [ -96.98534, 19.21761 ], [ -96.97787, 19.2155 ], [ -96.96775, 19.19468 ], [ -96.99295, 19.20123 ], [ -97.00629, 19.20984 ], [ -97.01734, 19.20545 ], [ -97.02002, 19.2091 ], [ -97.02593, 19.20388 ], [ -97.03083, 19.21687 ], [ -97.01487, 19.23195 ], [ -97.00772, 19.23099 ], [ -97.00123, 19.23655 ], [ -97.00441, 19.2569 ], [ -96.99456, 19.26386 ], [ -96.98518, 19.2864 ], [ -96.97522, 19.28675 ], [ -96.97458, 19.28313 ], [ -96.97146, 19.28981 ], [ -96.96047, 19.28884 ], [ -96.95186, 19.29866 ], [ -96.94679, 19.29685 ], [ -96.93911, 19.30887 ], [ -96.93505, 19.30585 ], [ -96.92975, 19.31107 ], [ -96.92399, 19.30939 ], [ -96.9194, 19.32182 ], [ -96.89571, 19.336 ], [ -96.89424, 19.3447 ], [ -96.88154, 19.34475 ], [ -96.87216, 19.35924 ], [ -96.8691, 19.35499 ], [ -96.85469, 19.36464 ], [ -96.85559, 19.3727 ], [ -96.80447, 19.35912 ] ] ] } },
{ "type": "Feature", "properties": { "NOMGEO": "Ayahualulco", "CVEGEO": "30025", "POB1": 27217.0, "POB84": 13238.0, "POB42": 13979.0 }, "geometry": { "type": "MultiPolygon", "coordinates": [ [ [ [ -97.00275, 19.3834 ], [ -96.99926, 19.37942 ], [ -97.00276, 19.37664 ], [ -96.9972, 19.37447 ], [ -97.00508, 19.37285 ], [ -97.01585, 19.35836 ], [ -97.03545, 19.35278 ], [ -97.04681, 19.36333 ], [ -97.04152, 19.36888 ], [ -97.04791, 19.37716 ], [ -97.04185, 19.38275 ], [ -97.00275, 19.3834 ] ] ], [ [ [ -97.15166, 19.47717 ], [ -97.14381, 19.45875 ], [ -97.14631, 19.44931 ], [ -97.15436, 19.4651 ], [ -97.16507, 19.45834 ], [ -97.17015, 19.44966 ], [ -97.17063, 19.42392 ], [ -97.17494, 19.42341 ], [ -97.16744, 19.4043 ], [ -97.15072, 19.40189 ], [ -97.1401, 19.3846 ], [ -97.12563, 19.37593 ], [ -97.1326, 19.36302 ], [ -97.1296, 19.3477 ], [ -97.14188, 19.33761 ], [ -97.14845, 19.32025 ], [ -97.16548, 19.32882 ], [ -97.17543, 19.32793 ], [ -97.20027, 19.30927 ], [ -97.20084, 19.31629 ], [ -97.20799, 19.31519 ], [ -97.2156, 19.32332 ], [ -97.20472, 19.32996 ], [ -97.21009, 19.33788 ], [ -97.2067, 19.34899 ], [ -97.21021, 19.35944 ], [ -97.22387, 19.35696 ], [ -97.23362, 19.37122 ], [ -97.2548, 19.38179 ], [ -97.26444, 19.38062 ], [ -97.26671, 19.38249 ], [ -97.22436, 19.38207 ], [ -97.22041, 19.38577 ], [ -97.25991, 19.43763 ], [ -97.25795, 19.44238 ], [ -97.26266, 19.44115 ], [ -97.27472, 19.45313 ], [ -97.25927, 19.47344 ], [ -97.25174, 19.46862 ], [ -97.2509, 19.47303 ], [ -97.24429, 19.46962 ], [ -97.23268, 19.47524 ], [ -97.22008, 19.4742 ], [ -97.21666, 19.47926 ], [ -97.19746, 19.47695 ], [ -97.18593, 19.48416 ], [ -97.14987, 19.48608 ], [ -97.15166, 19.47717 ] ] ] ] } },
{ "type": "Feature", "properties": { "NOMGEO": "Banderilla", "CVEGEO": "30026", "POB1": 25993.0, "POB84": 12221.0, "POB42": 13772.0 }, "geometry": { "type": "Polygon", "coordinates": [ [ [ -96.90323, 19.57163 ], [ -96.92549, 19.57996 ], [ -96.96241, 19.56668 ], [ -96.96784, 19.57551 ], [ -96.98878, 19.57906 ], [ -96.97804, 19.58607 ], [ -96.95835, 19.58737 ], [ -96.95832, 19.59112 ], [ -96.97173, 19.5901 ], [ -96.97235, 19.59515 ], [ -96.95812, 19.59502 ], [ -96.94183, 19.61241 ], [ -96.93355, 19.60528 ], [ -96.91695, 19.60282 ], [ -96.91842, 19.59908 ], [ -96.9311, 19.59819 ], [ -96.93058, 19.59354 ], [ -96.92136, 19.59335 ], [ -96.8972, 19.58097 ], [ -96.90323, 19.57163 ] ] ] } },
{ "type": "Feature", "properties": { "NOMGEO": "Benito Juárez", "CVEGEO": "30027", "POB1": 16120.0, "POB84": 7788.0, "POB42": 8332.0 }, "geometry": { "type": "Polygon", "coordinates": [ [ [ -98.11686, 20.83764 ], [ -98.12378, 20.8294 ], [ -98.12106, 20.8255 ], [ -98.1351, 20.82675 ], [ -98.12965, 20.82013 ], [ -98.13518, 20.81004 ], [ -98.12786, 20.80876 ], [ -98.12629, 20.80093 ], [ -98.11518, 20.80521 ], [ -98.11258, 20.79953 ], [ -98.09986, 20.79688 ], [ -98.10157, 20.79084 ], [ -98.11108, 20.79081 ], [ -98.11295, 20.78659 ], [ -98.08802, 20.77736 ], [ -98.087, 20.7718 ], [ -98.09793, 20.75274 ], [ -98.10262, 20.75368 ], [ -98.10323, 20.76352 ], [ -98.1107, 20.75971 ], [ -98.11367, 20.74237 ], [ -98.10454, 20.73683 ], [ -98.10636, 20.72995 ], [ -98.12967, 20.72878 ], [ -98.14284, 20.74277 ], [ -98.16849, 20.73832 ], [ -98.17096, 20.73255 ], [ -98.17944, 20.74047 ], [ -98.19275, 20.73815 ], [ -98.20214, 20.74265 ], [ -98.20409, 20.74805 ], [ -98.19611, 20.76059 ], [ -98.21963, 20.75527 ], [ -98.234, 20.76044 ], [ -98.22682, 20.76682 ], [ -98.23175, 20.76722 ], [ -98.23443, 20.77878 ], [ -98.23899, 20.78048 ], [ -98.23309, 20.78345 ], [ -98.2424, 20.79226 ], [ -98.24782, 20.78916 ], [ -98.24892, 20.79638 ], [ -98.24489, 20.80222 ], [ -98.23365, 20.79756 ], [ -98.2247, 20.81824 ], [ -98.25376, 20.82149 ], [ -98.25211, 20.82782 ], [ -98.25891, 20.83397 ], [ -98.26232, 20.84689 ], [ -98.25464, 20.84895 ], [ -98.2588, 20.85507 ], [ -98.25622, 20.85897 ], [ -98.2655, 20.86654 ], [ -98.25097, 20.89731 ], [ -98.23236, 20.90012 ], [ -98.22487, 20.90662 ], [ -98.22292, 20.89743 ], [ -98.20857, 20.89637 ], [ -98.19851, 20.88561 ], [ -98.19401, 20.89113 ], [ -98.1953, 20.89871 ], [ -98.18473, 20.90468 ], [ -98.16776, 20.89685 ], [ -98.15787, 20.88409 ], [ -98.14568, 20.88156 ], [ -98.13802, 20.88505 ], [ -98.1332, 20.89725 ], [ -98.12715, 20.89745 ], [ -98.12707, 20.87262 ], [ -98.11851, 20.88083 ], [ -98.10969, 20.86318 ], [ -98.11686, 20.83764 ] ] ] } },
{ "type": "Feature", "properties": { "NOMGEO": "Boca del Río", "CVEGEO": "30028", "POB1": 144550.0, "POB84": 67985.0, "POB42": 76565.0 }, "geometry": { "type": "Polygon", "coordinates": [ [ [ -96.10226, 19.0993 ], [ -96.09902, 19.09437 ], [ -96.10663, 19.09192 ], [ -96.10573, 19.08321 ], [ -96.11692, 19.08423 ], [ -96.1139, 19.07256 ], [ -96.11705, 19.05883 ], [ -96.12081, 19.06137 ], [ -96.11721, 19.05571 ], [ -96.12284, 19.05431 ], [ -96.12376, 19.05958 ], [ -96.14272, 19.05777 ], [ -96.1413, 19.06783 ], [ -96.13137, 19.07007 ], [ -96.13267, 19.0767 ], [ -96.14436, 19.08176 ], [ -96.14078, 19.09433 ], [ -96.11834, 19.0919 ], [ -96.10969, 19.09859 ], [ -96.11393, 19.10827 ], [ -96.12975, 19.11854 ], [ -96.14966, 19.10951 ], [ -96.1401, 19.14109 ], [ -96.12937, 19.14624 ], [ -96.13152, 19.16518 ], [ -96.11833, 19.1717 ], [ -96.09991, 19.16176 ], [ -96.09271, 19.15153 ], [ -96.10517, 19.12772 ], [ -96.10172, 19.11065 ], [ -96.09602, 19.10486 ], [ -96.10226, 19.0993 ] ] ] } },
{ "type": "Feature", "properties": { "NOMGEO": "Calcahualco", "CVEGEO": "30029", "POB1": 13701.0, "POB84": 6762.0, "POB42": 6939.0 }, "geometry": { "type": "Polygon", "coordinates": [ [ [ -97.05745, 19.12188 ], [ -97.05194, 19.10673 ], [ -97.12008, 19.13679 ], [ -97.1203, 19.13163 ], [ -97.1405, 19.12872 ], [ -97.20142, 19.09973 ], [ -97.19763, 19.07671 ], [ -97.17448, 19.06584 ], [ -97.2106, 19.04702 ], [ -97.22123, 19.04958 ], [ -97.22435, 19.04477 ], [ -97.24095, 19.04521 ], [ -97.26719, 19.02981 ], [ -97.26965, 19.06307 ], [ -97.2614, 19.09663 ], [ -97.22232, 19.12343 ], [ -97.21957, 19.13613 ], [ -97.1972, 19.14656 ], [ -97.20963, 19.15985 ], [ -97.19459, 19.17181 ], [ -97.18368, 19.16274 ], [ -97.18063, 19.16933 ], [ -97.17043, 19.16386 ], [ -97.14851, 19.16505 ], [ -97.13652, 19.16011 ], [ -97.13073, 19.16768 ], [ -97.11285, 19.16459 ], [ -97.10872, 19.16841 ], [ -97.09433, 19.16127 ], [ -97.06669, 19.15946 ], [ -97.06798, 19.14846 ], [ -97.05288, 19.13229 ], [ -97.05745, 19.12188 ] ] ] } },
{ "type": "Feature", "properties": { "NOMGEO": "Camerino Z. Mendoza", "CVEGEO": "30030", "POB1": 41835.0, "POB84": 19687.0, "POB42": 22148.0 }, "geometry": { "type": "Polygon", "coordinates": [ [ [ -97.16455, 18.80459 ], [ -97.13177, 18.79642 ], [ -97.14022, 18.76329 ], [ -97.16174, 18.7637 ], [ -97.16111, 18.77911 ], [ -97.184, 18.78522 ], [ -97.18486, 18.79754 ], [ -97.19231, 18.79069 ], [ -97.19776, 18.79374 ], [ -97.19594, 18.8014 ], [ -97.20029, 18.80555 ], [ -97.18807, 18.81724 ], [ -97.17656, 18.81574 ], [ -97.16859, 18.80628 ], [ -97.16665, 18.80963 ], [ -97.16455, 18.80459 ] ] ] } },
{ "type": "Feature", "properties": { "NOMGEO": "Carrillo Puerto", "CVEGEO": "30031", "POB1": 18888.0, "POB84": 9337.0, "POB42": 9551.0 }, "geometry": { "type": "Polygon", "coordinates": [ [ [ -96.48753, 18.83706 ], [ -96.48048, 18.82152 ], [ -96.46595, 18.81359 ], [ -96.47244, 18.80466 ], [ -96.46464, 18.79625 ], [ -96.4714, 18.77857 ], [ -96.48087, 18.77433 ], [ -96.4835, 18.78007 ], [ -96.49439, 18.77708 ], [ -96.50156, 18.77035 ], [ -96.49919, 18.76629 ], [ -96.5151, 18.75554 ], [ -96.55102, 18.75561 ], [ -96.55969, 18.76228 ], [ -96.5936, 18.76021 ], [ -96.63004, 18.77262 ], [ -96.64702, 18.76646 ], [ -96.65709, 18.7683 ], [ -96.68491, 18.77731 ], [ -96.68774, 18.80247 ], [ -96.70139, 18.80601 ], [ -96.69893, 18.81651 ], [ -96.68788, 18.81415 ], [ -96.689, 18.85338 ], [ -96.66867, 18.84746 ], [ -96.66063, 18.85655 ], [ -96.64809, 18.85208 ], [ -96.64802, 18.84799 ], [ -96.64236, 18.85179 ], [ -96.64004, 18.84739 ], [ -96.63637, 18.85221 ], [ -96.64279, 18.85861 ], [ -96.6354, 18.8643 ], [ -96.64465, 18.87388 ], [ -96.62549, 18.87989 ], [ -96.62791, 18.88392 ], [ -96.60059, 18.88844 ], [ -96.59088, 18.87665 ], [ -96.58512, 18.87436 ], [ -96.58583, 18.87918 ], [ -96.56802, 18.87945 ], [ -96.57221, 18.88913 ], [ -96.56857, 18.88927 ], [ -96.56354, 18.88101 ], [ -96.55044, 18.88196 ], [ -96.54898, 18.876 ], [ -96.48753, 18.83706 ] ] ] } },
{ "type": "Feature", "properties": { "NOMGEO": "Catemaco", "CVEGEO": "30032", "POB1": 49451.0, "POB84": 23599.0, "POB42": 25852.0 }, "geometry": { "type": "Polygon", "coordinates": [ [ [ -94.89637, 18.54259 ], [ -94.907, 18.52092 ], [ -94.90416, 18.51325 ], [ -94.90928, 18.49372 ], [ -94.90598, 18.48932 ], [ -94.91315, 18.477 ], [ -94.90686, 18.45198 ], [ -94.90402, 18.4471 ], [ -94.89386, 18.4484 ], [ -94.87656, 18.45737 ], [ -94.86399, 18.45233 ], [ -94.86714, 18.44709 ], [ -94.8822, 18.44364 ], [ -94.89187, 18.42915 ], [ -94.88793, 18.42312 ], [ -94.89651, 18.40895 ], [ -94.86918, 18.38958 ], [ -94.88085, 18.37876 ], [ -94.88025, 18.37181 ], [ -94.89539, 18.36859 ], [ -94.89917, 18.35415 ], [ -94.9049, 18.3612 ], [ -94.91639, 18.35402 ], [ -94.92015, 18.35878 ], [ -94.93859, 18.35684 ], [ -94.94601, 18.3655 ], [ -94.95158, 18.36105 ], [ -94.97301, 18.36387 ], [ -94.98866, 18.34493 ], [ -95.00375, 18.34787 ], [ -95.02596, 18.33751 ], [ -95.03167, 18.32655 ], [ -95.01757, 18.32038 ], [ -95.01994, 18.31175 ], [ -95.0303, 18.30969 ], [ -95.03033, 18.29915 ], [ -95.02298, 18.29815 ], [ -95.02104, 18.28438 ], [ -95.03515, 18.28114 ], [ -95.0343, 18.27663 ], [ -95.04117, 18.27114 ], [ -95.06319, 18.27697 ], [ -95.06933, 18.28574 ], [ -95.06764, 18.29936 ], [ -95.07658, 18.29921 ], [ -95.07813, 18.31535 ], [ -95.08569, 18.30708 ], [ -95.09808, 18.30372 ], [ -95.11533, 18.31053 ], [ -95.12181, 18.30589 ], [ -95.12242, 18.29871 ], [ -95.14356, 18.28907 ], [ -95.1488, 18.29368 ], [ -95.14155, 18.29677 ], [ -95.14606, 18.30423 ], [ -95.15813, 18.29853 ], [ -95.15607, 18.30175 ], [ -95.16361, 18.30526 ], [ -95.1609, 18.31548 ], [ -95.14878, 18.31858 ], [ -95.15429, 18.38061 ], [ -95.14996, 18.38628 ], [ -95.1557, 18.39441 ], [ -95.14664, 18.40105 ], [ -95.14673, 18.40785 ], [ -95.13489, 18.42274 ], [ -95.12999, 18.44622 ], [ -95.13375, 18.46545 ], [ -95.14408, 18.479 ], [ -95.14907, 18.47936 ], [ -95.15138, 18.49191 ], [ -95.12098, 18.49576 ], [ -95.09172, 18.48932 ], [ -95.07425, 18.50346 ], [ -95.07774, 18.51359 ], [ -95.08759, 18.52008 ], [ -95.08727, 18.5285 ], [ -95.10476, 18.53403 ], [ -95.11746, 18.52997 ], [ -95.12378, 18.5349 ], [ -95.13513, 18.53326 ], [ -95.13251, 18.54148 ], [ -95.12157, 18.54736 ], [ -95.1112, 18.54478 ], [ -95.11084, 18.55072 ], [ -95.0993, 18.54955 ], [ -95.10537, 18.56591 ], [ -95.10133, 18.57154 ], [ -95.08021, 18.57646 ], [ -95.04972, 18.59964 ], [ -95.05164, 18.58664 ], [ -95.04492, 18.57837 ], [ -94.98795, 18.55445 ], [ -94.97525, 18.55828 ], [ -94.94865, 18.54997 ], [ -94.89907, 18.54868 ], [ -94.89637, 18.54259 ] ] ] } },
{ "type": "Feature", "properties": { "NOMGEO": "Cazones de Herrera", "CVEGEO": "30033", "POB1": 24421.0, "POB84": 11846.0, "POB42": 12575.0 }, "geometry": { "type": "Polygon", "coordinates": [ [ [ -97.20517, 20.77613 ], [ -97.20389, 20.75837 ], [ -97.19383, 20.73968 ], [ -97.20118, 20.72456 ], [ -97.19588, 20.72029 ], [ -97.19432, 20.70033 ], [ -97.18066, 20.67072 ], [ -97.20061, 20.67315 ], [ -97.19917, 20.66512 ], [ -97.21235, 20.65375 ], [ -97.22554, 20.65495 ], [ -97.23087, 20.66027 ], [ -97.24335, 20.65396 ], [ -97.2504, 20.65957 ], [ -97.25225, 20.65551 ], [ -97.26414, 20.65428 ], [ -97.26355, 20.64426 ], [ -97.27954, 20.63148 ], [ -97.27782, 20.61966 ], [ -97.28383, 20.61574 ], [ -97.29368, 20.61713 ], [ -97.29232, 20.62669 ], [ -97.30513, 20.63397 ], [ -97.28941, 20.64572 ], [ -97.30655, 20.66234 ], [ -97.32674, 20.65227 ], [ -97.34197, 20.6559 ], [ -97.35101, 20.64922 ], [ -97.35818, 20.65386 ], [ -97.37961, 20.65485 ], [ -97.37069, 20.66895 ], [ -97.37693, 20.67582 ], [ -97.36547, 20.68018 ], [ -97.381, 20.69939 ], [ -97.38479, 20.68981 ], [ -97.39558, 20.70538 ], [ -97.40649, 20.7106 ], [ -97.41019, 20.72101 ], [ -97.4057, 20.72198 ], [ -97.40464, 20.73042 ], [ -97.39039, 20.73773 ], [ -97.35737, 20.73111 ], [ -97.36062, 20.73999 ], [ -97.34544, 20.7395 ], [ -97.33679, 20.7542 ], [ -97.33697, 20.76281 ], [ -97.32668, 20.76762 ], [ -97.32482, 20.77644 ], [ -97.31675, 20.7804 ], [ -97.32005, 20.78667 ], [ -97.31549, 20.78878 ], [ -97.31645, 20.79706 ], [ -97.30387, 20.79407 ], [ -97.30416, 20.80199 ], [ -97.26903, 20.79863 ], [ -97.26982, 20.79219 ], [ -97.263, 20.79034 ], [ -97.2562, 20.77799 ], [ -97.23565, 20.77967 ], [ -97.23597, 20.78509 ], [ -97.22425, 20.78972 ], [ -97.22729, 20.7933 ], [ -97.21809, 20.79592 ], [ -97.20517, 20.77613 ] ] ] } },
{ "type": "Feature", "properties": { "NOMGEO": "Cerro Azul", "CVEGEO": "30034", "POB1": 25011.0, "POB84": 11598.0, "POB42": 13413.0 }, "geometry": { "type": "Polygon", "coordinates": [ [ [ -97.70507, 21.1896 ], [ -97.70851, 21.17144 ], [ -97.72249, 21.17168 ], [ -97.70841, 21.16417 ], [ -97.70445, 21.15657 ], [ -97.70836, 21.15314 ], [ -97.72523, 21.15453 ], [ -97.71986, 21.14153 ], [ -97.72724, 21.13077 ], [ -97.74055, 21.14588 ], [ -97.73819, 21.1402 ], [ -97.74775, 21.13199 ], [ -97.75794, 21.14127 ], [ -97.76275, 21.13743 ], [ -97.77536, 21.14304 ], [ -97.77926, 21.16421 ], [ -97.80688, 21.18508 ], [ -97.83268, 21.18019 ], [ -97.84425, 21.18514 ], [ -97.84393, 21.19747 ], [ -97.83175, 21.21796 ], [ -97.82708, 21.21874 ], [ -97.82929, 21.22904 ], [ -97.82674, 21.23078 ], [ -97.82027, 21.22077 ], [ -97.82217, 21.21718 ], [ -97.79302, 21.23964 ], [ -97.78594, 21.23303 ], [ -97.77078, 21.22931 ], [ -97.76551, 21.22248 ], [ -97.75011, 21.22025 ], [ -97.74902, 21.20842 ], [ -97.72131, 21.20448 ], [ -97.7223, 21.20024 ], [ -97.71528, 21.19919 ], [ -97.71297, 21.20391 ], [ -97.70507, 21.1896 ] ] ] } },
{ "type": "Feature", "properties": { "NOMGEO": "Citlaltépetl", "CVEGEO": "30035", "POB1": 11165.0, "POB84": 5478.0, "POB42": 5687.0 }, "geometry": { "type": "Polygon", "coordinates": [ [ [ -97.85092, 21.29541 ], [ -97.84765, 21.28625 ], [ -97.8634, 21.28356 ], [ -97.86608, 21.26874 ], [ -97.87209, 21.2695 ], [ -97.86808, 21.25804 ], [ -97.872, 21.24613 ], [ -97.87821, 21.24886 ], [ -97.88407, 21.27262 ], [ -97.89069, 21.27772 ], [ -97.89484, 21.29523 ], [ -97.9033, 21.2984 ], [ -97.90649, 21.30979 ], [ -97.9026, 21.3191 ], [ -97.90753, 21.32404 ], [ -97.90618, 21.33706 ], [ -97.91209, 21.35325 ], [ -97.90645, 21.35321 ], [ -97.90396, 21.37193 ], [ -97.94233, 21.38869 ], [ -97.95685, 21.40682 ], [ -97.95696, 21.41462 ], [ -97.93212, 21.4276 ], [ -97.92933, 21.41563 ], [ -97.8986, 21.37704 ], [ -97.89154, 21.37884 ], [ -97.88918, 21.38517 ], [ -97.89353, 21.40337 ], [ -97.89016, 21.40785 ], [ -97.86475, 21.38653 ], [ -97.86244, 21.37972 ], [ -97.85767, 21.38307 ], [ -97.85182, 21.3785 ], [ -97.86421, 21.34827 ], [ -97.85797, 21.31818 ], [ -97.84353, 21.30872 ], [ -97.84429, 21.29751 ], [ -97.85092, 21.29541 ] ] ] } },
{ "type": "Feature", "properties": { "NOMGEO": "Coacoatzintla", "CVEGEO": "30036", "POB1": 11018.0, "POB84": 5329.0, "POB42": 5689.0 }, "geometry": { "type": "Polygon", "coordinates": [ [ [ -96.94168, 19.70966 ], [ -96.94172, 19.70349 ], [ -96.93341, 19.69681 ], [ -96.93089, 19.67277 ], [ -96.91381, 19.66966 ], [ -96.91711, 19.63513 ], [ -96.94255, 19.64083 ], [ -96.9627, 19.63725 ], [ -96.96854, 19.64367 ], [ -96.96657, 19.64978 ], [ -96.9765, 19.68301 ], [ -96.96669, 19.68351 ], [ -96.97085, 19.68534 ], [ -96.98109, 19.716 ], [ -96.99308, 19.71696 ], [ -96.98573, 19.72741 ], [ -96.9751, 19.71882 ], [ -96.95961, 19.72242 ], [ -96.94168, 19.70966 ] ] ] } },
{ "type": "Feature", "properties": { "NOMGEO": "Coahuitlán", "CVEGEO": "30037", "POB1": 8176.0, "POB84": 3990.0, "POB42": 4186.0 }, "geometry": { "type": "Polygon", "coordinates": [ [ [ -97.68656, 20.2491 ], [ -97.69801, 20.24273 ], [ -97.70518, 20.22745 ], [ -97.72607, 20.2463 ], [ -97.73651, 20.24407 ], [ -97.74739, 20.26321 ], [ -97.75124, 20.26012 ], [ -97.7573, 20.27908 ], [ -97.74089, 20.27457 ], [ -97.72412, 20.28362 ], [ -97.70841, 20.28529 ], [ -97.70481, 20.30298 ], [ -97.68184, 20.30216 ], [ -97.67682, 20.30688 ], [ -97.67622, 20.29537 ], [ -97.66676, 20.28294 ], [ -97.66267, 20.28426 ], [ -97.6643, 20.27314 ], [ -97.6594, 20.26743 ], [ -97.67972, 20.26293 ], [ -97.68656, 20.2491 ] ] ] } },
{ "type": "Feature", "properties": { "NOMGEO": "Coatepec", "CVEGEO": "30038", "POB1": 93911.0, "POB84": 45096.0, "POB42": 48815.0 }, "geometry": { "type": "Polygon", "coordinates": [ [ [ -96.99398, 19.50665 ], [ -96.98041, 19.51471 ], [ -96.97035, 19.51341 ], [ -96.96499, 19.50635 ], [ -96.9523, 19.51462 ], [ -96.94227, 19.51428 ], [ -96.93702, 19.51112 ], [ -96.94138, 19.50682 ], [ -96.93532, 19.49286 ], [ -96.92281, 19.48838 ], [ -96.91722, 19.49438 ], [ -96.90581, 19.49366 ], [ -96.90658, 19.4854 ], [ -96.89928, 19.48533 ], [ -96.90337, 19.4632 ], [ -96.89053, 19.45578 ], [ -96.88667, 19.44583 ], [ -96.83368, 19.43707 ], [ -96.82638, 19.42858 ], [ -96.82025, 19.42875 ], [ -96.81701, 19.42029 ], [ -96.80786, 19.42409 ], [ -96.80384, 19.41727 ], [ -96.79839, 19.41706 ], [ -96.80907, 19.40633 ], [ -96.80748, 19.39936 ], [ -96.81434, 19.40095 ], [ -96.81607, 19.39749 ], [ -96.81424, 19.38369 ], [ -96.82519, 19.37899 ], [ -96.79703, 19.36498 ], [ -96.80076, 19.35727 ], [ -96.81881, 19.36629 ], [ -96.84126, 19.36767 ], [ -96.84181, 19.37449 ], [ -96.84588, 19.37292 ], [ -96.86006, 19.38443 ], [ -96.86998, 19.38035 ], [ -96.886, 19.38508 ], [ -96.89525, 19.37565 ], [ -96.90548, 19.37714 ], [ -96.90851, 19.38442 ], [ -96.92236, 19.39314 ], [ -96.92641, 19.40314 ], [ -96.93103, 19.4026 ], [ -96.94998, 19.42247 ], [ -96.96648, 19.42745 ], [ -96.97664, 19.43962 ], [ -96.99185, 19.44093 ], [ -96.9983, 19.4497 ], [ -96.99901, 19.46234 ], [ -97.03586, 19.47157 ], [ -97.0717, 19.50947 ], [ -97.09261, 19.51948 ], [ -97.10172, 19.51796 ], [ -97.10623, 19.52353 ], [ -97.1032, 19.53142 ], [ -97.09248, 19.53191 ], [ -97.07964, 19.52022 ], [ -97.0566, 19.51743 ], [ -97.051, 19.51143 ], [ -97.02949, 19.5053 ], [ -97.03191, 19.5123 ], [ -97.02539, 19.50799 ], [ -97.02144, 19.51363 ], [ -97.01753, 19.51109 ], [ -97.01419, 19.52184 ], [ -96.99398, 19.50665 ] ] ] } },
{ "type": "Feature", "properties": { "NOMGEO": "Coatzacoalcos", "CVEGEO": "30039", "POB1": 310698.0, "POB84": 149139.0, "POB42": 161559.0 }, "geometry": { "type": "Polygon", "coordinates": [ [ [ -94.53979, 18.16121 ], [ -94.47552, 18.15058 ], [ -94.41997, 18.15681 ], [ -94.41584, 18.15811 ], [ -94.41592, 18.16642 ], [ -94.41561, 18.15823 ], [ -94.40761, 18.15968 ], [ -94.4127, 18.16626 ], [ -94.41245, 18.1666 ], [ -94.40611, 18.15952 ], [ -94.37375, 18.16132 ], [ -94.24009, 18.188 ], [ -94.24073, 18.1758 ], [ -94.23445, 18.1726 ], [ -94.23548, 18.16225 ], [ -94.22346, 18.13579 ], [ -94.23803, 18.12772 ], [ -94.24017, 18.08687 ], [ -94.25715, 18.06989 ], [ -94.2681, 18.07619 ], [ -94.28592, 18.07346 ], [ -94.30124, 18.09576 ], [ -94.31081, 18.09726 ], [ -94.32157, 18.07535 ], [ -94.34452, 18.06098 ], [ -94.3527, 18.07379 ], [ -94.3579, 18.07077 ], [ -94.36552, 18.07566 ], [ -94.36575, 18.08226 ], [ -94.38989, 18.07227 ], [ -94.39947, 18.07783 ], [ -94.40018, 18.09094 ], [ -94.40923, 18.08773 ], [ -94.41465, 18.09773 ], [ -94.43503, 18.09287 ], [ -94.43962, 18.11099 ], [ -94.44733, 18.102 ], [ -94.45542, 18.10682 ], [ -94.4656, 18.10345 ], [ -94.47009, 18.1119 ], [ -94.51996, 18.10092 ], [ -94.52473, 18.11189 ], [ -94.51584, 18.11252 ], [ -94.51423, 18.12444 ], [ -94.53736, 18.14215 ], [ -94.56018, 18.13613 ], [ -94.55945, 18.13274 ], [ -94.57774, 18.12263 ], [ -94.59653, 18.12655 ], [ -94.60157, 18.13156 ], [ -94.59714, 18.13797 ], [ -94.60084, 18.15229 ], [ -94.63258, 18.15906 ], [ -94.63903, 18.17314 ], [ -94.62618, 18.21131 ], [ -94.61521, 18.21099 ], [ -94.60729, 18.19705 ], [ -94.53979, 18.16121 ] ] ] } },
{ "type": "Feature", "properties": { "NOMGEO": "Coatzintla", "CVEGEO": "30040", "POB1": 55016.0, "POB84": 26292.0, "POB42": 28724.0 }, "geometry": { "type": "Polygon", "coordinates": [ [ [ -97.3935, 20.48016 ], [ -97.3993, 20.47704 ], [ -97.39925, 20.46963 ], [ -97.41789, 20.46103 ], [ -97.44775, 20.45649 ], [ -97.45194, 20.43047 ], [ -97.44245, 20.42798 ], [ -97.44782, 20.42637 ], [ -97.45045, 20.41741 ], [ -97.45421, 20.42141 ], [ -97.4572, 20.41425 ], [ -97.48026, 20.41057 ], [ -97.47869, 20.40613 ], [ -97.46968, 20.40427 ], [ -97.46469, 20.4081 ], [ -97.46148, 20.40393 ], [ -97.466, 20.40107 ], [ -97.4662, 20.3905 ], [ -97.47467, 20.383 ], [ -97.47474, 20.37232 ], [ -97.46851, 20.36829 ], [ -97.47265, 20.3546 ], [ -97.4978, 20.36826 ], [ -97.50127, 20.37671 ], [ -97.51328, 20.37715 ], [ -97.51554, 20.36757 ], [ -97.52554, 20.37 ], [ -97.52613, 20.36548 ], [ -97.54581, 20.36196 ], [ -97.54839, 20.35661 ], [ -97.56842, 20.35707 ], [ -97.57411, 20.35027 ], [ -97.59452, 20.35395 ], [ -97.59519, 20.35029 ], [ -97.60043, 20.35302 ], [ -97.61255, 20.34792 ], [ -97.61404, 20.35312 ], [ -97.624, 20.35112 ], [ -97.62226, 20.36133 ], [ -97.639, 20.36795 ], [ -97.65495, 20.38805 ], [ -97.65265, 20.39766 ], [ -97.63637, 20.3982 ], [ -97.64773, 20.40804 ], [ -97.63755, 20.41791 ], [ -97.63547, 20.43235 ], [ -97.64072, 20.44227 ], [ -97.63609, 20.45159 ], [ -97.62777, 20.45034 ], [ -97.62388, 20.45774 ], [ -97.61659, 20.45535 ], [ -97.59588, 20.46399 ], [ -97.57605, 20.4909 ], [ -97.56207, 20.49009 ], [ -97.55606, 20.48469 ], [ -97.54331, 20.48474 ], [ -97.53879, 20.48948 ], [ -97.53103, 20.48407 ], [ -97.52008, 20.49075 ], [ -97.51741, 20.5036 ], [ -97.49931, 20.49663 ], [ -97.48303, 20.50813 ], [ -97.45736, 20.49684 ], [ -97.45498, 20.49159 ], [ -97.45054, 20.49456 ], [ -97.40403, 20.48767 ], [ -97.3935, 20.48016 ] ] ] } },
{ "type": "Feature", "properties": { "NOMGEO": "Coetzala", "CVEGEO": "30041", "POB1": 2355.0, "POB84": 1156.0, "POB42": 1199.0 }, "geometry": { "type": "Polygon", "coordinates": [ [ [ -96.90861, 18.78098 ], [ -96.90631, 18.77254 ], [ -96.91534, 18.76097 ], [ -96.93752, 18.75511 ], [ -96.93737, 18.76675 ], [ -96.9312, 18.76598 ], [ -96.92779, 18.77388 ], [ -96.92807, 18.78073 ], [ -96.93701, 18.78159 ], [ -96.93242, 18.78972 ], [ -96.92184, 18.79535 ], [ -96.90433, 18.78609 ], [ -96.90861, 18.78098 ] ] ] } },
{ "type": "Feature", "properties": { "NOMGEO": "Colipa", "CVEGEO": "30042", "POB1": 5743.0, "POB84": 2844.0, "POB42": 2899.0 }, "geometry": { "type": "Polygon", "coordinates": [ [ [ -96.67325, 19.87267 ], [ -96.69339, 19.87234 ], [ -96.69725, 19.87564 ], [ -96.69497, 19.87979 ], [ -96.70203, 19.88408 ], [ -96.71538, 19.87798 ], [ -96.71825, 19.88644 ], [ -96.70922, 19.89197 ], [ -96.72147, 19.90539 ], [ -96.7395, 19.90842 ], [ -96.75568, 19.88893 ], [ -96.79708, 19.93446 ], [ -96.79365, 19.94171 ], [ -96.77905, 19.94192 ], [ -96.77252, 19.93685 ], [ -96.77247, 19.94485 ], [ -96.76457, 19.94789 ], [ -96.7596, 19.95707 ], [ -96.75648, 19.95463 ], [ -96.75748, 19.95995 ], [ -96.73833, 19.97697 ], [ -96.73443, 19.98807 ], [ -96.72999, 19.98675 ], [ -96.73004, 19.97136 ], [ -96.72653, 19.96934 ], [ -96.72031, 19.97876 ], [ -96.70319, 19.96911 ], [ -96.6888, 19.98166 ], [ -96.68256, 19.97873 ], [ -96.66255, 19.99851 ], [ -96.65907, 19.98569 ], [ -96.64508, 19.99077 ], [ -96.64562, 19.97612 ], [ -96.64144, 19.97031 ], [ -96.64223, 19.95954 ], [ -96.65432, 19.94689 ], [ -96.63735, 19.9477 ], [ -96.64469, 19.92162 ], [ -96.65478, 19.91487 ], [ -96.65033, 19.90269 ], [ -96.67325, 19.87267 ] ] ] } },
{ "type": "Feature", "properties": { "NOMGEO": "Comapa", "CVEGEO": "30043", "POB1": 19876.0, "POB84": 9975.0, "POB42": 9901.0 }, "geometry": { "type": "Polygon", "coordinates": [ [ [ -96.6118, 19.1947 ], [ -96.61063, 19.18845 ], [ -96.5943, 19.18219 ], [ -96.58912, 19.17282 ], [ -96.56813, 19.17256 ], [ -96.56777, 19.16839 ], [ -96.55999, 19.16789 ], [ -96.54424, 19.15555 ], [ -96.53436, 19.16363 ], [ -96.53309, 19.15893 ], [ -96.52779, 19.15902 ], [ -96.5297, 19.15611 ], [ -96.51302, 19.15666 ], [ -96.51749, 19.14964 ], [ -96.50804, 19.15695 ], [ -96.5052, 19.15068 ], [ -96.49886, 19.14973 ], [ -96.50198, 19.14372 ], [ -96.49502, 19.14733 ], [ -96.49286, 19.13925 ], [ -96.49458, 19.13608 ], [ -96.53265, 19.13604 ], [ -96.55173, 19.12948 ], [ -96.57254, 19.1344 ], [ -96.57028, 19.11891 ], [ -96.56047, 19.1192 ], [ -96.56156, 19.11215 ], [ -96.5501, 19.11225 ], [ -96.54624, 19.10574 ], [ -96.55152, 19.10067 ], [ -96.55883, 19.10332 ], [ -96.56181, 19.098 ], [ -96.56768, 19.10076 ], [ -96.56951, 19.09284 ], [ -96.56424, 19.08641 ], [ -96.56776, 19.08122 ], [ -96.62986, 19.09185 ], [ -96.63161, 19.08476 ], [ -96.62792, 19.08227 ], [ -96.63717, 19.07794 ], [ -96.64319, 19.08023 ], [ -96.64037, 19.07572 ], [ -96.65011, 19.07409 ], [ -96.65268, 19.07971 ], [ -96.65443, 19.07458 ], [ -96.65975, 19.08009 ], [ -96.66686, 19.07425 ], [ -96.66404, 19.0776 ], [ -96.66803, 19.08111 ], [ -96.67555, 19.07488 ], [ -96.67746, 19.07995 ], [ -96.68441, 19.07795 ], [ -96.6849, 19.08519 ], [ -96.69172, 19.08197 ], [ -96.70394, 19.08835 ], [ -96.73842, 19.08949 ], [ -96.77966, 19.10209 ], [ -96.80229, 19.11597 ], [ -96.82314, 19.14034 ], [ -96.87326, 19.15051 ], [ -96.90672, 19.16448 ], [ -96.92374, 19.19339 ], [ -96.92154, 19.19884 ], [ -96.91364, 19.19966 ], [ -96.90858, 19.19288 ], [ -96.88713, 19.187 ], [ -96.88127, 19.18028 ], [ -96.87116, 19.18074 ], [ -96.85689, 19.16979 ], [ -96.84596, 19.17125 ], [ -96.81903, 19.16037 ], [ -96.79883, 19.16455 ], [ -96.76188, 19.16135 ], [ -96.74641, 19.16802 ], [ -96.73025, 19.16373 ], [ -96.71751, 19.16772 ], [ -96.70714, 19.17434 ], [ -96.70578, 19.18139 ], [ -96.69236, 19.18428 ], [ -96.6807, 19.19527 ], [ -96.67713, 19.19292 ], [ -96.67726, 19.19844 ], [ -96.66704, 19.2021 ], [ -96.66775, 19.20683 ], [ -96.66151, 19.2036 ], [ -96.65038, 19.20876 ], [ -96.65165, 19.19675 ], [ -96.62417, 19.20387 ], [ -96.6118, 19.1947 ] ] ] } },
{ "type": "Feature", "properties": { "NOMGEO": "Córdoba", "CVEGEO": "30044", "POB1": 204721.0, "POB84": 95960.0, "POB42": 108761.0 }, "geometry": { "type": "Polygon", "coordinates": [ [ [ -96.88288, 18.94199 ], [ -96.87865, 18.93563 ], [ -96.8831, 18.92659 ], [ -96.87526, 18.91121 ], [ -96.89473, 18.90643 ], [ -96.90225, 18.91065 ], [ -96.9062, 18.9071 ], [ -96.90694, 18.89671 ], [ -96.8815, 18.8857 ], [ -96.88538, 18.87515 ], [ -96.89639, 18.87262 ], [ -96.8984, 18.86448 ], [ -96.92172, 18.86469 ], [ -96.92043, 18.85939 ], [ -96.92865, 18.85522 ], [ -96.9445, 18.85583 ], [ -96.95652, 18.83828 ], [ -96.96958, 18.84056 ], [ -96.97389, 18.85435 ], [ -96.97056, 18.85953 ], [ -96.98168, 18.88294 ], [ -96.97409, 18.88774 ], [ -96.98134, 18.89196 ], [ -96.9834, 18.90277 ], [ -96.95978, 18.90089 ], [ -96.9551, 18.90179 ], [ -96.95598, 18.90664 ], [ -97.00343, 18.95233 ], [ -96.98922, 18.97723 ], [ -96.99708, 18.98679 ], [ -96.9894, 18.99052 ], [ -96.9813, 18.98613 ], [ -96.98293, 19.00198 ], [ -96.96426, 19.0087 ], [ -96.95206, 19.00434 ], [ -96.93785, 19.01088 ], [ -96.92043, 19.00889 ], [ -96.89824, 18.99175 ], [ -96.90505, 18.98547 ], [ -96.90068, 18.97925 ], [ -96.90443, 18.96377 ], [ -96.87335, 18.95734 ], [ -96.88288, 18.94199 ] ] ] } },
{ "type": "Feature", "properties": { "NOMGEO": "Cosamaloapan de Carpio", "CVEGEO": "30045", "POB1": 54737.0, "POB84": 25879.0, "POB42": 28858.0 }, "geometry": { "type": "Polygon", "coordinates": [ [ [ -95.77937, 18.37589 ], [ -95.77071, 18.35996 ], [ -95.7769, 18.35981 ], [ -95.77941, 18.34177 ], [ -95.76648, 18.31475 ], [ -95.77656, 18.31672 ], [ -95.7859, 18.32857 ], [ -95.78005, 18.34076 ], [ -95.79002, 18.33958 ], [ -95.80592, 18.31659 ], [ -95.81245, 18.3171 ], [ -95.83015, 18.3336 ], [ -95.8396, 18.3332 ], [ -95.85045, 18.31958 ], [ -95.84525, 18.29895 ], [ -95.84925, 18.28736 ], [ -95.88104, 18.27506 ], [ -95.90253, 18.27727 ], [ -95.91337, 18.27246 ], [ -95.91759, 18.2663 ], [ -95.91148, 18.25225 ], [ -95.9152, 18.24733 ], [ -95.95266, 18.25024 ], [ -95.95739, 18.24262 ], [ -95.95178, 18.22782 ], [ -95.9563, 18.22139 ], [ -95.97217, 18.21598 ], [ -95.96195, 18.2255 ], [ -95.96169, 18.23122 ], [ -95.97685, 18.25072 ], [ -95.98706, 18.2528 ], [ -95.99238, 18.24927 ], [ -95.99313, 18.23906 ], [ -95.97618, 18.23565 ], [ -95.99896, 18.20723 ], [ -95.99137, 18.19856 ], [ -95.97988, 18.19966 ], [ -95.98538, 18.19213 ], [ -95.98253, 18.18933 ], [ -96.00673, 18.18453 ], [ -96.01134, 18.20989 ], [ -96.02296, 18.21714 ], [ -96.03499, 18.21631 ], [ -96.04376, 18.2056 ], [ -96.04604, 18.17676 ], [ -96.05246, 18.17303 ], [ -96.06436, 18.17543 ], [ -96.07606, 18.1614 ], [ -96.11206, 18.16577 ], [ -96.11715, 18.15517 ], [ -96.12305, 18.15423 ], [ -96.12258, 18.14157 ], [ -96.13564, 18.13412 ], [ -96.14291, 18.14015 ], [ -96.14972, 18.13164 ], [ -96.16472, 18.13464 ], [ -96.17967, 18.14057 ], [ -96.18766, 18.14998 ], [ -96.18281, 18.15782 ], [ -96.1872, 18.16675 ], [ -96.17285, 18.16781 ], [ -96.16913, 18.1721 ], [ -96.17334, 18.19043 ], [ -96.14998, 18.19062 ], [ -96.13974, 18.19928 ], [ -96.13838, 18.18476 ], [ -96.12238, 18.18789 ], [ -96.1222, 18.18462 ], [ -96.11848, 18.19175 ], [ -96.10415, 18.19211 ], [ -96.10354, 18.19542 ], [ -96.09728, 18.1919 ], [ -96.08521, 18.20091 ], [ -96.07819, 18.19983 ], [ -96.06906, 18.21414 ], [ -96.0698, 18.21968 ], [ -96.08041, 18.2187 ], [ -96.07818, 18.23247 ], [ -96.0621, 18.2397 ], [ -96.06515, 18.24893 ], [ -96.05357, 18.25165 ], [ -96.05996, 18.2548 ], [ -96.07203, 18.27463 ], [ -96.06703, 18.28388 ], [ -96.06991, 18.28776 ], [ -96.05571, 18.2899 ], [ -96.05529, 18.29981 ], [ -96.0595, 18.29906 ], [ -96.05825, 18.30398 ], [ -96.07155, 18.31454 ], [ -96.08239, 18.3053 ], [ -96.08353, 18.31429 ], [ -96.09195, 18.3186 ], [ -96.09007, 18.32678 ], [ -96.07864, 18.33685 ], [ -96.06811, 18.33452 ], [ -96.06641, 18.35219 ], [ -96.05776, 18.35607 ], [ -96.05477, 18.36459 ], [ -96.03509, 18.36275 ], [ -96.03309, 18.38252 ], [ -96.01659, 18.37541 ], [ -96.01589, 18.38793 ], [ -96.01055, 18.39432 ], [ -95.99238, 18.40162 ], [ -95.98491, 18.41495 ], [ -95.98509, 18.42688 ], [ -95.94737, 18.42087 ], [ -95.93902, 18.41097 ], [ -95.92969, 18.41807 ], [ -95.93505, 18.42706 ], [ -95.93272, 18.43175 ], [ -95.9063, 18.42768 ], [ -95.9062, 18.40082 ], [ -95.88862, 18.40704 ], [ -95.8855, 18.40394 ], [ -95.89969, 18.37727 ], [ -95.88347, 18.37356 ], [ -95.87306, 18.37437 ], [ -95.87121, 18.37862 ], [ -95.8558, 18.36637 ], [ -95.85383, 18.37368 ], [ -95.82802, 18.37929 ], [ -95.81804, 18.392 ], [ -95.79865, 18.382 ], [ -95.79873, 18.38589 ], [ -95.78756, 18.3841 ], [ -95.77856, 18.39988 ], [ -95.77937, 18.37589 ] ] ] } },
{ "type": "Feature", "properties": { "NOMGEO": "Cosautlán de Carvajal", "CVEGEO": "30046", "POB1": 16167.0, "POB84": 7980.0, "POB42": 8187.0 }, "geometry": { "type": "Polygon", "coordinates": [ [ [ -96.89571, 19.336 ], [ -96.9194, 19.32182 ], [ -96.92399, 19.30939 ], [ -96.92975, 19.31107 ], [ -96.93505, 19.30585 ], [ -96.93911, 19.30887 ], [ -96.94679, 19.29685 ], [ -96.95186, 19.29866 ], [ -96.95975, 19.28908 ], [ -96.98072, 19.28982 ], [ -97.00032, 19.30626 ], [ -97.00722, 19.31835 ], [ -97.0242, 19.31886 ], [ -97.03035, 19.32518 ], [ -97.03451, 19.33611 ], [ -97.02798, 19.34379 ], [ -97.03545, 19.35278 ], [ -97.01523, 19.35891 ], [ -97.01141, 19.35476 ], [ -96.99138, 19.35997 ], [ -96.97145, 19.35594 ], [ -96.94424, 19.36864 ], [ -96.94172, 19.36457 ], [ -96.93348, 19.36559 ], [ -96.93159, 19.3699 ], [ -96.92227, 19.34918 ], [ -96.91632, 19.35198 ], [ -96.89492, 19.34417 ], [ -96.89571, 19.336 ] ] ] } },
{ "type": "Feature", "properties": { "NOMGEO": "Coscomatepec", "CVEGEO": "30047", "POB1": 59471.0, "POB84": 28715.0, "POB42": 30756.0 }, "geometry": { "type": "Polygon", "coordinates": [ [ [ -97.00458, 19.07418 ], [ -97.00864, 19.07936 ], [ -97.01813, 19.07378 ], [ -97.01112, 19.06811 ], [ -97.00598, 19.05128 ], [ -97.03302, 19.04944 ], [ -97.02065, 19.03907 ], [ -97.0235, 19.02859 ], [ -97.03199, 19.03704 ], [ -97.05857, 19.02386 ], [ -97.06483, 19.02415 ], [ -97.06931, 19.03071 ], [ -97.07206, 19.02271 ], [ -97.06496, 19.00279 ], [ -97.08565, 18.99744 ], [ -97.09198, 18.98383 ], [ -97.09871, 18.99111 ], [ -97.11086, 18.98904 ], [ -97.12289, 18.99839 ], [ -97.12952, 18.99643 ], [ -97.15372, 19.00489 ], [ -97.18591, 19.03868 ], [ -97.19662, 19.04393 ], [ -97.19293, 19.05854 ], [ -97.18684, 19.06232 ], [ -97.17303, 19.0664 ], [ -97.14279, 19.06202 ], [ -97.13272, 19.0636 ], [ -97.13504, 19.07 ], [ -97.11514, 19.06802 ], [ -97.12121, 19.0762 ], [ -97.10425, 19.08178 ], [ -97.09836, 19.07959 ], [ -97.08928, 19.09038 ], [ -97.0783, 19.09244 ], [ -97.0786, 19.0993 ], [ -97.06383, 19.10101 ], [ -97.06646, 19.11289 ], [ -97.05194, 19.10673 ], [ -97.05745, 19.12188 ], [ -97.05288, 19.13229 ], [ -97.04584, 19.12803 ], [ -97.03813, 19.13426 ], [ -97.03261, 19.1305 ], [ -97.02309, 19.11964 ], [ -97.02532, 19.11505 ], [ -97.00917, 19.1003 ], [ -97.00928, 19.09264 ], [ -96.99973, 19.08609 ], [ -97.00458, 19.07418 ] ] ] } },
{ "type": "Feature", "properties": { "NOMGEO": "Cosoleacaque", "CVEGEO": "30048", "POB1": 130903.0, "POB84": 62157.0, "POB42": 68746.0 }, "geometry": { "type": "Polygon", "coordinates": [ [ [ -94.41434, 18.06976 ], [ -94.41952, 18.05534 ], [ -94.42755, 18.05029 ], [ -94.45027, 18.05494 ], [ -94.45792, 18.04687 ], [ -94.4601, 18.02847 ], [ -94.47125, 18.02808 ], [ -94.48615, 18.02017 ], [ -94.49284, 18.02555 ], [ -94.49936, 18.02395 ], [ -94.50323, 18.03223 ], [ -94.49596, 18.05418 ], [ -94.50379, 18.05143 ], [ -94.516, 18.06873 ], [ -94.55102, 18.07076 ], [ -94.56959, 18.09415 ], [ -94.57566, 18.08885 ], [ -94.57383, 18.08302 ], [ -94.57985, 18.08162 ], [ -94.57003, 18.03817 ], [ -94.5792, 18.02678 ], [ -94.56494, 18.01311 ], [ -94.55324, 18.02045 ], [ -94.55564, 18.02407 ], [ -94.53276, 18.02841 ], [ -94.54839, 18.01191 ], [ -94.54594, 18.00607 ], [ -94.55279, 18.00731 ], [ -94.5582, 18.00184 ], [ -94.57402, 18.01028 ], [ -94.58468, 18.00754 ], [ -94.5871, 17.98936 ], [ -94.57683, 17.98642 ], [ -94.58528, 17.97833 ], [ -94.58755, 17.9841 ], [ -94.59731, 17.98289 ], [ -94.57939, 17.96617 ], [ -94.56432, 17.96094 ], [ -94.56917, 17.92937 ], [ -94.57513, 17.93062 ], [ -94.57418, 17.92237 ], [ -94.58171, 17.91915 ], [ -94.577, 17.91898 ], [ -94.57667, 17.9134 ], [ -94.58568, 17.90639 ], [ -94.58886, 17.89636 ], [ -94.62225, 17.90197 ], [ -94.61978, 17.88532 ], [ -94.64664, 17.86992 ], [ -94.65302, 17.87197 ], [ -94.65523, 17.88226 ], [ -94.6591, 17.87482 ], [ -94.66688, 17.87242 ], [ -94.68273, 17.88181 ], [ -94.68227, 17.88677 ], [ -94.68963, 17.8867 ], [ -94.68111, 17.89257 ], [ -94.68021, 17.89931 ], [ -94.68738, 17.90531 ], [ -94.68984, 17.91814 ], [ -94.68582, 17.92098 ], [ -94.68392, 17.93828 ], [ -94.68106, 17.94225 ], [ -94.67411, 17.94043 ], [ -94.67143, 17.95566 ], [ -94.6285, 17.9247 ], [ -94.62214, 17.92335 ], [ -94.60851, 17.93481 ], [ -94.61495, 17.95064 ], [ -94.61336, 17.96456 ], [ -94.62131, 17.966 ], [ -94.62235, 17.9609 ], [ -94.63615, 17.97173 ], [ -94.64915, 17.96393 ], [ -94.65854, 17.98292 ], [ -94.65266, 17.98562 ], [ -94.65098, 18.0175 ], [ -94.61894, 18.03868 ], [ -94.60405, 18.05981 ], [ -94.60683, 18.07598 ], [ -94.60234, 18.07241 ], [ -94.59594, 18.07476 ], [ -94.59043, 18.08357 ], [ -94.58786, 18.09072 ], [ -94.59416, 18.09634 ], [ -94.5872, 18.10138 ], [ -94.58981, 18.1083 ], [ -94.58467, 18.1137 ], [ -94.58781, 18.12001 ], [ -94.58478, 18.12259 ], [ -94.56913, 18.12624 ], [ -94.56018, 18.13613 ], [ -94.53736, 18.14215 ], [ -94.51423, 18.12444 ], [ -94.51584, 18.11252 ], [ -94.52473, 18.11189 ], [ -94.51996, 18.10092 ], [ -94.47009, 18.1119 ], [ -94.4656, 18.10345 ], [ -94.45542, 18.10682 ], [ -94.44733, 18.102 ], [ -94.44023, 18.11103 ], [ -94.43631, 18.10836 ], [ -94.43647, 18.09394 ], [ -94.42408, 18.09804 ], [ -94.41434, 18.06976 ] ] ] } },
{ "type": "Feature", "properties": { "NOMGEO": "Cotaxtla", "CVEGEO": "30049", "POB1": 22050.0, "POB84": 10868.0, "POB42": 11182.0 }, "geometry": { "type": "Polygon", "coordinates": [ [ [ -96.29668, 18.96206 ], [ -96.30083, 18.93507 ], [ -96.29439, 18.93515 ], [ -96.29212, 18.94295 ], [ -96.28451, 18.94318 ], [ -96.27932, 18.91921 ], [ -96.26348, 18.91731 ], [ -96.25892, 18.90364 ], [ -96.24708, 18.90189 ], [ -96.243, 18.90823 ], [ -96.23292, 18.90946 ], [ -96.23245, 18.91417 ], [ -96.2185, 18.92052 ], [ -96.21311, 18.91539 ], [ -96.21904, 18.908 ], [ -96.21285, 18.90152 ], [ -96.21871, 18.90078 ], [ -96.21152, 18.88689 ], [ -96.20825, 18.89606 ], [ -96.19342, 18.90235 ], [ -96.18392, 18.84247 ], [ -96.18799, 18.84064 ], [ -96.19227, 18.84518 ], [ -96.19058, 18.83993 ], [ -96.19601, 18.83253 ], [ -96.21239, 18.83954 ], [ -96.2203, 18.82828 ], [ -96.24354, 18.82738 ], [ -96.24904, 18.81863 ], [ -96.26963, 18.80982 ], [ -96.26733, 18.79516 ], [ -96.27905, 18.78245 ], [ -96.30547, 18.78424 ], [ -96.34082, 18.79867 ], [ -96.33988, 18.78782 ], [ -96.35649, 18.79296 ], [ -96.3663, 18.78562 ], [ -96.39156, 18.78408 ], [ -96.41929, 18.77302 ], [ -96.42183, 18.77079 ], [ -96.41518, 18.76123 ], [ -96.39905, 18.75515 ], [ -96.40546, 18.74607 ], [ -96.42362, 18.75006 ], [ -96.4244, 18.74492 ], [ -96.41818, 18.74336 ], [ -96.42056, 18.73628 ], [ -96.45577, 18.74213 ], [ -96.47547, 18.73642 ], [ -96.47451, 18.7521 ], [ -96.46751, 18.7528 ], [ -96.48253, 18.76892 ], [ -96.46979, 18.78057 ], [ -96.47074, 18.7855 ], [ -96.46578, 18.78598 ], [ -96.46474, 18.79713 ], [ -96.47244, 18.80466 ], [ -96.46595, 18.81359 ], [ -96.48048, 18.82152 ], [ -96.48753, 18.83706 ], [ -96.50603, 18.84675 ], [ -96.50676, 18.85269 ], [ -96.51537, 18.85368 ], [ -96.51766, 18.86075 ], [ -96.52797, 18.86342 ], [ -96.51271, 18.87686 ], [ -96.52413, 18.88243 ], [ -96.53888, 18.90673 ], [ -96.51474, 18.90625 ], [ -96.51047, 18.90068 ], [ -96.50206, 18.89996 ], [ -96.49399, 18.9112 ], [ -96.51628, 18.91249 ], [ -96.52029, 18.91919 ], [ -96.50905, 18.92242 ], [ -96.49541, 18.91554 ], [ -96.49996, 18.92864 ], [ -96.46773, 18.92997 ], [ -96.46662, 18.93953 ], [ -96.46223, 18.93913 ], [ -96.45871, 18.94674 ], [ -96.4488, 18.94917 ], [ -96.43398, 18.93701 ], [ -96.42652, 18.94446 ], [ -96.4134, 18.93697 ], [ -96.41072, 18.93996 ], [ -96.40935, 18.93626 ], [ -96.39605, 18.93571 ], [ -96.39289, 18.94346 ], [ -96.37272, 18.94575 ], [ -96.35682, 18.95837 ], [ -96.3501, 18.97465 ], [ -96.34326, 18.9754 ], [ -96.34323, 18.96953 ], [ -96.32672, 18.96696 ], [ -96.32598, 18.96326 ], [ -96.31467, 18.97257 ], [ -96.3144, 18.9782 ], [ -96.30519, 18.97409 ], [ -96.29668, 18.96206 ] ] ] } },
{ "type": "Feature", "properties": { "NOMGEO": "Coxquihui", "CVEGEO": "30050", "POB1": 16333.0, "POB84": 7902.0, "POB42": 8431.0 }, "geometry": { "type": "Polygon", "coordinates": [ [ [ -97.53121, 20.16846 ], [ -97.53722, 20.17599 ], [ -97.54449, 20.16693 ], [ -97.55384, 20.16981 ], [ -97.56922, 20.16431 ], [ -97.57642, 20.17655 ], [ -97.59113, 20.15564 ], [ -97.59553, 20.16005 ], [ -97.60566, 20.15775 ], [ -97.60449, 20.16687 ], [ -97.6216, 20.17233 ], [ -97.61616, 20.1858 ], [ -97.60939, 20.18358 ], [ -97.60717, 20.18838 ], [ -97.60059, 20.18849 ], [ -97.60514, 20.19426 ], [ -97.57109, 20.20297 ], [ -97.56752, 20.21188 ], [ -97.57559, 20.21836 ], [ -97.56963, 20.22048 ], [ -97.56738, 20.22811 ], [ -97.56138, 20.22845 ], [ -97.55757, 20.23721 ], [ -97.5474, 20.2407 ], [ -97.54525, 20.24572 ], [ -97.55714, 20.25012 ], [ -97.56369, 20.2426 ], [ -97.57512, 20.24339 ], [ -97.5819, 20.26689 ], [ -97.5775, 20.27014 ], [ -97.56823, 20.27207 ], [ -97.55804, 20.26715 ], [ -97.54272, 20.2735 ], [ -97.53091, 20.26536 ], [ -97.50463, 20.26754 ], [ -97.48281, 20.25917 ], [ -97.48618, 20.24523 ], [ -97.51665, 20.24169 ], [ -97.5174, 20.23188 ], [ -97.52646, 20.22899 ], [ -97.52733, 20.2201 ], [ -97.54095, 20.21577 ], [ -97.53696, 20.20516 ], [ -97.55181, 20.20535 ], [ -97.54855, 20.19438 ], [ -97.54231, 20.20244 ], [ -97.53103, 20.19983 ], [ -97.53037, 20.1887 ], [ -97.52155, 20.19071 ], [ -97.52424, 20.20156 ], [ -97.51839, 20.20901 ], [ -97.50582, 20.20647 ], [ -97.50502, 20.19623 ], [ -97.515, 20.19445 ], [ -97.51364, 20.1821 ], [ -97.50767, 20.18379 ], [ -97.50539, 20.17904 ], [ -97.5146, 20.17004 ], [ -97.53121, 20.16846 ] ] ] } },
{ "type": "Feature", "properties": { "NOMGEO": "Coyutla", "CVEGEO": "30051", "POB1": 23096.0, "POB84": 11141.0, "POB42": 11955.0 }, "geometry": { "type": "Polygon", "coordinates": [ [ [ -97.63637, 20.3982 ], [ -97.65265, 20.39766 ], [ -97.65495, 20.38805 ], [ -97.639, 20.36795 ], [ -97.62226, 20.36133 ], [ -97.624, 20.35112 ], [ -97.61404, 20.35312 ], [ -97.61054, 20.34763 ], [ -97.60043, 20.35302 ], [ -97.59519, 20.35029 ], [ -97.59452, 20.35395 ], [ -97.57411, 20.35027 ], [ -97.58269, 20.34702 ], [ -97.5841, 20.33839 ], [ -97.57809, 20.33224 ], [ -97.58301, 20.31934 ], [ -97.60079, 20.32044 ], [ -97.60479, 20.31336 ], [ -97.59875, 20.30111 ], [ -97.58911, 20.29845 ], [ -97.58263, 20.28243 ], [ -97.60223, 20.28146 ], [ -97.6032, 20.27573 ], [ -97.60888, 20.27461 ], [ -97.60533, 20.26294 ], [ -97.58814, 20.26225 ], [ -97.5819, 20.26689 ], [ -97.57512, 20.24339 ], [ -97.59166, 20.24479 ], [ -97.60998, 20.23525 ], [ -97.60934, 20.22706 ], [ -97.60403, 20.22339 ], [ -97.61384, 20.21863 ], [ -97.62362, 20.22019 ], [ -97.62397, 20.209 ], [ -97.63538, 20.20899 ], [ -97.6419, 20.22685 ], [ -97.64858, 20.23212 ], [ -97.64484, 20.23831 ], [ -97.64856, 20.24436 ], [ -97.66401, 20.2417 ], [ -97.67863, 20.24764 ], [ -97.67972, 20.26293 ], [ -97.6594, 20.26743 ], [ -97.6643, 20.27314 ], [ -97.66267, 20.28426 ], [ -97.66676, 20.28294 ], [ -97.67622, 20.29537 ], [ -97.67764, 20.31361 ], [ -97.68999, 20.31937 ], [ -97.67312, 20.33661 ], [ -97.6769, 20.33919 ], [ -97.6744, 20.34724 ], [ -97.67934, 20.34992 ], [ -97.69009, 20.33361 ], [ -97.69462, 20.33516 ], [ -97.69655, 20.31989 ], [ -97.70069, 20.31992 ], [ -97.70251, 20.32554 ], [ -97.74288, 20.3512 ], [ -97.74375, 20.36874 ], [ -97.74804, 20.37413 ], [ -97.74445, 20.38011 ], [ -97.76564, 20.38123 ], [ -97.75584, 20.41296 ], [ -97.75095, 20.41457 ], [ -97.73483, 20.44188 ], [ -97.7346, 20.45131 ], [ -97.72583, 20.45823 ], [ -97.72079, 20.45354 ], [ -97.70882, 20.45485 ], [ -97.70768, 20.44813 ], [ -97.69955, 20.44336 ], [ -97.69772, 20.43251 ], [ -97.67305, 20.41886 ], [ -97.67207, 20.40853 ], [ -97.661, 20.41295 ], [ -97.64659, 20.40868 ], [ -97.63637, 20.3982 ] ] ] } },
{ "type": "Feature", "properties": { "NOMGEO": "Cuichapa", "CVEGEO": "30052", "POB1": 11869.0, "POB84": 5645.0, "POB42": 6224.0 }, "geometry": { "type": "Polygon", "coordinates": [ [ [ -96.82877, 18.77595 ], [ -96.81067, 18.77272 ], [ -96.79849, 18.77557 ], [ -96.78798, 18.76834 ], [ -96.78916, 18.76339 ], [ -96.77516, 18.76892 ], [ -96.77284, 18.76458 ], [ -96.76462, 18.76594 ], [ -96.75884, 18.75715 ], [ -96.73925, 18.75338 ], [ -96.72521, 18.74728 ], [ -96.72627, 18.74424 ], [ -96.73338, 18.73954 ], [ -96.77911, 18.75077 ], [ -96.7923, 18.74853 ], [ -96.82133, 18.76245 ], [ -96.84204, 18.76641 ], [ -96.85724, 18.75809 ], [ -96.87001, 18.76257 ], [ -96.88393, 18.77865 ], [ -96.90433, 18.78609 ], [ -96.89977, 18.79121 ], [ -96.89201, 18.79002 ], [ -96.88865, 18.80076 ], [ -96.8686, 18.78338 ], [ -96.83769, 18.78589 ], [ -96.82877, 18.77595 ] ] ] } },
{ "type": "Feature", "properties": { "NOMGEO": "Cuitláhuac", "CVEGEO": "30053", "POB1": 28075.0, "POB84": 13510.0, "POB42": 14565.0 }, "geometry": { "type": "Polygon", "coordinates": [ [ [ -96.68788, 18.81415 ], [ -96.69893, 18.81651 ], [ -96.70152, 18.80745 ], [ -96.68774, 18.80247 ], [ -96.68491, 18.77731 ], [ -96.64702, 18.76646 ], [ -96.63004, 18.77262 ], [ -96.5936, 18.76021 ], [ -96.55969, 18.76228 ], [ -96.55102, 18.75561 ], [ -96.52802, 18.75757 ], [ -96.52332, 18.75402 ], [ -96.49978, 18.7658 ], [ -96.49839, 18.77478 ], [ -96.4835, 18.78007 ], [ -96.48222, 18.77465 ], [ -96.4738, 18.77712 ], [ -96.48263, 18.76506 ], [ -96.46751, 18.7528 ], [ -96.47451, 18.7521 ], [ -96.47547, 18.73642 ], [ -96.48972, 18.73989 ], [ -96.5191, 18.72604 ], [ -96.53547, 18.73304 ], [ -96.588, 18.74177 ], [ -96.59364, 18.7383 ], [ -96.59684, 18.74181 ], [ -96.59784, 18.73781 ], [ -96.62754, 18.74203 ], [ -96.63332, 18.74698 ], [ -96.6482, 18.74592 ], [ -96.65431, 18.75151 ], [ -96.66163, 18.74525 ], [ -96.66792, 18.75025 ], [ -96.68552, 18.74452 ], [ -96.72168, 18.74363 ], [ -96.7774, 18.76865 ], [ -96.78036, 18.77888 ], [ -96.7667, 18.78313 ], [ -96.78019, 18.7924 ], [ -96.77553, 18.79854 ], [ -96.76934, 18.79276 ], [ -96.75644, 18.79868 ], [ -96.75667, 18.80309 ], [ -96.76678, 18.80731 ], [ -96.75398, 18.83382 ], [ -96.75002, 18.83414 ], [ -96.74769, 18.84566 ], [ -96.73547, 18.83776 ], [ -96.72191, 18.84762 ], [ -96.71133, 18.83851 ], [ -96.71166, 18.84847 ], [ -96.689, 18.85338 ], [ -96.68788, 18.81415 ] ] ] } },
{ "type": "Feature", "properties": { "NOMGEO": "Chacaltianguis", "CVEGEO": "30054", "POB1": 11461.0, "POB84": 5574.0, "POB42": 5887.0 }, "geometry": { "type": "Polygon", "coordinates": [ [ [ -95.76865, 18.30605 ], [ -95.77661, 18.30078 ], [ -95.77981, 18.30948 ], [ -95.78348, 18.30893 ], [ -95.78242, 18.29369 ], [ -95.79207, 18.28566 ], [ -95.7821, 18.28162 ], [ -95.77895, 18.26877 ], [ -95.7728, 18.26969 ], [ -95.77169, 18.2766 ], [ -95.76413, 18.27411 ], [ -95.74921, 18.2447 ], [ -95.72923, 18.24092 ], [ -95.74714, 18.2339 ], [ -95.73421, 18.23236 ], [ -95.73077, 18.21872 ], [ -95.71751, 18.2161 ], [ -95.72533, 18.21104 ], [ -95.71711, 18.20493 ], [ -95.70514, 18.20758 ], [ -95.70766, 18.18879 ], [ -95.72187, 18.18724 ], [ -95.72621, 18.18227 ], [ -95.7286, 18.16401 ], [ -95.76543, 18.15065 ], [ -95.76498, 18.14265 ], [ -95.77046, 18.14264 ], [ -95.76664, 18.13805 ], [ -95.7695, 18.13006 ], [ -95.77851, 18.12987 ], [ -95.7754, 18.10831 ], [ -95.77921, 18.10463 ], [ -95.77534, 18.10261 ], [ -95.78089, 18.09301 ], [ -95.80885, 18.08843 ], [ -95.82306, 18.08038 ], [ -95.83317, 18.12903 ], [ -95.85154, 18.13079 ], [ -95.84982, 18.14115 ], [ -95.86752, 18.15065 ], [ -95.87309, 18.16407 ], [ -95.87158, 18.17929 ], [ -95.86281, 18.17345 ], [ -95.85605, 18.1806 ], [ -95.84136, 18.18322 ], [ -95.8445, 18.20508 ], [ -95.88844, 18.25065 ], [ -95.90154, 18.23963 ], [ -95.912, 18.2506 ], [ -95.91725, 18.26858 ], [ -95.90466, 18.27689 ], [ -95.88409, 18.27445 ], [ -95.84925, 18.28736 ], [ -95.84525, 18.29895 ], [ -95.85045, 18.31958 ], [ -95.83737, 18.33405 ], [ -95.83015, 18.3336 ], [ -95.81245, 18.3171 ], [ -95.80592, 18.31659 ], [ -95.79002, 18.33958 ], [ -95.78005, 18.34076 ], [ -95.7859, 18.32857 ], [ -95.77656, 18.31672 ], [ -95.76648, 18.31475 ], [ -95.76865, 18.30605 ] ] ] } },
{ "type": "Feature", "properties": { "NOMGEO": "Chalma", "CVEGEO": "30055", "POB1": 13527.0, "POB84": 6521.0, "POB42": 7006.0 }, "geometry": { "type": "MultiPolygon", "coordinates": [ [ [ [ -98.24764, 21.2262 ], [ -98.25072, 21.21052 ], [ -98.239, 21.22095 ], [ -98.2316, 21.20545 ], [ -98.2257, 21.21342 ], [ -98.21625, 21.20784 ], [ -98.22168, 21.20382 ], [ -98.2204, 21.18153 ], [ -98.22798, 21.19271 ], [ -98.23492, 21.18753 ], [ -98.2296, 21.18404 ], [ -98.2304, 21.17666 ], [ -98.21242, 21.17053 ], [ -98.20709, 21.15619 ], [ -98.22315, 21.15667 ], [ -98.23126, 21.14237 ], [ -98.23692, 21.14336 ], [ -98.24911, 21.1294 ], [ -98.26467, 21.14115 ], [ -98.28217, 21.13642 ], [ -98.28119, 21.14146 ], [ -98.29554, 21.14829 ], [ -98.29535, 21.15597 ], [ -98.27858, 21.17259 ], [ -98.27563, 21.18884 ], [ -98.28718, 21.1943 ], [ -98.29357, 21.18878 ], [ -98.29877, 21.19031 ], [ -98.2918, 21.2042 ], [ -98.25373, 21.22958 ], [ -98.24764, 21.2262 ] ] ], [ [ [ -98.38101, 21.25272 ], [ -98.38493, 21.24218 ], [ -98.38086, 21.23382 ], [ -98.37197, 21.242 ], [ -98.37431, 21.24547 ], [ -98.36739, 21.2411 ], [ -98.36812, 21.23225 ], [ -98.35531, 21.23061 ], [ -98.3495, 21.22189 ], [ -98.34619, 21.22437 ], [ -98.33629, 21.21529 ], [ -98.33922, 21.20811 ], [ -98.33604, 21.20159 ], [ -98.32015, 21.20022 ], [ -98.30957, 21.18941 ], [ -98.3099, 21.18399 ], [ -98.31586, 21.18688 ], [ -98.34073, 21.1698 ], [ -98.34241, 21.17969 ], [ -98.35872, 21.18007 ], [ -98.36122, 21.18392 ], [ -98.36768, 21.18003 ], [ -98.37182, 21.18389 ], [ -98.37856, 21.17622 ], [ -98.37281, 21.1664 ], [ -98.3662, 21.1652 ], [ -98.36774, 21.15883 ], [ -98.38022, 21.15513 ], [ -98.38681, 21.16226 ], [ -98.40381, 21.15759 ], [ -98.40454, 21.15265 ], [ -98.41644, 21.15498 ], [ -98.42352, 21.16362 ], [ -98.41897, 21.17822 ], [ -98.42628, 21.19264 ], [ -98.42422, 21.19765 ], [ -98.43109, 21.203 ], [ -98.42922, 21.21472 ], [ -98.45026, 21.22991 ], [ -98.44285, 21.23211 ], [ -98.45226, 21.2393 ], [ -98.44981, 21.24537 ], [ -98.44298, 21.24523 ], [ -98.4324, 21.25636 ], [ -98.39906, 21.26737 ], [ -98.38101, 21.25272 ] ] ] ] } },
{ "type": "Feature", "properties": { "NOMGEO": "Chiconamel", "CVEGEO": "30056", "POB1": 6610.0, "POB84": 3143.0, "POB42": 3467.0 }, "geometry": { "type": "MultiPolygon", "coordinates": [ [ [ [ -98.34241, 21.17969 ], [ -98.34211, 21.16077 ], [ -98.36506, 21.1581 ], [ -98.36734, 21.16683 ], [ -98.37281, 21.1664 ], [ -98.37821, 21.17455 ], [ -98.37182, 21.18389 ], [ -98.34241, 21.17969 ] ] ], [ [ [ -98.48958, 21.32058 ], [ -98.48324, 21.32296 ], [ -98.48149, 21.31753 ], [ -98.47793, 21.32108 ], [ -98.46353, 21.3022 ], [ -98.45836, 21.30372 ], [ -98.46399, 21.29173 ], [ -98.46, 21.28445 ], [ -98.4535, 21.28138 ], [ -98.44425, 21.28487 ], [ -98.43249, 21.26572 ], [ -98.43359, 21.25269 ], [ -98.44554, 21.24372 ], [ -98.44981, 21.24537 ], [ -98.45226, 21.2393 ], [ -98.44285, 21.23211 ], [ -98.45026, 21.22991 ], [ -98.42922, 21.21472 ], [ -98.43109, 21.203 ], [ -98.42422, 21.19765 ], [ -98.42628, 21.19264 ], [ -98.41897, 21.17822 ], [ -98.42401, 21.16726 ], [ -98.44677, 21.17981 ], [ -98.44667, 21.19962 ], [ -98.45963, 21.2048 ], [ -98.45289, 21.21003 ], [ -98.45695, 21.21483 ], [ -98.46776, 21.22384 ], [ -98.47281, 21.21981 ], [ -98.47966, 21.22389 ], [ -98.48081, 21.23068 ], [ -98.46926, 21.23416 ], [ -98.46836, 21.24965 ], [ -98.49901, 21.25223 ], [ -98.50226, 21.246 ], [ -98.51654, 21.24427 ], [ -98.53786, 21.26387 ], [ -98.54398, 21.2639 ], [ -98.50585, 21.31936 ], [ -98.49331, 21.33194 ], [ -98.4873, 21.3314 ], [ -98.48958, 21.32058 ] ] ] ] } },
{ "type": "Feature", "properties": { "NOMGEO": "Chiconquiaco", "CVEGEO": "30057", "POB1": 13881.0, "POB84": 6930.0, "POB42": 6951.0 }, "geometry": { "type": "Polygon", "coordinates": [ [ [ -96.73619, 19.81085 ], [ -96.7411, 19.80035 ], [ -96.7495, 19.79726 ], [ -96.74694, 19.78866 ], [ -96.72958, 19.78572 ], [ -96.73147, 19.78019 ], [ -96.72097, 19.78052 ], [ -96.71868, 19.76834 ], [ -96.70938, 19.76249 ], [ -96.7074, 19.75507 ], [ -96.69153, 19.75912 ], [ -96.69281, 19.74958 ], [ -96.68386, 19.74487 ], [ -96.67564, 19.74731 ], [ -96.67163, 19.74088 ], [ -96.6536, 19.73718 ], [ -96.65923, 19.72372 ], [ -96.66832, 19.71697 ], [ -96.67133, 19.73508 ], [ -96.68234, 19.74041 ], [ -96.68904, 19.73441 ], [ -96.6855, 19.72907 ], [ -96.68788, 19.72082 ], [ -96.6931, 19.72604 ], [ -96.70927, 19.72729 ], [ -96.71682, 19.72488 ], [ -96.71694, 19.7183 ], [ -96.72982, 19.71922 ], [ -96.7413, 19.70898 ], [ -96.74981, 19.71507 ], [ -96.75063, 19.72655 ], [ -96.76242, 19.73234 ], [ -96.76945, 19.7274 ], [ -96.7699, 19.73544 ], [ -96.78164, 19.72492 ], [ -96.77307, 19.71308 ], [ -96.78897, 19.71148 ], [ -96.79185, 19.71688 ], [ -96.79505, 19.69981 ], [ -96.81851, 19.69948 ], [ -96.82016, 19.71103 ], [ -96.83449, 19.71457 ], [ -96.83407, 19.72276 ], [ -96.83807, 19.71988 ], [ -96.83787, 19.73924 ], [ -96.84309, 19.74243 ], [ -96.83732, 19.75079 ], [ -96.84085, 19.76367 ], [ -96.8608, 19.77286 ], [ -96.85996, 19.7795 ], [ -96.84437, 19.77587 ], [ -96.83852, 19.78111 ], [ -96.84908, 19.81761 ], [ -96.83346, 19.817 ], [ -96.831, 19.80489 ], [ -96.82267, 19.7948 ], [ -96.81074, 19.79834 ], [ -96.80641, 19.80621 ], [ -96.80046, 19.80331 ], [ -96.79547, 19.80781 ], [ -96.79298, 19.80218 ], [ -96.80199, 19.79013 ], [ -96.79836, 19.78471 ], [ -96.7824, 19.80121 ], [ -96.78299, 19.79473 ], [ -96.77446, 19.78947 ], [ -96.75503, 19.79134 ], [ -96.74106, 19.8167 ], [ -96.73619, 19.81085 ] ] ] } },
{ "type": "Feature", "properties": { "NOMGEO": "Chicontepec", "CVEGEO": "30058", "POB1": 53858.0, "POB84": 26214.0, "POB42": 27644.0 }, "geometry": { "type": "Polygon", "coordinates": [ [ [ -97.87756, 21.05664 ], [ -97.8852, 21.05438 ], [ -97.882, 21.0473 ], [ -97.9049, 21.05349 ], [ -97.91253, 21.05067 ], [ -97.92108, 21.02634 ], [ -97.9056, 21.01932 ], [ -97.91264, 21.00988 ], [ -97.92575, 21.01128 ], [ -97.92556, 20.998 ], [ -97.90457, 21.00244 ], [ -97.9113, 20.99425 ], [ -97.90956, 20.98827 ], [ -97.90331, 20.98568 ], [ -97.90145, 20.99679 ], [ -97.89728, 20.99635 ], [ -97.89426, 20.9918 ], [ -97.89967, 20.98928 ], [ -97.89316, 20.98982 ], [ -97.89529, 20.9848 ], [ -97.88762, 20.98204 ], [ -97.87673, 20.98134 ], [ -97.87445, 20.9872 ], [ -97.87043, 20.98431 ], [ -97.87033, 20.98934 ], [ -97.86545, 20.98895 ], [ -97.86177, 20.9749 ], [ -97.85078, 20.97675 ], [ -97.858, 20.96933 ], [ -97.84819, 20.97014 ], [ -97.86387, 20.95998 ], [ -97.85839, 20.95425 ], [ -97.86794, 20.95246 ], [ -97.87832, 20.93639 ], [ -97.88145, 20.92369 ], [ -97.87543, 20.91872 ], [ -97.87447, 20.90357 ], [ -97.88026, 20.8933 ], [ -97.89952, 20.89798 ], [ -97.91729, 20.88085 ], [ -97.9234, 20.88081 ], [ -97.92703, 20.88019 ], [ -97.92982, 20.87941 ], [ -97.92989, 20.87935 ], [ -97.92915, 20.87569 ], [ -97.91592, 20.87485 ], [ -97.92372, 20.86657 ], [ -97.91728, 20.85957 ], [ -97.92367, 20.85547 ], [ -97.92326, 20.84855 ], [ -97.9431, 20.84049 ], [ -97.94508, 20.83428 ], [ -97.95546, 20.83263 ], [ -97.96264, 20.84002 ], [ -97.95832, 20.84274 ], [ -97.96291, 20.84591 ], [ -97.95802, 20.84895 ], [ -97.96037, 20.85411 ], [ -97.99081, 20.87758 ], [ -97.99464, 20.87477 ], [ -97.99268, 20.86701 ], [ -98.01107, 20.86085 ], [ -98.00276, 20.87826 ], [ -98.0267, 20.88272 ], [ -98.03395, 20.89343 ], [ -98.04165, 20.89537 ], [ -98.05872, 20.87232 ], [ -98.08201, 20.87223 ], [ -98.07783, 20.86407 ], [ -98.08996, 20.86588 ], [ -98.09521, 20.87368 ], [ -98.10459, 20.87082 ], [ -98.11047, 20.86218 ], [ -98.11851, 20.88083 ], [ -98.12707, 20.87262 ], [ -98.12697, 20.89738 ], [ -98.1332, 20.89725 ], [ -98.13802, 20.88505 ], [ -98.14568, 20.88156 ], [ -98.15733, 20.88378 ], [ -98.16776, 20.89685 ], [ -98.18668, 20.90455 ], [ -98.1953, 20.89871 ], [ -98.19401, 20.89113 ], [ -98.19851, 20.88561 ], [ -98.20857, 20.89637 ], [ -98.22292, 20.89743 ], [ -98.22263, 20.90566 ], [ -98.22902, 20.90819 ], [ -98.2227, 20.91845 ], [ -98.2295, 20.91452 ], [ -98.23916, 20.92212 ], [ -98.22857, 20.95761 ], [ -98.21611, 20.95261 ], [ -98.21438, 20.95605 ], [ -98.20954, 20.96709 ], [ -98.21692, 20.97374 ], [ -98.21501, 20.98963 ], [ -98.20062, 20.9947 ], [ -98.20207, 21.01175 ], [ -98.189, 21.01832 ], [ -98.18873, 21.03084 ], [ -98.16317, 21.01772 ], [ -98.1627, 21.02833 ], [ -98.15568, 21.03339 ], [ -98.15078, 21.04722 ], [ -98.15463, 21.0647 ], [ -98.14741, 21.07658 ], [ -98.14914, 21.08302 ], [ -98.17096, 21.09681 ], [ -98.17444, 21.10599 ], [ -98.18756, 21.11082 ], [ -98.17611, 21.11089 ], [ -98.15659, 21.13918 ], [ -98.14903, 21.13608 ], [ -98.1362, 21.14547 ], [ -98.12138, 21.14491 ], [ -98.11024, 21.16078 ], [ -98.10703, 21.15858 ], [ -98.09125, 21.16637 ], [ -98.08996, 21.1602 ], [ -98.07516, 21.16356 ], [ -98.06973, 21.15945 ], [ -98.05059, 21.16545 ], [ -98.04296, 21.15576 ], [ -98.01289, 21.14863 ], [ -97.96329, 21.17045 ], [ -97.96412, 21.18052 ], [ -97.95764, 21.18086 ], [ -97.95186, 21.16902 ], [ -97.94156, 21.16682 ], [ -97.94442, 21.16038 ], [ -97.94104, 21.15043 ], [ -97.95091, 21.13215 ], [ -97.94749, 21.12705 ], [ -97.95056, 21.11548 ], [ -97.943, 21.11491 ], [ -97.94251, 21.10732 ], [ -97.94995, 21.10653 ], [ -97.93882, 21.10139 ], [ -97.91712, 21.1062 ], [ -97.91738, 21.10162 ], [ -97.9039, 21.09609 ], [ -97.89384, 21.07444 ], [ -97.87987, 21.07375 ], [ -97.88022, 21.06816 ], [ -97.87252, 21.06727 ], [ -97.87756, 21.05664 ] ] ] } },
{ "type": "Feature", "properties": { "NOMGEO": "Chinameca", "CVEGEO": "30059", "POB1": 22638.0, "POB84": 10930.0, "POB42": 11708.0 }, "geometry": { "type": "Polygon", "coordinates": [ [ [ -94.58786, 18.09072 ], [ -94.59043, 18.08357 ], [ -94.59594, 18.07476 ], [ -94.60234, 18.07241 ], [ -94.60683, 18.07598 ], [ -94.60405, 18.05981 ], [ -94.61894, 18.03868 ], [ -94.65098, 18.0175 ], [ -94.65032, 18.00982 ], [ -94.66949, 18.01213 ], [ -94.67232, 17.99306 ], [ -94.65249, 17.99067 ], [ -94.65911, 17.97813 ], [ -94.6543, 17.97169 ], [ -94.67185, 17.96805 ], [ -94.67208, 17.96366 ], [ -94.68841, 17.95763 ], [ -94.69657, 17.96592 ], [ -94.69224, 18.00654 ], [ -94.69722, 18.00097 ], [ -94.70388, 18.0051 ], [ -94.69878, 18.01039 ], [ -94.7053, 18.01697 ], [ -94.72591, 18.02006 ], [ -94.7254, 18.02401 ], [ -94.72925, 18.02056 ], [ -94.77018, 18.02691 ], [ -94.78959, 18.02427 ], [ -94.80026, 18.04123 ], [ -94.81959, 18.04329 ], [ -94.79517, 18.07217 ], [ -94.80013, 18.07411 ], [ -94.80023, 18.08657 ], [ -94.78859, 18.08281 ], [ -94.78679, 18.08817 ], [ -94.74406, 18.08332 ], [ -94.73646, 18.10193 ], [ -94.74373, 18.10546 ], [ -94.73996, 18.11855 ], [ -94.73291, 18.11586 ], [ -94.72668, 18.11987 ], [ -94.72599, 18.11483 ], [ -94.71119, 18.11022 ], [ -94.71304, 18.10386 ], [ -94.70305, 18.10547 ], [ -94.6988, 18.09858 ], [ -94.69319, 18.10244 ], [ -94.6891, 18.09806 ], [ -94.67789, 18.09785 ], [ -94.67475, 18.09591 ], [ -94.67795, 18.09279 ], [ -94.67608, 18.08862 ], [ -94.66319, 18.09833 ], [ -94.66163, 18.08773 ], [ -94.64582, 18.0949 ], [ -94.62872, 18.09364 ], [ -94.62674, 18.0999 ], [ -94.61289, 18.09865 ], [ -94.61348, 18.10751 ], [ -94.58786, 18.09072 ] ] ] } },
{ "type": "Feature", "properties": { "NOMGEO": "Chinampa de Gorostiza", "CVEGEO": "30060", "POB1": 16283.0, "POB84": 7927.0, "POB42": 8356.0 }, "geometry": { "type": "Polygon", "coordinates": [ [ [ -97.59844, 21.4 ], [ -97.5855, 21.39645 ], [ -97.58692, 21.39047 ], [ -97.57658, 21.39295 ], [ -97.57492, 21.38293 ], [ -97.56591, 21.38848 ], [ -97.56008, 21.3838 ], [ -97.55866, 21.37446 ], [ -97.57652, 21.35974 ], [ -97.58469, 21.3591 ], [ -97.58857, 21.34722 ], [ -97.60236, 21.3457 ], [ -97.60325, 21.32712 ], [ -97.60628, 21.33221 ], [ -97.60925, 21.32936 ], [ -97.62132, 21.33342 ], [ -97.62663, 21.3365 ], [ -97.6252, 21.34077 ], [ -97.64373, 21.34787 ], [ -97.6554, 21.34178 ], [ -97.66018, 21.35166 ], [ -97.6851, 21.36367 ], [ -97.69739, 21.35746 ], [ -97.69824, 21.34365 ], [ -97.70224, 21.34702 ], [ -97.70844, 21.33526 ], [ -97.71682, 21.34526 ], [ -97.73117, 21.33972 ], [ -97.73165, 21.33357 ], [ -97.7453, 21.33467 ], [ -97.75503, 21.34393 ], [ -97.76789, 21.3472 ], [ -97.77373, 21.33993 ], [ -97.77628, 21.34346 ], [ -97.76803, 21.35892 ], [ -97.77467, 21.3622 ], [ -97.75098, 21.38623 ], [ -97.76438, 21.40472 ], [ -97.75204, 21.41476 ], [ -97.73106, 21.41521 ], [ -97.70224, 21.39099 ], [ -97.69537, 21.3899 ], [ -97.68401, 21.39064 ], [ -97.67811, 21.40353 ], [ -97.68073, 21.4095 ], [ -97.66476, 21.41554 ], [ -97.66361, 21.41154 ], [ -97.64644, 21.41184 ], [ -97.64209, 21.41613 ], [ -97.64731, 21.42178 ], [ -97.64277, 21.42397 ], [ -97.62247, 21.41585 ], [ -97.60643, 21.41984 ], [ -97.59613, 21.41315 ], [ -97.59844, 21.4 ] ] ] } },
{ "type": "Feature", "properties": { "NOMGEO": "Las Choapas", "CVEGEO": "30061", "POB1": 81080.0, "POB84": 39349.0, "POB42": 41731.0 }, "geometry": { "type": "Polygon", "coordinates": [ [ [ -94.09203, 17.96116 ], [ -94.08711, 17.95277 ], [ -94.0912, 17.93404 ], [ -94.08497, 17.91553 ], [ -94.08801, 17.90648 ], [ -94.08182, 17.89991 ], [ -94.08513, 17.89287 ], [ -94.07931, 17.89105 ], [ -94.08343, 17.86987 ], [ -94.0723, 17.86556 ], [ -94.06511, 17.86845 ], [ -94.0626, 17.86309 ], [ -94.05198, 17.87074 ], [ -94.04288, 17.86744 ], [ -94.0429, 17.87351 ], [ -94.03316, 17.87256 ], [ -94.03799, 17.86997 ], [ -94.03753, 17.86266 ], [ -94.03268, 17.86213 ], [ -94.02945, 17.84567 ], [ -94.02304, 17.84626 ], [ -94.02595, 17.84038 ], [ -94.01703, 17.83956 ], [ -94.01634, 17.84449 ], [ -93.99561, 17.83662 ], [ -93.99461, 17.84602 ], [ -93.98787, 17.83436 ], [ -93.98824, 17.84472 ], [ -93.98317, 17.83986 ], [ -93.98117, 17.84603 ], [ -93.98624, 17.84706 ], [ -93.98457, 17.85158 ], [ -93.97595, 17.85037 ], [ -93.97318, 17.84234 ], [ -93.96779, 17.84525 ], [ -93.96788, 17.83705 ], [ -93.95595, 17.8334 ], [ -93.95744, 17.82532 ], [ -93.95844, 17.83024 ], [ -93.96499, 17.82997 ], [ -93.95833, 17.81973 ], [ -93.968, 17.81787 ], [ -93.9568, 17.81064 ], [ -93.96317, 17.7995 ], [ -93.95063, 17.80041 ], [ -93.95534, 17.79959 ], [ -93.9561, 17.78172 ], [ -93.9495, 17.76949 ], [ -93.94085, 17.76511 ], [ -93.94114, 17.75985 ], [ -93.93526, 17.7591 ], [ -93.94011, 17.75317 ], [ -93.92913, 17.75326 ], [ -93.92231, 17.74633 ], [ -93.91012, 17.75469 ], [ -93.90433, 17.75012 ], [ -93.90107, 17.75567 ], [ -93.89221, 17.75368 ], [ -93.89128, 17.74808 ], [ -93.88535, 17.75722 ], [ -93.88124, 17.7513 ], [ -93.87705, 17.75656 ], [ -93.87003, 17.75061 ], [ -93.87467, 17.74721 ], [ -93.86961, 17.73932 ], [ -93.87433, 17.73993 ], [ -93.87376, 17.73466 ], [ -93.88366, 17.73553 ], [ -93.87616, 17.7333 ], [ -93.88072, 17.72628 ], [ -93.87586, 17.72653 ], [ -93.87, 17.71354 ], [ -93.86465, 17.71666 ], [ -93.86918, 17.71798 ], [ -93.865, 17.72219 ], [ -93.85868, 17.72089 ], [ -93.85929, 17.71685 ], [ -93.84858, 17.72071 ], [ -93.8504, 17.71666 ], [ -93.84589, 17.71719 ], [ -93.84302, 17.71137 ], [ -93.83491, 17.71655 ], [ -93.83046, 17.7137 ], [ -93.82659, 17.71919 ], [ -93.82865, 17.71294 ], [ -93.82351, 17.70943 ], [ -93.82234, 17.69958 ], [ -93.81254, 17.70692 ], [ -93.81261, 17.70252 ], [ -93.80699, 17.70592 ], [ -93.80515, 17.68936 ], [ -93.79889, 17.6874 ], [ -93.79106, 17.69474 ], [ -93.78123, 17.69324 ], [ -93.78052, 17.68867 ], [ -93.77257, 17.69271 ], [ -93.76504, 17.67457 ], [ -93.75977, 17.68512 ], [ -93.75179, 17.68399 ], [ -93.75653, 17.68262 ], [ -93.75672, 17.67687 ], [ -93.73851, 17.67937 ], [ -93.74708, 17.66835 ], [ -93.74562, 17.66222 ], [ -93.74108, 17.66478 ], [ -93.74658, 17.66012 ], [ -93.74089, 17.64941 ], [ -93.73269, 17.64916 ], [ -93.72999, 17.64129 ], [ -93.73799, 17.63495 ], [ -93.73528, 17.63008 ], [ -93.73102, 17.63583 ], [ -93.73288, 17.62576 ], [ -93.72912, 17.62986 ], [ -93.71473, 17.62085 ], [ -93.71251, 17.62201 ], [ -93.71206, 17.62385 ], [ -93.71917, 17.63346 ], [ -93.71318, 17.63067 ], [ -93.70849, 17.62342 ], [ -93.70969, 17.61163 ], [ -93.69966, 17.61369 ], [ -93.69946, 17.59602 ], [ -93.69333, 17.58956 ], [ -93.69321, 17.5935 ], [ -93.68721, 17.59369 ], [ -93.68542, 17.58709 ], [ -93.67761, 17.58587 ], [ -93.68081, 17.58493 ], [ -93.67731, 17.57577 ], [ -93.6711, 17.57625 ], [ -93.67122, 17.56956 ], [ -93.65917, 17.56549 ], [ -93.65668, 17.55532 ], [ -93.65369, 17.55997 ], [ -93.64848, 17.55535 ], [ -93.63114, 17.55674 ], [ -93.62947, 17.54937 ], [ -93.61752, 17.55516 ], [ -93.6135, 17.55221 ], [ -93.62153, 17.54483 ], [ -93.61956, 17.53756 ], [ -93.62469, 17.53826 ], [ -93.62726, 17.53168 ], [ -93.62502, 17.51464 ], [ -93.63734, 17.50981 ], [ -93.62607, 17.50442 ], [ -93.62991, 17.50088 ], [ -93.6241, 17.49346 ], [ -93.63125, 17.48693 ], [ -93.63934, 17.45959 ], [ -93.64771, 17.46174 ], [ -93.65041, 17.45886 ], [ -93.64463, 17.4586 ], [ -93.64416, 17.45217 ], [ -93.6366, 17.45528 ], [ -93.63513, 17.45125 ], [ -93.64518, 17.4424 ], [ -93.63821, 17.43609 ], [ -93.64563, 17.43033 ], [ -93.64931, 17.43247 ], [ -93.65758, 17.41691 ], [ -93.673, 17.41992 ], [ -93.67342, 17.41227 ], [ -93.68374, 17.40446 ], [ -93.68354, 17.39563 ], [ -93.69492, 17.3878 ], [ -93.68315, 17.37641 ], [ -93.68575, 17.37237 ], [ -93.63496, 17.3377 ], [ -93.6452, 17.33069 ], [ -93.6415, 17.31795 ], [ -93.62743, 17.31284 ], [ -93.62439, 17.32248 ], [ -93.60794, 17.31493 ], [ -93.63813, 17.29095 ], [ -93.66441, 17.28619 ], [ -93.66269, 17.25628 ], [ -93.68987, 17.25531 ], [ -93.69567, 17.24723 ], [ -93.73679, 17.24751 ], [ -93.76298, 17.23934 ], [ -93.77245, 17.24582 ], [ -93.78861, 17.23233 ], [ -93.79485, 17.2409 ], [ -93.80145, 17.24038 ], [ -93.80376, 17.22487 ], [ -93.82663, 17.19049 ], [ -93.82714, 17.1725 ], [ -93.83904, 17.17295 ], [ -93.86092, 17.16374 ], [ -93.86232, 17.15154 ], [ -93.87012, 17.14665 ], [ -93.86743, 17.13697 ], [ -94.0875, 17.14943 ], [ -94.08559, 17.17899 ], [ -94.09008, 17.18457 ], [ -94.00162, 17.18413 ], [ -94.00188, 17.19964 ], [ -93.93173, 17.20013 ], [ -93.93099, 17.28155 ], [ -93.92465, 17.30092 ], [ -93.93599, 17.29978 ], [ -93.95233, 17.3068 ], [ -93.96805, 17.30305 ], [ -93.97149, 17.30699 ], [ -93.96212, 17.31835 ], [ -93.9702, 17.3237 ], [ -94.03422, 17.325 ], [ -94.0352, 17.34395 ], [ -94.08716, 17.34058 ], [ -94.12789, 17.34593 ], [ -94.17829, 17.33955 ], [ -94.20822, 17.32386 ], [ -94.21525, 17.34802 ], [ -94.21172, 17.37024 ], [ -94.20506, 17.37052 ], [ -94.18494, 17.39191 ], [ -94.18542, 17.41103 ], [ -94.18789, 17.41383 ], [ -94.19834, 17.40986 ], [ -94.20283, 17.41397 ], [ -94.20134, 17.4191 ], [ -94.22165, 17.44976 ], [ -94.22544, 17.44826 ], [ -94.23129, 17.47036 ], [ -94.2281, 17.49094 ], [ -94.21717, 17.49836 ], [ -94.20636, 17.48836 ], [ -94.20345, 17.49103 ], [ -94.20759, 17.49904 ], [ -94.19697, 17.5052 ], [ -94.20415, 17.51762 ], [ -94.21126, 17.50806 ], [ -94.22299, 17.51181 ], [ -94.23216, 17.50851 ], [ -94.22768, 17.52153 ], [ -94.23625, 17.53046 ], [ -94.2333, 17.53591 ], [ -94.23981, 17.53921 ], [ -94.22218, 17.54815 ], [ -94.20769, 17.54065 ], [ -94.19822, 17.54436 ], [ -94.20504, 17.55354 ], [ -94.22541, 17.55623 ], [ -94.21886, 17.58211 ], [ -94.20752, 17.57754 ], [ -94.20226, 17.58704 ], [ -94.19692, 17.58617 ], [ -94.19056, 17.56486 ], [ -94.18019, 17.57111 ], [ -94.17525, 17.58376 ], [ -94.1681, 17.58309 ], [ -94.16574, 17.57314 ], [ -94.15199, 17.58185 ], [ -94.14362, 17.5748 ], [ -94.12269, 17.5907 ], [ -94.14396, 17.59888 ], [ -94.15059, 17.60677 ], [ -94.16852, 17.60028 ], [ -94.16084, 17.6242 ], [ -94.14498, 17.63544 ], [ -94.16681, 17.6457 ], [ -94.16971, 17.65946 ], [ -94.18351, 17.65143 ], [ -94.20089, 17.65526 ], [ -94.19588, 17.66666 ], [ -94.17873, 17.67559 ], [ -94.19147, 17.69544 ], [ -94.18153, 17.71105 ], [ -94.20896, 17.73238 ], [ -94.22676, 17.73385 ], [ -94.2175, 17.7451 ], [ -94.22546, 17.76164 ], [ -94.21405, 17.77877 ], [ -94.19818, 17.78848 ], [ -94.20134, 17.79566 ], [ -94.20926, 17.79882 ], [ -94.22067, 17.7878 ], [ -94.22201, 17.79767 ], [ -94.19976, 17.84192 ], [ -94.20172, 17.85512 ], [ -94.21309, 17.85868 ], [ -94.241, 17.84092 ], [ -94.25066, 17.8445 ], [ -94.25469, 17.83201 ], [ -94.26345, 17.84985 ], [ -94.27357, 17.8498 ], [ -94.2971, 17.83852 ], [ -94.31522, 17.83976 ], [ -94.30808, 17.84114 ], [ -94.31236, 17.85007 ], [ -94.29453, 17.85124 ], [ -94.30232, 17.86387 ], [ -94.29251, 17.87114 ], [ -94.28377, 17.86662 ], [ -94.28952, 17.86201 ], [ -94.291, 17.86577 ], [ -94.29475, 17.86384 ], [ -94.29029, 17.85587 ], [ -94.28502, 17.85528 ], [ -94.2791, 17.8646 ], [ -94.27189, 17.86235 ], [ -94.2668, 17.89022 ], [ -94.25887, 17.88889 ], [ -94.2511, 17.8969 ], [ -94.24103, 17.91617 ], [ -94.23469, 17.91661 ], [ -94.22284, 17.94244 ], [ -94.21133, 17.94393 ], [ -94.20941, 17.95883 ], [ -94.21785, 17.9642 ], [ -94.21709, 17.96958 ], [ -94.2089, 17.97325 ], [ -94.19731, 17.98969 ], [ -94.18092, 17.98949 ], [ -94.17607, 17.97869 ], [ -94.15477, 17.98393 ], [ -94.13136, 17.97798 ], [ -94.11244, 17.96604 ], [ -94.09015, 17.96826 ], [ -94.09203, 17.96116 ] ] ] } },
{ "type": "Feature", "properties": { "NOMGEO": "Chocamán", "CVEGEO": "30062", "POB1": 20839.0, "POB84": 10278.0, "POB42": 10561.0 }, "geometry": { "type": "Polygon", "coordinates": [ [ [ -97.0243, 19.02584 ], [ -97.01845, 19.02639 ], [ -96.99829, 19.00806 ], [ -96.9894, 18.99052 ], [ -96.99708, 18.98679 ], [ -96.99207, 18.97823 ], [ -97.01288, 18.98872 ], [ -97.01434, 18.97863 ], [ -97.01897, 18.97334 ], [ -97.03176, 18.97228 ], [ -97.03294, 18.96375 ], [ -97.03929, 18.96929 ], [ -97.03567, 18.97561 ], [ -97.04014, 18.98563 ], [ -97.04755, 18.99172 ], [ -97.0524, 18.98351 ], [ -97.06067, 18.98356 ], [ -97.07134, 18.97531 ], [ -97.08672, 18.97569 ], [ -97.09198, 18.98383 ], [ -97.08815, 18.9948 ], [ -97.0778, 19.00239 ], [ -97.06496, 19.00279 ], [ -97.07206, 19.02271 ], [ -97.06931, 19.03071 ], [ -97.06483, 19.02415 ], [ -97.05857, 19.02386 ], [ -97.03199, 19.03704 ], [ -97.0243, 19.02584 ] ] ] } },
{ "type": "Feature", "properties": { "NOMGEO": "Chontla", "CVEGEO": "30063", "POB1": 13359.0, "POB84": 6526.0, "POB42": 6833.0 }, "geometry": { "type": "Polygon", "coordinates": [ [ [ -97.93547, 21.38449 ], [ -97.91421, 21.37561 ], [ -97.91201, 21.37864 ], [ -97.90396, 21.37193 ], [ -97.90645, 21.35321 ], [ -97.91209, 21.35325 ], [ -97.90618, 21.33706 ], [ -97.90753, 21.32404 ], [ -97.9026, 21.3191 ], [ -97.90649, 21.30979 ], [ -97.9033, 21.2984 ], [ -97.89484, 21.29523 ], [ -97.87944, 21.25057 ], [ -97.87146, 21.24607 ], [ -97.87082, 21.23903 ], [ -97.88757, 21.2318 ], [ -97.91531, 21.19791 ], [ -97.93914, 21.19969 ], [ -97.9496, 21.19635 ], [ -97.95817, 21.18465 ], [ -97.96296, 21.19028 ], [ -97.96186, 21.21051 ], [ -97.93646, 21.20381 ], [ -97.93258, 21.20466 ], [ -97.92913, 21.2173 ], [ -97.93617, 21.22169 ], [ -97.93725, 21.23334 ], [ -97.94925, 21.23929 ], [ -97.95848, 21.23825 ], [ -97.97236, 21.24681 ], [ -97.97172, 21.25763 ], [ -97.99608, 21.24761 ], [ -98.00255, 21.2531 ], [ -98.0017, 21.28203 ], [ -98.00681, 21.28992 ], [ -98.00264, 21.29194 ], [ -98.00678, 21.30516 ], [ -98.01154, 21.30719 ], [ -98.00541, 21.31139 ], [ -98.00985, 21.31164 ], [ -98.01654, 21.32692 ], [ -98.02416, 21.32976 ], [ -98.0304, 21.32459 ], [ -98.04054, 21.32457 ], [ -98.04513, 21.32862 ], [ -98.04678, 21.33951 ], [ -98.04027, 21.34235 ], [ -98.04201, 21.34715 ], [ -98.0364, 21.3517 ], [ -98.03987, 21.35314 ], [ -98.03713, 21.36455 ], [ -98.04209, 21.37902 ], [ -98.03812, 21.38957 ], [ -98.04522, 21.39727 ], [ -98.04053, 21.39828 ], [ -98.04239, 21.40461 ], [ -98.04971, 21.40609 ], [ -98.04436, 21.40804 ], [ -98.04924, 21.41732 ], [ -98.05668, 21.42016 ], [ -98.05416, 21.4261 ], [ -98.0645, 21.43352 ], [ -98.06196, 21.44863 ], [ -98.06874, 21.45051 ], [ -98.04914, 21.47961 ], [ -98.04939, 21.48733 ], [ -98.03269, 21.48679 ], [ -98.02413, 21.49482 ], [ -98.02766, 21.50256 ], [ -98.02169, 21.51178 ], [ -98.02641, 21.51588 ], [ -98.02185, 21.51678 ], [ -98.02123, 21.53696 ], [ -98.02824, 21.54 ], [ -98.02689, 21.55439 ], [ -98.03661, 21.5591 ], [ -98.02876, 21.56544 ], [ -98.02883, 21.57393 ], [ -98.02129, 21.57435 ], [ -98.01768, 21.58184 ], [ -98.00958, 21.57588 ], [ -97.99997, 21.58356 ], [ -97.98669, 21.60996 ], [ -97.9876, 21.61696 ], [ -97.99594, 21.62495 ], [ -98.00562, 21.62648 ], [ -98.01125, 21.63773 ], [ -98.03073, 21.63992 ], [ -98.02977, 21.65594 ], [ -98.03523, 21.65384 ], [ -98.0444, 21.65956 ], [ -98.04261, 21.66911 ], [ -98.01252, 21.65976 ], [ -98.00653, 21.66501 ], [ -98.00133, 21.66181 ], [ -97.99507, 21.66528 ], [ -97.98562, 21.6339 ], [ -97.99133, 21.62753 ], [ -97.98697, 21.61962 ], [ -97.97634, 21.61656 ], [ -97.98268, 21.60375 ], [ -97.97403, 21.60346 ], [ -97.96885, 21.59525 ], [ -97.97002, 21.58797 ], [ -97.97747, 21.58288 ], [ -97.97259, 21.58045 ], [ -97.97715, 21.5675 ], [ -97.97454, 21.56196 ], [ -97.98228, 21.55427 ], [ -97.9803, 21.53195 ], [ -97.98369, 21.52429 ], [ -97.97822, 21.50868 ], [ -97.9922, 21.48046 ], [ -97.98812, 21.47692 ], [ -97.9884, 21.46555 ], [ -97.97708, 21.45518 ], [ -97.97088, 21.4337 ], [ -97.96352, 21.42645 ], [ -97.96998, 21.41289 ], [ -97.96602, 21.40634 ], [ -97.96001, 21.40772 ], [ -97.93547, 21.38449 ] ] ] } },
{ "type": "Feature", "properties": { "NOMGEO": "Isla", "CVEGEO": "30077", "POB1": 42807.0, "POB84": 20715.0, "POB42": 22092.0 }, "geometry": { "type": "Polygon", "coordinates": [ [ [ -95.54215, 18.33215 ], [ -95.53281, 18.32177 ], [ -95.52582, 18.32394 ], [ -95.51583, 18.3171 ], [ -95.50556, 18.31786 ], [ -95.50742, 18.30027 ], [ -95.50294, 18.29245 ], [ -95.50726, 18.28435 ], [ -95.49467, 18.2734 ], [ -95.50928, 18.26728 ], [ -95.51559, 18.25385 ], [ -95.50242, 18.23748 ], [ -95.49652, 18.2444 ], [ -95.47226, 18.25 ], [ -95.47096, 18.26176 ], [ -95.46359, 18.26807 ], [ -95.46375, 18.26102 ], [ -95.45097, 18.26241 ], [ -95.4587, 18.25724 ], [ -95.4584, 18.25175 ], [ -95.44772, 18.24551 ], [ -95.43338, 18.24666 ], [ -95.44481, 18.24154 ], [ -95.44311, 18.2205 ], [ -95.43012, 18.22277 ], [ -95.43176, 18.23617 ], [ -95.42422, 18.24398 ], [ -95.41675, 18.22976 ], [ -95.40352, 18.23333 ], [ -95.39198, 18.22466 ], [ -95.38294, 18.22725 ], [ -95.38015, 18.22268 ], [ -95.38809, 18.2224 ], [ -95.3855, 18.21539 ], [ -95.38892, 18.21918 ], [ -95.39056, 18.21244 ], [ -95.40237, 18.21494 ], [ -95.41222, 18.2 ], [ -95.40976, 18.19392 ], [ -95.40275, 18.19563 ], [ -95.40283, 18.18276 ], [ -95.38674, 18.19138 ], [ -95.38874, 18.17786 ], [ -95.39838, 18.17882 ], [ -95.39856, 18.17415 ], [ -95.40569, 18.17493 ], [ -95.40453, 18.16994 ], [ -95.41646, 18.1714 ], [ -95.41699, 18.16681 ], [ -95.43121, 18.16375 ], [ -95.43871, 18.15505 ], [ -95.44916, 18.15411 ], [ -95.4591, 18.17524 ], [ -95.48004, 18.19331 ], [ -95.48788, 18.18555 ], [ -95.49436, 18.16701 ], [ -95.50604, 18.15912 ], [ -95.51734, 18.12795 ], [ -95.51814, 18.11765 ], [ -95.50168, 18.10354 ], [ -95.49862, 18.09038 ], [ -95.44702, 18.02809 ], [ -95.42844, 18.01754 ], [ -95.43538, 18.01355 ], [ -95.43264, 18.00988 ], [ -95.44228, 17.99608 ], [ -95.42733, 17.98856 ], [ -95.44733, 17.96981 ], [ -95.43937, 17.97119 ], [ -95.43613, 17.96065 ], [ -95.43105, 17.95926 ], [ -95.43429, 17.95332 ], [ -95.45153, 17.94918 ], [ -95.45065, 17.93998 ], [ -95.44352, 17.94057 ], [ -95.4591, 17.92151 ], [ -95.4671, 17.92884 ], [ -95.47015, 17.92057 ], [ -95.4748, 17.92247 ], [ -95.47771, 17.90702 ], [ -95.49148, 17.91011 ], [ -95.49064, 17.90643 ], [ -95.49982, 17.90803 ], [ -95.50418, 17.90169 ], [ -95.52039, 17.89824 ], [ -95.53378, 17.90605 ], [ -95.54023, 17.90056 ], [ -95.56578, 17.9022 ], [ -95.56696, 17.89281 ], [ -95.55895, 17.88664 ], [ -95.56274, 17.88331 ], [ -95.63173, 17.8915 ], [ -95.63412, 17.90035 ], [ -95.65194, 17.90971 ], [ -95.65714, 17.89216 ], [ -95.67149, 17.88509 ], [ -95.69679, 17.88147 ], [ -95.69796, 17.89674 ], [ -95.70366, 17.90269 ], [ -95.70092, 17.90886 ], [ -95.71524, 17.91779 ], [ -95.72901, 17.91573 ], [ -95.72895, 17.92128 ], [ -95.71265, 17.94661 ], [ -95.71732, 17.95352 ], [ -95.69792, 17.95872 ], [ -95.69975, 17.98211 ], [ -95.69255, 17.99227 ], [ -95.68379, 17.99753 ], [ -95.67137, 17.9925 ], [ -95.66912, 17.99831 ], [ -95.66021, 17.99231 ], [ -95.65615, 18.0032 ], [ -95.65937, 18.00894 ], [ -95.6479, 18.02099 ], [ -95.64422, 18.04584 ], [ -95.64974, 18.05166 ], [ -95.64558, 18.06842 ], [ -95.62994, 18.07088 ], [ -95.62545, 18.08554 ], [ -95.6619, 18.09446 ], [ -95.6622, 18.11419 ], [ -95.66731, 18.12292 ], [ -95.65087, 18.12301 ], [ -95.65371, 18.14385 ], [ -95.63876, 18.15322 ], [ -95.65105, 18.15863 ], [ -95.65047, 18.16891 ], [ -95.66164, 18.16807 ], [ -95.64637, 18.17434 ], [ -95.65798, 18.18909 ], [ -95.65171, 18.18995 ], [ -95.64644, 18.18228 ], [ -95.64567, 18.20479 ], [ -95.63347, 18.20514 ], [ -95.63305, 18.21965 ], [ -95.62887, 18.22275 ], [ -95.62183, 18.22304 ], [ -95.60969, 18.21355 ], [ -95.60686, 18.2308 ], [ -95.59215, 18.228 ], [ -95.59608, 18.23598 ], [ -95.58362, 18.24422 ], [ -95.57436, 18.23398 ], [ -95.56831, 18.2384 ], [ -95.57164, 18.24435 ], [ -95.57953, 18.24246 ], [ -95.58019, 18.25893 ], [ -95.57278, 18.2604 ], [ -95.57126, 18.26864 ], [ -95.56235, 18.26851 ], [ -95.55965, 18.27813 ], [ -95.5735, 18.29009 ], [ -95.59058, 18.29089 ], [ -95.5902, 18.29488 ], [ -95.57939, 18.29827 ], [ -95.59658, 18.30857 ], [ -95.59201, 18.32451 ], [ -95.59905, 18.32914 ], [ -95.58457, 18.33134 ], [ -95.58967, 18.33928 ], [ -95.59805, 18.3345 ], [ -95.60468, 18.34181 ], [ -95.5856, 18.36068 ], [ -95.56336, 18.35993 ], [ -95.55305, 18.36425 ], [ -95.54215, 18.33215 ] ] ] } },
{ "type": "Feature", "properties": { "NOMGEO": "Ixcatepec", "CVEGEO": "30078", "POB1": 12379.0, "POB84": 6080.0, "POB42": 6299.0 }, "geometry": { "type": "Polygon", "coordinates": [ [ [ -98.04054, 21.32457 ], [ -98.02342, 21.32974 ], [ -98.01471, 21.32576 ], [ -98.00985, 21.31164 ], [ -98.00541, 21.31139 ], [ -98.01154, 21.30719 ], [ -98.00678, 21.30516 ], [ -98.00264, 21.29194 ], [ -98.00679, 21.28946 ], [ -98.0017, 21.28203 ], [ -98.00453, 21.26113 ], [ -97.99938, 21.24863 ], [ -97.97172, 21.25763 ], [ -97.97236, 21.24681 ], [ -97.95848, 21.23825 ], [ -97.94925, 21.23929 ], [ -97.93725, 21.23334 ], [ -97.93617, 21.22169 ], [ -97.92894, 21.21678 ], [ -97.93646, 21.20381 ], [ -97.96186, 21.21051 ], [ -97.95994, 21.18906 ], [ -97.96783, 21.18525 ], [ -97.96329, 21.17045 ], [ -98.01245, 21.14869 ], [ -98.04367, 21.15668 ], [ -98.03545, 21.17148 ], [ -98.0295, 21.17363 ], [ -98.04637, 21.19103 ], [ -98.04515, 21.19706 ], [ -98.0579, 21.20271 ], [ -98.06104, 21.19869 ], [ -98.07038, 21.20877 ], [ -98.05884, 21.21679 ], [ -98.061, 21.22067 ], [ -98.07018, 21.22032 ], [ -98.05578, 21.23003 ], [ -98.07679, 21.24329 ], [ -98.07932, 21.23914 ], [ -98.09305, 21.23815 ], [ -98.11644, 21.24547 ], [ -98.09892, 21.25233 ], [ -98.10049, 21.25801 ], [ -98.09108, 21.27396 ], [ -98.06585, 21.27464 ], [ -98.0678, 21.28492 ], [ -98.06346, 21.29049 ], [ -98.07004, 21.31324 ], [ -98.06151, 21.32166 ], [ -98.06064, 21.32916 ], [ -98.07094, 21.33814 ], [ -98.06292, 21.34503 ], [ -98.06505, 21.35008 ], [ -98.04678, 21.33951 ], [ -98.04054, 21.32457 ] ] ] } },
{ "type": "Feature", "properties": { "NOMGEO": "Ixhuacán de los Reyes", "CVEGEO": "30079", "POB1": 11387.0, "POB84": 5617.0, "POB42": 5770.0 }, "geometry": { "type": "Polygon", "coordinates": [ [ [ -97.13414, 19.42239 ], [ -97.11047, 19.4196 ], [ -97.09395, 19.42291 ], [ -97.05735, 19.3949 ], [ -97.04122, 19.39791 ], [ -97.03996, 19.39302 ], [ -97.02892, 19.39092 ], [ -97.02778, 19.38573 ], [ -97.04791, 19.37716 ], [ -97.04152, 19.36888 ], [ -97.04681, 19.36333 ], [ -97.0353, 19.35653 ], [ -97.03191, 19.35091 ], [ -97.03531, 19.34877 ], [ -97.02804, 19.34399 ], [ -97.03451, 19.33611 ], [ -97.03035, 19.32518 ], [ -97.0242, 19.31886 ], [ -97.00722, 19.31835 ], [ -96.98785, 19.29527 ], [ -96.98697, 19.29858 ], [ -96.98072, 19.28982 ], [ -96.97146, 19.28981 ], [ -96.97458, 19.28313 ], [ -96.98338, 19.28758 ], [ -96.98571, 19.28005 ], [ -97.00384, 19.29648 ], [ -97.01081, 19.29631 ], [ -97.01475, 19.29008 ], [ -97.01936, 19.29687 ], [ -97.03099, 19.29733 ], [ -97.04551, 19.32128 ], [ -97.05569, 19.31197 ], [ -97.06751, 19.31523 ], [ -97.07118, 19.32152 ], [ -97.08277, 19.31056 ], [ -97.09142, 19.31098 ], [ -97.10097, 19.30359 ], [ -97.12936, 19.3089 ], [ -97.13675, 19.3227 ], [ -97.14845, 19.32025 ], [ -97.14188, 19.33761 ], [ -97.1296, 19.3477 ], [ -97.1326, 19.36302 ], [ -97.12563, 19.37593 ], [ -97.1401, 19.3846 ], [ -97.15072, 19.40189 ], [ -97.16744, 19.4043 ], [ -97.17494, 19.42341 ], [ -97.17063, 19.42392 ], [ -97.17015, 19.44966 ], [ -97.16507, 19.45834 ], [ -97.15436, 19.4651 ], [ -97.13414, 19.42239 ] ] ] } },
{ "type": "Feature", "properties": { "NOMGEO": "Ixhuatlán del Café", "CVEGEO": "30080", "POB1": 23132.0, "POB84": 11460.0, "POB42": 11672.0 }, "geometry": { "type": "Polygon", "coordinates": [ [ [ -96.89662, 19.08669 ], [ -96.89279, 19.08159 ], [ -96.89461, 19.0646 ], [ -96.87441, 19.0463 ], [ -96.88238, 19.03975 ], [ -96.87893, 19.03469 ], [ -96.88301, 19.00565 ], [ -96.87136, 19.00752 ], [ -96.86968, 19.01222 ], [ -96.858, 19.0108 ], [ -96.8658, 19.00851 ], [ -96.86753, 19.00185 ], [ -96.85885, 18.98845 ], [ -96.85835, 18.97324 ], [ -96.84822, 18.97129 ], [ -96.85663, 18.96571 ], [ -96.85371, 18.96056 ], [ -96.86274, 18.95729 ], [ -96.90443, 18.96377 ], [ -96.90068, 18.97925 ], [ -96.90505, 18.98547 ], [ -96.89824, 18.99175 ], [ -96.91373, 19.00662 ], [ -96.93785, 19.01088 ], [ -96.95206, 19.00434 ], [ -96.96383, 19.00839 ], [ -96.97485, 19.02415 ], [ -96.97545, 19.03239 ], [ -96.983, 19.03291 ], [ -96.98431, 19.02147 ], [ -96.9933, 19.02497 ], [ -96.99515, 19.03255 ], [ -96.99803, 19.02599 ], [ -97.01112, 19.06811 ], [ -97.01787, 19.07008 ], [ -97.00893, 19.07934 ], [ -97.00458, 19.07418 ], [ -96.99973, 19.08609 ], [ -96.98237, 19.09597 ], [ -96.96482, 19.08432 ], [ -96.93678, 19.08442 ], [ -96.93882, 19.08692 ], [ -96.93262, 19.08872 ], [ -96.92053, 19.08611 ], [ -96.89997, 19.09593 ], [ -96.88971, 19.09108 ], [ -96.89662, 19.08669 ] ] ] } },
{ "type": "Feature", "properties": { "NOMGEO": "Ixhuatlancillo", "CVEGEO": "30081", "POB1": 27295.0, "POB84": 12909.0, "POB42": 14386.0 }, "geometry": { "type": "Polygon", "coordinates": [ [ [ -97.12994, 18.86305 ], [ -97.13038, 18.86671 ], [ -97.1576, 18.8656 ], [ -97.16556, 18.85844 ], [ -97.17725, 18.86347 ], [ -97.18054, 18.85689 ], [ -97.19117, 18.86809 ], [ -97.20496, 18.87234 ], [ -97.20287, 18.87666 ], [ -97.21802, 18.91167 ], [ -97.20754, 18.91764 ], [ -97.18931, 18.91139 ], [ -97.17908, 18.92919 ], [ -97.1767, 18.92322 ], [ -97.15783, 18.91273 ], [ -97.12707, 18.90549 ], [ -97.11076, 18.87135 ], [ -97.12994, 18.86305 ] ] ] } },
{ "type": "Feature", "properties": { "NOMGEO": "Ixhuatlán del Sureste", "CVEGEO": "30082", "POB1": 15831.0, "POB84": 7768.0, "POB42": 8063.0 }, "geometry": { "type": "Polygon", "coordinates": [ [ [ -94.31844, 18.05757 ], [ -94.32041, 18.04752 ], [ -94.33562, 18.02763 ], [ -94.33297, 18.00945 ], [ -94.34044, 18.00951 ], [ -94.34522, 18.00294 ], [ -94.35208, 18.00614 ], [ -94.35917, 17.99138 ], [ -94.37303, 17.98603 ], [ -94.36414, 17.97368 ], [ -94.36353, 17.95842 ], [ -94.34967, 17.91596 ], [ -94.37174, 17.8979 ], [ -94.38287, 17.91324 ], [ -94.39626, 17.90524 ], [ -94.4127, 17.9125 ], [ -94.43707, 17.91048 ], [ -94.44136, 17.91683 ], [ -94.43811, 17.92374 ], [ -94.44924, 17.9333 ], [ -94.4449, 17.94281 ], [ -94.44983, 17.95125 ], [ -94.42712, 17.98385 ], [ -94.43182, 17.99011 ], [ -94.42963, 17.99645 ], [ -94.44277, 17.99956 ], [ -94.44214, 18.00683 ], [ -94.4601, 18.02847 ], [ -94.45686, 18.0492 ], [ -94.44605, 18.05619 ], [ -94.42213, 18.05245 ], [ -94.40952, 18.03347 ], [ -94.3374, 18.06498 ], [ -94.31844, 18.05757 ] ] ] } },
{ "type": "Feature", "properties": { "NOMGEO": "Ixhuatlán de Madero", "CVEGEO": "30083", "POB1": 50836.0, "POB84": 24723.0, "POB42": 26113.0 }, "geometry": { "type": "Polygon", "coordinates": [ [ [ -97.90355, 20.87093 ], [ -97.90335, 20.86241 ], [ -97.91004, 20.85607 ], [ -97.90706, 20.85207 ], [ -97.88772, 20.85388 ], [ -97.92021, 20.83423 ], [ -97.92041, 20.81485 ], [ -97.92849, 20.78922 ], [ -97.91368, 20.78391 ], [ -97.90593, 20.79734 ], [ -97.8948, 20.79776 ], [ -97.92245, 20.71652 ], [ -97.89743, 20.70321 ], [ -97.90627, 20.69072 ], [ -97.91408, 20.68862 ], [ -97.91783, 20.67125 ], [ -97.90877, 20.66716 ], [ -97.91184, 20.65351 ], [ -97.89501, 20.62329 ], [ -97.90876, 20.60813 ], [ -97.9057, 20.60128 ], [ -97.90969, 20.58638 ], [ -97.98082, 20.54071 ], [ -97.98153, 20.52568 ], [ -97.97263, 20.5232 ], [ -97.97933, 20.51493 ], [ -97.99876, 20.5252 ], [ -98.01727, 20.52599 ], [ -98.00831, 20.53269 ], [ -98.02873, 20.58971 ], [ -98.01771, 20.60171 ], [ -98.02101, 20.62678 ], [ -98.03998, 20.63193 ], [ -98.06678, 20.67387 ], [ -98.07183, 20.67718 ], [ -98.07658, 20.67445 ], [ -98.07033, 20.66845 ], [ -98.07196, 20.65772 ], [ -98.08044, 20.64736 ], [ -98.08061, 20.63351 ], [ -98.08751, 20.6225 ], [ -98.09821, 20.62437 ], [ -98.10059, 20.61388 ], [ -98.11549, 20.61673 ], [ -98.127, 20.63319 ], [ -98.12328, 20.6357 ], [ -98.1307, 20.64218 ], [ -98.12684, 20.65393 ], [ -98.12974, 20.65655 ], [ -98.12543, 20.65704 ], [ -98.1265, 20.66163 ], [ -98.12015, 20.66102 ], [ -98.12135, 20.6666 ], [ -98.12749, 20.66592 ], [ -98.11629, 20.67979 ], [ -98.1191, 20.68706 ], [ -98.12911, 20.68143 ], [ -98.12608, 20.68819 ], [ -98.14155, 20.69219 ], [ -98.14724, 20.70236 ], [ -98.13488, 20.72027 ], [ -98.13708, 20.72525 ], [ -98.10636, 20.72995 ], [ -98.10454, 20.73683 ], [ -98.11367, 20.74237 ], [ -98.1107, 20.75971 ], [ -98.10323, 20.76352 ], [ -98.10262, 20.75368 ], [ -98.09793, 20.75274 ], [ -98.08697, 20.77335 ], [ -98.10581, 20.7865 ], [ -98.11295, 20.78659 ], [ -98.11108, 20.79081 ], [ -98.10157, 20.79084 ], [ -98.09986, 20.79688 ], [ -98.11258, 20.79953 ], [ -98.11518, 20.80521 ], [ -98.12629, 20.80093 ], [ -98.12786, 20.80876 ], [ -98.13495, 20.80816 ], [ -98.12965, 20.82013 ], [ -98.1351, 20.82675 ], [ -98.12106, 20.8255 ], [ -98.12378, 20.8294 ], [ -98.10459, 20.87082 ], [ -98.09521, 20.87368 ], [ -98.08996, 20.86588 ], [ -98.07783, 20.86407 ], [ -98.08201, 20.87223 ], [ -98.05872, 20.87232 ], [ -98.04165, 20.89537 ], [ -98.02986, 20.89171 ], [ -98.0267, 20.88272 ], [ -98.00276, 20.87826 ], [ -98.01107, 20.86085 ], [ -97.99268, 20.86701 ], [ -97.99464, 20.87477 ], [ -97.99081, 20.87758 ], [ -97.96037, 20.85411 ], [ -97.95802, 20.84895 ], [ -97.96291, 20.84591 ], [ -97.95832, 20.84274 ], [ -97.96264, 20.84002 ], [ -97.95452, 20.83184 ], [ -97.92326, 20.84855 ], [ -97.92367, 20.85547 ], [ -97.91728, 20.85957 ], [ -97.92372, 20.86657 ], [ -97.91592, 20.87485 ], [ -97.90355, 20.87093 ] ] ] } },
{ "type": "Feature", "properties": { "NOMGEO": "Ixmatlahuacan", "CVEGEO": "30084", "POB1": 5574.0, "POB84": 2712.0, "POB42": 2862.0 }, "geometry": { "type": "Polygon", "coordinates": [ [ [ -95.77655, 18.45697 ], [ -95.76651, 18.45476 ], [ -95.7745, 18.44838 ], [ -95.76925, 18.43892 ], [ -95.77707, 18.42128 ], [ -95.79133, 18.41727 ], [ -95.77856, 18.39988 ], [ -95.78699, 18.38436 ], [ -95.79873, 18.38589 ], [ -95.79865, 18.382 ], [ -95.81804, 18.392 ], [ -95.82802, 18.37929 ], [ -95.85383, 18.37368 ], [ -95.8558, 18.36637 ], [ -95.87121, 18.37862 ], [ -95.87306, 18.37437 ], [ -95.88347, 18.37356 ], [ -95.89969, 18.37727 ], [ -95.8855, 18.40394 ], [ -95.88862, 18.40704 ], [ -95.9062, 18.40082 ], [ -95.9063, 18.42768 ], [ -95.93272, 18.43175 ], [ -95.93505, 18.42706 ], [ -95.92969, 18.41807 ], [ -95.94045, 18.41097 ], [ -95.94737, 18.42087 ], [ -95.98509, 18.42688 ], [ -95.99191, 18.4353 ], [ -96.00005, 18.43311 ], [ -95.99909, 18.4579 ], [ -95.99031, 18.46491 ], [ -95.99065, 18.46968 ], [ -95.98244, 18.47069 ], [ -95.98694, 18.47414 ], [ -95.98576, 18.48216 ], [ -95.99134, 18.47803 ], [ -96.00443, 18.47867 ], [ -96.01376, 18.48671 ], [ -95.9842, 18.50777 ], [ -95.97529, 18.51985 ], [ -95.96296, 18.52719 ], [ -95.95769, 18.52505 ], [ -95.95966, 18.53099 ], [ -95.94846, 18.53542 ], [ -95.93791, 18.5669 ], [ -95.9105, 18.56529 ], [ -95.90429, 18.56949 ], [ -95.89735, 18.57796 ], [ -95.90129, 18.59362 ], [ -95.89311, 18.62236 ], [ -95.87868, 18.6295 ], [ -95.8925, 18.60754 ], [ -95.87643, 18.594 ], [ -95.87547, 18.588 ], [ -95.88297, 18.58239 ], [ -95.86582, 18.5763 ], [ -95.86708, 18.56421 ], [ -95.85055, 18.56621 ], [ -95.82624, 18.53778 ], [ -95.83339, 18.50374 ], [ -95.84906, 18.49974 ], [ -95.85078, 18.49385 ], [ -95.81739, 18.4787 ], [ -95.81106, 18.4832 ], [ -95.79951, 18.46803 ], [ -95.77821, 18.46678 ], [ -95.77655, 18.45697 ] ] ] } },
{ "type": "Feature", "properties": { "NOMGEO": "Ixtaczoquitlán", "CVEGEO": "30085", "POB1": 74004.0, "POB84": 35363.0, "POB42": 38641.0 }, "geometry": { "type": "Polygon", "coordinates": [ [ [ -97.02101, 18.92238 ], [ -97.00963, 18.91499 ], [ -97.01286, 18.8943 ], [ -97.00608, 18.88596 ], [ -97.00366, 18.867 ], [ -96.98656, 18.86428 ], [ -96.98024, 18.83244 ], [ -96.97164, 18.82543 ], [ -96.9771, 18.82054 ], [ -96.97475, 18.7988 ], [ -96.98794, 18.79444 ], [ -96.98407, 18.7787 ], [ -96.99734, 18.76926 ], [ -97.00721, 18.77109 ], [ -97.01423, 18.7556 ], [ -97.05752, 18.81059 ], [ -97.06277, 18.82714 ], [ -97.06931, 18.83188 ], [ -97.08058, 18.82917 ], [ -97.08713, 18.83288 ], [ -97.06966, 18.85207 ], [ -97.06874, 18.86492 ], [ -97.07133, 18.86229 ], [ -97.07388, 18.86749 ], [ -97.08104, 18.86786 ], [ -97.08442, 18.88216 ], [ -97.07899, 18.88603 ], [ -97.08204, 18.89336 ], [ -97.06586, 18.89065 ], [ -97.06309, 18.89468 ], [ -97.06389, 18.91431 ], [ -97.06791, 18.91791 ], [ -97.0632, 18.91835 ], [ -97.06629, 18.92284 ], [ -97.05976, 18.94569 ], [ -97.04479, 18.94528 ], [ -97.0219, 18.93208 ], [ -97.02101, 18.92238 ] ] ] } },
{ "type": "Feature", "properties": { "NOMGEO": "Jalacingo", "CVEGEO": "30086", "POB1": 46794.0, "POB84": 22644.0, "POB42": 24150.0 }, "geometry": { "type": "Polygon", "coordinates": [ [ [ -97.22467, 19.90756 ], [ -97.24006, 19.90557 ], [ -97.25204, 19.88425 ], [ -97.24619, 19.86169 ], [ -97.2557, 19.8397 ], [ -97.24594, 19.83676 ], [ -97.24052, 19.82799 ], [ -97.23642, 19.83106 ], [ -97.23904, 19.81585 ], [ -97.25111, 19.79916 ], [ -97.26053, 19.79727 ], [ -97.24788, 19.79433 ], [ -97.2603, 19.7894 ], [ -97.26551, 19.77983 ], [ -97.25977, 19.77581 ], [ -97.27213, 19.76878 ], [ -97.28124, 19.75522 ], [ -97.2823, 19.72549 ], [ -97.27145, 19.71691 ], [ -97.26905, 19.70195 ], [ -97.28095, 19.6861 ], [ -97.26785, 19.63801 ], [ -97.28734, 19.61584 ], [ -97.30956, 19.60959 ], [ -97.3052, 19.62367 ], [ -97.3108, 19.63313 ], [ -97.35153, 19.61076 ], [ -97.35859, 19.6278 ], [ -97.36458, 19.62012 ], [ -97.38042, 19.63399 ], [ -97.34736, 19.66337 ], [ -97.34116, 19.67575 ], [ -97.3264, 19.67892 ], [ -97.30393, 19.67116 ], [ -97.30742, 19.68454 ], [ -97.32469, 19.7071 ], [ -97.33114, 19.70757 ], [ -97.32827, 19.71179 ], [ -97.33314, 19.71678 ], [ -97.3222, 19.72239 ], [ -97.31378, 19.73514 ], [ -97.32194, 19.73478 ], [ -97.31967, 19.77385 ], [ -97.31312, 19.79047 ], [ -97.31669, 19.81783 ], [ -97.31504, 19.82776 ], [ -97.30825, 19.83444 ], [ -97.30957, 19.85579 ], [ -97.30456, 19.8707 ], [ -97.29993, 19.88151 ], [ -97.29047, 19.88681 ], [ -97.29471, 19.89527 ], [ -97.25423, 19.93432 ], [ -97.23705, 19.93639 ], [ -97.2289, 19.92272 ], [ -97.22278, 19.92262 ], [ -97.22467, 19.90756 ] ] ] } },
{ "type": "Feature", "properties": { "NOMGEO": "Xalapa", "CVEGEO": "30087", "POB1": 488531.0, "POB84": 226821.0, "POB42": 261710.0 }, "geometry": { "type": "Polygon", "coordinates": [ [ [ -96.79901, 19.56757 ], [ -96.81, 19.55933 ], [ -96.83069, 19.56335 ], [ -96.84151, 19.55456 ], [ -96.84217, 19.54688 ], [ -96.83185, 19.5449 ], [ -96.82535, 19.53477 ], [ -96.83936, 19.54152 ], [ -96.84944, 19.53856 ], [ -96.82636, 19.52328 ], [ -96.82412, 19.51268 ], [ -96.82973, 19.51086 ], [ -96.86039, 19.5209 ], [ -96.85778, 19.51061 ], [ -96.86852, 19.50851 ], [ -96.864, 19.50638 ], [ -96.87608, 19.49395 ], [ -96.89276, 19.48952 ], [ -96.89826, 19.49328 ], [ -96.9033, 19.4847 ], [ -96.90659, 19.49416 ], [ -96.91722, 19.49438 ], [ -96.92281, 19.48838 ], [ -96.93532, 19.49286 ], [ -96.94138, 19.50682 ], [ -96.93702, 19.51112 ], [ -96.94722, 19.51291 ], [ -96.95118, 19.52982 ], [ -96.96628, 19.53261 ], [ -96.97084, 19.53905 ], [ -96.96848, 19.54781 ], [ -96.95733, 19.55092 ], [ -96.95563, 19.56703 ], [ -96.93937, 19.57653 ], [ -96.91819, 19.57918 ], [ -96.90323, 19.57163 ], [ -96.89821, 19.58083 ], [ -96.87403, 19.581 ], [ -96.87201, 19.59182 ], [ -96.84951, 19.58506 ], [ -96.84286, 19.59947 ], [ -96.84391, 19.59159 ], [ -96.84288, 19.58967 ], [ -96.8408, 19.59454 ], [ -96.82611, 19.59665 ], [ -96.81734, 19.58756 ], [ -96.8047, 19.5841 ], [ -96.79901, 19.56757 ] ] ] } },
{ "type": "Feature", "properties": { "NOMGEO": "Jalcomulco", "CVEGEO": "30088", "POB1": 5054.0, "POB84": 2537.0, "POB42": 2517.0 }, "geometry": { "type": "Polygon", "coordinates": [ [ [ -96.73966, 19.363 ], [ -96.72693, 19.32718 ], [ -96.7186, 19.31538 ], [ -96.70138, 19.31062 ], [ -96.70937, 19.28749 ], [ -96.70062, 19.27164 ], [ -96.69478, 19.27003 ], [ -96.6982, 19.26738 ], [ -96.7248, 19.26834 ], [ -96.72534, 19.28276 ], [ -96.73229, 19.28407 ], [ -96.74289, 19.29995 ], [ -96.74248, 19.31661 ], [ -96.77406, 19.30536 ], [ -96.77367, 19.32521 ], [ -96.76981, 19.32764 ], [ -96.7756, 19.33758 ], [ -96.79799, 19.3351 ], [ -96.79895, 19.34416 ], [ -96.80484, 19.34508 ], [ -96.80472, 19.35885 ], [ -96.80076, 19.35727 ], [ -96.79703, 19.36498 ], [ -96.82519, 19.37899 ], [ -96.81424, 19.38369 ], [ -96.8165, 19.39534 ], [ -96.77826, 19.37248 ], [ -96.78169, 19.39283 ], [ -96.77673, 19.39719 ], [ -96.77546, 19.39231 ], [ -96.77178, 19.39375 ], [ -96.77083, 19.40322 ], [ -96.76621, 19.39291 ], [ -96.75769, 19.39538 ], [ -96.74776, 19.39029 ], [ -96.74695, 19.37625 ], [ -96.74231, 19.3795 ], [ -96.73105, 19.37196 ], [ -96.73713, 19.37239 ], [ -96.73966, 19.363 ] ] ] } },
{ "type": "Feature", "properties": { "NOMGEO": "Chumatlán", "CVEGEO": "30064", "POB1": 4008.0, "POB84": 1894.0, "POB42": 2114.0 }, "geometry": { "type": "Polygon", "coordinates": [ [ [ -97.60211, 20.20245 ], [ -97.61108, 20.20619 ], [ -97.61165, 20.22127 ], [ -97.6033, 20.22497 ], [ -97.60934, 20.22706 ], [ -97.60998, 20.23525 ], [ -97.59076, 20.24498 ], [ -97.56443, 20.24243 ], [ -97.55714, 20.25012 ], [ -97.54525, 20.24572 ], [ -97.57559, 20.21836 ], [ -97.56752, 20.21188 ], [ -97.57109, 20.20297 ], [ -97.60288, 20.19474 ], [ -97.60211, 20.20245 ] ] ] } },
{ "type": "Feature", "properties": { "NOMGEO": "Emiliano Zapata", "CVEGEO": "30065", "POB1": 85489.0, "POB84": 41162.0, "POB42": 44327.0 }, "geometry": { "type": "Polygon", "coordinates": [ [ [ -96.77452, 19.55501 ], [ -96.79028, 19.55387 ], [ -96.794, 19.54545 ], [ -96.78087, 19.54027 ], [ -96.77376, 19.52899 ], [ -96.72933, 19.51665 ], [ -96.73302, 19.5065 ], [ -96.71729, 19.49679 ], [ -96.70494, 19.48131 ], [ -96.71137, 19.47306 ], [ -96.69337, 19.46487 ], [ -96.68883, 19.45504 ], [ -96.65614, 19.45515 ], [ -96.64716, 19.44185 ], [ -96.64826, 19.43649 ], [ -96.62543, 19.43217 ], [ -96.60604, 19.42032 ], [ -96.57774, 19.4218 ], [ -96.56958, 19.40595 ], [ -96.56555, 19.4082 ], [ -96.56648, 19.41568 ], [ -96.55957, 19.41726 ], [ -96.5543, 19.40035 ], [ -96.54195, 19.4002 ], [ -96.54299, 19.36939 ], [ -96.5638, 19.36045 ], [ -96.55955, 19.35564 ], [ -96.56244, 19.34192 ], [ -96.58249, 19.34138 ], [ -96.59676, 19.3496 ], [ -96.60446, 19.34378 ], [ -96.61277, 19.35029 ], [ -96.61996, 19.34628 ], [ -96.63064, 19.35092 ], [ -96.63297, 19.34708 ], [ -96.64064, 19.35234 ], [ -96.6414, 19.34524 ], [ -96.65409, 19.33785 ], [ -96.66361, 19.36092 ], [ -96.67943, 19.36909 ], [ -96.67553, 19.38306 ], [ -96.68286, 19.37472 ], [ -96.69698, 19.37078 ], [ -96.70686, 19.35775 ], [ -96.71424, 19.3581 ], [ -96.74231, 19.3795 ], [ -96.74695, 19.37625 ], [ -96.74776, 19.39029 ], [ -96.75769, 19.39538 ], [ -96.76621, 19.39291 ], [ -96.77083, 19.40322 ], [ -96.77178, 19.39375 ], [ -96.77546, 19.39231 ], [ -96.77673, 19.39719 ], [ -96.78169, 19.39283 ], [ -96.77936, 19.37217 ], [ -96.8165, 19.39534 ], [ -96.81434, 19.40095 ], [ -96.80748, 19.39936 ], [ -96.80866, 19.40708 ], [ -96.79859, 19.415 ], [ -96.80786, 19.42409 ], [ -96.81701, 19.42029 ], [ -96.82025, 19.42875 ], [ -96.82638, 19.42858 ], [ -96.83368, 19.43707 ], [ -96.88667, 19.44583 ], [ -96.89053, 19.45578 ], [ -96.90337, 19.4632 ], [ -96.89936, 19.49275 ], [ -96.89276, 19.48952 ], [ -96.87608, 19.49395 ], [ -96.864, 19.50638 ], [ -96.86852, 19.50851 ], [ -96.85778, 19.51061 ], [ -96.86039, 19.5209 ], [ -96.82973, 19.51086 ], [ -96.82233, 19.5144 ], [ -96.82849, 19.52512 ], [ -96.84962, 19.53736 ], [ -96.83936, 19.54152 ], [ -96.82535, 19.53477 ], [ -96.83185, 19.5449 ], [ -96.84235, 19.54728 ], [ -96.84151, 19.55456 ], [ -96.8325, 19.56307 ], [ -96.81, 19.55933 ], [ -96.79901, 19.56757 ], [ -96.79924, 19.57629 ], [ -96.79222, 19.56967 ], [ -96.7678, 19.56531 ], [ -96.77452, 19.55501 ] ] ] } },
{ "type": "Feature", "properties": { "NOMGEO": "Espinal", "CVEGEO": "30066", "POB1": 26830.0, "POB84": 13021.0, "POB42": 13809.0 }, "geometry": { "type": "Polygon", "coordinates": [ [ [ -97.51025, 20.35309 ], [ -97.51588, 20.33948 ], [ -97.47032, 20.32752 ], [ -97.45525, 20.33247 ], [ -97.44979, 20.32971 ], [ -97.45187, 20.32582 ], [ -97.43197, 20.32311 ], [ -97.41605, 20.30775 ], [ -97.40977, 20.31002 ], [ -97.40071, 20.30563 ], [ -97.39831, 20.30303 ], [ -97.40918, 20.29946 ], [ -97.4074, 20.27864 ], [ -97.40123, 20.28213 ], [ -97.39434, 20.26705 ], [ -97.37835, 20.25474 ], [ -97.37928, 20.24957 ], [ -97.39573, 20.24321 ], [ -97.40728, 20.23219 ], [ -97.42506, 20.244 ], [ -97.43594, 20.24046 ], [ -97.44528, 20.24616 ], [ -97.46429, 20.22423 ], [ -97.46506, 20.18022 ], [ -97.48548, 20.17332 ], [ -97.48761, 20.16488 ], [ -97.50395, 20.15606 ], [ -97.50353, 20.14667 ], [ -97.50968, 20.14089 ], [ -97.5187, 20.15419 ], [ -97.51202, 20.16617 ], [ -97.51379, 20.17157 ], [ -97.50539, 20.17904 ], [ -97.50767, 20.18379 ], [ -97.51364, 20.1821 ], [ -97.515, 20.19445 ], [ -97.50502, 20.19623 ], [ -97.50582, 20.20647 ], [ -97.51839, 20.20901 ], [ -97.52424, 20.20156 ], [ -97.52155, 20.19071 ], [ -97.53037, 20.1887 ], [ -97.53103, 20.19983 ], [ -97.54231, 20.20244 ], [ -97.54855, 20.19438 ], [ -97.55181, 20.20535 ], [ -97.53696, 20.20516 ], [ -97.54095, 20.21577 ], [ -97.52733, 20.2201 ], [ -97.52646, 20.22899 ], [ -97.5174, 20.23188 ], [ -97.51665, 20.24169 ], [ -97.48618, 20.24523 ], [ -97.48281, 20.25917 ], [ -97.50463, 20.26754 ], [ -97.53091, 20.26536 ], [ -97.54272, 20.2735 ], [ -97.54627, 20.26898 ], [ -97.55292, 20.27142 ], [ -97.55971, 20.26727 ], [ -97.56904, 20.27217 ], [ -97.58814, 20.26225 ], [ -97.60533, 20.26294 ], [ -97.60888, 20.27461 ], [ -97.6032, 20.27573 ], [ -97.60223, 20.28146 ], [ -97.58263, 20.28243 ], [ -97.58911, 20.29845 ], [ -97.59875, 20.30111 ], [ -97.60479, 20.31336 ], [ -97.60079, 20.32044 ], [ -97.58496, 20.31754 ], [ -97.57998, 20.32346 ], [ -97.58269, 20.34702 ], [ -97.56842, 20.35707 ], [ -97.54839, 20.35661 ], [ -97.54581, 20.36196 ], [ -97.52613, 20.36548 ], [ -97.52554, 20.37 ], [ -97.51025, 20.35309 ] ] ] } },
{ "type": "Feature", "properties": { "NOMGEO": "Filomeno Mata", "CVEGEO": "30067", "POB1": 19179.0, "POB84": 9294.0, "POB42": 9885.0 }, "geometry": { "type": "Polygon", "coordinates": [ [ [ -97.67234, 20.23802 ], [ -97.69302, 20.22883 ], [ -97.70084, 20.2193 ], [ -97.69668, 20.20896 ], [ -97.68596, 20.20371 ], [ -97.6847, 20.19235 ], [ -97.66781, 20.1817 ], [ -97.65911, 20.18043 ], [ -97.65185, 20.18544 ], [ -97.64485, 20.18268 ], [ -97.63445, 20.18816 ], [ -97.63837, 20.17671 ], [ -97.64469, 20.17769 ], [ -97.64751, 20.16708 ], [ -97.65302, 20.16343 ], [ -97.66332, 20.16951 ], [ -97.68683, 20.16581 ], [ -97.69872, 20.18238 ], [ -97.70756, 20.18158 ], [ -97.72051, 20.1892 ], [ -97.73146, 20.18135 ], [ -97.73945, 20.18946 ], [ -97.7386, 20.2021 ], [ -97.7307, 20.2052 ], [ -97.73295, 20.22751 ], [ -97.7373, 20.22816 ], [ -97.73651, 20.24407 ], [ -97.72607, 20.2463 ], [ -97.70518, 20.22745 ], [ -97.69801, 20.24273 ], [ -97.68656, 20.2491 ], [ -97.67972, 20.26293 ], [ -97.67863, 20.24764 ], [ -97.67239, 20.24359 ], [ -97.67234, 20.23802 ] ] ] } },
{ "type": "Feature", "properties": { "NOMGEO": "Fortín", "CVEGEO": "30068", "POB1": 66372.0, "POB84": 31242.0, "POB42": 35130.0 }, "geometry": { "type": "Polygon", "coordinates": [ [ [ -97.00343, 18.95233 ], [ -96.97455, 18.92712 ], [ -96.9551, 18.90179 ], [ -96.9834, 18.90277 ], [ -96.98134, 18.89196 ], [ -96.97409, 18.88774 ], [ -96.98168, 18.88294 ], [ -96.97056, 18.85953 ], [ -96.97389, 18.85435 ], [ -96.97021, 18.84182 ], [ -96.95662, 18.83832 ], [ -96.95716, 18.8253 ], [ -96.93417, 18.81652 ], [ -96.92617, 18.80222 ], [ -96.94755, 18.8033 ], [ -96.95143, 18.81054 ], [ -96.96249, 18.81392 ], [ -96.96403, 18.82046 ], [ -96.98024, 18.83244 ], [ -96.98656, 18.86428 ], [ -96.99589, 18.86303 ], [ -97.00427, 18.86848 ], [ -97.00608, 18.88596 ], [ -97.01286, 18.8943 ], [ -97.00963, 18.91499 ], [ -97.02181, 18.92395 ], [ -97.02521, 18.94033 ], [ -97.02094, 18.94404 ], [ -97.03294, 18.96375 ], [ -97.03176, 18.97228 ], [ -97.01897, 18.97334 ], [ -97.01434, 18.97863 ], [ -97.01516, 18.98178 ], [ -97.01288, 18.98872 ], [ -96.99125, 18.97907 ], [ -97.00343, 18.95233 ] ] ] } },
{ "type": "Feature", "properties": { "NOMGEO": "Gutiérrez Zamora", "CVEGEO": "30069", "POB1": 24085.0, "POB84": 11188.0, "POB42": 12897.0 }, "geometry": { "type": "Polygon", "coordinates": [ [ [ -97.15021, 20.38609 ], [ -97.16441, 20.38856 ], [ -97.16314, 20.3974 ], [ -97.17324, 20.39653 ], [ -97.17857, 20.4108 ], [ -97.18647, 20.41471 ], [ -97.18314, 20.43401 ], [ -97.19051, 20.43474 ], [ -97.19159, 20.4468 ], [ -97.17631, 20.44658 ], [ -97.18171, 20.46032 ], [ -97.16482, 20.45922 ], [ -97.1584, 20.46515 ], [ -97.15954, 20.4799 ], [ -97.15063, 20.48319 ], [ -97.14561, 20.4965 ], [ -97.15307, 20.49556 ], [ -97.15134, 20.50696 ], [ -97.13429, 20.51159 ], [ -97.12677, 20.52541 ], [ -97.1136, 20.52096 ], [ -97.10416, 20.53068 ], [ -97.06393, 20.49327 ], [ -97.08137, 20.48282 ], [ -97.07314, 20.47957 ], [ -97.07818, 20.47414 ], [ -97.06568, 20.47972 ], [ -97.05276, 20.46736 ], [ -97.01351, 20.4722 ], [ -97.02041, 20.46762 ], [ -97.0165, 20.46385 ], [ -97.0292, 20.45986 ], [ -97.03052, 20.44985 ], [ -97.02254, 20.44103 ], [ -97.03463, 20.43144 ], [ -97.0266, 20.42329 ], [ -97.03403, 20.42451 ], [ -97.03133, 20.41694 ], [ -97.03753, 20.41686 ], [ -97.03816, 20.4087 ], [ -97.07248, 20.4088 ], [ -97.07373, 20.40185 ], [ -97.08132, 20.40128 ], [ -97.07652, 20.39324 ], [ -97.08241, 20.39234 ], [ -97.08372, 20.38638 ], [ -97.10367, 20.39731 ], [ -97.10483, 20.38148 ], [ -97.10915, 20.37859 ], [ -97.11777, 20.3786 ], [ -97.11746, 20.37519 ], [ -97.12821, 20.37837 ], [ -97.13027, 20.3719 ], [ -97.14173, 20.37614 ], [ -97.15021, 20.38609 ] ] ] } },
{ "type": "Feature", "properties": { "NOMGEO": "Hidalgotitlán", "CVEGEO": "30070", "POB1": 18275.0, "POB84": 9148.0, "POB42": 9127.0 }, "geometry": { "type": "Polygon", "coordinates": [ [ [ -94.5509, 17.46403 ], [ -94.56973, 17.47322 ], [ -94.57005, 17.44779 ], [ -94.58529, 17.44806 ], [ -94.60111, 17.36139 ], [ -94.61028, 17.36389 ], [ -94.60806, 17.37028 ], [ -94.63667, 17.37833 ], [ -94.63917, 17.32 ], [ -94.65632, 17.33167 ], [ -94.66097, 17.35661 ], [ -94.66926, 17.36529 ], [ -94.65564, 17.36484 ], [ -94.64781, 17.35704 ], [ -94.6487, 17.36846 ], [ -94.65769, 17.37517 ], [ -94.65198, 17.37984 ], [ -94.66411, 17.38296 ], [ -94.67132, 17.37963 ], [ -94.67409, 17.38378 ], [ -94.67675, 17.37807 ], [ -94.68059, 17.38126 ], [ -94.68288, 17.37807 ], [ -94.68975, 17.38215 ], [ -94.68663, 17.3892 ], [ -94.69272, 17.39315 ], [ -94.68943, 17.38583 ], [ -94.7026, 17.38519 ], [ -94.69853, 17.37608 ], [ -94.70882, 17.37169 ], [ -94.71201, 17.37681 ], [ -94.71683, 17.36497 ], [ -94.72338, 17.36794 ], [ -94.71755, 17.37049 ], [ -94.72004, 17.37514 ], [ -94.73284, 17.37453 ], [ -94.73042, 17.39199 ], [ -94.7181, 17.39427 ], [ -94.71488, 17.40789 ], [ -94.71878, 17.41011 ], [ -94.71329, 17.41387 ], [ -94.71874, 17.42456 ], [ -94.72848, 17.42809 ], [ -94.74009, 17.42413 ], [ -94.74976, 17.4391 ], [ -94.7549, 17.43982 ], [ -94.74403, 17.45199 ], [ -94.7497, 17.4623 ], [ -94.75647, 17.46144 ], [ -94.76134, 17.46639 ], [ -94.76301, 17.46204 ], [ -94.76422, 17.46764 ], [ -94.76962, 17.468 ], [ -94.77081, 17.45898 ], [ -94.77929, 17.4598 ], [ -94.78638, 17.44712 ], [ -94.80356, 17.43989 ], [ -94.80993, 17.42989 ], [ -94.82043, 17.43912 ], [ -94.82769, 17.43462 ], [ -94.83348, 17.43942 ], [ -94.83361, 17.44916 ], [ -94.85168, 17.46289 ], [ -94.85058, 17.4888 ], [ -94.83519, 17.50245 ], [ -94.82562, 17.50237 ], [ -94.8125, 17.48622 ], [ -94.79462, 17.4788 ], [ -94.78054, 17.4814 ], [ -94.7653, 17.49866 ], [ -94.75946, 17.49674 ], [ -94.75269, 17.48384 ], [ -94.72251, 17.50787 ], [ -94.71034, 17.53841 ], [ -94.72096, 17.55122 ], [ -94.75218, 17.56959 ], [ -94.7608, 17.58303 ], [ -94.75615, 17.5968 ], [ -94.72711, 17.60763 ], [ -94.72952, 17.61485 ], [ -94.74962, 17.63007 ], [ -94.75065, 17.63696 ], [ -94.74308, 17.64789 ], [ -94.71429, 17.6601 ], [ -94.72236, 17.66326 ], [ -94.72524, 17.67013 ], [ -94.71769, 17.68808 ], [ -94.69892, 17.70553 ], [ -94.70696, 17.72134 ], [ -94.70518, 17.72626 ], [ -94.69794, 17.72744 ], [ -94.68609, 17.71695 ], [ -94.69047, 17.69918 ], [ -94.67835, 17.70092 ], [ -94.67708, 17.72784 ], [ -94.68533, 17.73998 ], [ -94.66454, 17.7622 ], [ -94.67667, 17.76266 ], [ -94.6748, 17.76793 ], [ -94.64546, 17.77672 ], [ -94.65161, 17.79266 ], [ -94.64741, 17.8136 ], [ -94.62616, 17.81996 ], [ -94.63372, 17.84397 ], [ -94.62054, 17.83115 ], [ -94.61398, 17.83145 ], [ -94.61876, 17.8195 ], [ -94.61592, 17.81499 ], [ -94.60435, 17.8245 ], [ -94.59994, 17.82248 ], [ -94.60812, 17.81525 ], [ -94.60975, 17.80907 ], [ -94.60547, 17.80698 ], [ -94.57775, 17.81625 ], [ -94.56377, 17.81043 ], [ -94.57607, 17.80403 ], [ -94.58746, 17.78523 ], [ -94.59734, 17.78228 ], [ -94.59898, 17.76939 ], [ -94.60518, 17.76898 ], [ -94.60886, 17.75427 ], [ -94.59889, 17.74279 ], [ -94.60233, 17.72733 ], [ -94.59923, 17.72962 ], [ -94.59763, 17.72582 ], [ -94.59511, 17.73001 ], [ -94.59391, 17.72605 ], [ -94.59191, 17.73137 ], [ -94.58744, 17.72282 ], [ -94.58224, 17.72245 ], [ -94.58415, 17.71761 ], [ -94.57954, 17.71696 ], [ -94.5904, 17.71114 ], [ -94.57752, 17.64739 ], [ -94.57075, 17.64594 ], [ -94.5563, 17.65539 ], [ -94.55346, 17.64189 ], [ -94.53942, 17.64696 ], [ -94.54257, 17.65262 ], [ -94.54184, 17.65346 ], [ -94.53538, 17.65337 ], [ -94.52439, 17.64849 ], [ -94.52797, 17.64504 ], [ -94.52616, 17.64315 ], [ -94.51719, 17.64112 ], [ -94.51062, 17.64672 ], [ -94.51068, 17.65376 ], [ -94.50185, 17.64636 ], [ -94.50693, 17.64254 ], [ -94.49929, 17.64424 ], [ -94.50295, 17.63854 ], [ -94.49731, 17.64204 ], [ -94.49874, 17.64845 ], [ -94.49253, 17.64444 ], [ -94.48701, 17.65336 ], [ -94.48288, 17.64162 ], [ -94.47974, 17.64517 ], [ -94.46787, 17.64393 ], [ -94.47416, 17.63755 ], [ -94.46597, 17.64001 ], [ -94.46618, 17.63206 ], [ -94.46082, 17.62659 ], [ -94.44528, 17.62518 ], [ -94.44938, 17.62114 ], [ -94.44653, 17.61914 ], [ -94.4398, 17.62247 ], [ -94.44285, 17.61873 ], [ -94.43917, 17.61867 ], [ -94.43933, 17.61192 ], [ -94.44322, 17.61134 ], [ -94.43553, 17.60804 ], [ -94.43887, 17.60622 ], [ -94.43609, 17.602 ], [ -94.44349, 17.60224 ], [ -94.43564, 17.59119 ], [ -94.44198, 17.58068 ], [ -94.44402, 17.58447 ], [ -94.44666, 17.58197 ], [ -94.44388, 17.57924 ], [ -94.44936, 17.58179 ], [ -94.45309, 17.56768 ], [ -94.46429, 17.56716 ], [ -94.46323, 17.56031 ], [ -94.4741, 17.55423 ], [ -94.47041, 17.55125 ], [ -94.47804, 17.55046 ], [ -94.47314, 17.54677 ], [ -94.47721, 17.54327 ], [ -94.46777, 17.53598 ], [ -94.47277, 17.53616 ], [ -94.47275, 17.52754 ], [ -94.47687, 17.52846 ], [ -94.47821, 17.52327 ], [ -94.46955, 17.52247 ], [ -94.46803, 17.51597 ], [ -94.47286, 17.50879 ], [ -94.46658, 17.5066 ], [ -94.47129, 17.5037 ], [ -94.46551, 17.48775 ], [ -94.45661, 17.4918 ], [ -94.45865, 17.4816 ], [ -94.44265, 17.48027 ], [ -94.44031, 17.47521 ], [ -94.44595, 17.47537 ], [ -94.44532, 17.47122 ], [ -94.43961, 17.46533 ], [ -94.43468, 17.46719 ], [ -94.43194, 17.45194 ], [ -94.5509, 17.46403 ] ] ] } },
{ "type": "Feature", "properties": { "NOMGEO": "Huatusco", "CVEGEO": "30071", "POB1": 59920.0, "POB84": 28610.0, "POB42": 31310.0 }, "geometry": { "type": "Polygon", "coordinates": [ [ [ -97.03113, 19.21144 ], [ -97.02593, 19.20388 ], [ -97.02002, 19.2091 ], [ -97.01734, 19.20545 ], [ -97.004, 19.20935 ], [ -96.99295, 19.20123 ], [ -96.96681, 19.19569 ], [ -96.95923, 19.18532 ], [ -96.94234, 19.18216 ], [ -96.92632, 19.15941 ], [ -96.90582, 19.15293 ], [ -96.89248, 19.14164 ], [ -96.88463, 19.14094 ], [ -96.8894, 19.14784 ], [ -96.88602, 19.15818 ], [ -96.83983, 19.14101 ], [ -96.82314, 19.14034 ], [ -96.80229, 19.11597 ], [ -96.77966, 19.10209 ], [ -96.73842, 19.08949 ], [ -96.70394, 19.08835 ], [ -96.69172, 19.08197 ], [ -96.6849, 19.08519 ], [ -96.68521, 19.07536 ], [ -96.69191, 19.07251 ], [ -96.71582, 19.07813 ], [ -96.72317, 19.07477 ], [ -96.76138, 19.08294 ], [ -96.76904, 19.09155 ], [ -96.78675, 19.09325 ], [ -96.79812, 19.10574 ], [ -96.81567, 19.11038 ], [ -96.83899, 19.12752 ], [ -96.86622, 19.13573 ], [ -96.88423, 19.12504 ], [ -96.87143, 19.113 ], [ -96.87122, 19.09859 ], [ -96.85445, 19.09401 ], [ -96.84557, 19.07876 ], [ -96.87606, 19.09355 ], [ -96.88971, 19.09108 ], [ -96.89997, 19.09593 ], [ -96.92053, 19.08611 ], [ -96.93262, 19.08872 ], [ -96.93882, 19.08692 ], [ -96.93678, 19.08442 ], [ -96.95085, 19.08379 ], [ -96.96983, 19.08492 ], [ -96.98237, 19.09597 ], [ -96.99916, 19.0855 ], [ -97.00928, 19.09264 ], [ -97.01434, 19.10796 ], [ -97.02532, 19.11505 ], [ -97.02558, 19.12405 ], [ -97.03813, 19.13426 ], [ -97.03446, 19.13767 ], [ -97.02691, 19.13435 ], [ -97.02943, 19.14294 ], [ -97.04214, 19.15139 ], [ -97.03831, 19.15767 ], [ -97.04304, 19.16501 ], [ -97.04139, 19.17442 ], [ -97.05606, 19.19709 ], [ -97.05156, 19.20681 ], [ -97.02956, 19.21802 ], [ -97.03113, 19.21144 ] ] ] } },
{ "type": "Feature", "properties": { "NOMGEO": "Huayacocotla", "CVEGEO": "30072", "POB1": 21796.0, "POB84": 10467.0, "POB42": 11329.0 }, "geometry": { "type": "Polygon", "coordinates": [ [ [ -98.35491, 20.66793 ], [ -98.33888, 20.64884 ], [ -98.36474, 20.64689 ], [ -98.37781, 20.61583 ], [ -98.39358, 20.60477 ], [ -98.4041, 20.60365 ], [ -98.39793, 20.57162 ], [ -98.41259, 20.56265 ], [ -98.40727, 20.55885 ], [ -98.4052, 20.54446 ], [ -98.39865, 20.54172 ], [ -98.40503, 20.53295 ], [ -98.41489, 20.53302 ], [ -98.41391, 20.53809 ], [ -98.4241, 20.53587 ], [ -98.4247, 20.5238 ], [ -98.42986, 20.52367 ], [ -98.4316, 20.51718 ], [ -98.40379, 20.48224 ], [ -98.40578, 20.47519 ], [ -98.41149, 20.47615 ], [ -98.41562, 20.45516 ], [ -98.44671, 20.42511 ], [ -98.43787, 20.42314 ], [ -98.4449, 20.41677 ], [ -98.44457, 20.39983 ], [ -98.43385, 20.39791 ], [ -98.41396, 20.40799 ], [ -98.41151, 20.39985 ], [ -98.39916, 20.41036 ], [ -98.38621, 20.40267 ], [ -98.41829, 20.38005 ], [ -98.46039, 20.33145 ], [ -98.49649, 20.33869 ], [ -98.5174, 20.33685 ], [ -98.53426, 20.34622 ], [ -98.54035, 20.35809 ], [ -98.54897, 20.36029 ], [ -98.54306, 20.37556 ], [ -98.54844, 20.39025 ], [ -98.54439, 20.39234 ], [ -98.55018, 20.39571 ], [ -98.54969, 20.43536 ], [ -98.5561, 20.44962 ], [ -98.57873, 20.47324 ], [ -98.57662, 20.47608 ], [ -98.597, 20.49636 ], [ -98.5824, 20.50549 ], [ -98.55761, 20.50937 ], [ -98.55461, 20.51871 ], [ -98.53466, 20.53066 ], [ -98.52449, 20.54836 ], [ -98.52298, 20.58181 ], [ -98.51225, 20.59422 ], [ -98.50292, 20.59587 ], [ -98.4963, 20.5895 ], [ -98.48018, 20.589 ], [ -98.48012, 20.6033 ], [ -98.4895, 20.61966 ], [ -98.49508, 20.64364 ], [ -98.48601, 20.6544 ], [ -98.46369, 20.66724 ], [ -98.45988, 20.6962 ], [ -98.44922, 20.7009 ], [ -98.4459, 20.69434 ], [ -98.44335, 20.70988 ], [ -98.4292, 20.71641 ], [ -98.40265, 20.7076 ], [ -98.38822, 20.69548 ], [ -98.38193, 20.69837 ], [ -98.38133, 20.69398 ], [ -98.3674, 20.68662 ], [ -98.34202, 20.68875 ], [ -98.33595, 20.68499 ], [ -98.35491, 20.66793 ] ] ] } },
{ "type": "Feature", "properties": { "NOMGEO": "Hueyapan de Ocampo", "CVEGEO": "30073", "POB1": 41670.0, "POB84": 20201.0, "POB42": 21469.0 }, "geometry": { "type": "Polygon", "coordinates": [ [ [ -94.99848, 18.1286 ], [ -94.99335, 18.14555 ], [ -95.00048, 18.14841 ], [ -95.00087, 18.1411 ], [ -95.00402, 18.14426 ], [ -95.00244, 18.12587 ], [ -95.0065, 18.12568 ], [ -95.00702, 18.13623 ], [ -95.01705, 18.14098 ], [ -95.02062, 18.12159 ], [ -95.03377, 18.12196 ], [ -95.0331, 18.11755 ], [ -95.04448, 18.11101 ], [ -95.05042, 18.12567 ], [ -95.06621, 18.13247 ], [ -95.05655, 18.13995 ], [ -95.06214, 18.14331 ], [ -95.07372, 18.13541 ], [ -95.08686, 18.1424 ], [ -95.10277, 18.12762 ], [ -95.12045, 18.13338 ], [ -95.12873, 18.12868 ], [ -95.13883, 18.10865 ], [ -95.15966, 18.08915 ], [ -95.15549, 18.08521 ], [ -95.15995, 18.0767 ], [ -95.16791, 18.07921 ], [ -95.18277, 18.07438 ], [ -95.18604, 18.06218 ], [ -95.19253, 18.06852 ], [ -95.1921, 18.07645 ], [ -95.2011, 18.0779 ], [ -95.20597, 18.08688 ], [ -95.22661, 18.09836 ], [ -95.22689, 18.11344 ], [ -95.24337, 18.10875 ], [ -95.25207, 18.12316 ], [ -95.25878, 18.12424 ], [ -95.27635, 18.11196 ], [ -95.28387, 18.11718 ], [ -95.27406, 18.12686 ], [ -95.30881, 18.12456 ], [ -95.31299, 18.13854 ], [ -95.3164, 18.13178 ], [ -95.32265, 18.13074 ], [ -95.32517, 18.14549 ], [ -95.33879, 18.14841 ], [ -95.33383, 18.15806 ], [ -95.34548, 18.15464 ], [ -95.35862, 18.17093 ], [ -95.36776, 18.16908 ], [ -95.37481, 18.17672 ], [ -95.38071, 18.16588 ], [ -95.39076, 18.18213 ], [ -95.38674, 18.19138 ], [ -95.40283, 18.18276 ], [ -95.40275, 18.19563 ], [ -95.40976, 18.19392 ], [ -95.41222, 18.2 ], [ -95.40237, 18.21494 ], [ -95.39291, 18.21168 ], [ -95.38779, 18.2138 ], [ -95.38892, 18.21918 ], [ -95.3855, 18.21539 ], [ -95.38809, 18.2224 ], [ -95.38155, 18.22027 ], [ -95.38172, 18.22643 ], [ -95.37754, 18.2228 ], [ -95.36758, 18.23134 ], [ -95.36015, 18.23045 ], [ -95.35863, 18.22316 ], [ -95.35365, 18.23059 ], [ -95.35809, 18.23717 ], [ -95.35131, 18.24065 ], [ -95.34175, 18.23503 ], [ -95.3377, 18.23802 ], [ -95.33438, 18.23282 ], [ -95.33061, 18.23865 ], [ -95.32075, 18.23553 ], [ -95.31898, 18.22882 ], [ -95.31442, 18.23012 ], [ -95.32208, 18.22135 ], [ -95.31974, 18.21917 ], [ -95.31196, 18.21555 ], [ -95.30546, 18.22043 ], [ -95.30604, 18.21522 ], [ -95.30232, 18.21793 ], [ -95.29259, 18.21098 ], [ -95.28247, 18.21711 ], [ -95.29435, 18.24773 ], [ -95.26301, 18.24262 ], [ -95.26154, 18.23774 ], [ -95.25071, 18.23819 ], [ -95.25042, 18.23223 ], [ -95.23972, 18.23283 ], [ -95.23839, 18.22663 ], [ -95.23117, 18.22838 ], [ -95.23085, 18.23563 ], [ -95.21533, 18.2382 ], [ -95.20732, 18.2517 ], [ -95.21898, 18.25092 ], [ -95.23359, 18.25719 ], [ -95.23702, 18.26336 ], [ -95.24501, 18.26355 ], [ -95.24306, 18.27693 ], [ -95.23552, 18.28166 ], [ -95.23703, 18.27601 ], [ -95.23038, 18.27664 ], [ -95.22098, 18.26208 ], [ -95.22288, 18.25861 ], [ -95.20488, 18.25637 ], [ -95.18815, 18.2855 ], [ -95.19, 18.29422 ], [ -95.18305, 18.29641 ], [ -95.18314, 18.30056 ], [ -95.1757, 18.29787 ], [ -95.17571, 18.30119 ], [ -95.17294, 18.30214 ], [ -95.16951, 18.29815 ], [ -95.16128, 18.30404 ], [ -95.15607, 18.30175 ], [ -95.15749, 18.29816 ], [ -95.14606, 18.30423 ], [ -95.14155, 18.29677 ], [ -95.1488, 18.29368 ], [ -95.14356, 18.28907 ], [ -95.12242, 18.29871 ], [ -95.12181, 18.30589 ], [ -95.11533, 18.31053 ], [ -95.09808, 18.30372 ], [ -95.08569, 18.30708 ], [ -95.07813, 18.31535 ], [ -95.07658, 18.29921 ], [ -95.06764, 18.29936 ], [ -95.06933, 18.28574 ], [ -95.06319, 18.27697 ], [ -95.04117, 18.27114 ], [ -95.0343, 18.27663 ], [ -95.03515, 18.28114 ], [ -95.02104, 18.28438 ], [ -95.02298, 18.29815 ], [ -95.03033, 18.29915 ], [ -95.0303, 18.30969 ], [ -95.01994, 18.31175 ], [ -95.01995, 18.31955 ], [ -94.99722, 18.32797 ], [ -94.98722, 18.31156 ], [ -95.00191, 18.30638 ], [ -95.00117, 18.29839 ], [ -94.99565, 18.29849 ], [ -94.99747, 18.28561 ], [ -94.99198, 18.28415 ], [ -94.99896, 18.26118 ], [ -94.99387, 18.25897 ], [ -94.99443, 18.26359 ], [ -94.98056, 18.2738 ], [ -94.98768, 18.24772 ], [ -94.98052, 18.24676 ], [ -94.98187, 18.23199 ], [ -94.97631, 18.22573 ], [ -94.96751, 18.23285 ], [ -94.9595, 18.23216 ], [ -94.96487, 18.20405 ], [ -94.96152, 18.20446 ], [ -94.9639, 18.19571 ], [ -94.95818, 18.19395 ], [ -94.96739, 18.17423 ], [ -94.96166, 18.16072 ], [ -94.96596, 18.14955 ], [ -94.97632, 18.1453 ], [ -94.97947, 18.13686 ], [ -94.99189, 18.1274 ], [ -94.99848, 18.1286 ] ] ] } },
{ "type": "Feature", "properties": { "NOMGEO": "Jáltipan", "CVEGEO": "30089", "POB1": 38669.0, "POB84": 18192.0, "POB42": 20477.0 }, "geometry": { "type": "Polygon", "coordinates": [ [ [ -94.67143, 17.95566 ], [ -94.67411, 17.94043 ], [ -94.68106, 17.94225 ], [ -94.68392, 17.93828 ], [ -94.68582, 17.92098 ], [ -94.68984, 17.91814 ], [ -94.68087, 17.89338 ], [ -94.68979, 17.88693 ], [ -94.68227, 17.88677 ], [ -94.68273, 17.88181 ], [ -94.66688, 17.87242 ], [ -94.6591, 17.87482 ], [ -94.65523, 17.88226 ], [ -94.65302, 17.87197 ], [ -94.64664, 17.86992 ], [ -94.65646, 17.86595 ], [ -94.65777, 17.86081 ], [ -94.64483, 17.86297 ], [ -94.63935, 17.85168 ], [ -94.62894, 17.85345 ], [ -94.62208, 17.84743 ], [ -94.63127, 17.84704 ], [ -94.63509, 17.84024 ], [ -94.62647, 17.81877 ], [ -94.64249, 17.81733 ], [ -94.6489, 17.80978 ], [ -94.65149, 17.79147 ], [ -94.64546, 17.77672 ], [ -94.67755, 17.76421 ], [ -94.6644, 17.76312 ], [ -94.67499, 17.74675 ], [ -94.68533, 17.73998 ], [ -94.67776, 17.73025 ], [ -94.67576, 17.71532 ], [ -94.67835, 17.70092 ], [ -94.6853, 17.69713 ], [ -94.69161, 17.70182 ], [ -94.68428, 17.71216 ], [ -94.68857, 17.71941 ], [ -94.70119, 17.72826 ], [ -94.7067, 17.72356 ], [ -94.70372, 17.71564 ], [ -94.71547, 17.71717 ], [ -94.70633, 17.735 ], [ -94.7149, 17.73549 ], [ -94.71671, 17.74164 ], [ -94.73619, 17.73923 ], [ -94.74009, 17.74463 ], [ -94.73647, 17.75028 ], [ -94.75492, 17.75225 ], [ -94.75945, 17.76855 ], [ -94.75598, 17.77458 ], [ -94.77892, 17.78108 ], [ -94.77784, 17.79408 ], [ -94.77153, 17.79799 ], [ -94.77419, 17.80088 ], [ -94.76841, 17.79971 ], [ -94.77041, 17.80588 ], [ -94.76334, 17.80727 ], [ -94.77429, 17.81471 ], [ -94.77274, 17.81862 ], [ -94.76327, 17.82638 ], [ -94.75913, 17.81867 ], [ -94.75974, 17.82902 ], [ -94.7528, 17.82966 ], [ -94.7463, 17.84097 ], [ -94.73713, 17.83566 ], [ -94.72073, 17.84894 ], [ -94.72366, 17.85923 ], [ -94.71653, 17.8534 ], [ -94.71336, 17.86298 ], [ -94.72165, 17.87029 ], [ -94.71722, 17.87706 ], [ -94.76637, 17.88508 ], [ -94.76575, 17.89615 ], [ -94.7725, 17.89726 ], [ -94.77021, 17.91045 ], [ -94.78232, 17.91434 ], [ -94.76117, 17.92954 ], [ -94.75769, 17.94064 ], [ -94.77514, 17.92928 ], [ -94.78274, 17.92992 ], [ -94.7863, 17.94195 ], [ -94.78296, 17.95553 ], [ -94.79868, 17.95974 ], [ -94.79257, 17.96848 ], [ -94.78717, 17.96636 ], [ -94.78581, 17.9787 ], [ -94.79135, 17.98009 ], [ -94.78177, 17.98534 ], [ -94.78133, 17.99964 ], [ -94.76266, 17.99711 ], [ -94.76331, 18.01941 ], [ -94.76954, 18.02646 ], [ -94.72925, 18.02056 ], [ -94.7254, 18.02401 ], [ -94.72591, 18.02006 ], [ -94.7053, 18.01697 ], [ -94.69878, 18.01039 ], [ -94.70388, 18.0051 ], [ -94.69722, 18.00097 ], [ -94.69224, 18.00654 ], [ -94.69642, 17.9646 ], [ -94.68841, 17.95763 ], [ -94.67632, 17.96227 ], [ -94.67143, 17.95566 ] ] ] } },
{ "type": "Feature", "properties": { "NOMGEO": "Jamapa", "CVEGEO": "30090", "POB1": 11132.0, "POB84": 5420.0, "POB42": 5712.0 }, "geometry": { "type": "Polygon", "coordinates": [ [ [ -96.25055, 19.05485 ], [ -96.25159, 19.04767 ], [ -96.23122, 19.04841 ], [ -96.22693, 19.03912 ], [ -96.22494, 19.04291 ], [ -96.2181, 19.03873 ], [ -96.20911, 19.0484 ], [ -96.20571, 19.04422 ], [ -96.1973, 19.05047 ], [ -96.18334, 19.0515 ], [ -96.17614, 19.0495 ], [ -96.17285, 19.03718 ], [ -96.17666, 19.03288 ], [ -96.18092, 19.03544 ], [ -96.1876, 19.02427 ], [ -96.18534, 19.00799 ], [ -96.19131, 18.99855 ], [ -96.19593, 19.00013 ], [ -96.20078, 18.99081 ], [ -96.21723, 18.98311 ], [ -96.22742, 18.98265 ], [ -96.21986, 18.97613 ], [ -96.22447, 18.96426 ], [ -96.23322, 18.95387 ], [ -96.25344, 18.9456 ], [ -96.25698, 18.9357 ], [ -96.25292, 18.92298 ], [ -96.27411, 18.91654 ], [ -96.28028, 18.92103 ], [ -96.27773, 18.92516 ], [ -96.28293, 18.92881 ], [ -96.28136, 18.93772 ], [ -96.28604, 18.9443 ], [ -96.29266, 18.94265 ], [ -96.29439, 18.93515 ], [ -96.30083, 18.93507 ], [ -96.29745, 18.96625 ], [ -96.30528, 18.97346 ], [ -96.30387, 18.98349 ], [ -96.3155, 18.98226 ], [ -96.31447, 18.99754 ], [ -96.2993, 18.99764 ], [ -96.29532, 19.01079 ], [ -96.3125, 19.02841 ], [ -96.30364, 19.02885 ], [ -96.29722, 19.03584 ], [ -96.30003, 19.03789 ], [ -96.29344, 19.04006 ], [ -96.29242, 19.05464 ], [ -96.28697, 19.05275 ], [ -96.28278, 19.06077 ], [ -96.26438, 19.06415 ], [ -96.25055, 19.05485 ] ] ] } },
{ "type": "Feature", "properties": { "NOMGEO": "Jesús Carranza", "CVEGEO": "30091", "POB1": 28524.0, "POB84": 14079.0, "POB42": 14445.0 }, "geometry": { "type": "Polygon", "coordinates": [ [ [ -94.79809, 17.58287 ], [ -94.79587, 17.57772 ], [ -94.79054, 17.58349 ], [ -94.78852, 17.57787 ], [ -94.77714, 17.57491 ], [ -94.77719, 17.58005 ], [ -94.76977, 17.58012 ], [ -94.77106, 17.58464 ], [ -94.76357, 17.58776 ], [ -94.75036, 17.568 ], [ -94.71546, 17.54586 ], [ -94.71034, 17.53055 ], [ -94.72574, 17.50284 ], [ -94.75269, 17.48384 ], [ -94.75946, 17.49674 ], [ -94.7653, 17.49866 ], [ -94.78054, 17.4814 ], [ -94.80076, 17.47987 ], [ -94.81473, 17.48811 ], [ -94.82562, 17.50237 ], [ -94.83918, 17.50076 ], [ -94.85058, 17.4888 ], [ -94.85168, 17.46289 ], [ -94.83361, 17.44916 ], [ -94.83348, 17.43942 ], [ -94.82769, 17.43462 ], [ -94.82043, 17.43912 ], [ -94.80993, 17.42989 ], [ -94.80356, 17.43989 ], [ -94.78638, 17.44712 ], [ -94.77929, 17.4598 ], [ -94.77081, 17.45898 ], [ -94.76962, 17.468 ], [ -94.76422, 17.46764 ], [ -94.76301, 17.46204 ], [ -94.76134, 17.46639 ], [ -94.75647, 17.46144 ], [ -94.7497, 17.4623 ], [ -94.74403, 17.45199 ], [ -94.7549, 17.43982 ], [ -94.74976, 17.4391 ], [ -94.74009, 17.42413 ], [ -94.72848, 17.42809 ], [ -94.71874, 17.42456 ], [ -94.71329, 17.41387 ], [ -94.71878, 17.41011 ], [ -94.71488, 17.40789 ], [ -94.7181, 17.39427 ], [ -94.73042, 17.39199 ], [ -94.73465, 17.37691 ], [ -94.72004, 17.37514 ], [ -94.71755, 17.37049 ], [ -94.72338, 17.36794 ], [ -94.71683, 17.36497 ], [ -94.71201, 17.37681 ], [ -94.70882, 17.37169 ], [ -94.69853, 17.37608 ], [ -94.7026, 17.38519 ], [ -94.68943, 17.38583 ], [ -94.69272, 17.39315 ], [ -94.68663, 17.3892 ], [ -94.68975, 17.38215 ], [ -94.68288, 17.37807 ], [ -94.68059, 17.38126 ], [ -94.67675, 17.37807 ], [ -94.67409, 17.38378 ], [ -94.67132, 17.37963 ], [ -94.66411, 17.38296 ], [ -94.65198, 17.37984 ], [ -94.65769, 17.37517 ], [ -94.6487, 17.36846 ], [ -94.64781, 17.35704 ], [ -94.65564, 17.36484 ], [ -94.66926, 17.3657 ], [ -94.66222, 17.35953 ], [ -94.66006, 17.34027 ], [ -94.65417, 17.33167 ], [ -94.66489, 17.32922 ], [ -94.69641, 17.33614 ], [ -94.69939, 17.30595 ], [ -94.70653, 17.30269 ], [ -94.69954, 17.30074 ], [ -94.69974, 17.29486 ], [ -94.72593, 17.29522 ], [ -94.75352, 17.28023 ], [ -94.75416, 17.27075 ], [ -94.74702, 17.26173 ], [ -94.74127, 17.26278 ], [ -94.74124, 17.25838 ], [ -94.74806, 17.25469 ], [ -94.75636, 17.22738 ], [ -94.75331, 17.22519 ], [ -94.7589, 17.21956 ], [ -94.75334, 17.21644 ], [ -94.75672, 17.21266 ], [ -94.75205, 17.20615 ], [ -94.75409, 17.2 ], [ -94.73718, 17.19216 ], [ -94.74358, 17.18467 ], [ -94.92281, 17.19379 ], [ -94.92302, 17.20413 ], [ -94.91541, 17.20622 ], [ -94.91121, 17.21371 ], [ -94.90529, 17.23691 ], [ -94.90957, 17.24278 ], [ -94.89543, 17.25638 ], [ -94.90965, 17.26798 ], [ -94.90135, 17.28745 ], [ -94.91309, 17.28624 ], [ -94.91477, 17.29258 ], [ -94.889, 17.30008 ], [ -94.89078, 17.31106 ], [ -94.90095, 17.31706 ], [ -94.91149, 17.3143 ], [ -94.92716, 17.32514 ], [ -94.93308, 17.31898 ], [ -94.95098, 17.31565 ], [ -94.96651, 17.33437 ], [ -94.97119, 17.33097 ], [ -95.07657, 17.37293 ], [ -95.2046, 17.53867 ], [ -95.19778, 17.54594 ], [ -95.17627, 17.54597 ], [ -95.16809, 17.55857 ], [ -95.16353, 17.55661 ], [ -95.15183, 17.56272 ], [ -95.11242, 17.56093 ], [ -95.08284, 17.57343 ], [ -95.06375, 17.56835 ], [ -95.05008, 17.575 ], [ -95.02777, 17.56323 ], [ -95.00022, 17.57944 ], [ -94.99262, 17.57307 ], [ -94.93953, 17.57845 ], [ -94.92363, 17.56864 ], [ -94.9138, 17.57116 ], [ -94.90781, 17.5784 ], [ -94.89318, 17.57732 ], [ -94.8878, 17.58336 ], [ -94.88121, 17.58039 ], [ -94.87295, 17.58395 ], [ -94.86531, 17.57952 ], [ -94.84175, 17.59049 ], [ -94.8279, 17.58667 ], [ -94.82293, 17.59086 ], [ -94.81688, 17.58583 ], [ -94.81151, 17.58868 ], [ -94.79809, 17.58287 ] ] ] } },
{ "type": "Feature", "properties": { "NOMGEO": "Xico", "CVEGEO": "30092", "POB1": 39623.0, "POB84": 19253.0, "POB42": 20370.0 }, "geometry": { "type": "Polygon", "coordinates": [ [ [ -97.0717, 19.50947 ], [ -97.03586, 19.47157 ], [ -96.99901, 19.46234 ], [ -96.9983, 19.4497 ], [ -96.99185, 19.44093 ], [ -96.97664, 19.43962 ], [ -96.96648, 19.42745 ], [ -96.94998, 19.42247 ], [ -96.93103, 19.4026 ], [ -96.92641, 19.40314 ], [ -96.90782, 19.37868 ], [ -96.89488, 19.3722 ], [ -96.90549, 19.36868 ], [ -96.90733, 19.37514 ], [ -96.93078, 19.38979 ], [ -96.97059, 19.40184 ], [ -96.97909, 19.39853 ], [ -96.98843, 19.40353 ], [ -97.01163, 19.39329 ], [ -97.02021, 19.39666 ], [ -97.03568, 19.39126 ], [ -97.04122, 19.39791 ], [ -97.05735, 19.3949 ], [ -97.09395, 19.42291 ], [ -97.11047, 19.4196 ], [ -97.13414, 19.42239 ], [ -97.14825, 19.44565 ], [ -97.14381, 19.45875 ], [ -97.15166, 19.47717 ], [ -97.14993, 19.48769 ], [ -97.13034, 19.51551 ], [ -97.10587, 19.52147 ], [ -97.0717, 19.50947 ] ] ] } },
{ "type": "Feature", "properties": { "NOMGEO": "Jilotepec", "CVEGEO": "30093", "POB1": 16585.0, "POB84": 8015.0, "POB42": 8570.0 }, "geometry": { "type": "Polygon", "coordinates": [ [ [ -96.88805, 19.62622 ], [ -96.86231, 19.60683 ], [ -96.84448, 19.60629 ], [ -96.84145, 19.60353 ], [ -96.84476, 19.59074 ], [ -96.84951, 19.58506 ], [ -96.87201, 19.59182 ], [ -96.87403, 19.581 ], [ -96.89546, 19.57992 ], [ -96.92136, 19.59335 ], [ -96.93058, 19.59354 ], [ -96.9311, 19.59819 ], [ -96.91842, 19.59908 ], [ -96.91695, 19.60282 ], [ -96.93355, 19.60528 ], [ -96.94183, 19.61241 ], [ -96.95053, 19.60021 ], [ -96.96584, 19.5951 ], [ -96.9746, 19.60206 ], [ -96.97751, 19.61773 ], [ -96.98752, 19.62067 ], [ -96.98484, 19.62978 ], [ -96.97579, 19.62686 ], [ -96.97903, 19.63496 ], [ -96.96854, 19.64367 ], [ -96.9627, 19.63725 ], [ -96.94255, 19.64083 ], [ -96.88805, 19.62622 ] ] ] } },
{ "type": "Feature", "properties": { "NOMGEO": "Juan Rodríguez Clara", "CVEGEO": "30094", "POB1": 38367.0, "POB84": 18690.0, "POB42": 19677.0 }, "geometry": { "type": "Polygon", "coordinates": [ [ [ -95.38071, 18.16588 ], [ -95.37481, 18.17672 ], [ -95.36776, 18.16908 ], [ -95.35862, 18.17093 ], [ -95.34548, 18.15464 ], [ -95.33383, 18.15806 ], [ -95.33849, 18.14775 ], [ -95.32517, 18.14549 ], [ -95.32265, 18.13074 ], [ -95.31168, 18.13802 ], [ -95.30881, 18.12456 ], [ -95.27406, 18.12686 ], [ -95.28387, 18.11718 ], [ -95.27497, 18.11173 ], [ -95.26031, 18.12388 ], [ -95.24796, 18.09863 ], [ -95.24062, 18.09968 ], [ -95.22639, 18.08735 ], [ -95.23505, 18.07313 ], [ -95.22825, 18.06028 ], [ -95.24187, 18.06299 ], [ -95.2452, 18.06045 ], [ -95.24234, 18.053 ], [ -95.2328, 18.04826 ], [ -95.22291, 18.05115 ], [ -95.21343, 18.0307 ], [ -95.20826, 18.03085 ], [ -95.20791, 18.04084 ], [ -95.20052, 18.04034 ], [ -95.19876, 18.03056 ], [ -95.21118, 18.02405 ], [ -95.19726, 18.02401 ], [ -95.1905, 18.01777 ], [ -95.19449, 18.01487 ], [ -95.20032, 18.01995 ], [ -95.2082, 18.01892 ], [ -95.2045, 18.00351 ], [ -95.1976, 17.99623 ], [ -95.1959, 17.98538 ], [ -95.19953, 17.98143 ], [ -95.20816, 17.98593 ], [ -95.21759, 17.97123 ], [ -95.23011, 17.97433 ], [ -95.23714, 17.98157 ], [ -95.24429, 17.97838 ], [ -95.23915, 17.96311 ], [ -95.24526, 17.96323 ], [ -95.23928, 17.96184 ], [ -95.23745, 17.94401 ], [ -95.23903, 17.93464 ], [ -95.24623, 17.92983 ], [ -95.24365, 17.92358 ], [ -95.24799, 17.92186 ], [ -95.24147, 17.91334 ], [ -95.24608, 17.90135 ], [ -95.23488, 17.8924 ], [ -95.23639, 17.87423 ], [ -95.25988, 17.88068 ], [ -95.28533, 17.87033 ], [ -95.27758, 17.86562 ], [ -95.27806, 17.85513 ], [ -95.27464, 17.85383 ], [ -95.28324, 17.84048 ], [ -95.27894, 17.83318 ], [ -95.27838, 17.80729 ], [ -95.29216, 17.80413 ], [ -95.3016, 17.79637 ], [ -95.30196, 17.79005 ], [ -95.31079, 17.79656 ], [ -95.30673, 17.8036 ], [ -95.29903, 17.80525 ], [ -95.322, 17.81113 ], [ -95.32858, 17.81721 ], [ -95.34773, 17.81698 ], [ -95.35013, 17.79823 ], [ -95.36016, 17.79507 ], [ -95.3634, 17.79985 ], [ -95.35726, 17.78604 ], [ -95.36678, 17.78418 ], [ -95.37293, 17.79569 ], [ -95.39137, 17.79414 ], [ -95.39084, 17.78974 ], [ -95.39996, 17.78386 ], [ -95.42022, 17.77824 ], [ -95.42108, 17.77042 ], [ -95.43579, 17.75306 ], [ -95.44316, 17.77197 ], [ -95.46343, 17.76988 ], [ -95.46858, 17.77362 ], [ -95.47522, 17.80144 ], [ -95.46874, 17.82172 ], [ -95.47412, 17.82272 ], [ -95.48109, 17.83534 ], [ -95.49699, 17.832 ], [ -95.49562, 17.84425 ], [ -95.48037, 17.84429 ], [ -95.47761, 17.85891 ], [ -95.49026, 17.87373 ], [ -95.51319, 17.87706 ], [ -95.52215, 17.88817 ], [ -95.5229, 17.8984 ], [ -95.50418, 17.90169 ], [ -95.49982, 17.90803 ], [ -95.49064, 17.90643 ], [ -95.49148, 17.91011 ], [ -95.47771, 17.90702 ], [ -95.4748, 17.92247 ], [ -95.47015, 17.92057 ], [ -95.4671, 17.92884 ], [ -95.4591, 17.92151 ], [ -95.44352, 17.94057 ], [ -95.45065, 17.93998 ], [ -95.45153, 17.94918 ], [ -95.43429, 17.95332 ], [ -95.43105, 17.95926 ], [ -95.43613, 17.96065 ], [ -95.43937, 17.97119 ], [ -95.44733, 17.96981 ], [ -95.4465, 17.97312 ], [ -95.42715, 17.98979 ], [ -95.43809, 17.99096 ], [ -95.44226, 17.99699 ], [ -95.43264, 18.00988 ], [ -95.43394, 18.01572 ], [ -95.42844, 18.01754 ], [ -95.44763, 18.02877 ], [ -95.51847, 18.1212 ], [ -95.51083, 18.15059 ], [ -95.49436, 18.16701 ], [ -95.48788, 18.18555 ], [ -95.48004, 18.19331 ], [ -95.4591, 18.17524 ], [ -95.44916, 18.15411 ], [ -95.43871, 18.15505 ], [ -95.43121, 18.16375 ], [ -95.42307, 18.16289 ], [ -95.41646, 18.1714 ], [ -95.40453, 18.16994 ], [ -95.40569, 18.17493 ], [ -95.39856, 18.17415 ], [ -95.39838, 18.17882 ], [ -95.38874, 18.17786 ], [ -95.38071, 18.16588 ] ] ] } },
{ "type": "Feature", "properties": { "NOMGEO": "Juchique de Ferrer", "CVEGEO": "30095", "POB1": 15059.0, "POB84": 7478.0, "POB42": 7581.0 }, "geometry": { "type": "Polygon", "coordinates": [ [ [ -96.56642, 19.82089 ], [ -96.5668, 19.80963 ], [ -96.5765, 19.80504 ], [ -96.5811, 19.79204 ], [ -96.61037, 19.78175 ], [ -96.62499, 19.78439 ], [ -96.62881, 19.77843 ], [ -96.64679, 19.77426 ], [ -96.65086, 19.75373 ], [ -96.68189, 19.74478 ], [ -96.69379, 19.75064 ], [ -96.69153, 19.75912 ], [ -96.7074, 19.75507 ], [ -96.70938, 19.76249 ], [ -96.71868, 19.76834 ], [ -96.72097, 19.78052 ], [ -96.73147, 19.78019 ], [ -96.72958, 19.78572 ], [ -96.74627, 19.78813 ], [ -96.74974, 19.79518 ], [ -96.7411, 19.80035 ], [ -96.73619, 19.81085 ], [ -96.74259, 19.82445 ], [ -96.72023, 19.84501 ], [ -96.72716, 19.84664 ], [ -96.72232, 19.85443 ], [ -96.72887, 19.85949 ], [ -96.72691, 19.86193 ], [ -96.72408, 19.85931 ], [ -96.70203, 19.88408 ], [ -96.69497, 19.87979 ], [ -96.69464, 19.87268 ], [ -96.67428, 19.87209 ], [ -96.65033, 19.90269 ], [ -96.64991, 19.89238 ], [ -96.64167, 19.89187 ], [ -96.64298, 19.88778 ], [ -96.63052, 19.87907 ], [ -96.62365, 19.86408 ], [ -96.59904, 19.84846 ], [ -96.57921, 19.84375 ], [ -96.57174, 19.83143 ], [ -96.56052, 19.83341 ], [ -96.55778, 19.82844 ], [ -96.56642, 19.82089 ] ] ] } },
{ "type": "Feature", "properties": { "NOMGEO": "Landero y Coss", "CVEGEO": "30096", "POB1": 1543.0, "POB84": 756.0, "POB42": 787.0 }, "geometry": { "type": "Polygon", "coordinates": [ [ [ -96.85577, 19.70877 ], [ -96.85598, 19.72588 ], [ -96.8494, 19.7309 ], [ -96.86633, 19.72868 ], [ -96.86383, 19.73452 ], [ -96.87354, 19.74759 ], [ -96.87303, 19.76306 ], [ -96.87233, 19.76942 ], [ -96.86264, 19.7696 ], [ -96.86202, 19.77692 ], [ -96.85948, 19.77114 ], [ -96.84085, 19.76367 ], [ -96.83732, 19.75079 ], [ -96.84309, 19.74243 ], [ -96.83787, 19.73924 ], [ -96.83949, 19.7281 ], [ -96.83807, 19.71988 ], [ -96.83407, 19.72276 ], [ -96.83449, 19.71457 ], [ -96.85577, 19.70877 ] ] ] } },
{ "type": "Feature", "properties": { "NOMGEO": "Lerdo de Tejada", "CVEGEO": "30097", "POB1": 19123.0, "POB84": 8984.0, "POB42": 10139.0 }, "geometry": { "type": "Polygon", "coordinates": [ [ [ -95.44324, 18.70175 ], [ -95.44812, 18.70431 ], [ -95.44867, 18.69721 ], [ -95.45772, 18.69887 ], [ -95.45654, 18.69428 ], [ -95.47524, 18.68362 ], [ -95.45798, 18.65894 ], [ -95.46724, 18.65591 ], [ -95.47011, 18.64719 ], [ -95.46511, 18.6296 ], [ -95.471, 18.62704 ], [ -95.4681, 18.60387 ], [ -95.49285, 18.61131 ], [ -95.54618, 18.60935 ], [ -95.56144, 18.64076 ], [ -95.55586, 18.65061 ], [ -95.51188, 18.66486 ], [ -95.51363, 18.68267 ], [ -95.50993, 18.68897 ], [ -95.5253, 18.71482 ], [ -95.43706, 18.71087 ], [ -95.44324, 18.70175 ] ] ] } },
{ "type": "Feature", "properties": { "NOMGEO": "Omealca", "CVEGEO": "30117", "POB1": 23773.0, "POB84": 11420.0, "POB42": 12353.0 }, "geometry": { "type": "Polygon", "coordinates": [ [ [ -96.68552, 18.74452 ], [ -96.66792, 18.75025 ], [ -96.66163, 18.74525 ], [ -96.65481, 18.75154 ], [ -96.6482, 18.74592 ], [ -96.63332, 18.74698 ], [ -96.62754, 18.74203 ], [ -96.60321, 18.73804 ], [ -96.58293, 18.74083 ], [ -96.57678, 18.73803 ], [ -96.57842, 18.73518 ], [ -96.58418, 18.7388 ], [ -96.5874, 18.73189 ], [ -96.57894, 18.73071 ], [ -96.57995, 18.7246 ], [ -96.56783, 18.71944 ], [ -96.56688, 18.7077 ], [ -96.57688, 18.70778 ], [ -96.57671, 18.70362 ], [ -96.58501, 18.70471 ], [ -96.58881, 18.70051 ], [ -96.59143, 18.70531 ], [ -96.59851, 18.70175 ], [ -96.59861, 18.69292 ], [ -96.5904, 18.68978 ], [ -96.59183, 18.68007 ], [ -96.61527, 18.67747 ], [ -96.61786, 18.66111 ], [ -96.6115, 18.64973 ], [ -96.62925, 18.63204 ], [ -96.66824, 18.65595 ], [ -96.68048, 18.6686 ], [ -96.68414, 18.64426 ], [ -96.7082, 18.65815 ], [ -96.73319, 18.68774 ], [ -96.7469, 18.69471 ], [ -96.75083, 18.6917 ], [ -96.76458, 18.69718 ], [ -96.77228, 18.69394 ], [ -96.77937, 18.70366 ], [ -96.78428, 18.70316 ], [ -96.78776, 18.71363 ], [ -96.80558, 18.72561 ], [ -96.81153, 18.73936 ], [ -96.8205, 18.73653 ], [ -96.82439, 18.74451 ], [ -96.83475, 18.7456 ], [ -96.84293, 18.75263 ], [ -96.84718, 18.74389 ], [ -96.87259, 18.75235 ], [ -96.89295, 18.74214 ], [ -96.8957, 18.75062 ], [ -96.91534, 18.76097 ], [ -96.90631, 18.77254 ], [ -96.90861, 18.78098 ], [ -96.90433, 18.78609 ], [ -96.88393, 18.77865 ], [ -96.87001, 18.76257 ], [ -96.85724, 18.75809 ], [ -96.84204, 18.76641 ], [ -96.82133, 18.76245 ], [ -96.7923, 18.74853 ], [ -96.77911, 18.75077 ], [ -96.73338, 18.73954 ], [ -96.72627, 18.74424 ], [ -96.68552, 18.74452 ] ] ] } },
{ "type": "Feature", "properties": { "NOMGEO": "Orizaba", "CVEGEO": "30118", "POB1": 123182.0, "POB84": 56740.0, "POB42": 66442.0 }, "geometry": { "type": "Polygon", "coordinates": [ [ [ -97.08104, 18.86786 ], [ -97.07388, 18.86749 ], [ -97.07133, 18.86229 ], [ -97.06874, 18.86492 ], [ -97.06798, 18.85938 ], [ -97.07015, 18.85067 ], [ -97.08713, 18.83288 ], [ -97.11018, 18.83202 ], [ -97.11812, 18.84288 ], [ -97.13091, 18.8447 ], [ -97.13527, 18.85478 ], [ -97.14575, 18.84641 ], [ -97.1576, 18.8656 ], [ -97.11881, 18.86622 ], [ -97.11076, 18.87135 ], [ -97.10623, 18.88169 ], [ -97.10671, 18.88529 ], [ -97.106, 18.88613 ], [ -97.09042, 18.87595 ], [ -97.08442, 18.88052 ], [ -97.08104, 18.86786 ] ] ] } },
{ "type": "Feature", "properties": { "NOMGEO": "Huiloapan de Cuauhtémoc", "CVEGEO": "30074", "POB1": 7293.0, "POB84": 3457.0, "POB42": 3836.0 }, "geometry": { "type": "Polygon", "coordinates": [ [ [ -97.09713, 18.83277 ], [ -97.09509, 18.82419 ], [ -97.12278, 18.81242 ], [ -97.12077, 18.80736 ], [ -97.13177, 18.79642 ], [ -97.1664, 18.80545 ], [ -97.14876, 18.83121 ], [ -97.13521, 18.83673 ], [ -97.11723, 18.82896 ], [ -97.09713, 18.83277 ] ] ] } },
{ "type": "Feature", "properties": { "NOMGEO": "Ignacio de la Llave", "CVEGEO": "30075", "POB1": 16525.0, "POB84": 7959.0, "POB42": 8566.0 }, "geometry": { "type": "Polygon", "coordinates": [ [ [ -95.90129, 18.59362 ], [ -95.89763, 18.57703 ], [ -95.9105, 18.56529 ], [ -95.93867, 18.56624 ], [ -95.94846, 18.53542 ], [ -95.95966, 18.53099 ], [ -95.95769, 18.52505 ], [ -95.96357, 18.527 ], [ -95.97681, 18.51766 ], [ -95.98512, 18.52766 ], [ -95.99505, 18.52691 ], [ -96.01103, 18.53463 ], [ -96.00484, 18.55356 ], [ -96.01444, 18.5674 ], [ -96.02783, 18.56967 ], [ -96.02876, 18.57703 ], [ -96.03423, 18.57557 ], [ -96.03524, 18.58164 ], [ -96.03897, 18.58035 ], [ -96.02945, 18.61605 ], [ -96.04255, 18.63009 ], [ -96.04222, 18.64544 ], [ -96.05762, 18.65716 ], [ -96.04788, 18.6729 ], [ -96.0363, 18.67521 ], [ -96.03645, 18.68963 ], [ -96.04953, 18.68947 ], [ -96.04907, 18.70555 ], [ -96.04086, 18.70548 ], [ -96.03978, 18.71471 ], [ -96.04505, 18.7245 ], [ -96.044, 18.72943 ], [ -96.03677, 18.72883 ], [ -96.03673, 18.73845 ], [ -96.01929, 18.7383 ], [ -96.02195, 18.75239 ], [ -96.02812, 18.75333 ], [ -96.02811, 18.76415 ], [ -96.00002, 18.75385 ], [ -95.99573, 18.77606 ], [ -95.98178, 18.78996 ], [ -95.93796, 18.79471 ], [ -95.91023, 18.77648 ], [ -95.90721, 18.75343 ], [ -95.89758, 18.75092 ], [ -95.88344, 18.76065 ], [ -95.87578, 18.7455 ], [ -95.87172, 18.75208 ], [ -95.86574, 18.75221 ], [ -95.87096, 18.72681 ], [ -95.88097, 18.72342 ], [ -95.88355, 18.71638 ], [ -95.88721, 18.66005 ], [ -95.89306, 18.635 ], [ -95.89968, 18.62633 ], [ -95.89311, 18.62236 ], [ -95.90129, 18.59362 ] ] ] } },
{ "type": "Feature", "properties": { "NOMGEO": "Ilamatlán", "CVEGEO": "30076", "POB1": 13377.0, "POB84": 6350.0, "POB42": 7027.0 }, "geometry": { "type": "Polygon", "coordinates": [ [ [ -98.34624, 20.80242 ], [ -98.35354, 20.80158 ], [ -98.35297, 20.79394 ], [ -98.36433, 20.78498 ], [ -98.39768, 20.78176 ], [ -98.39383, 20.75427 ], [ -98.42317, 20.75232 ], [ -98.46034, 20.71331 ], [ -98.51482, 20.6892 ], [ -98.52505, 20.68184 ], [ -98.5334, 20.66272 ], [ -98.54262, 20.66849 ], [ -98.55018, 20.68939 ], [ -98.52907, 20.70399 ], [ -98.53016, 20.7181 ], [ -98.50644, 20.73312 ], [ -98.51449, 20.73232 ], [ -98.51665, 20.74289 ], [ -98.50814, 20.74419 ], [ -98.50361, 20.73223 ], [ -98.44973, 20.75135 ], [ -98.46435, 20.77193 ], [ -98.46052, 20.77898 ], [ -98.46323, 20.78518 ], [ -98.45585, 20.78952 ], [ -98.44964, 20.80609 ], [ -98.45055, 20.82147 ], [ -98.43026, 20.84794 ], [ -98.41372, 20.84864 ], [ -98.40291, 20.85838 ], [ -98.37891, 20.85201 ], [ -98.37113, 20.86231 ], [ -98.36584, 20.86388 ], [ -98.35751, 20.85679 ], [ -98.34515, 20.86485 ], [ -98.35287, 20.83601 ], [ -98.3272, 20.82944 ], [ -98.32865, 20.8205 ], [ -98.31654, 20.81777 ], [ -98.31484, 20.80982 ], [ -98.34354, 20.79794 ], [ -98.34624, 20.80242 ] ] ] } },
{ "type": "Feature", "properties": { "NOMGEO": "Magdalena", "CVEGEO": "30098", "POB1": 3299.0, "POB84": 1591.0, "POB42": 1708.0 }, "geometry": { "type": "Polygon", "coordinates": [ [ [ -97.02836, 18.75322 ], [ -97.04699, 18.74755 ], [ -97.05834, 18.75983 ], [ -97.06669, 18.75913 ], [ -97.07504, 18.77442 ], [ -97.06698, 18.77848 ], [ -97.06131, 18.77386 ], [ -97.05672, 18.77579 ], [ -97.04712, 18.78851 ], [ -97.04122, 18.78977 ], [ -97.02209, 18.76263 ], [ -97.02836, 18.75322 ] ] ] } },
{ "type": "Feature", "properties": { "NOMGEO": "Maltrata", "CVEGEO": "30099", "POB1": 18327.0, "POB84": 8778.0, "POB42": 9549.0 }, "geometry": { "type": "Polygon", "coordinates": [ [ [ -97.23215, 18.90359 ], [ -97.21266, 18.87962 ], [ -97.21167, 18.86856 ], [ -97.22914, 18.85716 ], [ -97.22745, 18.84241 ], [ -97.23243, 18.83252 ], [ -97.22749, 18.81905 ], [ -97.23672, 18.82013 ], [ -97.23267, 18.81662 ], [ -97.23454, 18.81126 ], [ -97.22251, 18.80789 ], [ -97.22804, 18.79377 ], [ -97.22448, 18.79166 ], [ -97.26478, 18.77882 ], [ -97.26998, 18.77139 ], [ -97.2781, 18.77408 ], [ -97.28067, 18.76338 ], [ -97.29829, 18.77296 ], [ -97.32464, 18.76485 ], [ -97.31182, 18.77666 ], [ -97.3, 18.77603 ], [ -97.29219, 18.7864 ], [ -97.31198, 18.81068 ], [ -97.32595, 18.81303 ], [ -97.32626, 18.81968 ], [ -97.32039, 18.82191 ], [ -97.32453, 18.83042 ], [ -97.32211, 18.83594 ], [ -97.3064, 18.84304 ], [ -97.30796, 18.84816 ], [ -97.29651, 18.86126 ], [ -97.29731, 18.86731 ], [ -97.27245, 18.89013 ], [ -97.2458, 18.8933 ], [ -97.24177, 18.90261 ], [ -97.24722, 18.91893 ], [ -97.24105, 18.9242 ], [ -97.23754, 18.91505 ], [ -97.22211, 18.92077 ], [ -97.21833, 18.91103 ], [ -97.23215, 18.90359 ] ] ] } },
{ "type": "Feature", "properties": { "NOMGEO": "Manlio Fabio Altamirano", "CVEGEO": "30100", "POB1": 23918.0, "POB84": 11737.0, "POB42": 12181.0 }, "geometry": { "type": "Polygon", "coordinates": [ [ [ -96.27202, 19.12177 ], [ -96.26369, 19.11851 ], [ -96.2631, 19.09299 ], [ -96.25635, 19.09189 ], [ -96.2641, 19.06449 ], [ -96.28278, 19.06077 ], [ -96.28697, 19.05275 ], [ -96.29242, 19.05464 ], [ -96.29344, 19.04006 ], [ -96.30003, 19.03789 ], [ -96.29722, 19.03584 ], [ -96.30364, 19.02885 ], [ -96.3125, 19.02841 ], [ -96.30634, 19.01793 ], [ -96.29944, 19.01777 ], [ -96.29538, 19.01116 ], [ -96.2966, 19.00198 ], [ -96.29987, 18.99729 ], [ -96.30582, 19.00053 ], [ -96.31447, 18.99754 ], [ -96.3155, 18.98226 ], [ -96.30387, 18.98349 ], [ -96.30519, 18.97409 ], [ -96.3101, 18.97924 ], [ -96.32458, 18.97802 ], [ -96.31989, 18.9994 ], [ -96.33445, 19.00289 ], [ -96.34169, 19.01668 ], [ -96.35218, 19.01534 ], [ -96.35391, 19.02051 ], [ -96.36661, 19.01891 ], [ -96.38986, 19.02507 ], [ -96.39918, 19.0323 ], [ -96.39599, 19.03792 ], [ -96.41105, 19.03974 ], [ -96.39064, 19.04773 ], [ -96.3783, 19.06514 ], [ -96.37185, 19.0756 ], [ -96.3813, 19.08571 ], [ -96.37512, 19.09364 ], [ -96.39716, 19.0929 ], [ -96.39861, 19.13534 ], [ -96.40737, 19.13387 ], [ -96.4043, 19.14401 ], [ -96.41551, 19.14951 ], [ -96.40055, 19.17296 ], [ -96.42754, 19.16727 ], [ -96.42866, 19.17308 ], [ -96.4333, 19.17135 ], [ -96.43021, 19.16925 ], [ -96.44824, 19.17182 ], [ -96.44388, 19.17648 ], [ -96.44693, 19.18109 ], [ -96.44451, 19.18627 ], [ -96.43378, 19.18374 ], [ -96.42681, 19.18882 ], [ -96.4192, 19.189 ], [ -96.41104, 19.18192 ], [ -96.38372, 19.18768 ], [ -96.37011, 19.19751 ], [ -96.35956, 19.18886 ], [ -96.34311, 19.19686 ], [ -96.31969, 19.19872 ], [ -96.3147, 19.19131 ], [ -96.30195, 19.18701 ], [ -96.30901, 19.18385 ], [ -96.31391, 19.15007 ], [ -96.31056, 19.15877 ], [ -96.29416, 19.15854 ], [ -96.26356, 19.13327 ], [ -96.27202, 19.12177 ] ] ] } },
{ "type": "Feature", "properties": { "NOMGEO": "Mariano Escobedo", "CVEGEO": "30101", "POB1": 38670.0, "POB84": 18520.0, "POB42": 20150.0 }, "geometry": { "type": "Polygon", "coordinates": [ [ [ -97.0983, 18.89767 ], [ -97.10807, 18.89458 ], [ -97.10565, 18.8863 ], [ -97.11076, 18.87135 ], [ -97.12707, 18.90549 ], [ -97.15783, 18.91273 ], [ -97.1767, 18.92322 ], [ -97.17908, 18.92919 ], [ -97.18931, 18.91139 ], [ -97.20754, 18.91764 ], [ -97.21833, 18.91103 ], [ -97.22211, 18.92077 ], [ -97.23754, 18.91505 ], [ -97.24058, 18.9245 ], [ -97.24528, 18.91913 ], [ -97.25073, 18.9219 ], [ -97.25496, 18.94381 ], [ -97.24124, 18.94956 ], [ -97.24269, 18.96647 ], [ -97.23479, 18.96328 ], [ -97.23705, 18.97104 ], [ -97.2311, 18.9808 ], [ -97.21979, 18.97354 ], [ -97.21453, 18.96355 ], [ -97.20176, 18.96689 ], [ -97.1817, 18.95775 ], [ -97.1605, 18.95553 ], [ -97.13998, 18.93838 ], [ -97.13501, 18.92134 ], [ -97.12628, 18.91926 ], [ -97.12532, 18.92512 ], [ -97.11464, 18.93018 ], [ -97.0983, 18.89767 ] ] ] } },
{ "type": "Feature", "properties": { "NOMGEO": "Martínez de la Torre", "CVEGEO": "30102", "POB1": 108842.0, "POB84": 52176.0, "POB42": 56666.0 }, "geometry": { "type": "Polygon", "coordinates": [ [ [ -97.00712, 20.25855 ], [ -97.00086, 20.25062 ], [ -97.02137, 20.21501 ], [ -97.01674, 20.21174 ], [ -97.02018, 20.20295 ], [ -97.01459, 20.18696 ], [ -96.99607, 20.16735 ], [ -96.98564, 20.16346 ], [ -96.98605, 20.1558 ], [ -96.99306, 20.15297 ], [ -96.98574, 20.14618 ], [ -96.97059, 20.14458 ], [ -96.95629, 20.14902 ], [ -96.94824, 20.14688 ], [ -96.9431, 20.1349 ], [ -96.97494, 20.12478 ], [ -96.98324, 20.08771 ], [ -96.99301, 20.08164 ], [ -96.98482, 20.07176 ], [ -96.98561, 20.05488 ], [ -96.97239, 20.04926 ], [ -96.97104, 20.04259 ], [ -96.97613, 20.03569 ], [ -96.98629, 20.04189 ], [ -96.98087, 20.03739 ], [ -96.98533, 20.03566 ], [ -96.98282, 20.01072 ], [ -96.95494, 20.00059 ], [ -96.95696, 19.99274 ], [ -96.9806, 19.99121 ], [ -96.98082, 19.98655 ], [ -96.99299, 19.98338 ], [ -96.98736, 19.9774 ], [ -96.99618, 19.96872 ], [ -96.99348, 19.96131 ], [ -96.99891, 19.9586 ], [ -97.01369, 19.96757 ], [ -97.00677, 19.97973 ], [ -97.01294, 19.97469 ], [ -97.03324, 19.97924 ], [ -97.05419, 19.99264 ], [ -97.06178, 20.03354 ], [ -97.05549, 20.04352 ], [ -97.0502, 20.03094 ], [ -97.04031, 20.03371 ], [ -97.04128, 20.04815 ], [ -97.08301, 20.05165 ], [ -97.08792, 20.05504 ], [ -97.08479, 20.06147 ], [ -97.09072, 20.06968 ], [ -97.10326, 20.06994 ], [ -97.12289, 20.08402 ], [ -97.10808, 20.09569 ], [ -97.10947, 20.10661 ], [ -97.11916, 20.10782 ], [ -97.11614, 20.12153 ], [ -97.13206, 20.11848 ], [ -97.14163, 20.1225 ], [ -97.13358, 20.12385 ], [ -97.12241, 20.13672 ], [ -97.15136, 20.13754 ], [ -97.15199, 20.14613 ], [ -97.15753, 20.14957 ], [ -97.14494, 20.16647 ], [ -97.13947, 20.19536 ], [ -97.13579, 20.20145 ], [ -97.12878, 20.20219 ], [ -97.13069, 20.20673 ], [ -97.12216, 20.21345 ], [ -97.13237, 20.21861 ], [ -97.12917, 20.22127 ], [ -97.13226, 20.22999 ], [ -97.12674, 20.23037 ], [ -97.12245, 20.23917 ], [ -97.12839, 20.24088 ], [ -97.1247, 20.24458 ], [ -97.12762, 20.24621 ], [ -97.10482, 20.25497 ], [ -97.08835, 20.2746 ], [ -97.08238, 20.26838 ], [ -97.07819, 20.27235 ], [ -97.06512, 20.26675 ], [ -97.06166, 20.25928 ], [ -97.04281, 20.26571 ], [ -97.04792, 20.27042 ], [ -97.04404, 20.2775 ], [ -97.02326, 20.28083 ], [ -97.02275, 20.27695 ], [ -97.00995, 20.27542 ], [ -97.00712, 20.25855 ] ] ] } },
{ "type": "Feature", "properties": { "NOMGEO": "Mecatlán", "CVEGEO": "30103", "POB1": 12799.0, "POB84": 6296.0, "POB42": 6503.0 }, "geometry": { "type": "Polygon", "coordinates": [ [ [ -97.61108, 20.20619 ], [ -97.60175, 20.2019 ], [ -97.60034, 20.19506 ], [ -97.60514, 20.19426 ], [ -97.6003, 20.1894 ], [ -97.60939, 20.18358 ], [ -97.61616, 20.1858 ], [ -97.62368, 20.17393 ], [ -97.62954, 20.18223 ], [ -97.63542, 20.18254 ], [ -97.63502, 20.18848 ], [ -97.65911, 20.18043 ], [ -97.68078, 20.18897 ], [ -97.68596, 20.20371 ], [ -97.69668, 20.20896 ], [ -97.70084, 20.2193 ], [ -97.69302, 20.22883 ], [ -97.67234, 20.23802 ], [ -97.67239, 20.24359 ], [ -97.65462, 20.24134 ], [ -97.65209, 20.2452 ], [ -97.64508, 20.23925 ], [ -97.64858, 20.23212 ], [ -97.6419, 20.22685 ], [ -97.63538, 20.20899 ], [ -97.62397, 20.209 ], [ -97.62362, 20.22019 ], [ -97.61149, 20.22032 ], [ -97.61108, 20.20619 ] ] ] } },
{ "type": "Feature", "properties": { "NOMGEO": "Mecayapan", "CVEGEO": "30104", "POB1": 17134.0, "POB84": 8228.0, "POB42": 8906.0 }, "geometry": { "type": "MultiPolygon", "coordinates": [ [ [ [ -94.80166, 18.29135 ], [ -94.78539, 18.29254 ], [ -94.78584, 18.28811 ], [ -94.79505, 18.28827 ], [ -94.79554, 18.2838 ], [ -94.81035, 18.28414 ], [ -94.813, 18.2751 ], [ -94.80318, 18.26487 ], [ -94.8044, 18.26038 ], [ -94.78827, 18.26046 ], [ -94.7869, 18.27679 ], [ -94.78102, 18.27767 ], [ -94.77044, 18.27365 ], [ -94.77167, 18.26794 ], [ -94.76699, 18.26592 ], [ -94.76885, 18.25795 ], [ -94.7652, 18.25555 ], [ -94.77781, 18.24964 ], [ -94.78193, 18.24178 ], [ -94.77645, 18.2323 ], [ -94.78158, 18.22278 ], [ -94.77868, 18.21412 ], [ -94.78939, 18.21505 ], [ -94.77912, 18.21023 ], [ -94.78384, 18.19006 ], [ -94.76792, 18.19036 ], [ -94.76747, 18.21859 ], [ -94.75797, 18.2183 ], [ -94.76545, 18.2245 ], [ -94.76128, 18.23561 ], [ -94.74655, 18.24132 ], [ -94.72625, 18.24185 ], [ -94.7172, 18.23083 ], [ -94.70999, 18.23325 ], [ -94.70984, 18.22666 ], [ -94.70118, 18.22667 ], [ -94.72297, 18.21452 ], [ -94.71771, 18.20259 ], [ -94.73177, 18.19303 ], [ -94.74797, 18.19602 ], [ -94.74591, 18.17851 ], [ -94.74969, 18.17576 ], [ -94.75269, 18.17958 ], [ -94.75938, 18.17133 ], [ -94.75196, 18.16562 ], [ -94.75342, 18.15662 ], [ -94.76446, 18.14844 ], [ -94.76606, 18.13888 ], [ -94.73996, 18.11855 ], [ -94.74373, 18.10546 ], [ -94.73646, 18.10193 ], [ -94.74608, 18.08206 ], [ -94.78679, 18.08817 ], [ -94.78859, 18.08281 ], [ -94.80023, 18.08657 ], [ -94.80408, 18.08202 ], [ -94.80419, 18.0865 ], [ -94.84253, 18.08598 ], [ -94.84573, 18.09153 ], [ -94.85084, 18.08868 ], [ -94.84768, 18.08538 ], [ -94.85959, 18.09196 ], [ -94.85258, 18.10164 ], [ -94.84277, 18.09985 ], [ -94.84383, 18.10784 ], [ -94.83322, 18.12395 ], [ -94.8187, 18.11714 ], [ -94.81536, 18.1292 ], [ -94.7962, 18.12664 ], [ -94.79727, 18.15521 ], [ -94.80183, 18.15202 ], [ -94.80231, 18.15683 ], [ -94.80725, 18.15376 ], [ -94.81616, 18.16005 ], [ -94.81631, 18.15609 ], [ -94.81955, 18.15957 ], [ -94.82465, 18.15628 ], [ -94.82587, 18.16154 ], [ -94.8277, 18.15792 ], [ -94.84042, 18.16315 ], [ -94.84329, 18.15949 ], [ -94.84611, 18.17359 ], [ -94.8394, 18.17861 ], [ -94.84167, 18.19427 ], [ -94.85128, 18.19158 ], [ -94.86076, 18.2245 ], [ -94.85272, 18.22574 ], [ -94.85916, 18.2427 ], [ -94.85284, 18.24817 ], [ -94.85111, 18.2595 ], [ -94.83553, 18.26466 ], [ -94.82679, 18.26222 ], [ -94.82483, 18.26676 ], [ -94.81444, 18.265 ], [ -94.82487, 18.28001 ], [ -94.8227, 18.28358 ], [ -94.83742, 18.32188 ], [ -94.83508, 18.32418 ], [ -94.82677, 18.31085 ], [ -94.80166, 18.29135 ] ] ], [ [ [ -94.81657, 18.53858 ], [ -94.79956, 18.52491 ], [ -94.7891, 18.50774 ], [ -94.79891, 18.50197 ], [ -94.8005, 18.49444 ], [ -94.84119, 18.47534 ], [ -94.8539, 18.44985 ], [ -94.87656, 18.45737 ], [ -94.90402, 18.4471 ], [ -94.91315, 18.477 ], [ -94.90598, 18.48932 ], [ -94.90928, 18.49372 ], [ -94.90416, 18.51325 ], [ -94.907, 18.52092 ], [ -94.89637, 18.54259 ], [ -94.9008, 18.54788 ], [ -94.87193, 18.54779 ], [ -94.81657, 18.53858 ] ] ] ] } },
{ "type": "Feature", "properties": { "NOMGEO": "Medellín de Bravo", "CVEGEO": "30105", "POB1": 95202.0, "POB84": 45685.0, "POB42": 49517.0 }, "geometry": { "type": "Polygon", "coordinates": [ [ [ -96.12975, 19.11854 ], [ -96.11393, 19.10827 ], [ -96.10969, 19.09859 ], [ -96.11834, 19.0919 ], [ -96.14037, 19.09473 ], [ -96.14455, 19.08291 ], [ -96.13267, 19.0767 ], [ -96.13137, 19.07007 ], [ -96.1413, 19.06783 ], [ -96.14272, 19.05777 ], [ -96.12376, 19.05958 ], [ -96.12284, 19.05431 ], [ -96.10981, 19.058 ], [ -96.10441, 19.04713 ], [ -96.09684, 19.04668 ], [ -96.09559, 19.03611 ], [ -96.10229, 19.03424 ], [ -96.1026, 19.02667 ], [ -96.10963, 19.02687 ], [ -96.11111, 19.01048 ], [ -96.09214, 18.99467 ], [ -96.09079, 19.00192 ], [ -96.07559, 18.99764 ], [ -96.07043, 18.9866 ], [ -96.0532, 18.99062 ], [ -96.04389, 18.98663 ], [ -96.02198, 18.94057 ], [ -96.03202, 18.93915 ], [ -96.03753, 18.92563 ], [ -96.04905, 18.93059 ], [ -96.05417, 18.93962 ], [ -96.05017, 18.94566 ], [ -96.05501, 18.94853 ], [ -96.06916, 18.93443 ], [ -96.06643, 18.94597 ], [ -96.07495, 18.94971 ], [ -96.09117, 18.91117 ], [ -96.093, 18.91697 ], [ -96.1002, 18.9137 ], [ -96.10161, 18.89921 ], [ -96.09525, 18.89513 ], [ -96.12035, 18.89699 ], [ -96.13236, 18.85955 ], [ -96.14068, 18.85721 ], [ -96.14998, 18.83949 ], [ -96.16432, 18.84629 ], [ -96.17024, 18.84464 ], [ -96.17125, 18.84935 ], [ -96.18392, 18.84247 ], [ -96.19342, 18.90235 ], [ -96.20825, 18.89606 ], [ -96.21152, 18.88689 ], [ -96.21871, 18.90078 ], [ -96.21285, 18.90152 ], [ -96.21904, 18.908 ], [ -96.21311, 18.91539 ], [ -96.21593, 18.91997 ], [ -96.243, 18.90823 ], [ -96.24708, 18.90189 ], [ -96.26303, 18.90726 ], [ -96.26348, 18.91731 ], [ -96.25292, 18.92298 ], [ -96.25698, 18.9357 ], [ -96.25344, 18.9456 ], [ -96.23322, 18.95387 ], [ -96.22447, 18.96426 ], [ -96.21986, 18.97613 ], [ -96.22742, 18.98265 ], [ -96.21723, 18.98311 ], [ -96.20078, 18.99081 ], [ -96.19593, 19.00013 ], [ -96.19131, 18.99855 ], [ -96.18534, 19.00799 ], [ -96.1876, 19.02427 ], [ -96.18092, 19.03544 ], [ -96.17656, 19.03291 ], [ -96.17286, 19.03765 ], [ -96.17614, 19.0495 ], [ -96.18268, 19.05142 ], [ -96.1973, 19.05047 ], [ -96.20571, 19.04422 ], [ -96.20911, 19.0484 ], [ -96.21844, 19.0386 ], [ -96.22494, 19.04291 ], [ -96.22728, 19.03925 ], [ -96.23122, 19.04841 ], [ -96.25159, 19.04767 ], [ -96.25055, 19.05485 ], [ -96.26513, 19.06489 ], [ -96.25635, 19.09189 ], [ -96.2631, 19.09299 ], [ -96.26369, 19.11851 ], [ -96.27202, 19.12177 ], [ -96.25791, 19.13466 ], [ -96.25725, 19.1403 ], [ -96.24399, 19.14491 ], [ -96.22213, 19.1192 ], [ -96.21076, 19.12424 ], [ -96.20589, 19.10746 ], [ -96.17395, 19.10218 ], [ -96.17242, 19.10816 ], [ -96.14966, 19.10951 ], [ -96.12975, 19.11854 ] ] ] } },
{ "type": "Feature", "properties": { "NOMGEO": "Miahuatlán", "CVEGEO": "30106", "POB1": 4841.0, "POB84": 2406.0, "POB42": 2435.0 }, "geometry": { "type": "Polygon", "coordinates": [ [ [ -96.87152, 19.76818 ], [ -96.87354, 19.74759 ], [ -96.86383, 19.73452 ], [ -96.86613, 19.72834 ], [ -96.8494, 19.7309 ], [ -96.85598, 19.72588 ], [ -96.85444, 19.6954 ], [ -96.86186, 19.69488 ], [ -96.86249, 19.68972 ], [ -96.86798, 19.69725 ], [ -96.88105, 19.70176 ], [ -96.8862, 19.69122 ], [ -96.88826, 19.6985 ], [ -96.90305, 19.70334 ], [ -96.89911, 19.70777 ], [ -96.90776, 19.71451 ], [ -96.90999, 19.7059 ], [ -96.91406, 19.70162 ], [ -96.9166, 19.70416 ], [ -96.91704, 19.72087 ], [ -96.90298, 19.72096 ], [ -96.90007, 19.73089 ], [ -96.90345, 19.73547 ], [ -96.88807, 19.74731 ], [ -96.88953, 19.7564 ], [ -96.88265, 19.76342 ], [ -96.88218, 19.77203 ], [ -96.87152, 19.76818 ] ] ] } },
{ "type": "Feature", "properties": { "NOMGEO": "Misantla", "CVEGEO": "30109", "POB1": 65761.0, "POB84": 32030.0, "POB42": 33731.0 }, "geometry": { "type": "Polygon", "coordinates": [ [ [ -96.88365, 20.13046 ], [ -96.8915, 20.1318 ], [ -96.89359, 20.12427 ], [ -96.89765, 20.12657 ], [ -96.89865, 20.12209 ], [ -96.90591, 20.12113 ], [ -96.90513, 20.11142 ], [ -96.91087, 20.1106 ], [ -96.91331, 20.10024 ], [ -96.90855, 20.09633 ], [ -96.90317, 20.10122 ], [ -96.89648, 20.09809 ], [ -96.8994, 20.09627 ], [ -96.89516, 20.09323 ], [ -96.90016, 20.09098 ], [ -96.89487, 20.0917 ], [ -96.8935, 20.08951 ], [ -96.89799, 20.08833 ], [ -96.89445, 20.08757 ], [ -96.89525, 20.08 ], [ -96.88177, 20.07781 ], [ -96.88028, 20.06506 ], [ -96.87532, 20.06076 ], [ -96.86351, 20.06237 ], [ -96.87231, 20.05322 ], [ -96.86692, 20.05389 ], [ -96.86813, 20.04859 ], [ -96.85993, 20.05104 ], [ -96.8583, 20.04463 ], [ -96.86582, 20.04081 ], [ -96.86465, 20.02957 ], [ -96.85821, 20.03033 ], [ -96.8481, 20.01772 ], [ -96.82724, 20.01444 ], [ -96.81886, 20.00232 ], [ -96.76715, 20.0114 ], [ -96.76401, 20.01873 ], [ -96.75955, 20.01209 ], [ -96.76233, 19.99943 ], [ -96.76697, 19.9994 ], [ -96.77598, 19.98377 ], [ -96.76397, 19.98558 ], [ -96.76468, 19.9736 ], [ -96.75693, 19.97854 ], [ -96.75039, 19.96666 ], [ -96.75748, 19.95995 ], [ -96.75648, 19.95463 ], [ -96.7596, 19.95707 ], [ -96.76457, 19.94789 ], [ -96.77247, 19.94485 ], [ -96.77252, 19.93685 ], [ -96.77905, 19.94192 ], [ -96.79365, 19.94171 ], [ -96.79708, 19.93446 ], [ -96.77045, 19.90527 ], [ -96.79726, 19.89642 ], [ -96.797, 19.88589 ], [ -96.80805, 19.87967 ], [ -96.80472, 19.87484 ], [ -96.80836, 19.87485 ], [ -96.80773, 19.86894 ], [ -96.82723, 19.85049 ], [ -96.82797, 19.83985 ], [ -96.83599, 19.83328 ], [ -96.83602, 19.81779 ], [ -96.84908, 19.81761 ], [ -96.84905, 19.80776 ], [ -96.83756, 19.78803 ], [ -96.83991, 19.77756 ], [ -96.85996, 19.7795 ], [ -96.86616, 19.76878 ], [ -96.8763, 19.77056 ], [ -96.87164, 19.77444 ], [ -96.87401, 19.77765 ], [ -96.89456, 19.7673 ], [ -96.90529, 19.78175 ], [ -96.88948, 19.78473 ], [ -96.89742, 19.79079 ], [ -96.89863, 19.82346 ], [ -96.91104, 19.82591 ], [ -96.90589, 19.83007 ], [ -96.91375, 19.83949 ], [ -96.91207, 19.84797 ], [ -96.93067, 19.87646 ], [ -96.94933, 19.89504 ], [ -96.9563, 19.89521 ], [ -96.95306, 19.91006 ], [ -96.95684, 19.92049 ], [ -96.95242, 19.92417 ], [ -96.96378, 19.95036 ], [ -96.95888, 19.96245 ], [ -96.96365, 19.97371 ], [ -96.97946, 19.97144 ], [ -96.99299, 19.98338 ], [ -96.98082, 19.98655 ], [ -96.9806, 19.99121 ], [ -96.95696, 19.99274 ], [ -96.95494, 20.00059 ], [ -96.98282, 20.01072 ], [ -96.98533, 20.03566 ], [ -96.98087, 20.03739 ], [ -96.98541, 20.03736 ], [ -96.98629, 20.04189 ], [ -96.97613, 20.03569 ], [ -96.97104, 20.04259 ], [ -96.97239, 20.04926 ], [ -96.98561, 20.05488 ], [ -96.98482, 20.07176 ], [ -96.99306, 20.08104 ], [ -96.98324, 20.08771 ], [ -96.97555, 20.12372 ], [ -96.96923, 20.12807 ], [ -96.9431, 20.1349 ], [ -96.93288, 20.13083 ], [ -96.91991, 20.14587 ], [ -96.90459, 20.14585 ], [ -96.89653, 20.15154 ], [ -96.88352, 20.14139 ], [ -96.88365, 20.13046 ] ] ] } },
{ "type": "Feature", "properties": { "NOMGEO": "Mixtla de Altamirano", "CVEGEO": "30110", "POB1": 12125.0, "POB84": 5982.0, "POB42": 6143.0 }, "geometry": { "type": "Polygon", "coordinates": [ [ [ -96.99902, 18.55682 ], [ -97.00529, 18.5665 ], [ -97.01398, 18.56347 ], [ -97.02178, 18.56649 ], [ -97.04153, 18.58552 ], [ -97.03142, 18.59078 ], [ -97.01869, 18.58687 ], [ -97.0182, 18.59331 ], [ -97.00895, 18.59282 ], [ -97.00798, 18.59786 ], [ -97.01914, 18.59932 ], [ -97.01566, 18.61414 ], [ -97.00026, 18.60847 ], [ -96.98986, 18.61323 ], [ -96.99121, 18.61814 ], [ -96.98498, 18.62357 ], [ -96.97537, 18.6182 ], [ -96.97376, 18.62922 ], [ -96.95594, 18.63244 ], [ -96.97694, 18.64217 ], [ -96.9744, 18.64657 ], [ -96.9586, 18.64989 ], [ -96.95018, 18.64728 ], [ -96.94793, 18.64092 ], [ -96.95541, 18.62513 ], [ -96.94414, 18.62208 ], [ -96.93674, 18.61262 ], [ -96.93562, 18.59334 ], [ -96.92861, 18.58654 ], [ -96.93565, 18.5801 ], [ -96.93236, 18.574 ], [ -96.94445, 18.5672 ], [ -96.93895, 18.56228 ], [ -96.9416, 18.55438 ], [ -96.95387, 18.56433 ], [ -96.96676, 18.55366 ], [ -96.99902, 18.55682 ] ] ] } },
{ "type": "Feature", "properties": { "NOMGEO": "Moloacán", "CVEGEO": "30111", "POB1": 16493.0, "POB84": 7953.0, "POB42": 8540.0 }, "geometry": { "type": "Polygon", "coordinates": [ [ [ -94.26508, 18.06536 ], [ -94.27639, 18.06972 ], [ -94.27352, 18.06307 ], [ -94.28243, 18.06198 ], [ -94.27205, 18.04938 ], [ -94.25888, 18.04735 ], [ -94.24209, 18.05193 ], [ -94.21741, 18.03978 ], [ -94.22069, 18.02032 ], [ -94.21159, 18.01832 ], [ -94.21768, 18.01252 ], [ -94.2192, 18.00017 ], [ -94.20839, 17.99838 ], [ -94.20473, 17.99139 ], [ -94.19731, 17.98969 ], [ -94.2089, 17.97325 ], [ -94.21709, 17.96958 ], [ -94.20804, 17.95003 ], [ -94.21459, 17.9416 ], [ -94.22284, 17.94244 ], [ -94.23469, 17.91661 ], [ -94.24103, 17.91617 ], [ -94.24174, 17.90914 ], [ -94.25887, 17.88889 ], [ -94.28703, 17.89429 ], [ -94.30205, 17.91088 ], [ -94.3399, 17.90448 ], [ -94.3397, 17.9083 ], [ -94.35385, 17.91447 ], [ -94.34967, 17.91596 ], [ -94.35035, 17.92707 ], [ -94.35382, 17.92711 ], [ -94.36353, 17.95842 ], [ -94.36414, 17.97368 ], [ -94.37303, 17.98603 ], [ -94.35917, 17.99138 ], [ -94.35208, 18.00614 ], [ -94.34522, 18.00294 ], [ -94.34044, 18.00951 ], [ -94.33297, 18.00945 ], [ -94.33562, 18.02763 ], [ -94.32041, 18.04752 ], [ -94.31844, 18.05757 ], [ -94.3374, 18.06498 ], [ -94.32157, 18.07535 ], [ -94.31081, 18.09726 ], [ -94.30124, 18.09576 ], [ -94.28592, 18.07346 ], [ -94.2681, 18.07619 ], [ -94.25735, 18.06977 ], [ -94.26508, 18.06536 ] ] ] } },
{ "type": "Feature", "properties": { "NOMGEO": "Naolinco", "CVEGEO": "30112", "POB1": 22835.0, "POB84": 11126.0, "POB42": 11709.0 }, "geometry": { "type": "Polygon", "coordinates": [ [ [ -96.86157, 19.68025 ], [ -96.85228, 19.67543 ], [ -96.85327, 19.66261 ], [ -96.83098, 19.67293 ], [ -96.8163, 19.65422 ], [ -96.81042, 19.65659 ], [ -96.79792, 19.64488 ], [ -96.79303, 19.63126 ], [ -96.79535, 19.62161 ], [ -96.80933, 19.60899 ], [ -96.79657, 19.59295 ], [ -96.78329, 19.59325 ], [ -96.77762, 19.60279 ], [ -96.76995, 19.60403 ], [ -96.76727, 19.62016 ], [ -96.75385, 19.60912 ], [ -96.75821, 19.60808 ], [ -96.75002, 19.60156 ], [ -96.7506, 19.59342 ], [ -96.75786, 19.57498 ], [ -96.76252, 19.57343 ], [ -96.75739, 19.56689 ], [ -96.75995, 19.56308 ], [ -96.79408, 19.57032 ], [ -96.8047, 19.5841 ], [ -96.81734, 19.58756 ], [ -96.82611, 19.59665 ], [ -96.8408, 19.59454 ], [ -96.84288, 19.58967 ], [ -96.84448, 19.60629 ], [ -96.86231, 19.60683 ], [ -96.88805, 19.62622 ], [ -96.91711, 19.63513 ], [ -96.91495, 19.66296 ], [ -96.89238, 19.66841 ], [ -96.91045, 19.71439 ], [ -96.89911, 19.70777 ], [ -96.90321, 19.70529 ], [ -96.90025, 19.701 ], [ -96.89657, 19.7033 ], [ -96.88826, 19.6985 ], [ -96.8862, 19.69122 ], [ -96.88105, 19.70176 ], [ -96.86798, 19.69725 ], [ -96.86157, 19.68025 ] ] ] } },
{ "type": "Feature", "properties": { "NOMGEO": "Naranjal", "CVEGEO": "30113", "POB1": 4614.0, "POB84": 2232.0, "POB42": 2382.0 }, "geometry": { "type": "Polygon", "coordinates": [ [ [ -96.92417, 18.79488 ], [ -96.94062, 18.77844 ], [ -96.95492, 18.77715 ], [ -96.9628, 18.77069 ], [ -96.97505, 18.77968 ], [ -96.98036, 18.79337 ], [ -96.97475, 18.7988 ], [ -96.9771, 18.82054 ], [ -96.97164, 18.82543 ], [ -96.96249, 18.81392 ], [ -96.95143, 18.81054 ], [ -96.94909, 18.80404 ], [ -96.92638, 18.80222 ], [ -96.92417, 18.79488 ] ] ] } },
{ "type": "Feature", "properties": { "NOMGEO": "Nautla", "CVEGEO": "30114", "POB1": 10130.0, "POB84": 5050.0, "POB42": 5080.0 }, "geometry": { "type": "Polygon", "coordinates": [ [ [ -96.71565, 20.14868 ], [ -96.69365, 20.10762 ], [ -96.70887, 20.09457 ], [ -96.68072, 20.08235 ], [ -96.69731, 20.06365 ], [ -96.69973, 20.06617 ], [ -96.71186, 20.05553 ], [ -96.7068, 20.04988 ], [ -96.71774, 20.04653 ], [ -96.73905, 20.02724 ], [ -96.73697, 20.02422 ], [ -96.76291, 20.02375 ], [ -96.76715, 20.0114 ], [ -96.77262, 20.01346 ], [ -96.77861, 20.0087 ], [ -96.81552, 20.00203 ], [ -96.82724, 20.01444 ], [ -96.8481, 20.01772 ], [ -96.85821, 20.03033 ], [ -96.86511, 20.03058 ], [ -96.86251, 20.03792 ], [ -96.86582, 20.04081 ], [ -96.8583, 20.04463 ], [ -96.85993, 20.05104 ], [ -96.86813, 20.04859 ], [ -96.86692, 20.05389 ], [ -96.87231, 20.05322 ], [ -96.86351, 20.06237 ], [ -96.87532, 20.06076 ], [ -96.88028, 20.06506 ], [ -96.88177, 20.07781 ], [ -96.89525, 20.08 ], [ -96.89445, 20.08757 ], [ -96.89799, 20.08833 ], [ -96.8935, 20.08951 ], [ -96.90016, 20.09098 ], [ -96.89516, 20.09323 ], [ -96.8994, 20.09627 ], [ -96.89648, 20.09809 ], [ -96.90317, 20.10122 ], [ -96.90855, 20.09633 ], [ -96.91331, 20.10024 ], [ -96.91087, 20.1106 ], [ -96.90513, 20.11142 ], [ -96.90591, 20.12113 ], [ -96.89865, 20.12209 ], [ -96.89765, 20.12657 ], [ -96.89359, 20.12427 ], [ -96.8915, 20.1318 ], [ -96.88365, 20.13046 ], [ -96.88381, 20.13552 ], [ -96.87522, 20.14122 ], [ -96.87403, 20.1543 ], [ -96.86834, 20.15628 ], [ -96.86275, 20.14702 ], [ -96.85877, 20.14866 ], [ -96.86, 20.16158 ], [ -96.8514, 20.16708 ], [ -96.85, 20.17645 ], [ -96.85268, 20.18367 ], [ -96.86379, 20.18714 ], [ -96.86567, 20.19825 ], [ -96.8572, 20.19695 ], [ -96.85401, 20.18946 ], [ -96.83411, 20.17637 ], [ -96.82372, 20.18472 ], [ -96.82141, 20.20121 ], [ -96.81373, 20.2115 ], [ -96.79769, 20.20156 ], [ -96.78339, 20.20721 ], [ -96.77626, 20.22268 ], [ -96.78724, 20.2391 ], [ -96.78448, 20.24351 ], [ -96.70552, 20.15695 ], [ -96.71565, 20.14868 ] ] ] } },
{ "type": "Feature", "properties": { "NOMGEO": "Nogales", "CVEGEO": "30115", "POB1": 37314.0, "POB84": 17775.0, "POB42": 19539.0 }, "geometry": { "type": "Polygon", "coordinates": [ [ [ -97.20287, 18.87666 ], [ -97.20496, 18.87234 ], [ -97.19117, 18.86809 ], [ -97.17921, 18.85582 ], [ -97.17072, 18.83055 ], [ -97.16106, 18.8341 ], [ -97.15246, 18.82798 ], [ -97.15468, 18.81904 ], [ -97.16777, 18.80653 ], [ -97.1745, 18.80913 ], [ -97.17656, 18.81574 ], [ -97.18807, 18.81724 ], [ -97.20029, 18.80555 ], [ -97.19594, 18.8014 ], [ -97.19776, 18.79374 ], [ -97.19231, 18.79069 ], [ -97.18486, 18.79754 ], [ -97.184, 18.78522 ], [ -97.1782, 18.78651 ], [ -97.15954, 18.77723 ], [ -97.16174, 18.7637 ], [ -97.17272, 18.76277 ], [ -97.17431, 18.75878 ], [ -97.19589, 18.75871 ], [ -97.19429, 18.76988 ], [ -97.19951, 18.77842 ], [ -97.20522, 18.77806 ], [ -97.21089, 18.78754 ], [ -97.22804, 18.79377 ], [ -97.22251, 18.80789 ], [ -97.23454, 18.81126 ], [ -97.23633, 18.82091 ], [ -97.22749, 18.81905 ], [ -97.23243, 18.83252 ], [ -97.22745, 18.84241 ], [ -97.23112, 18.85304 ], [ -97.22367, 18.86318 ], [ -97.21167, 18.86856 ], [ -97.21266, 18.87962 ], [ -97.23215, 18.90359 ], [ -97.21833, 18.91103 ], [ -97.20287, 18.87666 ] ] ] } },
{ "type": "Feature", "properties": { "NOMGEO": "Otatitlán", "CVEGEO": "30119", "POB1": 5651.0, "POB84": 2739.0, "POB42": 2912.0 }, "geometry": { "type": "Polygon", "coordinates": [ [ [ -96.0158, 18.16768 ], [ -96.00596, 18.16586 ], [ -96.00246, 18.17161 ], [ -95.99939, 18.16249 ], [ -95.99277, 18.15961 ], [ -95.99058, 18.15117 ], [ -96.01355, 18.13758 ], [ -96.02719, 18.13335 ], [ -96.04105, 18.1385 ], [ -96.04687, 18.13657 ], [ -96.05139, 18.12674 ], [ -96.05698, 18.13402 ], [ -96.06638, 18.13159 ], [ -96.06886, 18.14076 ], [ -96.07948, 18.14979 ], [ -96.08391, 18.16177 ], [ -96.07217, 18.16307 ], [ -96.06341, 18.17591 ], [ -96.05246, 18.17303 ], [ -96.04604, 18.17676 ], [ -96.04376, 18.2056 ], [ -96.03499, 18.21631 ], [ -96.02296, 18.21714 ], [ -96.01134, 18.20989 ], [ -96.00695, 18.18476 ], [ -96.0158, 18.16768 ] ] ] } },
{ "type": "Feature", "properties": { "NOMGEO": "Oteapan", "CVEGEO": "30120", "POB1": 10343.0, "POB84": 4913.0, "POB42": 5430.0 }, "geometry": { "type": "Polygon", "coordinates": [ [ [ -94.65241, 17.99066 ], [ -94.67232, 17.99306 ], [ -94.66949, 18.01213 ], [ -94.65032, 18.00982 ], [ -94.65241, 17.99066 ] ] ] } },
{ "type": "Feature", "properties": { "NOMGEO": "Ozuluama de Mascareñas", "CVEGEO": "30121", "POB1": 22756.0, "POB84": 11612.0, "POB42": 11144.0 }, "geometry": { "type": "Polygon", "coordinates": [ [ [ -97.48827, 21.56875 ], [ -97.48871, 21.57665 ], [ -97.53053, 21.58085 ], [ -97.64525, 21.62763 ], [ -97.66807, 21.60491 ], [ -97.69701, 21.61831 ], [ -97.7166, 21.60542 ], [ -97.72404, 21.60575 ], [ -97.72318, 21.59505 ], [ -97.72766, 21.58937 ], [ -97.72048, 21.58153 ], [ -97.72716, 21.57429 ], [ -97.71265, 21.56741 ], [ -97.72792, 21.55293 ], [ -97.72579, 21.54607 ], [ -97.7473, 21.53795 ], [ -97.75079, 21.52788 ], [ -97.7555, 21.52293 ], [ -97.75332, 21.52866 ], [ -97.76879, 21.53099 ], [ -97.77991, 21.52712 ], [ -97.77937, 21.52143 ], [ -97.7901, 21.52525 ], [ -97.79597, 21.52244 ], [ -97.78929, 21.50503 ], [ -97.80222, 21.50528 ], [ -97.79805, 21.49289 ], [ -97.80873, 21.49596 ], [ -97.81677, 21.48133 ], [ -97.82118, 21.48354 ], [ -97.81855, 21.47683 ], [ -97.83447, 21.46966 ], [ -97.83089, 21.46663 ], [ -97.84017, 21.4466 ], [ -97.83589, 21.4447 ], [ -97.84218, 21.44169 ], [ -97.83948, 21.43773 ], [ -97.84395, 21.43733 ], [ -97.84458, 21.43202 ], [ -97.84992, 21.43514 ], [ -97.85249, 21.43024 ], [ -97.86071, 21.43195 ], [ -97.86224, 21.43785 ], [ -97.87061, 21.43616 ], [ -97.87746, 21.44375 ], [ -97.88419, 21.43534 ], [ -97.89962, 21.43365 ], [ -97.90845, 21.44246 ], [ -97.95696, 21.41462 ], [ -97.95363, 21.40204 ], [ -97.96001, 21.40772 ], [ -97.96602, 21.40634 ], [ -97.97012, 21.41626 ], [ -97.96352, 21.42645 ], [ -97.97088, 21.4337 ], [ -97.97708, 21.45518 ], [ -97.9884, 21.46555 ], [ -97.98812, 21.47692 ], [ -97.9922, 21.48046 ], [ -97.97822, 21.50868 ], [ -97.98369, 21.52429 ], [ -97.9803, 21.53195 ], [ -97.98228, 21.55427 ], [ -97.97454, 21.56196 ], [ -97.97715, 21.5675 ], [ -97.97259, 21.58045 ], [ -97.97747, 21.58288 ], [ -97.97002, 21.58797 ], [ -97.96885, 21.59525 ], [ -97.97403, 21.60346 ], [ -97.98268, 21.60375 ], [ -97.97634, 21.61656 ], [ -97.98697, 21.61962 ], [ -97.99133, 21.62753 ], [ -97.98562, 21.6339 ], [ -97.99426, 21.66407 ], [ -98.00653, 21.66501 ], [ -98.01252, 21.65976 ], [ -98.03316, 21.66818 ], [ -98.04261, 21.66911 ], [ -98.04726, 21.66419 ], [ -98.07024, 21.67345 ], [ -98.07619, 21.66339 ], [ -98.09218, 21.66616 ], [ -98.10272, 21.64537 ], [ -98.10882, 21.65045 ], [ -98.10793, 21.65575 ], [ -98.11519, 21.6524 ], [ -98.12769, 21.65957 ], [ -98.1302, 21.66711 ], [ -98.14349, 21.67234 ], [ -98.14075, 21.67581 ], [ -98.14916, 21.68049 ], [ -98.14267, 21.68736 ], [ -98.14856, 21.69321 ], [ -98.15535, 21.68964 ], [ -98.15956, 21.69895 ], [ -98.15539, 21.70709 ], [ -98.15926, 21.70953 ], [ -98.15952, 21.71148 ], [ -98.15378, 21.71015 ], [ -98.14737, 21.71818 ], [ -98.14907, 21.72599 ], [ -98.13786, 21.7249 ], [ -98.14215, 21.73512 ], [ -98.15627, 21.73658 ], [ -98.13739, 21.74361 ], [ -98.14545, 21.75027 ], [ -98.14383, 21.77458 ], [ -98.13361, 21.7844 ], [ -98.12685, 21.78082 ], [ -98.12035, 21.79436 ], [ -98.11992, 21.81394 ], [ -98.12523, 21.81237 ], [ -98.12372, 21.82239 ], [ -98.13043, 21.82855 ], [ -98.12563, 21.84095 ], [ -98.10067, 21.8482 ], [ -98.09612, 21.8602 ], [ -98.08954, 21.85416 ], [ -98.0863, 21.85699 ], [ -98.08975, 21.86132 ], [ -98.08584, 21.86497 ], [ -98.09267, 21.87182 ], [ -98.08831, 21.87602 ], [ -98.09396, 21.87406 ], [ -98.0963, 21.88027 ], [ -98.10067, 21.88009 ], [ -98.10298, 21.89159 ], [ -98.09754, 21.89309 ], [ -98.10607, 21.89996 ], [ -98.11137, 21.91302 ], [ -98.12176, 21.91993 ], [ -98.12265, 21.93722 ], [ -98.09285, 21.95412 ], [ -98.0965, 21.96526 ], [ -98.1029, 21.96579 ], [ -98.09936, 21.97143 ], [ -98.11226, 21.97621 ], [ -98.09466, 21.98738 ], [ -98.08812, 21.98303 ], [ -98.08572, 21.98804 ], [ -98.08136, 21.98644 ], [ -98.07373, 21.99492 ], [ -98.06502, 21.99662 ], [ -98.05942, 21.99302 ], [ -98.06337, 21.98537 ], [ -98.05586, 21.97357 ], [ -98.04227, 21.97271 ], [ -98.05039, 21.95012 ], [ -98.05865, 21.94869 ], [ -97.92647, 21.93887 ], [ -97.91979, 21.9354 ], [ -97.92637, 21.92336 ], [ -97.92346, 21.9173 ], [ -97.90428, 21.91542 ], [ -97.89736, 21.9056 ], [ -97.89142, 21.91311 ], [ -97.87726, 21.90831 ], [ -97.87145, 21.91637 ], [ -97.86732, 21.91558 ], [ -97.85721, 21.93448 ], [ -97.85067, 21.93217 ], [ -97.85472, 21.93959 ], [ -97.84824, 21.94803 ], [ -97.84336, 21.94619 ], [ -97.84234, 21.9391 ], [ -97.83354, 21.9478 ], [ -97.83371, 21.93652 ], [ -97.82252, 21.93742 ], [ -97.81849, 21.92296 ], [ -97.78897, 21.93166 ], [ -97.77768, 21.93135 ], [ -97.77384, 21.92617 ], [ -97.77119, 21.93049 ], [ -97.76032, 21.93146 ], [ -97.75816, 21.92149 ], [ -97.72003, 21.91568 ], [ -97.71664, 21.90698 ], [ -97.67789, 21.92149 ], [ -97.66423, 21.88873 ], [ -97.65924, 21.88842 ], [ -97.64885, 21.85639 ], [ -97.63685, 21.8424 ], [ -97.63775, 21.82218 ], [ -97.628, 21.81191 ], [ -97.62067, 21.77995 ], [ -97.60744, 21.77443 ], [ -97.58988, 21.7541 ], [ -97.58626, 21.74324 ], [ -97.57832, 21.74366 ], [ -97.56448, 21.73355 ], [ -97.54477, 21.69896 ], [ -97.52114, 21.67511 ], [ -97.50628, 21.66858 ], [ -97.49343, 21.63879 ], [ -97.4604, 21.59729 ], [ -97.44663, 21.58977 ], [ -97.4272, 21.56854 ], [ -97.40456, 21.55604 ], [ -97.38741, 21.53654 ], [ -97.48827, 21.56875 ] ] ] } },
{ "type": "Feature", "properties": { "NOMGEO": "Pajapan", "CVEGEO": "30122", "POB1": 18051.0, "POB84": 8880.0, "POB42": 9171.0 }, "geometry": { "type": "Polygon", "coordinates": [ [ [ -94.60729, 18.19705 ], [ -94.61521, 18.21099 ], [ -94.62618, 18.21131 ], [ -94.63903, 18.17314 ], [ -94.63258, 18.15906 ], [ -94.60065, 18.15206 ], [ -94.59714, 18.13797 ], [ -94.60157, 18.13156 ], [ -94.58413, 18.12037 ], [ -94.58781, 18.12001 ], [ -94.58467, 18.1137 ], [ -94.58981, 18.1083 ], [ -94.5872, 18.10138 ], [ -94.59416, 18.09634 ], [ -94.61348, 18.10751 ], [ -94.61289, 18.09865 ], [ -94.62674, 18.0999 ], [ -94.62872, 18.09364 ], [ -94.64582, 18.0949 ], [ -94.66163, 18.08773 ], [ -94.66319, 18.09833 ], [ -94.67608, 18.08862 ], [ -94.67552, 18.09674 ], [ -94.69319, 18.10244 ], [ -94.6988, 18.09858 ], [ -94.70305, 18.10547 ], [ -94.71304, 18.10386 ], [ -94.71119, 18.11022 ], [ -94.72599, 18.11483 ], [ -94.72668, 18.11987 ], [ -94.73291, 18.11586 ], [ -94.74195, 18.11802 ], [ -94.75013, 18.13022 ], [ -94.76571, 18.13833 ], [ -94.76446, 18.14844 ], [ -94.75342, 18.15662 ], [ -94.75196, 18.16562 ], [ -94.75938, 18.17133 ], [ -94.75269, 18.17958 ], [ -94.74969, 18.17576 ], [ -94.74591, 18.17851 ], [ -94.74797, 18.19602 ], [ -94.73177, 18.19303 ], [ -94.71771, 18.20259 ], [ -94.72297, 18.21452 ], [ -94.70839, 18.221 ], [ -94.70854, 18.22577 ], [ -94.70124, 18.22606 ], [ -94.70984, 18.22666 ], [ -94.70999, 18.23325 ], [ -94.71629, 18.23053 ], [ -94.72386, 18.23511 ], [ -94.73827, 18.26928 ], [ -94.73024, 18.28914 ], [ -94.74057, 18.30968 ], [ -94.71967, 18.31617 ], [ -94.71873, 18.33387 ], [ -94.71529, 18.33517 ], [ -94.71428, 18.32326 ], [ -94.71024, 18.32287 ], [ -94.68515, 18.35004 ], [ -94.66398, 18.33839 ], [ -94.66502, 18.32762 ], [ -94.65711, 18.31161 ], [ -94.6231, 18.28713 ], [ -94.62708, 18.2772 ], [ -94.62369, 18.25025 ], [ -94.60762, 18.20494 ], [ -94.59723, 18.19347 ], [ -94.60729, 18.19705 ] ] ] } },
{ "type": "Feature", "properties": { "NOMGEO": "Pánuco", "CVEGEO": "30123", "POB1": 96185.0, "POB84": 47219.0, "POB42": 48966.0 }, "geometry": { "type": "Polygon", "coordinates": [ [ [ -97.91302, 22.22074 ], [ -97.94471, 22.20621 ], [ -97.99108, 22.21084 ], [ -98.01594, 22.18244 ], [ -98.01245, 22.16863 ], [ -98.00029, 22.1579 ], [ -97.99962, 22.15183 ], [ -98.01856, 22.14509 ], [ -98.02967, 22.13207 ], [ -98.03915, 22.12926 ], [ -98.04312, 22.13498 ], [ -98.03897, 22.1441 ], [ -98.04377, 22.14834 ], [ -98.05761, 22.14757 ], [ -98.06578, 22.14132 ], [ -98.06536, 22.13258 ], [ -98.04112, 22.12291 ], [ -98.0435, 22.10245 ], [ -98.05193, 22.10122 ], [ -98.08875, 22.1131 ], [ -98.08923, 22.10484 ], [ -98.0818, 22.0968 ], [ -98.03922, 22.08805 ], [ -98.02646, 22.06436 ], [ -98.01809, 22.07026 ], [ -98.01339, 22.06717 ], [ -98.00948, 22.07295 ], [ -98.00655, 22.06983 ], [ -98.01714, 22.0502 ], [ -98.02811, 22.05344 ], [ -98.02176, 22.0317 ], [ -98.02575, 22.02753 ], [ -98.04358, 22.02238 ], [ -98.04978, 22.0134 ], [ -98.06629, 22.02337 ], [ -98.07777, 22.01563 ], [ -98.08096, 22.00768 ], [ -98.07154, 21.99988 ], [ -98.07303, 21.99295 ], [ -98.08843, 21.9829 ], [ -98.09466, 21.98738 ], [ -98.11246, 21.97578 ], [ -98.09936, 21.97143 ], [ -98.1029, 21.96579 ], [ -98.0965, 21.96526 ], [ -98.09285, 21.95412 ], [ -98.12265, 21.93722 ], [ -98.12176, 21.91993 ], [ -98.11137, 21.91302 ], [ -98.10607, 21.89996 ], [ -98.09754, 21.89309 ], [ -98.10298, 21.89159 ], [ -98.10067, 21.88009 ], [ -98.0963, 21.88027 ], [ -98.09396, 21.87406 ], [ -98.08831, 21.87602 ], [ -98.09267, 21.87182 ], [ -98.08584, 21.86497 ], [ -98.08975, 21.86132 ], [ -98.0863, 21.85699 ], [ -98.08954, 21.85416 ], [ -98.09676, 21.85986 ], [ -98.09746, 21.85053 ], [ -98.12256, 21.84464 ], [ -98.12946, 21.83182 ], [ -98.12712, 21.82211 ], [ -98.12372, 21.82239 ], [ -98.12523, 21.81237 ], [ -98.11992, 21.81394 ], [ -98.12035, 21.79436 ], [ -98.12685, 21.78082 ], [ -98.13361, 21.7844 ], [ -98.14383, 21.77458 ], [ -98.14545, 21.75027 ], [ -98.1375, 21.74334 ], [ -98.15627, 21.73658 ], [ -98.14215, 21.73512 ], [ -98.13786, 21.7249 ], [ -98.14868, 21.72634 ], [ -98.14737, 21.71818 ], [ -98.15716, 21.70934 ], [ -98.1814, 21.71464 ], [ -98.1913, 21.71152 ], [ -98.19073, 21.71739 ], [ -98.20505, 21.72183 ], [ -98.21021, 21.71202 ], [ -98.22518, 21.71426 ], [ -98.22741, 21.70363 ], [ -98.2424, 21.70567 ], [ -98.31298, 21.68941 ], [ -98.30987, 21.70983 ], [ -98.32172, 21.70822 ], [ -98.30538, 21.82507 ], [ -98.39213, 21.81872 ], [ -98.3965, 21.83055 ], [ -98.41496, 21.83139 ], [ -98.41004, 21.83802 ], [ -98.40238, 21.83907 ], [ -98.40944, 21.86035 ], [ -98.405, 21.86124 ], [ -98.40912, 21.87668 ], [ -98.41847, 21.88366 ], [ -98.42506, 21.88188 ], [ -98.43115, 21.89057 ], [ -98.43828, 21.8875 ], [ -98.44114, 21.87388 ], [ -98.45049, 21.87487 ], [ -98.47092, 21.85235 ], [ -98.47922, 21.8568 ], [ -98.48703, 21.8549 ], [ -98.48821, 21.83757 ], [ -98.49505, 21.83817 ], [ -98.51448, 21.82389 ], [ -98.52886, 21.86318 ], [ -98.54803, 21.86011 ], [ -98.54044, 21.87348 ], [ -98.54528, 21.88804 ], [ -98.53823, 21.89709 ], [ -98.5382, 21.90581 ], [ -98.51902, 21.89716 ], [ -98.51189, 21.90454 ], [ -98.51136, 21.91322 ], [ -98.51489, 21.91764 ], [ -98.52492, 21.91455 ], [ -98.54647, 21.92019 ], [ -98.54385, 21.93212 ], [ -98.53751, 21.93458 ], [ -98.50124, 21.92308 ], [ -98.50035, 21.93146 ], [ -98.5156, 21.95127 ], [ -98.53158, 21.94992 ], [ -98.53911, 21.9391 ], [ -98.55128, 21.93374 ], [ -98.56602, 21.93764 ], [ -98.57561, 21.94571 ], [ -98.57932, 21.96144 ], [ -98.57327, 21.96917 ], [ -98.55066, 21.96075 ], [ -98.522, 21.97943 ], [ -98.4932, 21.96041 ], [ -98.46881, 21.9646 ], [ -98.48199, 21.983 ], [ -98.48148, 21.99051 ], [ -98.47629, 21.99957 ], [ -98.47233, 21.98797 ], [ -98.45954, 21.99517 ], [ -98.45946, 22.0054 ], [ -98.44355, 22.03298 ], [ -98.44641, 22.04222 ], [ -98.44288, 22.04937 ], [ -98.43465, 22.05167 ], [ -98.44187, 22.06487 ], [ -98.43945, 22.07565 ], [ -98.43084, 22.07934 ], [ -98.43239, 22.08967 ], [ -98.41882, 22.09802 ], [ -98.42763, 22.10878 ], [ -98.43874, 22.11192 ], [ -98.43226, 22.11782 ], [ -98.43202, 22.12827 ], [ -98.35528, 22.18029 ], [ -98.33654, 22.18769 ], [ -98.33041, 22.20134 ], [ -98.35226, 22.2228 ], [ -98.34461, 22.22209 ], [ -98.32597, 22.24305 ], [ -98.37456, 22.23608 ], [ -98.36814, 22.25537 ], [ -98.37634, 22.25083 ], [ -98.38255, 22.25588 ], [ -98.40509, 22.25608 ], [ -98.40642, 22.26935 ], [ -98.39638, 22.27626 ], [ -98.40756, 22.28421 ], [ -98.43037, 22.2746 ], [ -98.43384, 22.27824 ], [ -98.4277, 22.28346 ], [ -98.44666, 22.30562 ], [ -98.46452, 22.30347 ], [ -98.46438, 22.29669 ], [ -98.47591, 22.28864 ], [ -98.48199, 22.29944 ], [ -98.50573, 22.30901 ], [ -98.50612, 22.31597 ], [ -98.52555, 22.31884 ], [ -98.52555, 22.32799 ], [ -98.5353, 22.328 ], [ -98.53521, 22.33788 ], [ -98.55482, 22.33801 ], [ -98.55479, 22.34256 ], [ -98.56452, 22.34257 ], [ -98.56446, 22.34751 ], [ -98.57929, 22.34863 ], [ -98.58231, 22.3601 ], [ -98.57932, 22.37776 ], [ -98.58286, 22.37305 ], [ -98.68155, 22.37158 ], [ -98.67089, 22.40567 ], [ -98.66499, 22.40394 ], [ -98.63816, 22.41452 ], [ -98.6269, 22.40216 ], [ -98.61375, 22.40893 ], [ -98.59233, 22.39532 ], [ -98.57494, 22.39395 ], [ -98.56851, 22.40158 ], [ -98.54608, 22.40019 ], [ -98.54132, 22.40574 ], [ -98.52536, 22.40678 ], [ -98.5096, 22.41639 ], [ -98.51215, 22.42121 ], [ -98.50639, 22.42927 ], [ -98.49427, 22.42724 ], [ -98.49685, 22.42403 ], [ -98.49214, 22.41947 ], [ -98.49037, 22.42777 ], [ -98.46681, 22.4288 ], [ -98.46657, 22.41429 ], [ -98.46096, 22.41219 ], [ -98.43717, 22.43359 ], [ -98.43159, 22.43004 ], [ -98.43312, 22.41358 ], [ -98.41905, 22.41274 ], [ -98.40954, 22.39993 ], [ -98.39207, 22.42318 ], [ -98.38474, 22.42234 ], [ -98.38457, 22.40329 ], [ -98.39131, 22.3942 ], [ -98.38781, 22.38928 ], [ -98.37458, 22.38962 ], [ -98.35522, 22.40745 ], [ -98.35104, 22.40243 ], [ -98.35653, 22.39515 ], [ -98.35227, 22.3887 ], [ -98.32769, 22.39868 ], [ -98.31758, 22.39097 ], [ -98.31271, 22.41427 ], [ -98.32736, 22.42647 ], [ -98.32091, 22.44004 ], [ -98.31221, 22.44522 ], [ -98.31927, 22.46522 ], [ -98.31682, 22.46856 ], [ -98.30883, 22.46846 ], [ -98.30101, 22.46123 ], [ -98.28737, 22.46703 ], [ -98.27294, 22.44729 ], [ -98.25663, 22.45341 ], [ -98.24793, 22.47166 ], [ -98.23236, 22.46133 ], [ -98.21984, 22.47175 ], [ -98.207, 22.46402 ], [ -98.19499, 22.46956 ], [ -98.19261, 22.46522 ], [ -98.19988, 22.44904 ], [ -98.18974, 22.44179 ], [ -98.18899, 22.42534 ], [ -98.16329, 22.40999 ], [ -98.15156, 22.41295 ], [ -98.11354, 22.3953 ], [ -98.10621, 22.36671 ], [ -98.09549, 22.37269 ], [ -98.08601, 22.37015 ], [ -98.07426, 22.34778 ], [ -98.05945, 22.34638 ], [ -98.05396, 22.35554 ], [ -98.02847, 22.35839 ], [ -98.00071, 22.34816 ], [ -97.99002, 22.35086 ], [ -97.98524, 22.34118 ], [ -97.9704, 22.3329 ], [ -97.97051, 22.32805 ], [ -97.98398, 22.30467 ], [ -97.99895, 22.31433 ], [ -98.00032, 22.29743 ], [ -97.99266, 22.29278 ], [ -97.98271, 22.30261 ], [ -97.95671, 22.29389 ], [ -97.95386, 22.28704 ], [ -97.93166, 22.27105 ], [ -97.93459, 22.25459 ], [ -97.91679, 22.25259 ], [ -97.91794, 22.23999 ], [ -97.90242, 22.23334 ], [ -97.89496, 22.22238 ], [ -97.91302, 22.22074 ] ] ] } },
{ "type": "Feature", "properties": { "NOMGEO": "Papantla", "CVEGEO": "30124", "POB1": 159910.0, "POB84": 77178.0, "POB42": 82732.0 }, "geometry": { "type": "Polygon", "coordinates": [ [ [ -97.16541, 20.64171 ], [ -97.13156, 20.59983 ], [ -97.14844, 20.59439 ], [ -97.15562, 20.59841 ], [ -97.15902, 20.58556 ], [ -97.16794, 20.58591 ], [ -97.18033, 20.57644 ], [ -97.18126, 20.5703 ], [ -97.18774, 20.57236 ], [ -97.19239, 20.56335 ], [ -97.18328, 20.55232 ], [ -97.18887, 20.54355 ], [ -97.21284, 20.53687 ], [ -97.21556, 20.52743 ], [ -97.1819, 20.52281 ], [ -97.1749, 20.51644 ], [ -97.1749, 20.50533 ], [ -97.15134, 20.50696 ], [ -97.15307, 20.49556 ], [ -97.14561, 20.4965 ], [ -97.15063, 20.48319 ], [ -97.15954, 20.4799 ], [ -97.1584, 20.46515 ], [ -97.16482, 20.45922 ], [ -97.18171, 20.46032 ], [ -97.17631, 20.44658 ], [ -97.19005, 20.44944 ], [ -97.19051, 20.43474 ], [ -97.18314, 20.43401 ], [ -97.18647, 20.41471 ], [ -97.17857, 20.4108 ], [ -97.17487, 20.39841 ], [ -97.16314, 20.3974 ], [ -97.16441, 20.38856 ], [ -97.15021, 20.38609 ], [ -97.14171, 20.37631 ], [ -97.14643, 20.35909 ], [ -97.14089, 20.34486 ], [ -97.14682, 20.34321 ], [ -97.14511, 20.33791 ], [ -97.15554, 20.32911 ], [ -97.16205, 20.33171 ], [ -97.15282, 20.32423 ], [ -97.15463, 20.31776 ], [ -97.13564, 20.31125 ], [ -97.13454, 20.29868 ], [ -97.12239, 20.30485 ], [ -97.1095, 20.30142 ], [ -97.10259, 20.28679 ], [ -97.10134, 20.26344 ], [ -97.10482, 20.25497 ], [ -97.12762, 20.24621 ], [ -97.1247, 20.24458 ], [ -97.12839, 20.24088 ], [ -97.12245, 20.23917 ], [ -97.12674, 20.23037 ], [ -97.13226, 20.22999 ], [ -97.12917, 20.22127 ], [ -97.13237, 20.21861 ], [ -97.12392, 20.21687 ], [ -97.12638, 20.21417 ], [ -97.1227, 20.212 ], [ -97.13947, 20.19536 ], [ -97.14689, 20.16228 ], [ -97.16101, 20.16072 ], [ -97.16441, 20.15183 ], [ -97.24239, 20.17448 ], [ -97.24404, 20.18228 ], [ -97.26193, 20.17755 ], [ -97.27054, 20.18752 ], [ -97.28319, 20.18111 ], [ -97.28528, 20.19073 ], [ -97.37165, 20.21912 ], [ -97.3778, 20.22309 ], [ -97.37421, 20.24301 ], [ -97.38002, 20.2584 ], [ -97.39434, 20.26705 ], [ -97.40123, 20.28213 ], [ -97.4074, 20.27864 ], [ -97.40918, 20.29946 ], [ -97.39924, 20.30425 ], [ -97.40977, 20.31002 ], [ -97.41605, 20.30775 ], [ -97.43302, 20.32369 ], [ -97.45274, 20.32619 ], [ -97.44979, 20.32971 ], [ -97.45525, 20.33247 ], [ -97.47032, 20.32752 ], [ -97.51588, 20.33948 ], [ -97.51025, 20.35309 ], [ -97.51922, 20.36343 ], [ -97.51582, 20.37651 ], [ -97.50127, 20.37671 ], [ -97.4978, 20.36826 ], [ -97.47265, 20.3546 ], [ -97.46851, 20.36829 ], [ -97.47474, 20.37232 ], [ -97.47467, 20.383 ], [ -97.4662, 20.3905 ], [ -97.466, 20.40107 ], [ -97.46148, 20.40393 ], [ -97.46469, 20.4081 ], [ -97.46968, 20.40427 ], [ -97.47869, 20.40613 ], [ -97.48026, 20.41057 ], [ -97.4572, 20.41425 ], [ -97.45421, 20.42141 ], [ -97.45045, 20.41741 ], [ -97.44782, 20.42637 ], [ -97.44245, 20.42798 ], [ -97.45194, 20.43047 ], [ -97.44775, 20.45649 ], [ -97.41789, 20.46103 ], [ -97.39925, 20.46963 ], [ -97.3993, 20.47704 ], [ -97.3935, 20.48016 ], [ -97.40403, 20.48767 ], [ -97.39989, 20.50432 ], [ -97.41338, 20.56706 ], [ -97.42024, 20.5796 ], [ -97.43045, 20.58518 ], [ -97.43039, 20.58957 ], [ -97.43698, 20.58852 ], [ -97.4409, 20.59534 ], [ -97.43703, 20.60146 ], [ -97.42241, 20.60461 ], [ -97.416, 20.61552 ], [ -97.40999, 20.61424 ], [ -97.41348, 20.62505 ], [ -97.40196, 20.62282 ], [ -97.40087, 20.63409 ], [ -97.39411, 20.64313 ], [ -97.38053, 20.64896 ], [ -97.37961, 20.65485 ], [ -97.35818, 20.65386 ], [ -97.35101, 20.64922 ], [ -97.34197, 20.6559 ], [ -97.32674, 20.65227 ], [ -97.30655, 20.66234 ], [ -97.28941, 20.64572 ], [ -97.30513, 20.63397 ], [ -97.29232, 20.62669 ], [ -97.29368, 20.61713 ], [ -97.28383, 20.61574 ], [ -97.27782, 20.61966 ], [ -97.27954, 20.63148 ], [ -97.26355, 20.64426 ], [ -97.26414, 20.65428 ], [ -97.25225, 20.65551 ], [ -97.2504, 20.65957 ], [ -97.24335, 20.65396 ], [ -97.23087, 20.66027 ], [ -97.22554, 20.65495 ], [ -97.21235, 20.65375 ], [ -97.19917, 20.66512 ], [ -97.20061, 20.67315 ], [ -97.18066, 20.67072 ], [ -97.16541, 20.64171 ] ] ] } },
{ "type": "Feature", "properties": { "NOMGEO": "Paso del Macho", "CVEGEO": "30125", "POB1": 31894.0, "POB84": 15617.0, "POB42": 16277.0 }, "geometry": { "type": "Polygon", "coordinates": [ [ [ -96.53139, 18.95614 ], [ -96.53303, 18.9524 ], [ -96.51973, 18.95205 ], [ -96.492, 18.93404 ], [ -96.46662, 18.93953 ], [ -96.46773, 18.92997 ], [ -96.49996, 18.92864 ], [ -96.49541, 18.91554 ], [ -96.50905, 18.92242 ], [ -96.52029, 18.91919 ], [ -96.51628, 18.91249 ], [ -96.49399, 18.9112 ], [ -96.49736, 18.90136 ], [ -96.50653, 18.89952 ], [ -96.51474, 18.90625 ], [ -96.52883, 18.90875 ], [ -96.53888, 18.90673 ], [ -96.52413, 18.88243 ], [ -96.51271, 18.87686 ], [ -96.51834, 18.86879 ], [ -96.53153, 18.86572 ], [ -96.54898, 18.876 ], [ -96.55044, 18.88196 ], [ -96.56354, 18.88101 ], [ -96.56857, 18.88927 ], [ -96.57221, 18.88913 ], [ -96.56802, 18.87945 ], [ -96.58583, 18.87918 ], [ -96.58512, 18.87436 ], [ -96.60059, 18.88844 ], [ -96.61738, 18.88745 ], [ -96.62791, 18.88392 ], [ -96.62549, 18.87989 ], [ -96.64465, 18.87388 ], [ -96.6354, 18.8643 ], [ -96.64279, 18.85861 ], [ -96.63637, 18.85221 ], [ -96.64004, 18.84739 ], [ -96.64236, 18.85179 ], [ -96.64802, 18.84799 ], [ -96.64809, 18.85208 ], [ -96.66063, 18.85655 ], [ -96.66867, 18.84746 ], [ -96.69017, 18.85366 ], [ -96.71166, 18.84847 ], [ -96.73309, 18.86777 ], [ -96.73383, 18.88045 ], [ -96.74507, 18.89816 ], [ -96.75205, 18.90029 ], [ -96.76563, 18.93483 ], [ -96.77218, 18.93683 ], [ -96.79417, 18.99498 ], [ -96.79958, 19.00157 ], [ -96.80657, 18.99618 ], [ -96.81016, 19.00087 ], [ -96.81426, 18.99873 ], [ -96.81489, 19.00889 ], [ -96.80808, 19.01407 ], [ -96.8034, 19.02766 ], [ -96.77324, 19.02116 ], [ -96.7427, 19.02672 ], [ -96.72335, 19.02047 ], [ -96.70774, 19.02119 ], [ -96.67706, 19.04094 ], [ -96.67485, 19.04783 ], [ -96.66351, 19.0411 ], [ -96.643, 19.04794 ], [ -96.64606, 19.03723 ], [ -96.66441, 19.03334 ], [ -96.66778, 19.01994 ], [ -96.64195, 19.01357 ], [ -96.61987, 19.02191 ], [ -96.61932, 19.01602 ], [ -96.61129, 19.01661 ], [ -96.61039, 18.9876 ], [ -96.61446, 18.98767 ], [ -96.61679, 18.97815 ], [ -96.63225, 18.97656 ], [ -96.60406, 18.96973 ], [ -96.6168, 18.95775 ], [ -96.61334, 18.95034 ], [ -96.60368, 18.96177 ], [ -96.60032, 18.95503 ], [ -96.57825, 18.96055 ], [ -96.54749, 18.95449 ], [ -96.53139, 18.95614 ] ] ] } },
{ "type": "Feature", "properties": { "NOMGEO": "Paso de Ovejas", "CVEGEO": "30126", "POB1": 33442.0, "POB84": 16531.0, "POB42": 16911.0 }, "geometry": { "type": "Polygon", "coordinates": [ [ [ -96.33953, 19.23106 ], [ -96.32697, 19.2178 ], [ -96.33482, 19.20558 ], [ -96.33232, 19.19878 ], [ -96.35956, 19.18886 ], [ -96.37011, 19.19751 ], [ -96.3818, 19.18823 ], [ -96.41104, 19.18192 ], [ -96.42093, 19.18938 ], [ -96.43378, 19.18374 ], [ -96.45481, 19.18706 ], [ -96.46537, 19.18447 ], [ -96.46351, 19.1815 ], [ -96.46326, 19.17938 ], [ -96.4638, 19.1787 ], [ -96.46713, 19.18402 ], [ -96.46789, 19.17787 ], [ -96.47556, 19.18116 ], [ -96.47471, 19.17693 ], [ -96.48501, 19.18078 ], [ -96.49139, 19.17552 ], [ -96.48783, 19.17481 ], [ -96.4905, 19.17005 ], [ -96.49784, 19.1684 ], [ -96.50198, 19.15008 ], [ -96.50804, 19.15695 ], [ -96.51749, 19.14964 ], [ -96.51302, 19.15666 ], [ -96.5297, 19.15611 ], [ -96.52779, 19.15902 ], [ -96.53309, 19.15893 ], [ -96.53436, 19.16363 ], [ -96.54424, 19.15555 ], [ -96.55999, 19.16789 ], [ -96.56777, 19.16839 ], [ -96.56813, 19.17256 ], [ -96.58912, 19.17281 ], [ -96.5943, 19.18219 ], [ -96.61063, 19.18845 ], [ -96.6118, 19.1947 ], [ -96.62417, 19.20387 ], [ -96.6066, 19.2143 ], [ -96.59525, 19.23166 ], [ -96.58218, 19.23107 ], [ -96.54263, 19.24993 ], [ -96.51477, 19.27787 ], [ -96.49384, 19.28563 ], [ -96.49366, 19.29514 ], [ -96.48838, 19.29393 ], [ -96.47685, 19.30459 ], [ -96.46969, 19.30539 ], [ -96.46537, 19.31185 ], [ -96.4677, 19.31613 ], [ -96.46491, 19.31291 ], [ -96.45152, 19.31858 ], [ -96.43831, 19.33352 ], [ -96.42527, 19.33508 ], [ -96.42153, 19.35214 ], [ -96.41387, 19.34996 ], [ -96.40746, 19.35884 ], [ -96.40683, 19.35368 ], [ -96.39741, 19.35479 ], [ -96.39312, 19.34777 ], [ -96.38853, 19.35283 ], [ -96.39266, 19.36257 ], [ -96.38168, 19.35985 ], [ -96.37795, 19.36528 ], [ -96.35875, 19.34792 ], [ -96.35982, 19.34269 ], [ -96.34944, 19.34124 ], [ -96.35454, 19.33259 ], [ -96.34696, 19.32532 ], [ -96.34573, 19.31463 ], [ -96.32205, 19.29556 ], [ -96.32794, 19.29298 ], [ -96.33953, 19.23106 ] ] ] } },
{ "type": "Feature", "properties": { "NOMGEO": "La Perla", "CVEGEO": "30127", "POB1": 28258.0, "POB84": 13717.0, "POB42": 14541.0 }, "geometry": { "type": "Polygon", "coordinates": [ [ [ -97.11128, 18.97906 ], [ -97.12346, 18.97725 ], [ -97.1277, 18.97085 ], [ -97.12034, 18.95954 ], [ -97.12126, 18.94899 ], [ -97.09425, 18.93698 ], [ -97.08804, 18.92357 ], [ -97.08773, 18.91907 ], [ -97.1063, 18.91078 ], [ -97.11464, 18.93018 ], [ -97.12532, 18.92512 ], [ -97.12628, 18.91926 ], [ -97.13501, 18.92134 ], [ -97.13998, 18.93838 ], [ -97.1605, 18.95553 ], [ -97.1817, 18.95775 ], [ -97.20176, 18.96689 ], [ -97.21453, 18.96355 ], [ -97.21979, 18.97354 ], [ -97.2311, 18.9808 ], [ -97.23705, 18.97104 ], [ -97.23479, 18.96328 ], [ -97.24269, 18.96647 ], [ -97.24124, 18.94956 ], [ -97.25496, 18.94381 ], [ -97.25826, 18.97771 ], [ -97.28512, 18.99987 ], [ -97.2689, 19.02827 ], [ -97.24426, 19.04368 ], [ -97.22435, 19.04477 ], [ -97.22123, 19.04958 ], [ -97.21426, 19.04593 ], [ -97.19434, 19.05392 ], [ -97.1956, 19.04134 ], [ -97.17578, 19.02938 ], [ -97.16323, 19.01133 ], [ -97.12952, 18.99643 ], [ -97.12289, 18.99839 ], [ -97.11121, 18.98913 ], [ -97.10383, 18.98986 ], [ -97.11128, 18.97906 ] ] ] } },
{ "type": "Feature", "properties": { "NOMGEO": "Perote", "CVEGEO": "30128", "POB1": 77432.0, "POB84": 38295.0, "POB42": 39137.0 }, "geometry": { "type": "Polygon", "coordinates": [ [ [ -97.21851, 19.63371 ], [ -97.21846, 19.62763 ], [ -97.20434, 19.6142 ], [ -97.17026, 19.63222 ], [ -97.16609, 19.62806 ], [ -97.16881, 19.6161 ], [ -97.14704, 19.59853 ], [ -97.14047, 19.59535 ], [ -97.1394, 19.6031 ], [ -97.13492, 19.59099 ], [ -97.1233, 19.60126 ], [ -97.12835, 19.57746 ], [ -97.09979, 19.54715 ], [ -97.10384, 19.52485 ], [ -97.11094, 19.51777 ], [ -97.13034, 19.51551 ], [ -97.14982, 19.48796 ], [ -97.16539, 19.48276 ], [ -97.18593, 19.48416 ], [ -97.19746, 19.47695 ], [ -97.21666, 19.47926 ], [ -97.22008, 19.4742 ], [ -97.23268, 19.47524 ], [ -97.24429, 19.46962 ], [ -97.2509, 19.47303 ], [ -97.25174, 19.46862 ], [ -97.25927, 19.47344 ], [ -97.26038, 19.46758 ], [ -97.27218, 19.45858 ], [ -97.27455, 19.45267 ], [ -97.26266, 19.44115 ], [ -97.25795, 19.44238 ], [ -97.25991, 19.43763 ], [ -97.22041, 19.38577 ], [ -97.22332, 19.3825 ], [ -97.27093, 19.38265 ], [ -97.28497, 19.39164 ], [ -97.33775, 19.39253 ], [ -97.34862, 19.37849 ], [ -97.36045, 19.37603 ], [ -97.3717, 19.40306 ], [ -97.3941, 19.4073 ], [ -97.39736, 19.41906 ], [ -97.39241, 19.41785 ], [ -97.38993, 19.42892 ], [ -97.38154, 19.43237 ], [ -97.35728, 19.43238 ], [ -97.35389, 19.44723 ], [ -97.34689, 19.451 ], [ -97.34826, 19.48463 ], [ -97.35573, 19.49291 ], [ -97.36075, 19.48849 ], [ -97.37067, 19.495 ], [ -97.39492, 19.49242 ], [ -97.40456, 19.49587 ], [ -97.40088, 19.50691 ], [ -97.40959, 19.53733 ], [ -97.42237, 19.54406 ], [ -97.42665, 19.54168 ], [ -97.42688, 19.56916 ], [ -97.43428, 19.58885 ], [ -97.42802, 19.6017 ], [ -97.42805, 19.6159 ], [ -97.41643, 19.62797 ], [ -97.40275, 19.61534 ], [ -97.3925, 19.62638 ], [ -97.38497, 19.62794 ], [ -97.3828, 19.63533 ], [ -97.36458, 19.62012 ], [ -97.35859, 19.6278 ], [ -97.35121, 19.61077 ], [ -97.3108, 19.63313 ], [ -97.3052, 19.62367 ], [ -97.30956, 19.60959 ], [ -97.28512, 19.61661 ], [ -97.26163, 19.64564 ], [ -97.21851, 19.63371 ] ] ] } },
{ "type": "Feature", "properties": { "NOMGEO": "Platón Sánchez", "CVEGEO": "30129", "POB1": 18053.0, "POB84": 8687.0, "POB42": 9366.0 }, "geometry": { "type": "Polygon", "coordinates": [ [ [ -98.38553, 21.4049 ], [ -98.38669, 21.39664 ], [ -98.39858, 21.3819 ], [ -98.38638, 21.3679 ], [ -98.37757, 21.37162 ], [ -98.36297, 21.35561 ], [ -98.36851, 21.35093 ], [ -98.36476, 21.33508 ], [ -98.37569, 21.32588 ], [ -98.37135, 21.31378 ], [ -98.38216, 21.31636 ], [ -98.38981, 21.31013 ], [ -98.36513, 21.29887 ], [ -98.36519, 21.29368 ], [ -98.37334, 21.2918 ], [ -98.38135, 21.30061 ], [ -98.38012, 21.28541 ], [ -98.36395, 21.2826 ], [ -98.36308, 21.29281 ], [ -98.34863, 21.30059 ], [ -98.33723, 21.29691 ], [ -98.33894, 21.2848 ], [ -98.33173, 21.28969 ], [ -98.30418, 21.28859 ], [ -98.30233, 21.28007 ], [ -98.28767, 21.29344 ], [ -98.28773, 21.28218 ], [ -98.27723, 21.28873 ], [ -98.27177, 21.28426 ], [ -98.27546, 21.27695 ], [ -98.25608, 21.27406 ], [ -98.26258, 21.26233 ], [ -98.26663, 21.2693 ], [ -98.27008, 21.26779 ], [ -98.26635, 21.25834 ], [ -98.25374, 21.26446 ], [ -98.2506, 21.26139 ], [ -98.25274, 21.25418 ], [ -98.26173, 21.2511 ], [ -98.25262, 21.25016 ], [ -98.24999, 21.23849 ], [ -98.29341, 21.20262 ], [ -98.29846, 21.1932 ], [ -98.2979, 21.1774 ], [ -98.305, 21.18296 ], [ -98.30839, 21.18053 ], [ -98.30957, 21.18941 ], [ -98.32015, 21.20022 ], [ -98.33568, 21.20119 ], [ -98.33922, 21.20811 ], [ -98.33642, 21.21549 ], [ -98.34717, 21.22511 ], [ -98.35375, 21.22352 ], [ -98.35531, 21.23061 ], [ -98.36812, 21.23225 ], [ -98.36739, 21.2411 ], [ -98.37431, 21.24547 ], [ -98.37197, 21.242 ], [ -98.38086, 21.23382 ], [ -98.38493, 21.24218 ], [ -98.38101, 21.25272 ], [ -98.39906, 21.26737 ], [ -98.43359, 21.25664 ], [ -98.43249, 21.26572 ], [ -98.44417, 21.28481 ], [ -98.4535, 21.28138 ], [ -98.46187, 21.28705 ], [ -98.46399, 21.29173 ], [ -98.45836, 21.30372 ], [ -98.46353, 21.3022 ], [ -98.47793, 21.32108 ], [ -98.48149, 21.31753 ], [ -98.48324, 21.32296 ], [ -98.48958, 21.32058 ], [ -98.48728, 21.33155 ], [ -98.49784, 21.32789 ], [ -98.49562, 21.34042 ], [ -98.48518, 21.35015 ], [ -98.47788, 21.34376 ], [ -98.46483, 21.34776 ], [ -98.46996, 21.35754 ], [ -98.46615, 21.36549 ], [ -98.46814, 21.37732 ], [ -98.46417, 21.38128 ], [ -98.45351, 21.37874 ], [ -98.44779, 21.3856 ], [ -98.45904, 21.38879 ], [ -98.45446, 21.39932 ], [ -98.44234, 21.4017 ], [ -98.4461, 21.39726 ], [ -98.43541, 21.39733 ], [ -98.43672, 21.39108 ], [ -98.41332, 21.38343 ], [ -98.40655, 21.38878 ], [ -98.41183, 21.39339 ], [ -98.40201, 21.39584 ], [ -98.40926, 21.40149 ], [ -98.40221, 21.40719 ], [ -98.3928, 21.40316 ], [ -98.39523, 21.41562 ], [ -98.37664, 21.40875 ], [ -98.38553, 21.4049 ] ] ] } },
{ "type": "Feature", "properties": { "NOMGEO": "Playa Vicente", "CVEGEO": "30130", "POB1": 39327.0, "POB84": 18844.0, "POB42": 20483.0 }, "geometry": { "type": "Polygon", "coordinates": [ [ [ -95.72901, 17.91573 ], [ -95.71524, 17.91779 ], [ -95.70092, 17.90886 ], [ -95.70366, 17.90269 ], [ -95.69796, 17.89674 ], [ -95.69679, 17.88147 ], [ -95.67149, 17.88509 ], [ -95.65714, 17.89216 ], [ -95.65194, 17.90971 ], [ -95.63412, 17.90035 ], [ -95.63173, 17.8915 ], [ -95.56274, 17.88331 ], [ -95.55895, 17.88664 ], [ -95.56696, 17.89281 ], [ -95.56578, 17.9022 ], [ -95.55127, 17.89933 ], [ -95.53144, 17.90578 ], [ -95.52308, 17.8999 ], [ -95.52215, 17.88817 ], [ -95.51319, 17.87706 ], [ -95.49026, 17.87373 ], [ -95.47761, 17.85891 ], [ -95.48037, 17.84429 ], [ -95.49562, 17.84425 ], [ -95.49699, 17.832 ], [ -95.48109, 17.83534 ], [ -95.47412, 17.82272 ], [ -95.46874, 17.82172 ], [ -95.47522, 17.80144 ], [ -95.46858, 17.77362 ], [ -95.46343, 17.76988 ], [ -95.44643, 17.77381 ], [ -95.43867, 17.76732 ], [ -95.43872, 17.75645 ], [ -95.43463, 17.75529 ], [ -95.43416, 17.74829 ], [ -95.42898, 17.74823 ], [ -95.42383, 17.73145 ], [ -95.42858, 17.72545 ], [ -95.41031, 17.71549 ], [ -95.41912, 17.70978 ], [ -95.41199, 17.70287 ], [ -95.41448, 17.6969 ], [ -95.39638, 17.68981 ], [ -95.38512, 17.69177 ], [ -95.38242, 17.68392 ], [ -95.36861, 17.68285 ], [ -95.36232, 17.67486 ], [ -95.35387, 17.67419 ], [ -95.35121, 17.67816 ], [ -95.34996, 17.67359 ], [ -95.36789, 17.67366 ], [ -95.36965, 17.66906 ], [ -95.38681, 17.66386 ], [ -95.39532, 17.65178 ], [ -95.40296, 17.65205 ], [ -95.40716, 17.64333 ], [ -95.41303, 17.65186 ], [ -95.4185, 17.64404 ], [ -95.42549, 17.64747 ], [ -95.42683, 17.63657 ], [ -95.43423, 17.63513 ], [ -95.44611, 17.62176 ], [ -95.45608, 17.62309 ], [ -95.45446, 17.6111 ], [ -95.47314, 17.60911 ], [ -95.46269, 17.59689 ], [ -95.47744, 17.58803 ], [ -95.48418, 17.6019 ], [ -95.50632, 17.59077 ], [ -95.50368, 17.58377 ], [ -95.51402, 17.58545 ], [ -95.5147, 17.57971 ], [ -95.52127, 17.57704 ], [ -95.5174, 17.56962 ], [ -95.52479, 17.57602 ], [ -95.52672, 17.57162 ], [ -95.5509, 17.56561 ], [ -95.55394, 17.58107 ], [ -95.56471, 17.58788 ], [ -95.56668, 17.59742 ], [ -95.51119, 17.62833 ], [ -95.52005, 17.64436 ], [ -95.52689, 17.64591 ], [ -95.5307, 17.64109 ], [ -95.52688, 17.63455 ], [ -95.53368, 17.6327 ], [ -95.5342, 17.63733 ], [ -95.54812, 17.63452 ], [ -95.55083, 17.64116 ], [ -95.54648, 17.64278 ], [ -95.55125, 17.65259 ], [ -95.57982, 17.65004 ], [ -95.58091, 17.64275 ], [ -95.59182, 17.63597 ], [ -95.59674, 17.65996 ], [ -95.58927, 17.66073 ], [ -95.59235, 17.66823 ], [ -95.60001, 17.66859 ], [ -95.6023, 17.68564 ], [ -95.60984, 17.68756 ], [ -95.61204, 17.68191 ], [ -95.62641, 17.68384 ], [ -95.62341, 17.69645 ], [ -95.63684, 17.6891 ], [ -95.65126, 17.69489 ], [ -95.66066, 17.73207 ], [ -95.67463, 17.72752 ], [ -95.68656, 17.75063 ], [ -95.72015, 17.72109 ], [ -95.73533, 17.71723 ], [ -95.74904, 17.72265 ], [ -95.75215, 17.69694 ], [ -95.75812, 17.69787 ], [ -95.75981, 17.68618 ], [ -95.76658, 17.68696 ], [ -95.77337, 17.62383 ], [ -95.7825, 17.62577 ], [ -95.78149, 17.63903 ], [ -95.78564, 17.63344 ], [ -95.80331, 17.62937 ], [ -95.80965, 17.63817 ], [ -95.80801, 17.6468 ], [ -95.83063, 17.65263 ], [ -95.84404, 17.67312 ], [ -95.86751, 17.68484 ], [ -95.87102, 17.70217 ], [ -95.89529, 17.70449 ], [ -95.89402, 17.71232 ], [ -95.8734, 17.71713 ], [ -95.8721, 17.72567 ], [ -95.8856, 17.72675 ], [ -95.89211, 17.72061 ], [ -95.89513, 17.72763 ], [ -95.90151, 17.72906 ], [ -95.89924, 17.75365 ], [ -95.88478, 17.77182 ], [ -95.86639, 17.77435 ], [ -95.86896, 17.79662 ], [ -95.85579, 17.80556 ], [ -95.84934, 17.82585 ], [ -95.85882, 17.84478 ], [ -95.8502, 17.84453 ], [ -95.80001, 17.94983 ], [ -95.79552, 17.92735 ], [ -95.78968, 17.93606 ], [ -95.77363, 17.92438 ], [ -95.77188, 17.92879 ], [ -95.75969, 17.92902 ], [ -95.72894, 17.9203 ], [ -95.72901, 17.91573 ] ] ] } },
{ "type": "Feature", "properties": { "NOMGEO": "Poza Rica de Hidalgo", "CVEGEO": "30131", "POB1": 189457.0, "POB84": 88204.0, "POB42": 101253.0 }, "geometry": { "type": "Polygon", "coordinates": [ [ [ -97.45054, 20.49456 ], [ -97.45498, 20.49159 ], [ -97.47434, 20.50579 ], [ -97.48768, 20.50566 ], [ -97.4782, 20.5257 ], [ -97.48219, 20.53789 ], [ -97.44876, 20.56015 ], [ -97.44089, 20.57748 ], [ -97.44957, 20.58311 ], [ -97.43878, 20.59009 ], [ -97.43026, 20.58948 ], [ -97.41338, 20.56706 ], [ -97.39989, 20.50432 ], [ -97.40403, 20.48767 ], [ -97.45054, 20.49456 ] ] ] } },
{ "type": "Feature", "properties": { "NOMGEO": "Las Minas", "CVEGEO": "30107", "POB1": 2934.0, "POB84": 1453.0, "POB42": 1481.0 }, "geometry": { "type": "Polygon", "coordinates": [ [ [ -97.1028, 19.72612 ], [ -97.14244, 19.69687 ], [ -97.13333, 19.68872 ], [ -97.14749, 19.68665 ], [ -97.14024, 19.67114 ], [ -97.15097, 19.64633 ], [ -97.19505, 19.67696 ], [ -97.19891, 19.68375 ], [ -97.18558, 19.68837 ], [ -97.18306, 19.70034 ], [ -97.16917, 19.71458 ], [ -97.16756, 19.72421 ], [ -97.15321, 19.73863 ], [ -97.14437, 19.73894 ], [ -97.14363, 19.74635 ], [ -97.13197, 19.76041 ], [ -97.12739, 19.76016 ], [ -97.1028, 19.72612 ] ] ] } },
{ "type": "Feature", "properties": { "NOMGEO": "Minatitlán", "CVEGEO": "30108", "POB1": 144776.0, "POB84": 68789.0, "POB42": 75987.0 }, "geometry": { "type": "Polygon", "coordinates": [ [ [ -94.44214, 18.00683 ], [ -94.44277, 17.99956 ], [ -94.42963, 17.99645 ], [ -94.43182, 17.99011 ], [ -94.42712, 17.98385 ], [ -94.44983, 17.95125 ], [ -94.4449, 17.94281 ], [ -94.44924, 17.9333 ], [ -94.43811, 17.92374 ], [ -94.44136, 17.91683 ], [ -94.43707, 17.91048 ], [ -94.4127, 17.9125 ], [ -94.39626, 17.90524 ], [ -94.38287, 17.91324 ], [ -94.37174, 17.8979 ], [ -94.3536, 17.91359 ], [ -94.3397, 17.9083 ], [ -94.3399, 17.90448 ], [ -94.30205, 17.91088 ], [ -94.28703, 17.89429 ], [ -94.26724, 17.88781 ], [ -94.27138, 17.87349 ], [ -94.2675, 17.87099 ], [ -94.27189, 17.86235 ], [ -94.2791, 17.8646 ], [ -94.28473, 17.86046 ], [ -94.28502, 17.85528 ], [ -94.29514, 17.8622 ], [ -94.29203, 17.86578 ], [ -94.28561, 17.86372 ], [ -94.28497, 17.86817 ], [ -94.29213, 17.87122 ], [ -94.30113, 17.86558 ], [ -94.29453, 17.85124 ], [ -94.31236, 17.85007 ], [ -94.30808, 17.84114 ], [ -94.31522, 17.83976 ], [ -94.31075, 17.83752 ], [ -94.26345, 17.84985 ], [ -94.25469, 17.83201 ], [ -94.25169, 17.84397 ], [ -94.241, 17.84092 ], [ -94.21567, 17.85789 ], [ -94.20688, 17.85877 ], [ -94.19964, 17.85144 ], [ -94.2016, 17.83757 ], [ -94.22207, 17.79882 ], [ -94.22067, 17.7878 ], [ -94.20926, 17.79882 ], [ -94.20134, 17.79566 ], [ -94.19818, 17.78848 ], [ -94.21405, 17.77877 ], [ -94.22546, 17.76164 ], [ -94.2175, 17.7451 ], [ -94.22676, 17.73385 ], [ -94.20896, 17.73238 ], [ -94.18153, 17.71105 ], [ -94.19147, 17.69544 ], [ -94.17873, 17.67559 ], [ -94.19588, 17.66666 ], [ -94.20089, 17.65526 ], [ -94.18351, 17.65143 ], [ -94.16971, 17.65946 ], [ -94.16681, 17.6457 ], [ -94.14498, 17.63544 ], [ -94.16084, 17.6242 ], [ -94.16852, 17.60028 ], [ -94.15059, 17.60677 ], [ -94.14396, 17.59888 ], [ -94.12269, 17.5907 ], [ -94.14362, 17.5748 ], [ -94.15199, 17.58185 ], [ -94.16574, 17.57314 ], [ -94.1681, 17.58309 ], [ -94.17525, 17.58376 ], [ -94.18019, 17.57111 ], [ -94.19056, 17.56486 ], [ -94.19692, 17.58617 ], [ -94.20226, 17.58704 ], [ -94.20752, 17.57754 ], [ -94.21886, 17.58211 ], [ -94.22541, 17.55623 ], [ -94.20504, 17.55354 ], [ -94.19822, 17.54436 ], [ -94.20769, 17.54065 ], [ -94.22218, 17.54815 ], [ -94.23981, 17.53921 ], [ -94.2333, 17.53591 ], [ -94.23625, 17.53046 ], [ -94.22768, 17.52153 ], [ -94.23216, 17.50851 ], [ -94.22299, 17.51181 ], [ -94.21126, 17.50806 ], [ -94.20415, 17.51762 ], [ -94.19697, 17.5052 ], [ -94.20759, 17.49904 ], [ -94.20345, 17.49103 ], [ -94.20636, 17.48836 ], [ -94.21717, 17.49836 ], [ -94.2281, 17.49094 ], [ -94.23129, 17.47036 ], [ -94.22544, 17.44826 ], [ -94.22165, 17.44976 ], [ -94.20134, 17.4191 ], [ -94.20283, 17.41397 ], [ -94.19834, 17.40986 ], [ -94.18789, 17.41383 ], [ -94.18542, 17.41103 ], [ -94.18494, 17.39191 ], [ -94.20506, 17.37052 ], [ -94.21172, 17.37024 ], [ -94.21652, 17.35739 ], [ -94.20784, 17.32518 ], [ -94.21226, 17.3181 ], [ -94.21627, 17.31682 ], [ -94.25566, 17.40119 ], [ -94.34945, 17.39732 ], [ -94.36155, 17.40142 ], [ -94.36617, 17.41267 ], [ -94.36161, 17.41428 ], [ -94.37337, 17.42962 ], [ -94.3508, 17.43648 ], [ -94.3565, 17.45131 ], [ -94.43406, 17.42649 ], [ -94.42912, 17.4342 ], [ -94.43765, 17.44834 ], [ -94.43378, 17.44774 ], [ -94.43137, 17.45512 ], [ -94.43644, 17.46114 ], [ -94.43468, 17.46719 ], [ -94.44349, 17.46805 ], [ -94.44306, 17.48062 ], [ -94.44525, 17.47762 ], [ -94.45865, 17.4816 ], [ -94.45661, 17.4918 ], [ -94.46551, 17.48775 ], [ -94.47129, 17.5037 ], [ -94.46658, 17.5066 ], [ -94.47286, 17.50879 ], [ -94.46803, 17.51597 ], [ -94.46955, 17.52247 ], [ -94.47821, 17.52327 ], [ -94.47687, 17.52846 ], [ -94.47275, 17.52754 ], [ -94.47277, 17.53616 ], [ -94.46777, 17.53598 ], [ -94.47721, 17.54327 ], [ -94.47314, 17.54677 ], [ -94.47804, 17.55046 ], [ -94.47041, 17.55125 ], [ -94.4741, 17.55423 ], [ -94.46323, 17.56031 ], [ -94.46429, 17.56716 ], [ -94.45309, 17.56768 ], [ -94.44936, 17.58179 ], [ -94.44388, 17.57924 ], [ -94.44666, 17.58197 ], [ -94.44402, 17.58447 ], [ -94.44407, 17.5814 ], [ -94.44198, 17.58068 ], [ -94.43564, 17.59119 ], [ -94.44349, 17.60224 ], [ -94.43609, 17.602 ], [ -94.43887, 17.60622 ], [ -94.43553, 17.60804 ], [ -94.44268, 17.60986 ], [ -94.44322, 17.61134 ], [ -94.43933, 17.61192 ], [ -94.43917, 17.61867 ], [ -94.44285, 17.61873 ], [ -94.4398, 17.62247 ], [ -94.44653, 17.61914 ], [ -94.44938, 17.62114 ], [ -94.44528, 17.62518 ], [ -94.46082, 17.62659 ], [ -94.46618, 17.63206 ], [ -94.46597, 17.64001 ], [ -94.47416, 17.63755 ], [ -94.46787, 17.64393 ], [ -94.47974, 17.64517 ], [ -94.48288, 17.64162 ], [ -94.48701, 17.65336 ], [ -94.49253, 17.64444 ], [ -94.49874, 17.64845 ], [ -94.49731, 17.64204 ], [ -94.50295, 17.63854 ], [ -94.49929, 17.64424 ], [ -94.50693, 17.64254 ], [ -94.50185, 17.64636 ], [ -94.51068, 17.65376 ], [ -94.51062, 17.64672 ], [ -94.51719, 17.64112 ], [ -94.52616, 17.64315 ], [ -94.52439, 17.64849 ], [ -94.53538, 17.65337 ], [ -94.54184, 17.65346 ], [ -94.53942, 17.64696 ], [ -94.55346, 17.64189 ], [ -94.5563, 17.65539 ], [ -94.57075, 17.64594 ], [ -94.57752, 17.64739 ], [ -94.5904, 17.71114 ], [ -94.57954, 17.71696 ], [ -94.58415, 17.71761 ], [ -94.58224, 17.72245 ], [ -94.58744, 17.72282 ], [ -94.59191, 17.73137 ], [ -94.59391, 17.72605 ], [ -94.59511, 17.73001 ], [ -94.59763, 17.72582 ], [ -94.59923, 17.72962 ], [ -94.60233, 17.72733 ], [ -94.59889, 17.74279 ], [ -94.60886, 17.75427 ], [ -94.60518, 17.76898 ], [ -94.59898, 17.76939 ], [ -94.59734, 17.78228 ], [ -94.58746, 17.78523 ], [ -94.57607, 17.80403 ], [ -94.56377, 17.81043 ], [ -94.57775, 17.81625 ], [ -94.60975, 17.80907 ], [ -94.59994, 17.82248 ], [ -94.60435, 17.8245 ], [ -94.61592, 17.81499 ], [ -94.61876, 17.8195 ], [ -94.61398, 17.83145 ], [ -94.62054, 17.83115 ], [ -94.63372, 17.84397 ], [ -94.62241, 17.84805 ], [ -94.62894, 17.85345 ], [ -94.63935, 17.85168 ], [ -94.64483, 17.86297 ], [ -94.65777, 17.86081 ], [ -94.65646, 17.86595 ], [ -94.61978, 17.88532 ], [ -94.62225, 17.90197 ], [ -94.58573, 17.89816 ], [ -94.58568, 17.90639 ], [ -94.57649, 17.91387 ], [ -94.58121, 17.92063 ], [ -94.57418, 17.92237 ], [ -94.57513, 17.93062 ], [ -94.56917, 17.92937 ], [ -94.56432, 17.96094 ], [ -94.57939, 17.96617 ], [ -94.59731, 17.98289 ], [ -94.58755, 17.9841 ], [ -94.58528, 17.97833 ], [ -94.57683, 17.98642 ], [ -94.5871, 17.98936 ], [ -94.58468, 18.00754 ], [ -94.57402, 18.01028 ], [ -94.5582, 18.00184 ], [ -94.55279, 18.00731 ], [ -94.54594, 18.00607 ], [ -94.54839, 18.01191 ], [ -94.53276, 18.02841 ], [ -94.55564, 18.02407 ], [ -94.55324, 18.02045 ], [ -94.56494, 18.01311 ], [ -94.5792, 18.02678 ], [ -94.57003, 18.03817 ], [ -94.57985, 18.08162 ], [ -94.57383, 18.08302 ], [ -94.57566, 18.08885 ], [ -94.56959, 18.09415 ], [ -94.55102, 18.07076 ], [ -94.516, 18.06873 ], [ -94.50379, 18.05143 ], [ -94.49581, 18.05404 ], [ -94.49578, 18.04764 ], [ -94.50294, 18.04151 ], [ -94.49936, 18.02395 ], [ -94.49284, 18.02555 ], [ -94.48615, 18.02017 ], [ -94.47125, 18.02808 ], [ -94.4601, 18.02847 ], [ -94.44214, 18.00683 ] ] ] } },
{ "type": "Feature", "properties": { "NOMGEO": "Oluta", "CVEGEO": "30116", "POB1": 17027.0, "POB84": 8178.0, "POB42": 8849.0 }, "geometry": { "type": "Polygon", "coordinates": [ [ [ -94.89988, 17.84034 ], [ -94.89554, 17.84745 ], [ -94.90003, 17.85182 ], [ -94.91146, 17.85118 ], [ -94.91072, 17.86022 ], [ -94.92498, 17.86515 ], [ -94.93274, 17.87394 ], [ -94.93511, 17.87925 ], [ -94.92919, 17.89051 ], [ -94.94956, 17.89645 ], [ -94.94483, 17.90298 ], [ -94.92001, 17.90225 ], [ -94.91701, 17.9113 ], [ -94.93923, 17.90997 ], [ -94.91949, 17.93498 ], [ -94.91372, 17.93364 ], [ -94.89282, 17.95225 ], [ -94.85654, 17.95518 ], [ -94.85988, 17.94171 ], [ -94.84795, 17.93774 ], [ -94.84647, 17.92446 ], [ -94.85528, 17.90329 ], [ -94.86679, 17.90125 ], [ -94.85594, 17.8901 ], [ -94.85289, 17.87761 ], [ -94.86818, 17.86339 ], [ -94.89409, 17.85823 ], [ -94.88957, 17.84441 ], [ -94.89326, 17.83687 ], [ -94.89988, 17.84034 ] ] ] } },
{ "type": "Feature", "properties": { "NOMGEO": "Las Vigas de Ramírez", "CVEGEO": "30132", "POB1": 20300.0, "POB84": 9962.0, "POB42": 10338.0 }, "geometry": { "type": "Polygon", "coordinates": [ [ [ -97.05691, 19.6705 ], [ -97.05, 19.66934 ], [ -97.06389, 19.66127 ], [ -97.06415, 19.65628 ], [ -97.04525, 19.6622 ], [ -97.03648, 19.65564 ], [ -97.0222, 19.65651 ], [ -97.02946, 19.6476 ], [ -97.0225, 19.63809 ], [ -97.03077, 19.63689 ], [ -97.03446, 19.64167 ], [ -97.03362, 19.63527 ], [ -97.04325, 19.63446 ], [ -97.0332, 19.63156 ], [ -97.03425, 19.62555 ], [ -97.04141, 19.62417 ], [ -97.04102, 19.61518 ], [ -97.09071, 19.58616 ], [ -97.09352, 19.57681 ], [ -97.08768, 19.5753 ], [ -97.08648, 19.56666 ], [ -97.09511, 19.56801 ], [ -97.09735, 19.56238 ], [ -97.09122, 19.55176 ], [ -97.09887, 19.54734 ], [ -97.12778, 19.57546 ], [ -97.12312, 19.60108 ], [ -97.13492, 19.59099 ], [ -97.13785, 19.60213 ], [ -97.1405, 19.60374 ], [ -97.14104, 19.59503 ], [ -97.16881, 19.6161 ], [ -97.15174, 19.62204 ], [ -97.1498, 19.62963 ], [ -97.15576, 19.63858 ], [ -97.15097, 19.64633 ], [ -97.11655, 19.65068 ], [ -97.11862, 19.66689 ], [ -97.11234, 19.65933 ], [ -97.0967, 19.65333 ], [ -97.07479, 19.67497 ], [ -97.07872, 19.68398 ], [ -97.06833, 19.68503 ], [ -97.05691, 19.6705 ] ] ] } },
{ "type": "Feature", "properties": { "NOMGEO": "Pueblo Viejo", "CVEGEO": "30133", "POB1": 57909.0, "POB84": 28756.0, "POB42": 29153.0 }, "geometry": { "type": "Polygon", "coordinates": [ [ [ -97.80733, 22.15333 ], [ -97.83698, 22.15225 ], [ -97.84602, 22.14266 ], [ -97.86002, 22.14801 ], [ -97.88176, 22.13731 ], [ -97.89724, 22.11971 ], [ -97.8928, 22.10919 ], [ -97.89465, 22.09383 ], [ -97.88723, 22.08859 ], [ -97.9061, 22.09347 ], [ -97.91945, 22.08357 ], [ -97.92253, 22.07063 ], [ -97.95292, 22.07725 ], [ -97.93485, 22.10593 ], [ -97.93285, 22.11459 ], [ -97.93695, 22.12134 ], [ -97.97324, 22.12394 ], [ -97.98332, 22.10126 ], [ -97.97812, 22.07952 ], [ -98.00169, 22.07053 ], [ -98.00948, 22.07295 ], [ -98.01339, 22.06717 ], [ -98.01874, 22.07004 ], [ -98.02386, 22.06367 ], [ -98.03096, 22.06755 ], [ -98.03922, 22.08805 ], [ -98.07825, 22.09518 ], [ -98.08985, 22.10671 ], [ -98.08647, 22.115 ], [ -98.05193, 22.10122 ], [ -98.0435, 22.10245 ], [ -98.04112, 22.12291 ], [ -98.06536, 22.13258 ], [ -98.06578, 22.14132 ], [ -98.05761, 22.14757 ], [ -98.04377, 22.14834 ], [ -98.03897, 22.1441 ], [ -98.04312, 22.13498 ], [ -98.03915, 22.12926 ], [ -98.02967, 22.13207 ], [ -98.01856, 22.14509 ], [ -97.99962, 22.15183 ], [ -98.00029, 22.1579 ], [ -98.01245, 22.16863 ], [ -98.01594, 22.18244 ], [ -97.99108, 22.21084 ], [ -97.94471, 22.20621 ], [ -97.91302, 22.22074 ], [ -97.89496, 22.22238 ], [ -97.84489, 22.20697 ], [ -97.83769, 22.21243 ], [ -97.83649, 22.22993 ], [ -97.82481, 22.24415 ], [ -97.79241, 22.26035 ], [ -97.77435, 22.26392 ], [ -97.79041, 22.25989 ], [ -97.79371, 22.2497 ], [ -97.78524, 22.16628 ], [ -97.80733, 22.15333 ] ] ] } },
{ "type": "Feature", "properties": { "NOMGEO": "Puente Nacional", "CVEGEO": "30134", "POB1": 23544.0, "POB84": 11493.0, "POB42": 12051.0 }, "geometry": { "type": "Polygon", "coordinates": [ [ [ -96.37226, 19.38144 ], [ -96.38193, 19.37228 ], [ -96.38479, 19.36058 ], [ -96.39266, 19.36257 ], [ -96.39017, 19.34928 ], [ -96.3965, 19.34891 ], [ -96.39817, 19.3551 ], [ -96.40683, 19.35368 ], [ -96.40746, 19.35884 ], [ -96.41387, 19.34996 ], [ -96.42153, 19.35214 ], [ -96.42527, 19.33508 ], [ -96.43831, 19.33352 ], [ -96.45152, 19.31858 ], [ -96.46491, 19.31291 ], [ -96.4677, 19.31613 ], [ -96.46537, 19.31185 ], [ -96.46969, 19.30539 ], [ -96.47685, 19.30459 ], [ -96.48838, 19.29393 ], [ -96.49366, 19.29514 ], [ -96.49384, 19.28563 ], [ -96.51477, 19.27787 ], [ -96.54263, 19.24993 ], [ -96.58218, 19.23107 ], [ -96.59525, 19.23166 ], [ -96.6066, 19.2143 ], [ -96.62369, 19.20397 ], [ -96.65165, 19.19675 ], [ -96.65038, 19.20876 ], [ -96.66151, 19.2036 ], [ -96.66775, 19.20683 ], [ -96.66704, 19.2021 ], [ -96.67726, 19.19844 ], [ -96.67713, 19.19292 ], [ -96.68491, 19.19536 ], [ -96.69606, 19.18855 ], [ -96.72132, 19.1891 ], [ -96.69536, 19.20114 ], [ -96.7265, 19.20532 ], [ -96.76278, 19.19668 ], [ -96.78678, 19.20347 ], [ -96.81893, 19.20276 ], [ -96.80673, 19.20999 ], [ -96.80732, 19.21957 ], [ -96.77144, 19.23283 ], [ -96.76793, 19.22972 ], [ -96.72366, 19.24992 ], [ -96.69476, 19.25434 ], [ -96.68101, 19.26949 ], [ -96.66717, 19.2749 ], [ -96.65575, 19.27159 ], [ -96.65111, 19.2779 ], [ -96.63525, 19.27764 ], [ -96.60925, 19.29311 ], [ -96.61482, 19.30251 ], [ -96.60432, 19.30936 ], [ -96.60055, 19.32099 ], [ -96.57644, 19.32548 ], [ -96.57115, 19.33603 ], [ -96.56042, 19.33944 ], [ -96.56315, 19.35141 ], [ -96.55955, 19.35564 ], [ -96.56396, 19.36014 ], [ -96.54299, 19.36939 ], [ -96.54067, 19.39756 ], [ -96.53655, 19.39492 ], [ -96.53073, 19.40324 ], [ -96.51436, 19.39949 ], [ -96.51369, 19.41723 ], [ -96.49537, 19.41867 ], [ -96.48077, 19.43828 ], [ -96.46418, 19.39636 ], [ -96.43436, 19.39704 ], [ -96.42781, 19.40567 ], [ -96.41339, 19.41203 ], [ -96.40291, 19.40918 ], [ -96.40024, 19.40113 ], [ -96.38675, 19.4039 ], [ -96.37709, 19.40072 ], [ -96.37226, 19.38144 ] ] ] } },
{ "type": "Feature", "properties": { "NOMGEO": "Rafael Delgado", "CVEGEO": "30135", "POB1": 24127.0, "POB84": 11804.0, "POB42": 12323.0 }, "geometry": { "type": "Polygon", "coordinates": [ [ [ -97.08058, 18.82917 ], [ -97.06931, 18.83188 ], [ -97.06277, 18.82714 ], [ -97.05752, 18.81059 ], [ -97.04657, 18.79857 ], [ -97.06408, 18.78799 ], [ -97.0703, 18.80135 ], [ -97.07589, 18.803 ], [ -97.07483, 18.80868 ], [ -97.08566, 18.80399 ], [ -97.09135, 18.81272 ], [ -97.09557, 18.81223 ], [ -97.11166, 18.80133 ], [ -97.11055, 18.79166 ], [ -97.12192, 18.78033 ], [ -97.11162, 18.75693 ], [ -97.12063, 18.75846 ], [ -97.13169, 18.77 ], [ -97.14049, 18.7673 ], [ -97.13177, 18.79642 ], [ -97.12077, 18.80736 ], [ -97.12278, 18.81242 ], [ -97.09757, 18.82099 ], [ -97.09781, 18.83366 ], [ -97.08058, 18.82917 ] ] ] } },
{ "type": "Feature", "properties": { "NOMGEO": "Rafael Lucio", "CVEGEO": "30136", "POB1": 8343.0, "POB84": 4024.0, "POB42": 4319.0 }, "geometry": { "type": "Polygon", "coordinates": [ [ [ -96.97173, 19.5901 ], [ -96.95832, 19.59112 ], [ -96.95835, 19.58737 ], [ -96.99739, 19.57907 ], [ -96.99616, 19.61132 ], [ -97.00254, 19.61701 ], [ -96.98021, 19.62052 ], [ -96.97438, 19.61316 ], [ -96.9746, 19.60206 ], [ -96.96841, 19.59668 ], [ -96.97173, 19.5901 ] ] ] } },
{ "type": "Feature", "properties": { "NOMGEO": "Los Reyes", "CVEGEO": "30137", "POB1": 6308.0, "POB84": 3097.0, "POB42": 3211.0 }, "geometry": { "type": "Polygon", "coordinates": [ [ [ -97.01457, 18.69537 ], [ -97.00799, 18.68631 ], [ -97.02766, 18.67107 ], [ -97.0214, 18.66875 ], [ -97.02423, 18.65553 ], [ -97.02021, 18.65088 ], [ -97.03787, 18.64558 ], [ -97.04163, 18.64868 ], [ -97.07835, 18.62938 ], [ -97.08471, 18.64122 ], [ -97.07848, 18.64137 ], [ -97.06402, 18.66388 ], [ -97.05507, 18.66532 ], [ -97.05373, 18.68562 ], [ -97.06678, 18.69946 ], [ -97.06286, 18.70355 ], [ -97.06965, 18.70321 ], [ -97.06219, 18.70626 ], [ -97.04918, 18.70401 ], [ -97.0524, 18.71451 ], [ -97.04308, 18.71297 ], [ -97.03953, 18.70399 ], [ -97.03284, 18.70835 ], [ -97.01392, 18.70322 ], [ -97.01457, 18.69537 ] ] ] } },
{ "type": "Feature", "properties": { "NOMGEO": "Tempoal", "CVEGEO": "30161", "POB1": 34408.0, "POB84": 16866.0, "POB42": 17542.0 }, "geometry": { "type": "Polygon", "coordinates": [ [ [ -98.15539, 21.70709 ], [ -98.15956, 21.69895 ], [ -98.15535, 21.68964 ], [ -98.14856, 21.69321 ], [ -98.14267, 21.68736 ], [ -98.14916, 21.68049 ], [ -98.14075, 21.67581 ], [ -98.14349, 21.67234 ], [ -98.1302, 21.66711 ], [ -98.12769, 21.65957 ], [ -98.11519, 21.6524 ], [ -98.10793, 21.65575 ], [ -98.10715, 21.64814 ], [ -98.09631, 21.6469 ], [ -98.081, 21.63429 ], [ -98.08982, 21.63222 ], [ -98.09606, 21.63603 ], [ -98.1022, 21.63101 ], [ -98.10812, 21.62206 ], [ -98.10934, 21.59409 ], [ -98.12659, 21.59479 ], [ -98.13894, 21.58718 ], [ -98.14771, 21.59023 ], [ -98.14728, 21.5803 ], [ -98.15733, 21.57403 ], [ -98.15819, 21.56841 ], [ -98.17904, 21.57067 ], [ -98.18893, 21.58207 ], [ -98.2027, 21.57967 ], [ -98.23209, 21.56378 ], [ -98.2273, 21.55465 ], [ -98.24258, 21.55095 ], [ -98.24346, 21.5381 ], [ -98.25236, 21.5324 ], [ -98.2496, 21.51741 ], [ -98.25512, 21.50751 ], [ -98.24688, 21.50196 ], [ -98.24249, 21.49471 ], [ -98.24438, 21.48778 ], [ -98.23765, 21.48206 ], [ -98.24069, 21.47216 ], [ -98.25092, 21.47853 ], [ -98.25801, 21.46971 ], [ -98.24406, 21.46328 ], [ -98.24464, 21.45816 ], [ -98.26735, 21.45688 ], [ -98.26726, 21.4809 ], [ -98.25947, 21.48754 ], [ -98.2687, 21.50326 ], [ -98.27602, 21.50103 ], [ -98.297, 21.47804 ], [ -98.30679, 21.47614 ], [ -98.31745, 21.46686 ], [ -98.31726, 21.47917 ], [ -98.32865, 21.47712 ], [ -98.32445, 21.46245 ], [ -98.33594, 21.46795 ], [ -98.33702, 21.46231 ], [ -98.34586, 21.45901 ], [ -98.34592, 21.45104 ], [ -98.32768, 21.42772 ], [ -98.34657, 21.40102 ], [ -98.35072, 21.40187 ], [ -98.34916, 21.39532 ], [ -98.35623, 21.38924 ], [ -98.37795, 21.41181 ], [ -98.39393, 21.41622 ], [ -98.39707, 21.41066 ], [ -98.39302, 21.40284 ], [ -98.40221, 21.40719 ], [ -98.40926, 21.40149 ], [ -98.40201, 21.39584 ], [ -98.41183, 21.39339 ], [ -98.40655, 21.38911 ], [ -98.40923, 21.38435 ], [ -98.43672, 21.39108 ], [ -98.43488, 21.39672 ], [ -98.44582, 21.3971 ], [ -98.44085, 21.40018 ], [ -98.44438, 21.40213 ], [ -98.45703, 21.39676 ], [ -98.45904, 21.38879 ], [ -98.44779, 21.3856 ], [ -98.45351, 21.37874 ], [ -98.46784, 21.37871 ], [ -98.46965, 21.38862 ], [ -98.48109, 21.3884 ], [ -98.47983, 21.3966 ], [ -98.48611, 21.39852 ], [ -98.48804, 21.39143 ], [ -98.50151, 21.38564 ], [ -98.51054, 21.40196 ], [ -98.52164, 21.40475 ], [ -98.5193, 21.4155 ], [ -98.52464, 21.44016 ], [ -98.51691, 21.4607 ], [ -98.5356, 21.49247 ], [ -98.53226, 21.50114 ], [ -98.55745, 21.52198 ], [ -98.56505, 21.52009 ], [ -98.57963, 21.52716 ], [ -98.58507, 21.53577 ], [ -98.60225, 21.54043 ], [ -98.59882, 21.55043 ], [ -98.60778, 21.55579 ], [ -98.6054, 21.56691 ], [ -98.61341, 21.57986 ], [ -98.62575, 21.58546 ], [ -98.62051, 21.58824 ], [ -98.62565, 21.5926 ], [ -98.61935, 21.60246 ], [ -98.62113, 21.62782 ], [ -98.62805, 21.63048 ], [ -98.63536, 21.6263 ], [ -98.64366, 21.63094 ], [ -98.63374, 21.64259 ], [ -98.63322, 21.65389 ], [ -98.62056, 21.65307 ], [ -98.60947, 21.66723 ], [ -98.6114, 21.67187 ], [ -98.62572, 21.67412 ], [ -98.61841, 21.684 ], [ -98.59856, 21.66917 ], [ -98.58952, 21.66913 ], [ -98.55085, 21.69149 ], [ -98.53648, 21.64633 ], [ -98.51615, 21.64382 ], [ -98.51487, 21.64785 ], [ -98.48893, 21.65667 ], [ -98.48099, 21.66999 ], [ -98.44801, 21.67779 ], [ -98.42849, 21.66512 ], [ -98.41076, 21.66384 ], [ -98.42267, 21.65519 ], [ -98.32574, 21.67191 ], [ -98.32396, 21.68679 ], [ -98.2424, 21.70567 ], [ -98.22741, 21.70363 ], [ -98.22518, 21.71426 ], [ -98.21021, 21.71202 ], [ -98.20505, 21.72183 ], [ -98.19073, 21.71739 ], [ -98.1913, 21.71152 ], [ -98.18714, 21.71482 ], [ -98.15952, 21.71148 ], [ -98.15539, 21.70709 ] ] ] } },
{ "type": "Feature", "properties": { "NOMGEO": "Tenampa", "CVEGEO": "30162", "POB1": 6448.0, "POB84": 3225.0, "POB42": 3223.0 }, "geometry": { "type": "Polygon", "coordinates": [ [ [ -96.83112, 19.24788 ], [ -96.83598, 19.23968 ], [ -96.8569, 19.2266 ], [ -96.88088, 19.21799 ], [ -96.91707, 19.22924 ], [ -96.89821, 19.24234 ], [ -96.89865, 19.25216 ], [ -96.87736, 19.26197 ], [ -96.87085, 19.27305 ], [ -96.85445, 19.28097 ], [ -96.85342, 19.28843 ], [ -96.83176, 19.29983 ], [ -96.81963, 19.2987 ], [ -96.79266, 19.28322 ], [ -96.77001, 19.28793 ], [ -96.75396, 19.27332 ], [ -96.77854, 19.26899 ], [ -96.82579, 19.24671 ], [ -96.83112, 19.24788 ] ] ] } },
{ "type": "Feature", "properties": { "NOMGEO": "Tenochtitlán", "CVEGEO": "30163", "POB1": 5040.0, "POB84": 2482.0, "POB42": 2558.0 }, "geometry": { "type": "Polygon", "coordinates": [ [ [ -96.90343, 19.76899 ], [ -96.93229, 19.75516 ], [ -96.94694, 19.76836 ], [ -96.95655, 19.7634 ], [ -96.96317, 19.76996 ], [ -96.97217, 19.76931 ], [ -96.96712, 19.77713 ], [ -96.96859, 19.78392 ], [ -96.9883, 19.77886 ], [ -96.9941, 19.785 ], [ -96.99679, 19.80026 ], [ -96.98751, 19.79561 ], [ -96.97538, 19.79686 ], [ -96.97109, 19.80085 ], [ -96.97795, 19.80602 ], [ -96.964, 19.80739 ], [ -96.95996, 19.81484 ], [ -96.96494, 19.82415 ], [ -96.97475, 19.8238 ], [ -96.97558, 19.83213 ], [ -96.98858, 19.83283 ], [ -96.94994, 19.86449 ], [ -96.95583, 19.87699 ], [ -96.9563, 19.89521 ], [ -96.94933, 19.89504 ], [ -96.93067, 19.87646 ], [ -96.91207, 19.84797 ], [ -96.91375, 19.83949 ], [ -96.90589, 19.83007 ], [ -96.91104, 19.82591 ], [ -96.89863, 19.82346 ], [ -96.89742, 19.79079 ], [ -96.88948, 19.78473 ], [ -96.90529, 19.78175 ], [ -96.8956, 19.76757 ], [ -96.90343, 19.76899 ] ] ] } },
{ "type": "Feature", "properties": { "NOMGEO": "Teocelo", "CVEGEO": "30164", "POB1": 16957.0, "POB84": 8217.0, "POB42": 8740.0 }, "geometry": { "type": "Polygon", "coordinates": [ [ [ -96.886, 19.38508 ], [ -96.86998, 19.38035 ], [ -96.86046, 19.38447 ], [ -96.84173, 19.37399 ], [ -96.84434, 19.36899 ], [ -96.85592, 19.3725 ], [ -96.85469, 19.36464 ], [ -96.8691, 19.35499 ], [ -96.87216, 19.35924 ], [ -96.87284, 19.35291 ], [ -96.87944, 19.35328 ], [ -96.88154, 19.34475 ], [ -96.88641, 19.34292 ], [ -96.91632, 19.35198 ], [ -96.92227, 19.34918 ], [ -96.93159, 19.3699 ], [ -96.93348, 19.36559 ], [ -96.94172, 19.36457 ], [ -96.94424, 19.36864 ], [ -96.97145, 19.35594 ], [ -96.99138, 19.35997 ], [ -97.01281, 19.35507 ], [ -97.0154, 19.36098 ], [ -97.00508, 19.37285 ], [ -96.9972, 19.37447 ], [ -97.00276, 19.37664 ], [ -96.99958, 19.38046 ], [ -97.01451, 19.38648 ], [ -97.02778, 19.38573 ], [ -97.0306, 19.3916 ], [ -97.02021, 19.39666 ], [ -97.01163, 19.39329 ], [ -96.98843, 19.40353 ], [ -96.97909, 19.39853 ], [ -96.97059, 19.40184 ], [ -96.93078, 19.38979 ], [ -96.90733, 19.37514 ], [ -96.90549, 19.36868 ], [ -96.8952, 19.37181 ], [ -96.886, 19.38508 ] ] ] } },
{ "type": "Feature", "properties": { "NOMGEO": "Tepatlaxco", "CVEGEO": "30165", "POB1": 8925.0, "POB84": 4530.0, "POB42": 4395.0 }, "geometry": { "type": "Polygon", "coordinates": [ [ [ -96.84394, 19.07525 ], [ -96.83855, 19.07844 ], [ -96.83883, 19.06933 ], [ -96.80581, 19.03178 ], [ -96.80808, 19.01407 ], [ -96.8212, 19.00463 ], [ -96.83286, 19.0034 ], [ -96.83849, 19.00851 ], [ -96.84721, 19.00281 ], [ -96.853, 19.00893 ], [ -96.8675, 19.01241 ], [ -96.88178, 19.00433 ], [ -96.87893, 19.03469 ], [ -96.88238, 19.03975 ], [ -96.87441, 19.0463 ], [ -96.8929, 19.06137 ], [ -96.89641, 19.08766 ], [ -96.87606, 19.09355 ], [ -96.84394, 19.07525 ] ] ] } },
{ "type": "Feature", "properties": { "NOMGEO": "Tepetlán", "CVEGEO": "30166", "POB1": 9405.0, "POB84": 4807.0, "POB42": 4598.0 }, "geometry": { "type": "Polygon", "coordinates": [ [ [ -96.71737, 19.70669 ], [ -96.71448, 19.69459 ], [ -96.72021, 19.69524 ], [ -96.72767, 19.67356 ], [ -96.74375, 19.67371 ], [ -96.7349, 19.66605 ], [ -96.74446, 19.66317 ], [ -96.74423, 19.64418 ], [ -96.74972, 19.63558 ], [ -96.75311, 19.63725 ], [ -96.75154, 19.63197 ], [ -96.75686, 19.63105 ], [ -96.74746, 19.61762 ], [ -96.7593, 19.61557 ], [ -96.76012, 19.61161 ], [ -96.76727, 19.62016 ], [ -96.76995, 19.60403 ], [ -96.77762, 19.60279 ], [ -96.78329, 19.59325 ], [ -96.79657, 19.59295 ], [ -96.80928, 19.61287 ], [ -96.79535, 19.62161 ], [ -96.79418, 19.63512 ], [ -96.80158, 19.64905 ], [ -96.81042, 19.65659 ], [ -96.8163, 19.65422 ], [ -96.82238, 19.66651 ], [ -96.82938, 19.66973 ], [ -96.83098, 19.67293 ], [ -96.824, 19.67301 ], [ -96.83026, 19.68347 ], [ -96.82236, 19.68348 ], [ -96.82283, 19.69398 ], [ -96.8147, 19.6927 ], [ -96.81356, 19.69889 ], [ -96.79505, 19.69981 ], [ -96.79185, 19.71688 ], [ -96.78897, 19.71148 ], [ -96.77307, 19.71308 ], [ -96.78164, 19.72492 ], [ -96.7699, 19.73544 ], [ -96.76945, 19.7274 ], [ -96.76242, 19.73234 ], [ -96.75063, 19.72655 ], [ -96.74981, 19.71507 ], [ -96.7413, 19.70898 ], [ -96.72998, 19.71902 ], [ -96.71737, 19.70669 ] ] ] } },
{ "type": "Feature", "properties": { "NOMGEO": "Tepetzintla", "CVEGEO": "30167", "POB1": 14619.0, "POB84": 7196.0, "POB42": 7423.0 }, "geometry": { "type": "Polygon", "coordinates": [ [ [ -97.82708, 21.21874 ], [ -97.83175, 21.21796 ], [ -97.8442, 21.1968 ], [ -97.84425, 21.18514 ], [ -97.83268, 21.18019 ], [ -97.80688, 21.18508 ], [ -97.77926, 21.16421 ], [ -97.77593, 21.14345 ], [ -97.76275, 21.13743 ], [ -97.75524, 21.13944 ], [ -97.75768, 21.1249 ], [ -97.75535, 21.1121 ], [ -97.75085, 21.11099 ], [ -97.75256, 21.1033 ], [ -97.74778, 21.10282 ], [ -97.75034, 21.09451 ], [ -97.75784, 21.09189 ], [ -97.75872, 21.08662 ], [ -97.76553, 21.09132 ], [ -97.77042, 21.08883 ], [ -97.77224, 21.09599 ], [ -97.7863, 21.09641 ], [ -97.79268, 21.10677 ], [ -97.80118, 21.1042 ], [ -97.81145, 21.11248 ], [ -97.81312, 21.12283 ], [ -97.83418, 21.12663 ], [ -97.83233, 21.11755 ], [ -97.81967, 21.10633 ], [ -97.85691, 21.08603 ], [ -97.85421, 21.06793 ], [ -97.85781, 21.07048 ], [ -97.87468, 21.06478 ], [ -97.87252, 21.06727 ], [ -97.88022, 21.06816 ], [ -97.87987, 21.07375 ], [ -97.89384, 21.07444 ], [ -97.9039, 21.09609 ], [ -97.91738, 21.10162 ], [ -97.91712, 21.1062 ], [ -97.93882, 21.10139 ], [ -97.94995, 21.10653 ], [ -97.94251, 21.10732 ], [ -97.943, 21.11491 ], [ -97.95056, 21.11548 ], [ -97.94749, 21.12705 ], [ -97.95091, 21.13215 ], [ -97.94104, 21.15043 ], [ -97.94442, 21.16038 ], [ -97.94156, 21.16682 ], [ -97.95186, 21.16902 ], [ -97.95694, 21.18053 ], [ -97.96768, 21.18567 ], [ -97.95817, 21.18465 ], [ -97.9496, 21.19635 ], [ -97.93914, 21.19969 ], [ -97.91531, 21.19791 ], [ -97.90352, 21.21652 ], [ -97.87702, 21.23706 ], [ -97.86126, 21.23216 ], [ -97.85547, 21.22312 ], [ -97.84826, 21.22791 ], [ -97.8421, 21.22404 ], [ -97.83323, 21.23089 ], [ -97.82708, 21.21874 ] ] ] } },
{ "type": "Feature", "properties": { "NOMGEO": "Tequila", "CVEGEO": "30168", "POB1": 16343.0, "POB84": 8066.0, "POB42": 8277.0 }, "geometry": { "type": "Polygon", "coordinates": [ [ [ -96.95963, 18.76848 ], [ -96.96363, 18.76476 ], [ -96.95296, 18.75262 ], [ -96.98587, 18.72709 ], [ -96.98813, 18.71454 ], [ -96.99516, 18.70977 ], [ -96.99312, 18.70391 ], [ -97.00735, 18.70056 ], [ -97.03284, 18.70835 ], [ -97.03604, 18.70332 ], [ -97.04308, 18.71297 ], [ -97.0524, 18.71451 ], [ -97.04918, 18.70401 ], [ -97.06219, 18.70626 ], [ -97.07394, 18.70199 ], [ -97.07421, 18.71271 ], [ -97.08546, 18.71605 ], [ -97.08642, 18.7083 ], [ -97.09175, 18.70641 ], [ -97.10187, 18.70615 ], [ -97.10021, 18.71255 ], [ -97.10772, 18.71091 ], [ -97.11289, 18.70188 ], [ -97.12832, 18.7041 ], [ -97.12108, 18.70836 ], [ -97.13554, 18.73701 ], [ -97.13538, 18.76294 ], [ -97.13073, 18.76626 ], [ -97.10454, 18.74879 ], [ -97.09148, 18.74994 ], [ -97.08619, 18.75753 ], [ -97.07988, 18.75762 ], [ -97.06948, 18.74715 ], [ -97.06669, 18.75913 ], [ -97.05834, 18.75983 ], [ -97.04699, 18.74755 ], [ -97.03926, 18.74815 ], [ -97.02433, 18.75654 ], [ -97.02209, 18.76263 ], [ -97.01263, 18.75643 ], [ -97.00721, 18.77109 ], [ -96.99734, 18.76926 ], [ -96.98407, 18.7787 ], [ -96.98794, 18.79444 ], [ -96.97475, 18.7988 ], [ -96.98037, 18.79359 ], [ -96.97762, 18.78473 ], [ -96.95963, 18.76848 ] ] ] } },
{ "type": "Feature", "properties": { "NOMGEO": "Río Blanco", "CVEGEO": "30138", "POB1": 41795.0, "POB84": 19312.0, "POB42": 22483.0 }, "geometry": { "type": "Polygon", "coordinates": [ [ [ -97.11723, 18.82896 ], [ -97.13521, 18.83673 ], [ -97.1503, 18.8302 ], [ -97.15164, 18.82512 ], [ -97.16106, 18.8341 ], [ -97.17072, 18.83055 ], [ -97.1802, 18.86081 ], [ -97.17652, 18.86346 ], [ -97.16556, 18.85844 ], [ -97.1576, 18.8656 ], [ -97.14575, 18.84641 ], [ -97.14085, 18.85321 ], [ -97.13183, 18.85366 ], [ -97.13091, 18.8447 ], [ -97.11812, 18.84288 ], [ -97.11018, 18.83202 ], [ -97.11723, 18.82896 ] ] ] } },
{ "type": "Feature", "properties": { "NOMGEO": "Saltabarranca", "CVEGEO": "30139", "POB1": 6126.0, "POB84": 2952.0, "POB42": 3174.0 }, "geometry": { "type": "Polygon", "coordinates": [ [ [ -95.4602, 18.57589 ], [ -95.46716, 18.57177 ], [ -95.46972, 18.55353 ], [ -95.48375, 18.55434 ], [ -95.48172, 18.56354 ], [ -95.49263, 18.55933 ], [ -95.49264, 18.55398 ], [ -95.48617, 18.55096 ], [ -95.49611, 18.5385 ], [ -95.49686, 18.52777 ], [ -95.50317, 18.52409 ], [ -95.4987, 18.51893 ], [ -95.50479, 18.49546 ], [ -95.49987, 18.48379 ], [ -95.50983, 18.4717 ], [ -95.52357, 18.48829 ], [ -95.5331, 18.4854 ], [ -95.53679, 18.49861 ], [ -95.54233, 18.49877 ], [ -95.54056, 18.51231 ], [ -95.53289, 18.51216 ], [ -95.54334, 18.53294 ], [ -95.55027, 18.53507 ], [ -95.55321, 18.54396 ], [ -95.56293, 18.55104 ], [ -95.57175, 18.55236 ], [ -95.57333, 18.56115 ], [ -95.56686, 18.56931 ], [ -95.56678, 18.58109 ], [ -95.58024, 18.59046 ], [ -95.57671, 18.59484 ], [ -95.58077, 18.5953 ], [ -95.58176, 18.60505 ], [ -95.57178, 18.6149 ], [ -95.56838, 18.61185 ], [ -95.55115, 18.62142 ], [ -95.54473, 18.60842 ], [ -95.49285, 18.61131 ], [ -95.4681, 18.60387 ], [ -95.4602, 18.57589 ] ] ] } },
{ "type": "Feature", "properties": { "NOMGEO": "José Azueta", "CVEGEO": "30169", "POB1": 22709.0, "POB84": 11136.0, "POB42": 11573.0 }, "geometry": { "type": "Polygon", "coordinates": [ [ [ -95.60478, 18.34015 ], [ -95.59805, 18.3345 ], [ -95.58967, 18.33928 ], [ -95.5844, 18.32985 ], [ -95.59905, 18.32914 ], [ -95.59201, 18.32451 ], [ -95.59745, 18.31076 ], [ -95.5929, 18.30379 ], [ -95.57939, 18.29827 ], [ -95.5902, 18.29488 ], [ -95.59058, 18.29089 ], [ -95.57183, 18.28923 ], [ -95.56252, 18.28376 ], [ -95.55873, 18.27391 ], [ -95.56235, 18.26851 ], [ -95.57126, 18.26864 ], [ -95.57278, 18.2604 ], [ -95.58019, 18.25893 ], [ -95.57953, 18.24246 ], [ -95.56825, 18.24229 ], [ -95.57019, 18.23467 ], [ -95.58534, 18.24363 ], [ -95.58505, 18.23991 ], [ -95.59608, 18.23598 ], [ -95.59215, 18.228 ], [ -95.60686, 18.2308 ], [ -95.60969, 18.21355 ], [ -95.62183, 18.22304 ], [ -95.62887, 18.22275 ], [ -95.63305, 18.21965 ], [ -95.63347, 18.20514 ], [ -95.64567, 18.20479 ], [ -95.64644, 18.18228 ], [ -95.65171, 18.18995 ], [ -95.65798, 18.18909 ], [ -95.64637, 18.17434 ], [ -95.66164, 18.16807 ], [ -95.65047, 18.16891 ], [ -95.65105, 18.15863 ], [ -95.63876, 18.15322 ], [ -95.65371, 18.14385 ], [ -95.65087, 18.12301 ], [ -95.66731, 18.12292 ], [ -95.6622, 18.11419 ], [ -95.6619, 18.09446 ], [ -95.63893, 18.0914 ], [ -95.63904, 18.08989 ], [ -95.63261, 18.08899 ], [ -95.62545, 18.08554 ], [ -95.62994, 18.07088 ], [ -95.64558, 18.06842 ], [ -95.64974, 18.05166 ], [ -95.64422, 18.04584 ], [ -95.6479, 18.02099 ], [ -95.65937, 18.00894 ], [ -95.65615, 18.0032 ], [ -95.66021, 17.99231 ], [ -95.66912, 17.99831 ], [ -95.67137, 17.9925 ], [ -95.68379, 17.99753 ], [ -95.69255, 17.99227 ], [ -95.69975, 17.98211 ], [ -95.69792, 17.95872 ], [ -95.71732, 17.95352 ], [ -95.7124, 17.94733 ], [ -95.72894, 17.9203 ], [ -95.75969, 17.92902 ], [ -95.77188, 17.92879 ], [ -95.77363, 17.92438 ], [ -95.78968, 17.93606 ], [ -95.79552, 17.92735 ], [ -95.82424, 18.081 ], [ -95.80979, 18.08458 ], [ -95.80885, 18.08843 ], [ -95.79539, 18.08825 ], [ -95.79271, 18.09294 ], [ -95.78089, 18.09301 ], [ -95.77534, 18.10261 ], [ -95.77921, 18.10463 ], [ -95.7754, 18.10831 ], [ -95.77851, 18.12987 ], [ -95.7695, 18.13006 ], [ -95.76664, 18.13805 ], [ -95.77046, 18.14264 ], [ -95.76498, 18.14265 ], [ -95.76543, 18.15065 ], [ -95.7286, 18.16401 ], [ -95.72621, 18.18227 ], [ -95.72187, 18.18724 ], [ -95.70766, 18.18879 ], [ -95.70514, 18.20758 ], [ -95.71472, 18.20382 ], [ -95.72498, 18.21198 ], [ -95.7002, 18.23605 ], [ -95.68251, 18.23765 ], [ -95.683, 18.25072 ], [ -95.65396, 18.26201 ], [ -95.65736, 18.27684 ], [ -95.64467, 18.27995 ], [ -95.64117, 18.2955 ], [ -95.64623, 18.29623 ], [ -95.64234, 18.30446 ], [ -95.6615, 18.30845 ], [ -95.66352, 18.31578 ], [ -95.6556, 18.31826 ], [ -95.65868, 18.32317 ], [ -95.65165, 18.33613 ], [ -95.64448, 18.33764 ], [ -95.64093, 18.33373 ], [ -95.6407, 18.33727 ], [ -95.64332, 18.34482 ], [ -95.65944, 18.34937 ], [ -95.6397, 18.35634 ], [ -95.63748, 18.35141 ], [ -95.59407, 18.35442 ], [ -95.60478, 18.34015 ] ] ] } },
{ "type": "Feature", "properties": { "NOMGEO": "Texcatepec", "CVEGEO": "30170", "POB1": 10824.0, "POB84": 5274.0, "POB42": 5550.0 }, "geometry": { "type": "Polygon", "coordinates": [ [ [ -98.21207, 20.68015 ], [ -98.20446, 20.67247 ], [ -98.20102, 20.6816 ], [ -98.1956, 20.67074 ], [ -98.20406, 20.65212 ], [ -98.211, 20.64764 ], [ -98.20877, 20.63692 ], [ -98.2131, 20.6358 ], [ -98.21444, 20.64083 ], [ -98.22214, 20.63494 ], [ -98.23144, 20.61181 ], [ -98.2497, 20.60437 ], [ -98.26569, 20.59076 ], [ -98.28576, 20.584 ], [ -98.29295, 20.57553 ], [ -98.29829, 20.57516 ], [ -98.29593, 20.5871 ], [ -98.31653, 20.58961 ], [ -98.32329, 20.58298 ], [ -98.32307, 20.55874 ], [ -98.33782, 20.55049 ], [ -98.34661, 20.54963 ], [ -98.36968, 20.56143 ], [ -98.38168, 20.55782 ], [ -98.38577, 20.54618 ], [ -98.39865, 20.54172 ], [ -98.4052, 20.54446 ], [ -98.40727, 20.55885 ], [ -98.41259, 20.56265 ], [ -98.39793, 20.57162 ], [ -98.4041, 20.60365 ], [ -98.39358, 20.60477 ], [ -98.37781, 20.61583 ], [ -98.36474, 20.64689 ], [ -98.33888, 20.64884 ], [ -98.35491, 20.66793 ], [ -98.33007, 20.69056 ], [ -98.29734, 20.70254 ], [ -98.29483, 20.69544 ], [ -98.30401, 20.68753 ], [ -98.28347, 20.66944 ], [ -98.26465, 20.68362 ], [ -98.25856, 20.68097 ], [ -98.25982, 20.67435 ], [ -98.25255, 20.67788 ], [ -98.2546, 20.66979 ], [ -98.24847, 20.67554 ], [ -98.2386, 20.67591 ], [ -98.2355, 20.68167 ], [ -98.22178, 20.67869 ], [ -98.20946, 20.68825 ], [ -98.21207, 20.68015 ] ] ] } },
{ "type": "Feature", "properties": { "NOMGEO": "Texhuacán", "CVEGEO": "30171", "POB1": 5575.0, "POB84": 2644.0, "POB42": 2931.0 }, "geometry": { "type": "Polygon", "coordinates": [ [ [ -97.01489, 18.63439 ], [ -97.00828, 18.6364 ], [ -96.99649, 18.62618 ], [ -96.98158, 18.63647 ], [ -96.97578, 18.63571 ], [ -96.97537, 18.6182 ], [ -96.98498, 18.62357 ], [ -96.99121, 18.61814 ], [ -96.98986, 18.61323 ], [ -97.00026, 18.60847 ], [ -97.01337, 18.61534 ], [ -97.01801, 18.61244 ], [ -97.01914, 18.59932 ], [ -97.00798, 18.59786 ], [ -97.00895, 18.59282 ], [ -97.0182, 18.59331 ], [ -97.01869, 18.58687 ], [ -97.03958, 18.58956 ], [ -97.03905, 18.58591 ], [ -97.04807, 18.58144 ], [ -97.04896, 18.58894 ], [ -97.06124, 18.59833 ], [ -97.07835, 18.62938 ], [ -97.04163, 18.64868 ], [ -97.03787, 18.64558 ], [ -97.02021, 18.65088 ], [ -97.01489, 18.63439 ] ] ] } },
{ "type": "Feature", "properties": { "NOMGEO": "Texistepec", "CVEGEO": "30172", "POB1": 19925.0, "POB84": 9801.0, "POB42": 10124.0 }, "geometry": { "type": "Polygon", "coordinates": [ [ [ -94.69892, 17.70553 ], [ -94.71769, 17.68808 ], [ -94.72524, 17.67013 ], [ -94.71535, 17.65827 ], [ -94.74308, 17.64789 ], [ -94.75097, 17.63573 ], [ -94.74962, 17.63007 ], [ -94.72952, 17.61485 ], [ -94.72774, 17.60627 ], [ -94.75615, 17.5968 ], [ -94.76101, 17.58434 ], [ -94.76916, 17.58587 ], [ -94.76977, 17.58012 ], [ -94.77773, 17.57943 ], [ -94.77714, 17.57491 ], [ -94.78852, 17.57787 ], [ -94.79054, 17.58349 ], [ -94.79587, 17.57772 ], [ -94.79809, 17.58287 ], [ -94.80288, 17.58052 ], [ -94.80044, 17.61803 ], [ -94.80648, 17.61873 ], [ -94.80424, 17.63843 ], [ -94.81204, 17.64073 ], [ -94.8036, 17.64905 ], [ -94.80354, 17.66339 ], [ -94.80868, 17.66944 ], [ -94.80987, 17.68549 ], [ -94.82434, 17.69437 ], [ -94.82462, 17.69878 ], [ -94.82827, 17.69752 ], [ -94.8241, 17.70296 ], [ -94.83129, 17.71405 ], [ -94.81914, 17.72997 ], [ -94.8313, 17.7382 ], [ -94.84533, 17.73787 ], [ -94.85828, 17.74372 ], [ -94.86557, 17.73971 ], [ -94.87039, 17.74728 ], [ -94.87944, 17.74992 ], [ -94.8769, 17.76291 ], [ -94.86891, 17.76478 ], [ -94.85206, 17.75821 ], [ -94.83916, 17.76383 ], [ -94.84026, 17.77617 ], [ -94.87151, 17.77727 ], [ -94.89134, 17.79988 ], [ -94.89252, 17.81607 ], [ -94.88096, 17.83079 ], [ -94.88388, 17.83691 ], [ -94.89326, 17.83687 ], [ -94.88957, 17.84441 ], [ -94.89436, 17.85778 ], [ -94.86818, 17.86339 ], [ -94.85289, 17.87761 ], [ -94.85594, 17.8901 ], [ -94.86679, 17.90125 ], [ -94.85528, 17.90329 ], [ -94.84647, 17.92446 ], [ -94.84795, 17.93774 ], [ -94.85988, 17.94171 ], [ -94.85654, 17.95518 ], [ -94.83505, 17.96722 ], [ -94.82859, 17.96515 ], [ -94.8212, 17.97327 ], [ -94.81559, 17.97286 ], [ -94.81423, 17.96795 ], [ -94.79135, 17.98009 ], [ -94.78581, 17.9787 ], [ -94.78717, 17.96636 ], [ -94.79257, 17.96848 ], [ -94.79865, 17.95818 ], [ -94.78296, 17.95553 ], [ -94.7863, 17.94195 ], [ -94.78274, 17.92992 ], [ -94.77514, 17.92928 ], [ -94.75769, 17.94064 ], [ -94.76117, 17.92954 ], [ -94.78232, 17.91434 ], [ -94.77021, 17.91045 ], [ -94.7725, 17.89726 ], [ -94.76575, 17.89615 ], [ -94.76637, 17.88508 ], [ -94.71722, 17.87706 ], [ -94.72165, 17.87029 ], [ -94.71334, 17.86126 ], [ -94.71767, 17.85304 ], [ -94.72366, 17.85923 ], [ -94.72073, 17.84894 ], [ -94.73713, 17.83566 ], [ -94.7463, 17.84097 ], [ -94.7528, 17.82966 ], [ -94.75974, 17.82902 ], [ -94.75913, 17.81867 ], [ -94.76327, 17.82638 ], [ -94.77274, 17.81862 ], [ -94.77429, 17.81471 ], [ -94.76334, 17.80727 ], [ -94.77041, 17.80588 ], [ -94.76841, 17.79971 ], [ -94.77419, 17.80088 ], [ -94.77153, 17.79799 ], [ -94.77784, 17.79408 ], [ -94.77908, 17.78161 ], [ -94.75598, 17.77458 ], [ -94.75945, 17.76855 ], [ -94.75492, 17.75225 ], [ -94.73647, 17.75028 ], [ -94.74009, 17.74463 ], [ -94.73619, 17.73923 ], [ -94.71671, 17.74164 ], [ -94.7149, 17.73549 ], [ -94.70746, 17.73603 ], [ -94.71638, 17.71899 ], [ -94.70372, 17.71564 ], [ -94.69892, 17.70553 ] ] ] } },
{ "type": "Feature", "properties": { "NOMGEO": "Tezonapa", "CVEGEO": "30173", "POB1": 54537.0, "POB84": 26811.0, "POB42": 27726.0 }, "geometry": { "type": "Polygon", "coordinates": [ [ [ -96.6887, 18.63879 ], [ -96.67497, 18.62434 ], [ -96.67246, 18.60757 ], [ -96.67901, 18.60778 ], [ -96.69383, 18.59121 ], [ -96.68876, 18.58122 ], [ -96.70215, 18.58123 ], [ -96.69094, 18.56797 ], [ -96.69963, 18.55334 ], [ -96.7156, 18.57324 ], [ -96.72422, 18.55899 ], [ -96.71183, 18.54806 ], [ -96.7269, 18.52983 ], [ -96.71903, 18.52213 ], [ -96.71415, 18.52756 ], [ -96.70617, 18.52634 ], [ -96.70287, 18.51027 ], [ -96.68802, 18.51264 ], [ -96.68154, 18.50327 ], [ -96.69108, 18.48983 ], [ -96.68566, 18.48961 ], [ -96.68254, 18.47506 ], [ -96.69024, 18.46897 ], [ -96.68819, 18.46273 ], [ -96.69275, 18.46236 ], [ -96.69288, 18.45755 ], [ -96.70532, 18.45671 ], [ -96.70527, 18.43545 ], [ -96.70904, 18.43242 ], [ -96.705, 18.43201 ], [ -96.70971, 18.42995 ], [ -96.70591, 18.42289 ], [ -96.68104, 18.4122 ], [ -96.68144, 18.38566 ], [ -96.67505, 18.38423 ], [ -96.68161, 18.37558 ], [ -96.69183, 18.38085 ], [ -96.6926, 18.36624 ], [ -96.69625, 18.36475 ], [ -96.69772, 18.38207 ], [ -96.73233, 18.3737 ], [ -96.74104, 18.38261 ], [ -96.72865, 18.39574 ], [ -96.73126, 18.40136 ], [ -96.72492, 18.40818 ], [ -96.7435, 18.40733 ], [ -96.75367, 18.41172 ], [ -96.75908, 18.40826 ], [ -96.7709, 18.42298 ], [ -96.76319, 18.42705 ], [ -96.78101, 18.42907 ], [ -96.77755, 18.43432 ], [ -96.78482, 18.4442 ], [ -96.77542, 18.44809 ], [ -96.78617, 18.45793 ], [ -96.78094, 18.46592 ], [ -96.78921, 18.46714 ], [ -96.79579, 18.48022 ], [ -96.79296, 18.49191 ], [ -96.79784, 18.49695 ], [ -96.79416, 18.50213 ], [ -96.79701, 18.51194 ], [ -96.81345, 18.51762 ], [ -96.82404, 18.51111 ], [ -96.82509, 18.49811 ], [ -96.83938, 18.4931 ], [ -96.84633, 18.50538 ], [ -96.86736, 18.51468 ], [ -96.86325, 18.51613 ], [ -96.86621, 18.53953 ], [ -96.83947, 18.5528 ], [ -96.84251, 18.55691 ], [ -96.83374, 18.588 ], [ -96.8352, 18.59255 ], [ -96.84079, 18.58975 ], [ -96.84108, 18.59442 ], [ -96.84496, 18.59299 ], [ -96.8523, 18.61026 ], [ -96.86158, 18.60954 ], [ -96.86128, 18.6298 ], [ -96.87568, 18.62123 ], [ -96.87993, 18.62439 ], [ -96.88145, 18.64039 ], [ -96.87203, 18.65133 ], [ -96.86357, 18.65331 ], [ -96.8681, 18.66468 ], [ -96.86653, 18.67568 ], [ -96.87575, 18.68693 ], [ -96.88832, 18.68422 ], [ -96.87661, 18.69627 ], [ -96.88518, 18.70243 ], [ -96.88688, 18.71647 ], [ -96.89813, 18.7195 ], [ -96.88973, 18.72536 ], [ -96.88223, 18.74862 ], [ -96.87166, 18.75233 ], [ -96.84718, 18.74389 ], [ -96.84261, 18.75259 ], [ -96.83475, 18.7456 ], [ -96.82439, 18.74451 ], [ -96.8205, 18.73653 ], [ -96.80906, 18.73731 ], [ -96.80558, 18.72561 ], [ -96.78776, 18.71363 ], [ -96.78428, 18.70316 ], [ -96.77937, 18.70366 ], [ -96.77228, 18.69394 ], [ -96.76458, 18.69718 ], [ -96.75083, 18.6917 ], [ -96.7469, 18.69471 ], [ -96.73319, 18.68774 ], [ -96.7082, 18.65815 ], [ -96.68414, 18.64426 ], [ -96.6887, 18.63879 ] ] ] } },
{ "type": "Feature", "properties": { "NOMGEO": "Tierra Blanca", "CVEGEO": "30174", "POB1": 95602.0, "POB84": 45759.0, "POB42": 49843.0 }, "geometry": { "type": "Polygon", "coordinates": [ [ [ -96.43608, 18.71542 ], [ -96.42075, 18.70164 ], [ -96.43606, 18.70329 ], [ -96.43039, 18.68651 ], [ -96.4149, 18.68349 ], [ -96.41066, 18.68883 ], [ -96.39448, 18.68664 ], [ -96.38417, 18.69181 ], [ -96.3764, 18.68726 ], [ -96.36074, 18.69518 ], [ -96.34141, 18.67819 ], [ -96.3348, 18.67782 ], [ -96.32865, 18.66723 ], [ -96.30958, 18.66804 ], [ -96.2897, 18.66038 ], [ -96.28217, 18.66804 ], [ -96.27491, 18.66813 ], [ -96.24731, 18.65677 ], [ -96.24546, 18.64842 ], [ -96.22911, 18.64708 ], [ -96.2252, 18.65204 ], [ -96.20429, 18.63835 ], [ -96.19557, 18.64857 ], [ -96.17458, 18.65334 ], [ -96.16002, 18.64413 ], [ -96.14602, 18.6258 ], [ -96.14137, 18.62672 ], [ -96.13419, 18.60695 ], [ -96.12475, 18.60194 ], [ -96.11977, 18.60285 ], [ -96.11972, 18.60828 ], [ -96.08846, 18.61333 ], [ -96.07538, 18.60925 ], [ -96.07136, 18.60082 ], [ -96.06045, 18.6034 ], [ -96.05095, 18.59611 ], [ -96.04449, 18.59953 ], [ -96.03598, 18.59535 ], [ -96.03889, 18.58018 ], [ -96.03524, 18.58164 ], [ -96.03423, 18.57557 ], [ -96.02876, 18.57703 ], [ -96.02783, 18.56967 ], [ -96.01444, 18.5674 ], [ -96.00484, 18.55356 ], [ -96.01135, 18.53501 ], [ -95.99505, 18.52691 ], [ -95.98512, 18.52766 ], [ -95.97681, 18.51766 ], [ -96.01372, 18.48711 ], [ -96.00443, 18.47867 ], [ -95.99134, 18.47803 ], [ -95.98576, 18.48216 ], [ -95.98694, 18.47414 ], [ -95.98244, 18.47069 ], [ -95.99065, 18.46968 ], [ -96.0009, 18.44896 ], [ -95.99791, 18.44281 ], [ -96.00098, 18.43406 ], [ -95.99191, 18.4353 ], [ -95.98469, 18.42498 ], [ -95.99238, 18.40162 ], [ -96.01807, 18.38805 ], [ -96.02435, 18.38949 ], [ -96.03269, 18.40454 ], [ -96.04453, 18.40025 ], [ -96.06066, 18.41606 ], [ -96.07446, 18.40897 ], [ -96.10499, 18.42173 ], [ -96.11175, 18.4161 ], [ -96.12033, 18.42297 ], [ -96.13438, 18.41762 ], [ -96.13911, 18.41016 ], [ -96.15062, 18.41084 ], [ -96.1501, 18.40556 ], [ -96.15916, 18.40205 ], [ -96.16281, 18.38971 ], [ -96.17772, 18.38578 ], [ -96.18762, 18.39377 ], [ -96.19921, 18.39555 ], [ -96.2311, 18.39244 ], [ -96.26125, 18.40824 ], [ -96.2815, 18.38609 ], [ -96.27965, 18.37578 ], [ -96.28922, 18.37778 ], [ -96.29757, 18.36487 ], [ -96.30013, 18.3668 ], [ -96.29041, 18.31665 ], [ -96.29445, 18.31243 ], [ -96.29675, 18.31742 ], [ -96.30734, 18.32012 ], [ -96.31001, 18.32281 ], [ -96.30561, 18.32903 ], [ -96.31354, 18.32809 ], [ -96.31752, 18.33978 ], [ -96.31353, 18.34576 ], [ -96.31995, 18.35536 ], [ -96.31733, 18.36454 ], [ -96.33505, 18.37252 ], [ -96.33107, 18.37923 ], [ -96.33932, 18.37563 ], [ -96.34534, 18.3797 ], [ -96.34902, 18.38844 ], [ -96.34455, 18.39851 ], [ -96.35259, 18.41025 ], [ -96.36173, 18.40708 ], [ -96.36779, 18.41737 ], [ -96.37416, 18.4174 ], [ -96.3762, 18.42465 ], [ -96.38925, 18.42838 ], [ -96.38934, 18.44048 ], [ -96.39331, 18.43706 ], [ -96.40298, 18.43992 ], [ -96.4001, 18.44418 ], [ -96.4036, 18.44635 ], [ -96.4046, 18.46778 ], [ -96.4124, 18.46476 ], [ -96.41802, 18.47048 ], [ -96.41818, 18.47606 ], [ -96.41119, 18.47692 ], [ -96.41656, 18.49927 ], [ -96.42348, 18.5018 ], [ -96.42076, 18.51046 ], [ -96.45503, 18.54929 ], [ -96.45111, 18.55713 ], [ -96.45731, 18.57044 ], [ -96.47327, 18.57331 ], [ -96.47735, 18.57994 ], [ -96.48874, 18.58125 ], [ -96.49975, 18.5895 ], [ -96.50876, 18.58946 ], [ -96.51733, 18.58158 ], [ -96.52547, 18.58777 ], [ -96.5373, 18.58395 ], [ -96.54132, 18.58825 ], [ -96.56095, 18.5877 ], [ -96.59537, 18.61148 ], [ -96.61527, 18.61813 ], [ -96.62821, 18.63193 ], [ -96.62024, 18.64506 ], [ -96.6115, 18.64973 ], [ -96.61786, 18.66111 ], [ -96.61527, 18.67747 ], [ -96.59183, 18.68007 ], [ -96.5904, 18.68978 ], [ -96.59861, 18.69292 ], [ -96.59851, 18.70175 ], [ -96.59143, 18.70531 ], [ -96.58881, 18.70051 ], [ -96.58501, 18.70471 ], [ -96.57671, 18.70362 ], [ -96.57688, 18.70778 ], [ -96.56688, 18.7077 ], [ -96.56783, 18.71944 ], [ -96.57995, 18.7246 ], [ -96.57894, 18.73071 ], [ -96.5874, 18.73189 ], [ -96.58418, 18.7388 ], [ -96.57842, 18.73518 ], [ -96.5768, 18.73882 ], [ -96.54451, 18.73492 ], [ -96.5191, 18.72604 ], [ -96.48326, 18.74073 ], [ -96.4769, 18.73618 ], [ -96.45609, 18.74211 ], [ -96.43807, 18.74144 ], [ -96.43608, 18.71542 ] ] ] } },
{ "type": "Feature", "properties": { "NOMGEO": "Tihuatlán", "CVEGEO": "30175", "POB1": 92726.0, "POB84": 44657.0, "POB42": 48069.0 }, "geometry": { "type": "Polygon", "coordinates": [ [ [ -97.4057, 20.72198 ], [ -97.41019, 20.72101 ], [ -97.40649, 20.7106 ], [ -97.39558, 20.70538 ], [ -97.38479, 20.68981 ], [ -97.381, 20.69939 ], [ -97.3662, 20.68225 ], [ -97.3661, 20.67817 ], [ -97.37746, 20.67436 ], [ -97.37082, 20.67046 ], [ -97.37328, 20.65971 ], [ -97.38053, 20.64896 ], [ -97.39411, 20.64313 ], [ -97.40087, 20.63409 ], [ -97.40196, 20.62282 ], [ -97.41348, 20.62505 ], [ -97.40999, 20.61424 ], [ -97.416, 20.61552 ], [ -97.42366, 20.60373 ], [ -97.43773, 20.60072 ], [ -97.43882, 20.58992 ], [ -97.44996, 20.5818 ], [ -97.44089, 20.57748 ], [ -97.44827, 20.56074 ], [ -97.48177, 20.5385 ], [ -97.4782, 20.5257 ], [ -97.49568, 20.49749 ], [ -97.50253, 20.50053 ], [ -97.50951, 20.49757 ], [ -97.51554, 20.50425 ], [ -97.52307, 20.48875 ], [ -97.53137, 20.48402 ], [ -97.5418, 20.48851 ], [ -97.55208, 20.50736 ], [ -97.55357, 20.50454 ], [ -97.57832, 20.53743 ], [ -97.57499, 20.54334 ], [ -97.58353, 20.5483 ], [ -97.58795, 20.56107 ], [ -97.58995, 20.55615 ], [ -97.61008, 20.56391 ], [ -97.62544, 20.56358 ], [ -97.62544, 20.55844 ], [ -97.63666, 20.55371 ], [ -97.6482, 20.56631 ], [ -97.65764, 20.55572 ], [ -97.65896, 20.54512 ], [ -97.67632, 20.55546 ], [ -97.68477, 20.55426 ], [ -97.68046, 20.56715 ], [ -97.68517, 20.57344 ], [ -97.7019, 20.57187 ], [ -97.69342, 20.60268 ], [ -97.70484, 20.60167 ], [ -97.71539, 20.60909 ], [ -97.71265, 20.62035 ], [ -97.70492, 20.62513 ], [ -97.7023, 20.64111 ], [ -97.65842, 20.63793 ], [ -97.65765, 20.64127 ], [ -97.66529, 20.64135 ], [ -97.66552, 20.64796 ], [ -97.65903, 20.6483 ], [ -97.66143, 20.6582 ], [ -97.65344, 20.65411 ], [ -97.63753, 20.65886 ], [ -97.63193, 20.65605 ], [ -97.62589, 20.66945 ], [ -97.61646, 20.66701 ], [ -97.60617, 20.67069 ], [ -97.61233, 20.67833 ], [ -97.61085, 20.68806 ], [ -97.61759, 20.68742 ], [ -97.61679, 20.69199 ], [ -97.61041, 20.69074 ], [ -97.60956, 20.69591 ], [ -97.59948, 20.69755 ], [ -97.60611, 20.70348 ], [ -97.59994, 20.70529 ], [ -97.60168, 20.7284 ], [ -97.59668, 20.74057 ], [ -97.60434, 20.74745 ], [ -97.59184, 20.74506 ], [ -97.59117, 20.75315 ], [ -97.58602, 20.75594 ], [ -97.58814, 20.76368 ], [ -97.58265, 20.77213 ], [ -97.5859, 20.77388 ], [ -97.58044, 20.79252 ], [ -97.57485, 20.79618 ], [ -97.58576, 20.80198 ], [ -97.58822, 20.81135 ], [ -97.57355, 20.81279 ], [ -97.55932, 20.82677 ], [ -97.55763, 20.8208 ], [ -97.54241, 20.81827 ], [ -97.54166, 20.82223 ], [ -97.53034, 20.82333 ], [ -97.51948, 20.83766 ], [ -97.52951, 20.84656 ], [ -97.5284, 20.85766 ], [ -97.52225, 20.85423 ], [ -97.51974, 20.85975 ], [ -97.51419, 20.854 ], [ -97.51381, 20.85935 ], [ -97.49742, 20.8397 ], [ -97.49132, 20.8489 ], [ -97.49123, 20.86745 ], [ -97.46996, 20.86266 ], [ -97.47317, 20.85153 ], [ -97.46456, 20.85738 ], [ -97.46446, 20.85226 ], [ -97.45706, 20.84783 ], [ -97.45832, 20.8321 ], [ -97.46391, 20.82871 ], [ -97.47893, 20.8416 ], [ -97.4842, 20.8341 ], [ -97.48114, 20.82898 ], [ -97.48852, 20.83399 ], [ -97.49509, 20.83188 ], [ -97.49762, 20.81962 ], [ -97.47886, 20.81944 ], [ -97.48149, 20.80901 ], [ -97.47383, 20.79108 ], [ -97.47613, 20.78691 ], [ -97.45957, 20.77104 ], [ -97.468, 20.75878 ], [ -97.46442, 20.75576 ], [ -97.45887, 20.75988 ], [ -97.44243, 20.74524 ], [ -97.43771, 20.75081 ], [ -97.43013, 20.7412 ], [ -97.42132, 20.74193 ], [ -97.42374, 20.73873 ], [ -97.41881, 20.73597 ], [ -97.41464, 20.74149 ], [ -97.40862, 20.73923 ], [ -97.4057, 20.72198 ] ] ] } },
{ "type": "Feature", "properties": { "NOMGEO": "Tlacojalpan", "CVEGEO": "30176", "POB1": 4489.0, "POB84": 2219.0, "POB42": 2270.0 }, "geometry": { "type": "Polygon", "coordinates": [ [ [ -95.91106, 18.24057 ], [ -95.91155, 18.22185 ], [ -95.89383, 18.22364 ], [ -95.87887, 18.19777 ], [ -95.89, 18.18836 ], [ -95.8987, 18.1903 ], [ -95.91081, 18.18495 ], [ -95.91367, 18.17105 ], [ -95.90968, 18.17021 ], [ -95.90825, 18.16082 ], [ -95.91241, 18.15281 ], [ -95.89791, 18.15079 ], [ -95.89548, 18.14645 ], [ -95.90274, 18.1357 ], [ -95.91342, 18.13848 ], [ -95.91369, 18.15193 ], [ -95.92213, 18.1508 ], [ -95.92219, 18.14106 ], [ -95.92574, 18.14643 ], [ -95.93334, 18.14167 ], [ -95.93643, 18.14683 ], [ -95.93237, 18.15135 ], [ -95.93725, 18.15663 ], [ -95.95253, 18.15983 ], [ -95.95908, 18.15706 ], [ -95.95842, 18.15299 ], [ -95.96694, 18.15431 ], [ -95.97753, 18.14906 ], [ -95.98168, 18.14295 ], [ -96.00246, 18.17161 ], [ -96.00596, 18.16586 ], [ -96.01546, 18.16727 ], [ -96.00695, 18.18476 ], [ -95.98253, 18.18933 ], [ -95.98538, 18.19213 ], [ -95.97988, 18.19966 ], [ -95.99137, 18.19856 ], [ -95.99896, 18.20723 ], [ -95.98869, 18.22447 ], [ -95.976, 18.23287 ], [ -95.97989, 18.2389 ], [ -95.99313, 18.23906 ], [ -95.99093, 18.25072 ], [ -95.97685, 18.25072 ], [ -95.96169, 18.23122 ], [ -95.96195, 18.2255 ], [ -95.97217, 18.21598 ], [ -95.9528, 18.22515 ], [ -95.95739, 18.24262 ], [ -95.95266, 18.25024 ], [ -95.91974, 18.24679 ], [ -95.91106, 18.24057 ] ] ] } },
{ "type": "Feature", "properties": { "NOMGEO": "San Andrés Tenejapan", "CVEGEO": "30140", "POB1": 3134.0, "POB84": 1520.0, "POB42": 1614.0 }, "geometry": { "type": "Polygon", "coordinates": [ [ [ -97.07522, 18.77324 ], [ -97.065, 18.75516 ], [ -97.06948, 18.74715 ], [ -97.07988, 18.75762 ], [ -97.08619, 18.75753 ], [ -97.09148, 18.74994 ], [ -97.10567, 18.74926 ], [ -97.122, 18.77863 ], [ -97.111, 18.79075 ], [ -97.09681, 18.78856 ], [ -97.09787, 18.79287 ], [ -97.08732, 18.79595 ], [ -97.06774, 18.78737 ], [ -97.07522, 18.77324 ] ] ] } },
{ "type": "Feature", "properties": { "NOMGEO": "San Andrés Tuxtla", "CVEGEO": "30141", "POB1": 162428.0, "POB84": 76986.0, "POB42": 85442.0 }, "geometry": { "type": "Polygon", "coordinates": [ [ [ -95.08021, 18.57646 ], [ -95.10133, 18.57154 ], [ -95.10537, 18.56591 ], [ -95.0993, 18.54955 ], [ -95.11084, 18.55072 ], [ -95.1112, 18.54478 ], [ -95.12157, 18.54736 ], [ -95.13592, 18.53489 ], [ -95.12378, 18.5349 ], [ -95.11746, 18.52997 ], [ -95.10476, 18.53403 ], [ -95.08727, 18.5285 ], [ -95.08759, 18.52008 ], [ -95.07774, 18.51359 ], [ -95.07489, 18.50048 ], [ -95.07932, 18.50138 ], [ -95.0799, 18.4958 ], [ -95.09172, 18.48932 ], [ -95.12098, 18.49576 ], [ -95.15138, 18.49191 ], [ -95.14907, 18.47936 ], [ -95.14408, 18.479 ], [ -95.13375, 18.46545 ], [ -95.12999, 18.44622 ], [ -95.13489, 18.42274 ], [ -95.14673, 18.40785 ], [ -95.14664, 18.40105 ], [ -95.1557, 18.39441 ], [ -95.14996, 18.38628 ], [ -95.15429, 18.38061 ], [ -95.14878, 18.31858 ], [ -95.1609, 18.31548 ], [ -95.16446, 18.30012 ], [ -95.18314, 18.30056 ], [ -95.18305, 18.29641 ], [ -95.19, 18.29422 ], [ -95.18815, 18.2855 ], [ -95.20488, 18.25637 ], [ -95.22288, 18.25861 ], [ -95.22098, 18.26208 ], [ -95.23038, 18.27664 ], [ -95.23703, 18.27601 ], [ -95.23552, 18.28166 ], [ -95.24306, 18.27693 ], [ -95.24501, 18.26355 ], [ -95.23702, 18.26336 ], [ -95.23359, 18.25719 ], [ -95.21898, 18.25092 ], [ -95.20766, 18.25253 ], [ -95.21533, 18.2382 ], [ -95.22472, 18.23908 ], [ -95.23085, 18.23563 ], [ -95.23117, 18.22838 ], [ -95.23839, 18.22663 ], [ -95.23972, 18.23283 ], [ -95.25042, 18.23223 ], [ -95.25071, 18.23819 ], [ -95.29435, 18.24773 ], [ -95.28247, 18.21711 ], [ -95.29259, 18.21098 ], [ -95.30232, 18.21793 ], [ -95.30604, 18.21522 ], [ -95.30546, 18.22043 ], [ -95.31196, 18.21555 ], [ -95.31974, 18.21917 ], [ -95.32208, 18.22135 ], [ -95.31442, 18.23012 ], [ -95.31898, 18.22882 ], [ -95.32075, 18.23553 ], [ -95.33061, 18.23865 ], [ -95.33438, 18.23282 ], [ -95.3377, 18.23802 ], [ -95.34175, 18.23503 ], [ -95.35057, 18.24068 ], [ -95.35809, 18.23717 ], [ -95.35365, 18.23059 ], [ -95.35863, 18.22316 ], [ -95.35948, 18.23018 ], [ -95.36758, 18.23134 ], [ -95.37754, 18.2228 ], [ -95.38294, 18.22725 ], [ -95.39198, 18.22466 ], [ -95.40352, 18.23333 ], [ -95.41675, 18.22976 ], [ -95.42469, 18.24394 ], [ -95.43176, 18.23617 ], [ -95.43012, 18.22277 ], [ -95.44444, 18.22148 ], [ -95.44481, 18.24154 ], [ -95.43298, 18.24384 ], [ -95.42904, 18.25763 ], [ -95.41451, 18.25396 ], [ -95.39535, 18.25622 ], [ -95.38669, 18.26919 ], [ -95.37209, 18.26697 ], [ -95.37194, 18.28097 ], [ -95.35589, 18.27791 ], [ -95.35648, 18.28536 ], [ -95.35177, 18.28448 ], [ -95.34719, 18.2995 ], [ -95.33978, 18.29801 ], [ -95.33935, 18.31182 ], [ -95.34424, 18.32099 ], [ -95.33586, 18.33666 ], [ -95.33836, 18.34302 ], [ -95.33364, 18.34134 ], [ -95.32531, 18.36063 ], [ -95.3339, 18.3704 ], [ -95.32947, 18.37594 ], [ -95.33291, 18.38508 ], [ -95.3261, 18.38379 ], [ -95.32071, 18.38756 ], [ -95.32249, 18.39079 ], [ -95.31362, 18.39201 ], [ -95.31598, 18.39751 ], [ -95.29848, 18.40299 ], [ -95.29529, 18.4004 ], [ -95.29357, 18.40422 ], [ -95.28516, 18.40169 ], [ -95.28013, 18.4069 ], [ -95.27428, 18.41469 ], [ -95.27469, 18.42881 ], [ -95.26703, 18.43232 ], [ -95.27349, 18.44936 ], [ -95.26161, 18.46404 ], [ -95.26751, 18.46856 ], [ -95.26891, 18.48632 ], [ -95.25641, 18.4863 ], [ -95.25392, 18.49805 ], [ -95.23266, 18.50602 ], [ -95.2344, 18.51752 ], [ -95.26749, 18.52158 ], [ -95.26521, 18.53036 ], [ -95.28403, 18.54021 ], [ -95.2787, 18.54792 ], [ -95.28526, 18.56839 ], [ -95.28877, 18.56565 ], [ -95.28985, 18.56986 ], [ -95.30855, 18.56823 ], [ -95.3243, 18.57297 ], [ -95.32207, 18.58374 ], [ -95.30822, 18.58546 ], [ -95.30581, 18.59751 ], [ -95.29846, 18.5903 ], [ -95.29382, 18.59598 ], [ -95.29486, 18.59166 ], [ -95.26934, 18.59155 ], [ -95.26794, 18.5997 ], [ -95.26056, 18.5998 ], [ -95.28425, 18.60277 ], [ -95.28865, 18.60791 ], [ -95.28744, 18.61591 ], [ -95.29957, 18.6215 ], [ -95.29898, 18.62539 ], [ -95.29274, 18.6245 ], [ -95.29513, 18.63484 ], [ -95.28613, 18.66407 ], [ -95.29497, 18.66527 ], [ -95.29568, 18.67902 ], [ -95.29231, 18.68084 ], [ -95.29507, 18.6906 ], [ -95.3024, 18.6917 ], [ -95.2945, 18.70697 ], [ -95.28909, 18.70346 ], [ -95.28466, 18.70722 ], [ -95.28731, 18.71525 ], [ -95.24983, 18.70386 ], [ -95.19697, 18.7042 ], [ -95.19161, 18.70985 ], [ -95.18249, 18.70707 ], [ -95.1831, 18.69999 ], [ -95.17569, 18.6926 ], [ -95.1462, 18.68102 ], [ -95.13964, 18.67244 ], [ -95.13074, 18.6743 ], [ -95.12985, 18.66293 ], [ -95.12164, 18.65249 ], [ -95.09826, 18.64224 ], [ -95.09316, 18.64824 ], [ -95.07948, 18.64169 ], [ -95.07913, 18.62826 ], [ -95.0697, 18.62093 ], [ -95.065, 18.62236 ], [ -95.05791, 18.61143 ], [ -95.05998, 18.6064 ], [ -95.04972, 18.59964 ], [ -95.08021, 18.57646 ] ] ] } },
{ "type": "Feature", "properties": { "NOMGEO": "San Juan Evangelista", "CVEGEO": "30142", "POB1": 32631.0, "POB84": 15998.0, "POB42": 16633.0 }, "geometry": { "type": "Polygon", "coordinates": [ [ [ -95.01659, 17.91558 ], [ -95.02268, 17.91816 ], [ -95.01956, 17.89866 ], [ -95.03411, 17.88876 ], [ -95.02587, 17.86065 ], [ -95.03695, 17.84058 ], [ -95.02775, 17.83355 ], [ -95.02765, 17.82501 ], [ -95.04831, 17.82058 ], [ -95.04707, 17.8047 ], [ -95.0522, 17.80369 ], [ -95.06095, 17.78835 ], [ -95.07742, 17.78186 ], [ -95.06267, 17.77236 ], [ -95.05063, 17.77264 ], [ -95.04556, 17.76327 ], [ -95.03616, 17.76826 ], [ -95.03242, 17.77983 ], [ -95.02646, 17.77992 ], [ -95.02381, 17.77614 ], [ -95.03829, 17.75154 ], [ -95.0024, 17.73512 ], [ -95.00292, 17.73132 ], [ -94.99373, 17.7299 ], [ -94.98566, 17.72149 ], [ -94.97219, 17.72071 ], [ -94.97241, 17.71622 ], [ -94.9378, 17.70544 ], [ -94.9381, 17.69904 ], [ -94.94692, 17.69661 ], [ -94.94416, 17.68625 ], [ -94.94833, 17.69118 ], [ -94.95382, 17.68801 ], [ -94.94917, 17.68707 ], [ -94.94602, 17.67643 ], [ -94.91607, 17.68952 ], [ -94.90515, 17.68784 ], [ -94.90822, 17.64787 ], [ -94.915, 17.63329 ], [ -94.91156, 17.62696 ], [ -94.90676, 17.62886 ], [ -94.90615, 17.62118 ], [ -94.88905, 17.62379 ], [ -94.88647, 17.61476 ], [ -94.87885, 17.61451 ], [ -94.87996, 17.60309 ], [ -94.88683, 17.60365 ], [ -94.88968, 17.59397 ], [ -94.8995, 17.59625 ], [ -94.90281, 17.60488 ], [ -94.90753, 17.60559 ], [ -94.91047, 17.61997 ], [ -94.92631, 17.61988 ], [ -94.92859, 17.62936 ], [ -94.93479, 17.62681 ], [ -94.93454, 17.63119 ], [ -94.96207, 17.63519 ], [ -94.96963, 17.65475 ], [ -94.99793, 17.65823 ], [ -94.99792, 17.6718 ], [ -95.00812, 17.66872 ], [ -95.01446, 17.67634 ], [ -95.01309, 17.69065 ], [ -95.02322, 17.68563 ], [ -95.02885, 17.71581 ], [ -95.05837, 17.71984 ], [ -95.06467, 17.70127 ], [ -95.05632, 17.70035 ], [ -95.05747, 17.68803 ], [ -95.04858, 17.68303 ], [ -95.04945, 17.6755 ], [ -95.04463, 17.67489 ], [ -95.04631, 17.66432 ], [ -95.03079, 17.66596 ], [ -95.02711, 17.65481 ], [ -95.00661, 17.6518 ], [ -95.00996, 17.64308 ], [ -95.00678, 17.63394 ], [ -95.03521, 17.64593 ], [ -95.03425, 17.64932 ], [ -95.05602, 17.6537 ], [ -95.05697, 17.64767 ], [ -95.06693, 17.64601 ], [ -95.06992, 17.6354 ], [ -95.07608, 17.58111 ], [ -95.05999, 17.57111 ], [ -95.06513, 17.56842 ], [ -95.08284, 17.57343 ], [ -95.12446, 17.55952 ], [ -95.15183, 17.56272 ], [ -95.17218, 17.55686 ], [ -95.17627, 17.54597 ], [ -95.19778, 17.54594 ], [ -95.2046, 17.53867 ], [ -95.25362, 17.60201 ], [ -95.25333, 17.60811 ], [ -95.26475, 17.60156 ], [ -95.26765, 17.60828 ], [ -95.27894, 17.61362 ], [ -95.27022, 17.61574 ], [ -95.27126, 17.62474 ], [ -95.25555, 17.62157 ], [ -95.24841, 17.62558 ], [ -95.259, 17.62901 ], [ -95.24823, 17.64598 ], [ -95.2429, 17.64368 ], [ -95.24193, 17.63496 ], [ -95.21845, 17.63933 ], [ -95.20708, 17.65435 ], [ -95.2012, 17.64741 ], [ -95.19512, 17.65485 ], [ -95.18813, 17.6507 ], [ -95.1877, 17.68064 ], [ -95.18147, 17.68582 ], [ -95.18243, 17.69106 ], [ -95.19029, 17.69204 ], [ -95.23891, 17.73926 ], [ -95.25867, 17.72854 ], [ -95.26274, 17.73874 ], [ -95.26903, 17.74093 ], [ -95.26307, 17.72488 ], [ -95.26718, 17.71671 ], [ -95.27919, 17.72189 ], [ -95.27999, 17.71574 ], [ -95.29224, 17.71242 ], [ -95.29781, 17.72214 ], [ -95.30259, 17.71101 ], [ -95.30997, 17.70856 ], [ -95.30661, 17.69716 ], [ -95.31665, 17.69758 ], [ -95.32135, 17.68564 ], [ -95.32875, 17.68578 ], [ -95.33748, 17.67378 ], [ -95.34268, 17.68335 ], [ -95.35387, 17.67419 ], [ -95.36232, 17.67486 ], [ -95.36861, 17.68285 ], [ -95.38281, 17.68414 ], [ -95.38512, 17.69177 ], [ -95.39638, 17.68981 ], [ -95.41448, 17.6969 ], [ -95.41199, 17.70287 ], [ -95.41912, 17.70978 ], [ -95.41031, 17.71549 ], [ -95.42858, 17.72545 ], [ -95.42398, 17.73206 ], [ -95.42898, 17.74823 ], [ -95.43506, 17.75123 ], [ -95.42108, 17.77042 ], [ -95.42022, 17.77824 ], [ -95.39996, 17.78386 ], [ -95.38425, 17.79645 ], [ -95.3837, 17.79214 ], [ -95.37293, 17.79569 ], [ -95.36678, 17.78418 ], [ -95.35726, 17.78604 ], [ -95.3634, 17.79985 ], [ -95.36016, 17.79507 ], [ -95.35013, 17.79823 ], [ -95.34773, 17.81698 ], [ -95.32858, 17.81721 ], [ -95.322, 17.81113 ], [ -95.29903, 17.80525 ], [ -95.30673, 17.8036 ], [ -95.31079, 17.79656 ], [ -95.30087, 17.79005 ], [ -95.3016, 17.79637 ], [ -95.27762, 17.8101 ], [ -95.28324, 17.84048 ], [ -95.27464, 17.85383 ], [ -95.27806, 17.85513 ], [ -95.27758, 17.86562 ], [ -95.28533, 17.87033 ], [ -95.25988, 17.88068 ], [ -95.23639, 17.87423 ], [ -95.23488, 17.8924 ], [ -95.24608, 17.90135 ], [ -95.24147, 17.91334 ], [ -95.24799, 17.92186 ], [ -95.24365, 17.92358 ], [ -95.24623, 17.92983 ], [ -95.23903, 17.93464 ], [ -95.23745, 17.94401 ], [ -95.23928, 17.96184 ], [ -95.24526, 17.96323 ], [ -95.23915, 17.96311 ], [ -95.24429, 17.97838 ], [ -95.23714, 17.98157 ], [ -95.23011, 17.97433 ], [ -95.21759, 17.97123 ], [ -95.20816, 17.98593 ], [ -95.19953, 17.98143 ], [ -95.1959, 17.98538 ], [ -95.19151, 17.9814 ], [ -95.18134, 17.98582 ], [ -95.17179, 17.98375 ], [ -95.16645, 17.97765 ], [ -95.16843, 17.95817 ], [ -95.15477, 17.95305 ], [ -95.14815, 17.94206 ], [ -95.13731, 17.94869 ], [ -95.13112, 17.94456 ], [ -95.13583, 17.95741 ], [ -95.13353, 17.96838 ], [ -95.11887, 17.95899 ], [ -95.09686, 17.95589 ], [ -95.09697, 17.97275 ], [ -95.05826, 17.97432 ], [ -95.05829, 17.96367 ], [ -95.0533, 17.96022 ], [ -95.00701, 17.96198 ], [ -95.00133, 17.9558 ], [ -95.01022, 17.95299 ], [ -95.00579, 17.94539 ], [ -95.01027, 17.94436 ], [ -95.00751, 17.92991 ], [ -95.01659, 17.91558 ] ] ] } },
{ "type": "Feature", "properties": { "NOMGEO": "Santiago Tuxtla", "CVEGEO": "30143", "POB1": 57085.0, "POB84": 27104.0, "POB42": 29981.0 }, "geometry": { "type": "Polygon", "coordinates": [ [ [ -95.30855, 18.56823 ], [ -95.28985, 18.56986 ], [ -95.28877, 18.56565 ], [ -95.28526, 18.56839 ], [ -95.2787, 18.54792 ], [ -95.28403, 18.54021 ], [ -95.26521, 18.53036 ], [ -95.26749, 18.52158 ], [ -95.2344, 18.51752 ], [ -95.23266, 18.50602 ], [ -95.25392, 18.49805 ], [ -95.25641, 18.4863 ], [ -95.26477, 18.48795 ], [ -95.26891, 18.48632 ], [ -95.26751, 18.46856 ], [ -95.26161, 18.46404 ], [ -95.27349, 18.44936 ], [ -95.26703, 18.43232 ], [ -95.27495, 18.42831 ], [ -95.27428, 18.41469 ], [ -95.28481, 18.40178 ], [ -95.29357, 18.40422 ], [ -95.29529, 18.4004 ], [ -95.3107, 18.39953 ], [ -95.31275, 18.39541 ], [ -95.31634, 18.39723 ], [ -95.31362, 18.39201 ], [ -95.32249, 18.39079 ], [ -95.32192, 18.38597 ], [ -95.33291, 18.38508 ], [ -95.32947, 18.37594 ], [ -95.3339, 18.3704 ], [ -95.32662, 18.3666 ], [ -95.32539, 18.35998 ], [ -95.33364, 18.34134 ], [ -95.33836, 18.34302 ], [ -95.33586, 18.33666 ], [ -95.34424, 18.32099 ], [ -95.33935, 18.31182 ], [ -95.33978, 18.29801 ], [ -95.34719, 18.2995 ], [ -95.35177, 18.28448 ], [ -95.35648, 18.28536 ], [ -95.35589, 18.27791 ], [ -95.37194, 18.28097 ], [ -95.37209, 18.26697 ], [ -95.38669, 18.26919 ], [ -95.39535, 18.25622 ], [ -95.41451, 18.25396 ], [ -95.42904, 18.25763 ], [ -95.43298, 18.24384 ], [ -95.43484, 18.2482 ], [ -95.44772, 18.24551 ], [ -95.4584, 18.25175 ], [ -95.4587, 18.25724 ], [ -95.45097, 18.26241 ], [ -95.46375, 18.26102 ], [ -95.46439, 18.26813 ], [ -95.47096, 18.26176 ], [ -95.47226, 18.25 ], [ -95.49652, 18.2444 ], [ -95.50242, 18.23748 ], [ -95.51559, 18.25385 ], [ -95.50928, 18.26728 ], [ -95.49467, 18.2734 ], [ -95.50726, 18.28435 ], [ -95.50294, 18.29245 ], [ -95.50742, 18.30027 ], [ -95.50556, 18.31786 ], [ -95.51583, 18.3171 ], [ -95.52582, 18.32394 ], [ -95.53281, 18.32177 ], [ -95.54266, 18.33354 ], [ -95.52521, 18.33555 ], [ -95.52626, 18.36187 ], [ -95.50848, 18.36717 ], [ -95.51325, 18.37316 ], [ -95.50899, 18.37756 ], [ -95.51486, 18.38507 ], [ -95.51425, 18.39742 ], [ -95.51286, 18.40618 ], [ -95.50298, 18.41306 ], [ -95.5178, 18.41551 ], [ -95.5168, 18.42683 ], [ -95.51185, 18.42204 ], [ -95.51022, 18.42654 ], [ -95.51718, 18.43051 ], [ -95.52137, 18.44168 ], [ -95.51789, 18.45833 ], [ -95.53551, 18.4632 ], [ -95.531, 18.46949 ], [ -95.52809, 18.46432 ], [ -95.52534, 18.47366 ], [ -95.52882, 18.47123 ], [ -95.53335, 18.47742 ], [ -95.545, 18.48026 ], [ -95.52684, 18.48929 ], [ -95.50983, 18.4717 ], [ -95.49612, 18.47695 ], [ -95.48903, 18.46917 ], [ -95.48617, 18.47239 ], [ -95.4752, 18.46925 ], [ -95.4703, 18.47983 ], [ -95.44408, 18.48656 ], [ -95.44609, 18.50166 ], [ -95.44098, 18.50253 ], [ -95.42713, 18.50127 ], [ -95.4265, 18.49111 ], [ -95.41693, 18.49129 ], [ -95.41576, 18.48737 ], [ -95.40123, 18.4952 ], [ -95.3804, 18.48917 ], [ -95.38221, 18.50496 ], [ -95.37522, 18.50227 ], [ -95.36963, 18.50792 ], [ -95.34964, 18.5067 ], [ -95.34864, 18.51399 ], [ -95.34353, 18.51286 ], [ -95.33696, 18.51923 ], [ -95.32837, 18.51771 ], [ -95.33276, 18.52673 ], [ -95.32628, 18.53197 ], [ -95.3221, 18.54623 ], [ -95.31498, 18.5458 ], [ -95.31982, 18.55388 ], [ -95.31368, 18.55418 ], [ -95.3243, 18.57297 ], [ -95.30855, 18.56823 ] ] ] } },
{ "type": "Feature", "properties": { "NOMGEO": "Sayula de Alemán", "CVEGEO": "30144", "POB1": 32400.0, "POB84": 15629.0, "POB42": 16771.0 }, "geometry": { "type": "Polygon", "coordinates": [ [ [ -94.93923, 17.90997 ], [ -94.91701, 17.9113 ], [ -94.91802, 17.90461 ], [ -94.94483, 17.90298 ], [ -94.94956, 17.89645 ], [ -94.92919, 17.89051 ], [ -94.93511, 17.87925 ], [ -94.92972, 17.87015 ], [ -94.91072, 17.86022 ], [ -94.91146, 17.85118 ], [ -94.90003, 17.85182 ], [ -94.89554, 17.84745 ], [ -94.89988, 17.84034 ], [ -94.88388, 17.83691 ], [ -94.88096, 17.83079 ], [ -94.89252, 17.81607 ], [ -94.89055, 17.79711 ], [ -94.87844, 17.78938 ], [ -94.87151, 17.77727 ], [ -94.85616, 17.7743 ], [ -94.852, 17.7787 ], [ -94.84059, 17.77735 ], [ -94.83916, 17.76383 ], [ -94.85206, 17.75821 ], [ -94.86891, 17.76478 ], [ -94.8769, 17.76291 ], [ -94.87944, 17.74992 ], [ -94.87039, 17.74728 ], [ -94.86557, 17.73971 ], [ -94.85828, 17.74372 ], [ -94.84533, 17.73787 ], [ -94.8313, 17.7382 ], [ -94.81914, 17.72997 ], [ -94.83129, 17.71405 ], [ -94.8241, 17.70296 ], [ -94.82827, 17.69752 ], [ -94.82462, 17.69878 ], [ -94.82434, 17.69437 ], [ -94.80987, 17.68549 ], [ -94.80868, 17.66944 ], [ -94.80354, 17.66339 ], [ -94.8036, 17.64905 ], [ -94.81204, 17.64073 ], [ -94.80424, 17.63843 ], [ -94.80648, 17.61873 ], [ -94.80044, 17.61803 ], [ -94.80493, 17.5834 ], [ -94.81151, 17.58868 ], [ -94.81688, 17.58583 ], [ -94.82293, 17.59086 ], [ -94.8279, 17.58667 ], [ -94.84175, 17.59049 ], [ -94.86531, 17.57952 ], [ -94.87295, 17.58395 ], [ -94.88121, 17.58039 ], [ -94.8878, 17.58336 ], [ -94.89318, 17.57732 ], [ -94.90781, 17.5784 ], [ -94.9138, 17.57116 ], [ -94.92363, 17.56864 ], [ -94.93953, 17.57845 ], [ -94.99262, 17.57307 ], [ -95.00022, 17.57944 ], [ -95.02777, 17.56323 ], [ -95.05008, 17.575 ], [ -95.06038, 17.57171 ], [ -95.07608, 17.57848 ], [ -95.06693, 17.64601 ], [ -95.05697, 17.64767 ], [ -95.05602, 17.6537 ], [ -95.03425, 17.64932 ], [ -95.03521, 17.64593 ], [ -95.00885, 17.63278 ], [ -95.00589, 17.63745 ], [ -95.00996, 17.64308 ], [ -95.00661, 17.6518 ], [ -95.02711, 17.65481 ], [ -95.03079, 17.66596 ], [ -95.04631, 17.66432 ], [ -95.04463, 17.67489 ], [ -95.04945, 17.6755 ], [ -95.04858, 17.68303 ], [ -95.05747, 17.68803 ], [ -95.05632, 17.70035 ], [ -95.06467, 17.70127 ], [ -95.05837, 17.71984 ], [ -95.02885, 17.71581 ], [ -95.02322, 17.68563 ], [ -95.01309, 17.69065 ], [ -95.01446, 17.67634 ], [ -95.00812, 17.66872 ], [ -94.99792, 17.6718 ], [ -94.99793, 17.65823 ], [ -94.96963, 17.65475 ], [ -94.96207, 17.63519 ], [ -94.93454, 17.63119 ], [ -94.93479, 17.62681 ], [ -94.92859, 17.62936 ], [ -94.92631, 17.61988 ], [ -94.91047, 17.61997 ], [ -94.90753, 17.60559 ], [ -94.90281, 17.60488 ], [ -94.89926, 17.59612 ], [ -94.89009, 17.59377 ], [ -94.88683, 17.60365 ], [ -94.87996, 17.60309 ], [ -94.87885, 17.61451 ], [ -94.88647, 17.61476 ], [ -94.88797, 17.62329 ], [ -94.90236, 17.61964 ], [ -94.90676, 17.62886 ], [ -94.91156, 17.62696 ], [ -94.915, 17.63329 ], [ -94.90822, 17.64787 ], [ -94.90515, 17.68784 ], [ -94.91607, 17.68952 ], [ -94.94602, 17.67643 ], [ -94.94917, 17.68707 ], [ -94.95382, 17.68801 ], [ -94.94833, 17.69118 ], [ -94.94416, 17.68625 ], [ -94.94692, 17.69661 ], [ -94.9381, 17.69904 ], [ -94.9378, 17.70544 ], [ -94.97241, 17.71622 ], [ -94.97219, 17.72071 ], [ -94.98566, 17.72149 ], [ -94.99373, 17.7299 ], [ -95.00292, 17.73132 ], [ -95.0024, 17.73512 ], [ -95.03829, 17.75154 ], [ -95.02381, 17.77614 ], [ -95.02646, 17.77992 ], [ -95.03242, 17.77983 ], [ -95.03616, 17.76826 ], [ -95.04556, 17.76327 ], [ -95.05063, 17.77264 ], [ -95.06267, 17.77236 ], [ -95.07742, 17.78186 ], [ -95.06095, 17.78835 ], [ -95.0522, 17.80369 ], [ -95.04707, 17.8047 ], [ -95.04831, 17.82058 ], [ -95.02765, 17.82501 ], [ -95.02775, 17.83355 ], [ -95.03695, 17.84058 ], [ -95.02587, 17.86065 ], [ -95.03411, 17.88876 ], [ -95.01956, 17.89866 ], [ -95.02268, 17.91816 ], [ -95.01659, 17.91558 ], [ -95.00751, 17.92991 ], [ -94.99871, 17.93214 ], [ -94.98616, 17.92583 ], [ -94.98278, 17.91468 ], [ -94.98737, 17.91027 ], [ -94.98254, 17.90766 ], [ -94.96298, 17.92002 ], [ -94.96625, 17.92098 ], [ -94.96023, 17.92833 ], [ -94.95475, 17.92847 ], [ -94.95632, 17.92213 ], [ -94.94848, 17.92663 ], [ -94.94846, 17.92141 ], [ -94.9303, 17.92145 ], [ -94.93923, 17.90997 ] ] ] } },
{ "type": "Feature", "properties": { "NOMGEO": "Soconusco", "CVEGEO": "30145", "POB1": 16574.0, "POB84": 7926.0, "POB42": 8648.0 }, "geometry": { "type": "Polygon", "coordinates": [ [ [ -94.81959, 18.04329 ], [ -94.81821, 18.04142 ], [ -94.81241, 18.04451 ], [ -94.80026, 18.04123 ], [ -94.79133, 18.02515 ], [ -94.76909, 18.02669 ], [ -94.76331, 18.01941 ], [ -94.76275, 17.99692 ], [ -94.78133, 17.99964 ], [ -94.78341, 17.98398 ], [ -94.81423, 17.96795 ], [ -94.81559, 17.97286 ], [ -94.8212, 17.97327 ], [ -94.82859, 17.96515 ], [ -94.83505, 17.96722 ], [ -94.85103, 17.95563 ], [ -94.89053, 17.95248 ], [ -94.89854, 17.95939 ], [ -94.90753, 17.95888 ], [ -94.91187, 17.97128 ], [ -94.89925, 17.97152 ], [ -94.89408, 17.99859 ], [ -94.87234, 17.98703 ], [ -94.86587, 17.99372 ], [ -94.85022, 17.99306 ], [ -94.85006, 18.00174 ], [ -94.87203, 18.03501 ], [ -94.86819, 18.04194 ], [ -94.85452, 18.03967 ], [ -94.85985, 18.05255 ], [ -94.8389, 18.06029 ], [ -94.82049, 18.06111 ], [ -94.81221, 18.05087 ], [ -94.81959, 18.04329 ] ] ] } },
{ "type": "Feature", "properties": { "NOMGEO": "Sochiapa", "CVEGEO": "30146", "POB1": 3925.0, "POB84": 1956.0, "POB42": 1969.0 }, "geometry": { "type": "Polygon", "coordinates": [ [ [ -96.90798, 19.16531 ], [ -96.88602, 19.15818 ], [ -96.8894, 19.14784 ], [ -96.88463, 19.14094 ], [ -96.92632, 19.15941 ], [ -96.94234, 19.18216 ], [ -96.95923, 19.18532 ], [ -96.95339, 19.18759 ], [ -96.95639, 19.19379 ], [ -96.95091, 19.20223 ], [ -96.92374, 19.19339 ], [ -96.90798, 19.16531 ] ] ] } },
{ "type": "Feature", "properties": { "NOMGEO": "Soledad Atzompa", "CVEGEO": "30147", "POB1": 24578.0, "POB84": 12001.0, "POB42": 12577.0 }, "geometry": { "type": "Polygon", "coordinates": [ [ [ -97.14469, 18.76201 ], [ -97.13169, 18.77 ], [ -97.13552, 18.76164 ], [ -97.13222, 18.73032 ], [ -97.13755, 18.71559 ], [ -97.13752, 18.68114 ], [ -97.15178, 18.67226 ], [ -97.15964, 18.68516 ], [ -97.16881, 18.68554 ], [ -97.18677, 18.67238 ], [ -97.18538, 18.66776 ], [ -97.1779, 18.65874 ], [ -97.1713, 18.66431 ], [ -97.15887, 18.66423 ], [ -97.15655, 18.6603 ], [ -97.16575, 18.65269 ], [ -97.17548, 18.6544 ], [ -97.18312, 18.64631 ], [ -97.19133, 18.64682 ], [ -97.20818, 18.63359 ], [ -97.2438, 18.64693 ], [ -97.24029, 18.66627 ], [ -97.23651, 18.6707 ], [ -97.23068, 18.66593 ], [ -97.22775, 18.66823 ], [ -97.23062, 18.6811 ], [ -97.22245, 18.68348 ], [ -97.2193, 18.69114 ], [ -97.22923, 18.69164 ], [ -97.23351, 18.70202 ], [ -97.21577, 18.72033 ], [ -97.22368, 18.73195 ], [ -97.22154, 18.7369 ], [ -97.20882, 18.7445 ], [ -97.22535, 18.75829 ], [ -97.21529, 18.76639 ], [ -97.21847, 18.76942 ], [ -97.20652, 18.78044 ], [ -97.19457, 18.7711 ], [ -97.19563, 18.75861 ], [ -97.17826, 18.75782 ], [ -97.16174, 18.7637 ], [ -97.14469, 18.76201 ] ] ] } },
{ "type": "Feature", "properties": { "NOMGEO": "Soledad de Doblado", "CVEGEO": "30148", "POB1": 28130.0, "POB84": 13872.0, "POB42": 14258.0 }, "geometry": { "type": "Polygon", "coordinates": [ [ [ -96.44388, 19.17648 ], [ -96.44824, 19.17182 ], [ -96.43021, 19.16925 ], [ -96.4333, 19.17135 ], [ -96.42866, 19.17308 ], [ -96.42754, 19.16727 ], [ -96.41882, 19.16638 ], [ -96.40055, 19.17296 ], [ -96.41551, 19.14951 ], [ -96.4043, 19.14401 ], [ -96.40737, 19.13387 ], [ -96.39861, 19.13534 ], [ -96.39716, 19.0929 ], [ -96.37512, 19.09364 ], [ -96.3813, 19.08571 ], [ -96.37185, 19.0756 ], [ -96.3783, 19.06514 ], [ -96.39064, 19.04773 ], [ -96.41105, 19.03974 ], [ -96.39599, 19.03792 ], [ -96.39918, 19.0323 ], [ -96.38986, 19.02507 ], [ -96.36661, 19.01891 ], [ -96.35391, 19.02051 ], [ -96.35218, 19.01534 ], [ -96.34169, 19.01668 ], [ -96.33445, 19.00289 ], [ -96.31989, 18.9994 ], [ -96.32458, 18.97802 ], [ -96.31451, 18.979 ], [ -96.31417, 18.97433 ], [ -96.32598, 18.96326 ], [ -96.32672, 18.96696 ], [ -96.34323, 18.96953 ], [ -96.34326, 18.9754 ], [ -96.3501, 18.97465 ], [ -96.35682, 18.95837 ], [ -96.37272, 18.94575 ], [ -96.39289, 18.94346 ], [ -96.39605, 18.93571 ], [ -96.40935, 18.93626 ], [ -96.41072, 18.93996 ], [ -96.4134, 18.93697 ], [ -96.42652, 18.94446 ], [ -96.43398, 18.93701 ], [ -96.45002, 18.94929 ], [ -96.45169, 18.94553 ], [ -96.45954, 18.94635 ], [ -96.46223, 18.93913 ], [ -96.492, 18.93404 ], [ -96.51973, 18.95205 ], [ -96.53303, 18.9524 ], [ -96.53139, 18.95614 ], [ -96.53529, 18.95512 ], [ -96.53682, 18.95991 ], [ -96.54125, 18.95808 ], [ -96.53821, 18.96203 ], [ -96.54603, 18.9595 ], [ -96.54997, 18.96554 ], [ -96.55724, 18.96553 ], [ -96.55983, 18.97465 ], [ -96.52863, 18.97826 ], [ -96.52486, 18.99126 ], [ -96.50994, 18.99706 ], [ -96.49419, 18.9933 ], [ -96.48767, 18.98647 ], [ -96.49193, 19.01864 ], [ -96.49028, 19.02981 ], [ -96.48252, 19.02975 ], [ -96.48247, 19.04493 ], [ -96.48658, 19.04266 ], [ -96.4872, 19.0481 ], [ -96.49973, 19.04547 ], [ -96.50336, 19.05091 ], [ -96.50403, 19.03892 ], [ -96.51395, 19.04104 ], [ -96.5141, 19.04751 ], [ -96.52936, 19.0438 ], [ -96.54235, 19.05708 ], [ -96.54523, 19.0517 ], [ -96.54944, 19.05822 ], [ -96.56541, 19.06001 ], [ -96.56612, 19.05654 ], [ -96.58426, 19.07158 ], [ -96.57044, 19.06939 ], [ -96.56139, 19.07405 ], [ -96.55716, 19.0789 ], [ -96.564, 19.08038 ], [ -96.56951, 19.09284 ], [ -96.56768, 19.10076 ], [ -96.56181, 19.098 ], [ -96.55883, 19.10332 ], [ -96.55152, 19.10067 ], [ -96.54624, 19.10574 ], [ -96.5501, 19.11225 ], [ -96.56156, 19.11215 ], [ -96.56047, 19.1192 ], [ -96.57028, 19.11891 ], [ -96.57378, 19.13304 ], [ -96.55173, 19.12948 ], [ -96.53265, 19.13604 ], [ -96.49458, 19.13608 ], [ -96.49371, 19.14588 ], [ -96.50198, 19.14372 ], [ -96.49885, 19.14961 ], [ -96.50295, 19.15574 ], [ -96.4975, 19.15898 ], [ -96.49784, 19.1684 ], [ -96.48767, 19.17289 ], [ -96.4917, 19.17387 ], [ -96.4896, 19.17825 ], [ -96.47931, 19.18178 ], [ -96.47598, 19.17677 ], [ -96.47556, 19.18116 ], [ -96.46789, 19.17787 ], [ -96.46805, 19.18373 ], [ -96.4638, 19.1787 ], [ -96.46537, 19.18447 ], [ -96.44451, 19.18627 ], [ -96.44388, 19.17648 ] ] ] } },
{ "type": "Feature", "properties": { "NOMGEO": "Soteapan", "CVEGEO": "30149", "POB1": 34385.0, "POB84": 16531.0, "POB42": 17854.0 }, "geometry": { "type": "Polygon", "coordinates": [ [ [ -94.83487, 18.30707 ], [ -94.81444, 18.265 ], [ -94.82483, 18.26676 ], [ -94.82679, 18.26222 ], [ -94.8374, 18.26444 ], [ -94.8512, 18.25942 ], [ -94.85284, 18.24817 ], [ -94.85916, 18.2427 ], [ -94.85272, 18.22574 ], [ -94.86076, 18.2245 ], [ -94.85988, 18.21979 ], [ -94.85128, 18.19158 ], [ -94.84167, 18.19427 ], [ -94.8394, 18.17861 ], [ -94.84611, 18.17359 ], [ -94.84329, 18.15949 ], [ -94.84042, 18.16315 ], [ -94.8277, 18.15792 ], [ -94.82587, 18.16154 ], [ -94.82465, 18.15628 ], [ -94.81955, 18.15957 ], [ -94.81631, 18.15609 ], [ -94.81616, 18.16005 ], [ -94.80725, 18.15376 ], [ -94.80231, 18.15683 ], [ -94.80183, 18.15202 ], [ -94.79727, 18.15521 ], [ -94.7962, 18.12664 ], [ -94.81536, 18.1292 ], [ -94.8187, 18.11714 ], [ -94.83322, 18.12395 ], [ -94.84383, 18.10784 ], [ -94.84277, 18.09985 ], [ -94.85258, 18.10164 ], [ -94.85959, 18.09196 ], [ -94.84768, 18.08538 ], [ -94.85084, 18.08868 ], [ -94.84573, 18.09153 ], [ -94.84253, 18.08598 ], [ -94.80419, 18.0865 ], [ -94.80013, 18.07411 ], [ -94.79517, 18.07217 ], [ -94.81221, 18.05087 ], [ -94.82049, 18.06111 ], [ -94.8389, 18.06029 ], [ -94.84936, 18.05371 ], [ -94.86422, 18.05498 ], [ -94.87799, 18.07046 ], [ -94.87994, 18.09336 ], [ -94.88727, 18.09803 ], [ -94.88312, 18.09978 ], [ -94.88411, 18.10709 ], [ -94.89156, 18.10697 ], [ -94.89051, 18.11074 ], [ -94.89875, 18.11412 ], [ -94.92173, 18.11247 ], [ -94.91399, 18.11859 ], [ -94.91766, 18.12887 ], [ -94.92225, 18.12879 ], [ -94.92301, 18.13465 ], [ -94.93459, 18.13541 ], [ -94.9376, 18.1411 ], [ -94.98007, 18.11191 ], [ -94.99163, 18.10847 ], [ -94.98916, 18.12589 ], [ -94.99229, 18.12982 ], [ -94.96596, 18.14955 ], [ -94.96166, 18.15941 ], [ -94.96739, 18.17423 ], [ -94.95818, 18.19395 ], [ -94.9639, 18.19571 ], [ -94.96152, 18.20446 ], [ -94.96487, 18.20405 ], [ -94.9595, 18.23216 ], [ -94.96751, 18.23285 ], [ -94.97631, 18.22573 ], [ -94.98187, 18.23199 ], [ -94.98052, 18.24676 ], [ -94.9867, 18.24551 ], [ -94.98809, 18.25439 ], [ -94.98056, 18.2738 ], [ -94.99443, 18.26359 ], [ -94.99387, 18.25897 ], [ -94.99896, 18.26118 ], [ -94.99198, 18.28415 ], [ -94.99747, 18.28561 ], [ -94.99565, 18.29849 ], [ -95.00117, 18.29839 ], [ -95.00191, 18.30638 ], [ -94.98722, 18.31156 ], [ -94.99579, 18.32627 ], [ -95.01712, 18.31934 ], [ -95.01901, 18.32371 ], [ -95.03167, 18.32655 ], [ -95.02596, 18.33751 ], [ -95.00375, 18.34787 ], [ -94.9933, 18.34408 ], [ -94.98536, 18.34678 ], [ -94.97301, 18.36387 ], [ -94.95158, 18.36105 ], [ -94.94601, 18.3655 ], [ -94.93859, 18.35684 ], [ -94.92015, 18.35878 ], [ -94.91639, 18.35402 ], [ -94.9049, 18.3612 ], [ -94.89917, 18.35415 ], [ -94.89539, 18.36859 ], [ -94.88025, 18.37181 ], [ -94.88085, 18.37876 ], [ -94.86918, 18.38958 ], [ -94.8668, 18.38594 ], [ -94.859, 18.38767 ], [ -94.85828, 18.39863 ], [ -94.84023, 18.40195 ], [ -94.83704, 18.40631 ], [ -94.83331, 18.40394 ], [ -94.8341, 18.38971 ], [ -94.82877, 18.39077 ], [ -94.82752, 18.38683 ], [ -94.82909, 18.37845 ], [ -94.81748, 18.36853 ], [ -94.82821, 18.3608 ], [ -94.83387, 18.34943 ], [ -94.83487, 18.30707 ] ] ] } },
{ "type": "Feature", "properties": { "NOMGEO": "Tamalín", "CVEGEO": "30150", "POB1": 11631.0, "POB84": 5821.0, "POB42": 5810.0 }, "geometry": { "type": "MultiPolygon", "coordinates": [ [ [ [ -97.79521, 21.32603 ], [ -97.80847, 21.32049 ], [ -97.82131, 21.32554 ], [ -97.81742, 21.34315 ], [ -97.82238, 21.34456 ], [ -97.82084, 21.34835 ], [ -97.79594, 21.36694 ], [ -97.77467, 21.3622 ], [ -97.78663, 21.34819 ], [ -97.79521, 21.32603 ] ] ], [ [ [ -97.76017, 21.42364 ], [ -97.76021, 21.41864 ], [ -97.75404, 21.42357 ], [ -97.75204, 21.41476 ], [ -97.76213, 21.40646 ], [ -97.79334, 21.42052 ], [ -97.80185, 21.41701 ], [ -97.79456, 21.4291 ], [ -97.77979, 21.4384 ], [ -97.77896, 21.43545 ], [ -97.77227, 21.43969 ], [ -97.76343, 21.43409 ], [ -97.75526, 21.43763 ], [ -97.75199, 21.44559 ], [ -97.74852, 21.43577 ], [ -97.76017, 21.42364 ] ] ], [ [ [ -97.53053, 21.58085 ], [ -97.51308, 21.46701 ], [ -97.51994, 21.45885 ], [ -97.52509, 21.42651 ], [ -97.53828, 21.42659 ], [ -97.54442, 21.42051 ], [ -97.52921, 21.41954 ], [ -97.51979, 21.4078 ], [ -97.52613, 21.40305 ], [ -97.53831, 21.40708 ], [ -97.54662, 21.39819 ], [ -97.55246, 21.39901 ], [ -97.55764, 21.3835 ], [ -97.56591, 21.38848 ], [ -97.57492, 21.38293 ], [ -97.57658, 21.39295 ], [ -97.58692, 21.39047 ], [ -97.5855, 21.39645 ], [ -97.59844, 21.4 ], [ -97.59673, 21.41302 ], [ -97.58103, 21.40456 ], [ -97.56211, 21.41288 ], [ -97.5656, 21.42107 ], [ -97.56762, 21.41726 ], [ -97.57202, 21.42211 ], [ -97.56425, 21.44273 ], [ -97.56802, 21.46423 ], [ -97.58455, 21.48308 ], [ -97.59027, 21.48081 ], [ -97.6012, 21.48802 ], [ -97.6064, 21.49924 ], [ -97.61185, 21.47168 ], [ -97.6189, 21.48435 ], [ -97.63224, 21.49182 ], [ -97.65184, 21.47845 ], [ -97.64576, 21.4778 ], [ -97.64927, 21.46873 ], [ -97.65367, 21.4738 ], [ -97.66394, 21.46506 ], [ -97.68877, 21.47194 ], [ -97.69985, 21.46728 ], [ -97.70697, 21.46864 ], [ -97.7064, 21.47777 ], [ -97.71221, 21.46568 ], [ -97.72296, 21.4655 ], [ -97.72894, 21.45543 ], [ -97.73931, 21.44988 ], [ -97.75931, 21.4488 ], [ -97.76239, 21.45695 ], [ -97.74408, 21.47393 ], [ -97.73854, 21.48785 ], [ -97.75728, 21.48361 ], [ -97.77198, 21.48916 ], [ -97.77035, 21.49586 ], [ -97.74285, 21.50462 ], [ -97.75096, 21.51502 ], [ -97.74749, 21.52599 ], [ -97.75013, 21.53461 ], [ -97.7269, 21.54509 ], [ -97.72792, 21.55293 ], [ -97.71315, 21.56544 ], [ -97.72716, 21.57429 ], [ -97.72048, 21.58153 ], [ -97.72766, 21.58937 ], [ -97.72318, 21.59505 ], [ -97.72404, 21.60575 ], [ -97.7166, 21.60542 ], [ -97.69558, 21.61858 ], [ -97.66807, 21.60491 ], [ -97.64321, 21.6268 ], [ -97.53053, 21.58085 ] ] ] ] } },
{ "type": "Feature", "properties": { "NOMGEO": "Tamiahua", "CVEGEO": "30151", "POB1": 21902.0, "POB84": 10992.0, "POB42": 10910.0 }, "geometry": { "type": "MultiPolygon", "coordinates": [ [ [ [ -97.22504, 21.46874 ], [ -97.2304, 21.46865 ], [ -97.22849, 21.47267 ], [ -97.22132, 21.47661 ], [ -97.22504, 21.46874 ] ] ], [ [ [ -97.48871, 21.57665 ], [ -97.48827, 21.56875 ], [ -97.38741, 21.53654 ], [ -97.34253, 21.55911 ], [ -97.33036, 21.56036 ], [ -97.33183, 21.51011 ], [ -97.37529, 21.39922 ], [ -97.4106, 21.33784 ], [ -97.42039, 21.29394 ], [ -97.41831, 21.26052 ], [ -97.42228, 21.24643 ], [ -97.41638, 21.2147 ], [ -97.39753, 21.16093 ], [ -97.36425, 21.09796 ], [ -97.36734, 21.0966 ], [ -97.38279, 21.11668 ], [ -97.38793, 21.13317 ], [ -97.40133, 21.13125 ], [ -97.40034, 21.12438 ], [ -97.40853, 21.12076 ], [ -97.41557, 21.10721 ], [ -97.41538, 21.11491 ], [ -97.43263, 21.11587 ], [ -97.43501, 21.1257 ], [ -97.44825, 21.12834 ], [ -97.45118, 21.13657 ], [ -97.46791, 21.13942 ], [ -97.48618, 21.1375 ], [ -97.4966, 21.13221 ], [ -97.4953, 21.1272 ], [ -97.49989, 21.12989 ], [ -97.51267, 21.12235 ], [ -97.53065, 21.12063 ], [ -97.53764, 21.12461 ], [ -97.55468, 21.11318 ], [ -97.55662, 21.10538 ], [ -97.56782, 21.10514 ], [ -97.588, 21.12361 ], [ -97.59384, 21.13861 ], [ -97.61071, 21.13929 ], [ -97.6091, 21.15267 ], [ -97.61464, 21.149 ], [ -97.62051, 21.15684 ], [ -97.62997, 21.15885 ], [ -97.62969, 21.1698 ], [ -97.63705, 21.1837 ], [ -97.67, 21.19144 ], [ -97.6718, 21.18838 ], [ -97.68344, 21.19269 ], [ -97.68523, 21.19868 ], [ -97.69902, 21.19634 ], [ -97.69978, 21.18962 ], [ -97.71224, 21.19645 ], [ -97.71243, 21.20535 ], [ -97.69181, 21.2206 ], [ -97.70498, 21.23224 ], [ -97.70379, 21.24299 ], [ -97.69664, 21.25346 ], [ -97.68015, 21.25895 ], [ -97.66476, 21.25799 ], [ -97.66504, 21.27095 ], [ -97.65888, 21.27458 ], [ -97.65799, 21.28497 ], [ -97.63918, 21.29251 ], [ -97.64508, 21.28633 ], [ -97.61603, 21.28308 ], [ -97.60575, 21.29556 ], [ -97.5929, 21.29103 ], [ -97.58323, 21.29604 ], [ -97.59375, 21.29838 ], [ -97.5941, 21.30688 ], [ -97.58882, 21.30963 ], [ -97.59264, 21.31636 ], [ -97.58829, 21.31588 ], [ -97.587, 21.33395 ], [ -97.5815, 21.33502 ], [ -97.58499, 21.35863 ], [ -97.57628, 21.35989 ], [ -97.56293, 21.37408 ], [ -97.55917, 21.37254 ], [ -97.56236, 21.38155 ], [ -97.55647, 21.38455 ], [ -97.55246, 21.39901 ], [ -97.54662, 21.39819 ], [ -97.53831, 21.40708 ], [ -97.52613, 21.40305 ], [ -97.52014, 21.4064 ], [ -97.52921, 21.41954 ], [ -97.54448, 21.42199 ], [ -97.53828, 21.42659 ], [ -97.52509, 21.42651 ], [ -97.51994, 21.45885 ], [ -97.51329, 21.46525 ], [ -97.53052, 21.58089 ], [ -97.48871, 21.57665 ] ] ] ] } },
{ "type": "Feature", "properties": { "NOMGEO": "Tampico Alto", "CVEGEO": "30152", "POB1": 11561.0, "POB84": 5927.0, "POB42": 5634.0 }, "geometry": { "type": "Polygon", "coordinates": [ [ [ -97.34253, 21.55911 ], [ -97.38741, 21.53654 ], [ -97.40456, 21.55604 ], [ -97.4272, 21.56854 ], [ -97.44663, 21.58977 ], [ -97.4604, 21.59729 ], [ -97.49343, 21.63879 ], [ -97.50628, 21.66858 ], [ -97.52114, 21.67511 ], [ -97.54477, 21.69896 ], [ -97.56448, 21.73355 ], [ -97.57832, 21.74366 ], [ -97.58626, 21.74324 ], [ -97.58988, 21.7541 ], [ -97.60744, 21.77443 ], [ -97.62067, 21.77995 ], [ -97.628, 21.81191 ], [ -97.63775, 21.82218 ], [ -97.63685, 21.8424 ], [ -97.64885, 21.85639 ], [ -97.65924, 21.88842 ], [ -97.66423, 21.88873 ], [ -97.67789, 21.92149 ], [ -97.71664, 21.90698 ], [ -97.72003, 21.91568 ], [ -97.75816, 21.92149 ], [ -97.76032, 21.93146 ], [ -97.77119, 21.93049 ], [ -97.77384, 21.92617 ], [ -97.77768, 21.93135 ], [ -97.78897, 21.93166 ], [ -97.81849, 21.92296 ], [ -97.82252, 21.93742 ], [ -97.83371, 21.93652 ], [ -97.83354, 21.9478 ], [ -97.84234, 21.9391 ], [ -97.84336, 21.94619 ], [ -97.84824, 21.94803 ], [ -97.85472, 21.93959 ], [ -97.85067, 21.93217 ], [ -97.85721, 21.93448 ], [ -97.86732, 21.91558 ], [ -97.87145, 21.91637 ], [ -97.87726, 21.90831 ], [ -97.89142, 21.91311 ], [ -97.89736, 21.9056 ], [ -97.90428, 21.91542 ], [ -97.92346, 21.9173 ], [ -97.92637, 21.92336 ], [ -97.91979, 21.9354 ], [ -97.92647, 21.93887 ], [ -98.05865, 21.94869 ], [ -98.05039, 21.95012 ], [ -98.04227, 21.97271 ], [ -98.05586, 21.97357 ], [ -98.06337, 21.98537 ], [ -98.05942, 21.99302 ], [ -98.0736, 21.99631 ], [ -98.07154, 21.99988 ], [ -98.08001, 22.00572 ], [ -98.07987, 22.01229 ], [ -98.06503, 22.02384 ], [ -98.04912, 22.01357 ], [ -98.04358, 22.02238 ], [ -98.02176, 22.0317 ], [ -98.02811, 22.05344 ], [ -98.01714, 22.0502 ], [ -98.00655, 22.06983 ], [ -97.97812, 22.07952 ], [ -97.98332, 22.10126 ], [ -97.97324, 22.12394 ], [ -97.93691, 22.12134 ], [ -97.93285, 22.11459 ], [ -97.93485, 22.10593 ], [ -97.95292, 22.07725 ], [ -97.92253, 22.07063 ], [ -97.91945, 22.08357 ], [ -97.9061, 22.09347 ], [ -97.88723, 22.08859 ], [ -97.89465, 22.09383 ], [ -97.8928, 22.10919 ], [ -97.89724, 22.11971 ], [ -97.88176, 22.13731 ], [ -97.86002, 22.14801 ], [ -97.84602, 22.14266 ], [ -97.83698, 22.15225 ], [ -97.80733, 22.15333 ], [ -97.78524, 22.16628 ], [ -97.75912, 22.0803 ], [ -97.73089, 22.01533 ], [ -97.69807, 21.95648 ], [ -97.61323, 21.83088 ], [ -97.56433, 21.77079 ], [ -97.52192, 21.72936 ], [ -97.43226, 21.6509 ], [ -97.34359, 21.58769 ], [ -97.3279, 21.56717 ], [ -97.33022, 21.55844 ], [ -97.34253, 21.55911 ] ] ] } },
{ "type": "Feature", "properties": { "NOMGEO": "Tancoco", "CVEGEO": "30153", "POB1": 5795.0, "POB84": 2785.0, "POB42": 3010.0 }, "geometry": { "type": "Polygon", "coordinates": [ [ [ -97.65888, 21.27458 ], [ -97.66504, 21.27095 ], [ -97.66476, 21.25799 ], [ -97.68015, 21.25895 ], [ -97.69664, 21.25346 ], [ -97.70556, 21.23458 ], [ -97.69181, 21.2206 ], [ -97.69827, 21.21907 ], [ -97.70019, 21.21114 ], [ -97.71243, 21.20535 ], [ -97.71528, 21.19919 ], [ -97.7223, 21.20024 ], [ -97.72131, 21.20448 ], [ -97.74902, 21.20842 ], [ -97.75011, 21.22025 ], [ -97.76551, 21.22248 ], [ -97.79211, 21.2395 ], [ -97.80211, 21.23585 ], [ -97.82217, 21.21718 ], [ -97.82674, 21.23078 ], [ -97.82921, 21.22327 ], [ -97.83323, 21.23089 ], [ -97.8421, 21.22404 ], [ -97.84826, 21.22791 ], [ -97.85547, 21.22312 ], [ -97.86074, 21.23175 ], [ -97.87095, 21.23595 ], [ -97.86808, 21.25804 ], [ -97.87209, 21.2695 ], [ -97.86608, 21.26874 ], [ -97.86285, 21.2842 ], [ -97.84765, 21.28625 ], [ -97.84989, 21.2978 ], [ -97.83815, 21.29701 ], [ -97.83893, 21.30211 ], [ -97.83452, 21.29923 ], [ -97.82735, 21.30756 ], [ -97.82991, 21.31283 ], [ -97.81603, 21.31305 ], [ -97.8105, 21.32097 ], [ -97.78541, 21.33392 ], [ -97.77318, 21.32908 ], [ -97.74614, 21.28069 ], [ -97.74912, 21.27981 ], [ -97.74498, 21.26739 ], [ -97.72594, 21.26437 ], [ -97.71583, 21.25313 ], [ -97.7067, 21.26114 ], [ -97.71837, 21.26445 ], [ -97.71537, 21.26894 ], [ -97.6896, 21.265 ], [ -97.68751, 21.27084 ], [ -97.67712, 21.26797 ], [ -97.66977, 21.28812 ], [ -97.67681, 21.28305 ], [ -97.68556, 21.29119 ], [ -97.67082, 21.306 ], [ -97.67254, 21.3017 ], [ -97.65888, 21.27458 ] ] ] } },
{ "type": "Feature", "properties": { "NOMGEO": "Tantima", "CVEGEO": "30154", "POB1": 11991.0, "POB84": 6075.0, "POB42": 5916.0 }, "geometry": { "type": "Polygon", "coordinates": [ [ [ -97.75096, 21.51502 ], [ -97.74285, 21.50462 ], [ -97.77035, 21.49586 ], [ -97.77198, 21.49074 ], [ -97.75672, 21.4835 ], [ -97.73854, 21.48785 ], [ -97.74408, 21.47393 ], [ -97.76231, 21.45711 ], [ -97.75931, 21.4488 ], [ -97.73244, 21.45299 ], [ -97.72296, 21.4655 ], [ -97.71221, 21.46568 ], [ -97.7064, 21.47777 ], [ -97.70697, 21.46864 ], [ -97.69985, 21.46728 ], [ -97.68877, 21.47194 ], [ -97.66394, 21.46506 ], [ -97.65367, 21.4738 ], [ -97.64927, 21.46873 ], [ -97.64576, 21.4778 ], [ -97.65184, 21.47845 ], [ -97.63224, 21.49182 ], [ -97.6189, 21.48435 ], [ -97.61185, 21.47168 ], [ -97.6064, 21.49924 ], [ -97.6012, 21.48802 ], [ -97.59027, 21.48081 ], [ -97.58455, 21.48308 ], [ -97.56802, 21.46423 ], [ -97.56424, 21.44209 ], [ -97.57202, 21.42211 ], [ -97.56762, 21.41726 ], [ -97.5656, 21.42107 ], [ -97.56211, 21.41288 ], [ -97.58103, 21.40456 ], [ -97.59753, 21.4171 ], [ -97.61194, 21.42009 ], [ -97.62247, 21.41585 ], [ -97.64209, 21.42409 ], [ -97.64731, 21.42178 ], [ -97.64209, 21.41613 ], [ -97.64644, 21.41184 ], [ -97.66361, 21.41154 ], [ -97.66476, 21.41554 ], [ -97.67927, 21.41042 ], [ -97.68401, 21.39064 ], [ -97.69763, 21.38993 ], [ -97.73106, 21.41521 ], [ -97.75155, 21.41431 ], [ -97.75404, 21.42357 ], [ -97.76021, 21.41864 ], [ -97.74845, 21.43451 ], [ -97.75199, 21.44559 ], [ -97.75526, 21.43763 ], [ -97.76343, 21.43409 ], [ -97.77227, 21.43969 ], [ -97.77896, 21.43545 ], [ -97.77979, 21.4384 ], [ -97.79456, 21.4291 ], [ -97.80185, 21.41701 ], [ -97.79334, 21.42052 ], [ -97.78004, 21.41534 ], [ -97.77997, 21.4115 ], [ -97.76287, 21.40778 ], [ -97.75098, 21.38623 ], [ -97.77467, 21.3622 ], [ -97.79594, 21.36694 ], [ -97.81891, 21.35038 ], [ -97.82131, 21.32554 ], [ -97.80847, 21.32049 ], [ -97.81603, 21.31305 ], [ -97.82991, 21.31283 ], [ -97.82735, 21.30756 ], [ -97.83452, 21.29923 ], [ -97.83893, 21.30211 ], [ -97.83815, 21.29701 ], [ -97.84429, 21.29751 ], [ -97.84353, 21.30872 ], [ -97.85797, 21.31818 ], [ -97.86421, 21.34827 ], [ -97.85182, 21.3785 ], [ -97.85767, 21.38307 ], [ -97.86244, 21.37972 ], [ -97.86475, 21.38653 ], [ -97.89016, 21.40785 ], [ -97.89353, 21.40337 ], [ -97.88918, 21.38517 ], [ -97.89154, 21.37884 ], [ -97.8986, 21.37704 ], [ -97.92933, 21.41563 ], [ -97.93212, 21.4276 ], [ -97.90845, 21.44246 ], [ -97.89962, 21.43365 ], [ -97.88419, 21.43534 ], [ -97.87746, 21.44375 ], [ -97.87061, 21.43616 ], [ -97.86224, 21.43785 ], [ -97.86071, 21.43195 ], [ -97.85249, 21.43024 ], [ -97.84992, 21.43514 ], [ -97.84458, 21.43202 ], [ -97.84395, 21.43733 ], [ -97.83948, 21.43773 ], [ -97.84218, 21.44169 ], [ -97.83589, 21.4447 ], [ -97.84017, 21.4466 ], [ -97.83089, 21.46663 ], [ -97.83447, 21.46966 ], [ -97.81855, 21.47683 ], [ -97.82118, 21.48354 ], [ -97.81677, 21.48133 ], [ -97.80873, 21.49596 ], [ -97.79805, 21.49289 ], [ -97.80222, 21.50528 ], [ -97.78929, 21.50503 ], [ -97.79597, 21.52244 ], [ -97.7901, 21.52525 ], [ -97.77937, 21.52143 ], [ -97.77991, 21.52712 ], [ -97.76879, 21.53099 ], [ -97.7528, 21.52833 ], [ -97.75646, 21.52279 ], [ -97.75028, 21.52886 ], [ -97.75096, 21.51502 ] ] ] } },
{ "type": "Feature", "properties": { "NOMGEO": "Tantoyuca", "CVEGEO": "30155", "POB1": 99959.0, "POB84": 48133.0, "POB42": 51826.0 }, "geometry": { "type": "Polygon", "coordinates": [ [ [ -98.0444, 21.65956 ], [ -98.03523, 21.65384 ], [ -98.02977, 21.65594 ], [ -98.03073, 21.63992 ], [ -98.01125, 21.63773 ], [ -98.00562, 21.62648 ], [ -97.99594, 21.62495 ], [ -97.9876, 21.61696 ], [ -97.98669, 21.60996 ], [ -98.00319, 21.58053 ], [ -98.00958, 21.57588 ], [ -98.01768, 21.58184 ], [ -98.02129, 21.57435 ], [ -98.0294, 21.57293 ], [ -98.02876, 21.56544 ], [ -98.03688, 21.55756 ], [ -98.02689, 21.55439 ], [ -98.02824, 21.54 ], [ -98.02123, 21.53696 ], [ -98.02185, 21.51678 ], [ -98.02641, 21.51588 ], [ -98.02169, 21.51178 ], [ -98.02766, 21.50256 ], [ -98.02413, 21.49482 ], [ -98.03269, 21.48679 ], [ -98.04939, 21.48733 ], [ -98.05617, 21.46631 ], [ -98.06247, 21.46496 ], [ -98.06894, 21.45258 ], [ -98.06196, 21.44863 ], [ -98.06595, 21.4415 ], [ -98.0634, 21.43102 ], [ -98.05484, 21.42706 ], [ -98.05668, 21.42016 ], [ -98.04924, 21.41732 ], [ -98.04436, 21.40804 ], [ -98.04971, 21.40609 ], [ -98.04239, 21.40461 ], [ -98.04053, 21.39828 ], [ -98.04522, 21.39727 ], [ -98.0397, 21.39538 ], [ -98.04199, 21.39203 ], [ -98.03782, 21.38801 ], [ -98.04209, 21.37902 ], [ -98.03804, 21.37393 ], [ -98.04092, 21.36957 ], [ -98.0366, 21.35059 ], [ -98.04201, 21.34715 ], [ -98.04082, 21.34182 ], [ -98.04902, 21.33907 ], [ -98.06505, 21.35008 ], [ -98.06292, 21.34503 ], [ -98.07094, 21.33814 ], [ -98.06064, 21.32916 ], [ -98.06151, 21.32166 ], [ -98.07004, 21.31324 ], [ -98.06346, 21.29049 ], [ -98.0678, 21.28492 ], [ -98.06585, 21.27464 ], [ -98.09108, 21.27396 ], [ -98.10049, 21.25801 ], [ -98.09892, 21.25233 ], [ -98.11644, 21.24547 ], [ -98.09305, 21.23815 ], [ -98.07932, 21.23914 ], [ -98.07679, 21.24329 ], [ -98.05578, 21.23003 ], [ -98.07018, 21.22032 ], [ -98.061, 21.22067 ], [ -98.05884, 21.21679 ], [ -98.07038, 21.20877 ], [ -98.06104, 21.19869 ], [ -98.0579, 21.20271 ], [ -98.04515, 21.19706 ], [ -98.04637, 21.19103 ], [ -98.02908, 21.17278 ], [ -98.03545, 21.17148 ], [ -98.04341, 21.15756 ], [ -98.05059, 21.16545 ], [ -98.06973, 21.15945 ], [ -98.07516, 21.16356 ], [ -98.08996, 21.1602 ], [ -98.09125, 21.16637 ], [ -98.10703, 21.15858 ], [ -98.11024, 21.16078 ], [ -98.12138, 21.14491 ], [ -98.1362, 21.14547 ], [ -98.14903, 21.13608 ], [ -98.15693, 21.13896 ], [ -98.17611, 21.11089 ], [ -98.18479, 21.11241 ], [ -98.20114, 21.10587 ], [ -98.20236, 21.11089 ], [ -98.19503, 21.11949 ], [ -98.20742, 21.12873 ], [ -98.20505, 21.13809 ], [ -98.21683, 21.14472 ], [ -98.21611, 21.15108 ], [ -98.22741, 21.15081 ], [ -98.22009, 21.15802 ], [ -98.20728, 21.15414 ], [ -98.2118, 21.16951 ], [ -98.2304, 21.17666 ], [ -98.2296, 21.18404 ], [ -98.23492, 21.18753 ], [ -98.22798, 21.19271 ], [ -98.2204, 21.18153 ], [ -98.22168, 21.20382 ], [ -98.21625, 21.20784 ], [ -98.2257, 21.21342 ], [ -98.2316, 21.20545 ], [ -98.239, 21.22095 ], [ -98.25125, 21.21093 ], [ -98.24764, 21.2262 ], [ -98.25678, 21.23369 ], [ -98.24892, 21.2441 ], [ -98.2533, 21.25067 ], [ -98.26173, 21.2511 ], [ -98.25274, 21.25418 ], [ -98.2506, 21.26139 ], [ -98.25374, 21.26446 ], [ -98.26611, 21.25817 ], [ -98.27019, 21.26576 ], [ -98.26663, 21.2693 ], [ -98.2617, 21.26283 ], [ -98.2565, 21.27467 ], [ -98.27546, 21.27695 ], [ -98.27177, 21.28426 ], [ -98.27723, 21.28873 ], [ -98.28773, 21.28218 ], [ -98.28829, 21.29353 ], [ -98.30151, 21.28021 ], [ -98.30418, 21.28859 ], [ -98.33173, 21.28969 ], [ -98.33894, 21.2848 ], [ -98.33723, 21.29691 ], [ -98.34799, 21.3006 ], [ -98.36078, 21.2955 ], [ -98.36395, 21.2826 ], [ -98.37997, 21.28526 ], [ -98.38135, 21.30061 ], [ -98.37334, 21.2918 ], [ -98.36519, 21.29368 ], [ -98.36513, 21.29887 ], [ -98.38981, 21.31013 ], [ -98.38216, 21.31636 ], [ -98.37135, 21.31378 ], [ -98.37569, 21.32588 ], [ -98.36476, 21.33508 ], [ -98.36851, 21.35093 ], [ -98.36297, 21.35561 ], [ -98.37757, 21.37162 ], [ -98.38638, 21.3679 ], [ -98.39853, 21.38265 ], [ -98.38669, 21.39664 ], [ -98.38553, 21.4049 ], [ -98.37664, 21.40875 ], [ -98.36531, 21.4012 ], [ -98.35913, 21.38996 ], [ -98.34976, 21.39418 ], [ -98.35074, 21.40184 ], [ -98.34657, 21.40102 ], [ -98.32768, 21.42772 ], [ -98.34555, 21.45022 ], [ -98.34586, 21.45901 ], [ -98.33702, 21.46231 ], [ -98.33594, 21.46795 ], [ -98.32445, 21.46245 ], [ -98.32925, 21.47647 ], [ -98.32192, 21.48051 ], [ -98.31726, 21.47917 ], [ -98.31875, 21.46641 ], [ -98.297, 21.47804 ], [ -98.27602, 21.50103 ], [ -98.2687, 21.50326 ], [ -98.25947, 21.48754 ], [ -98.26726, 21.4809 ], [ -98.26735, 21.45688 ], [ -98.24464, 21.45816 ], [ -98.24406, 21.46328 ], [ -98.25801, 21.46971 ], [ -98.25092, 21.47853 ], [ -98.24069, 21.47216 ], [ -98.23765, 21.48206 ], [ -98.24438, 21.48778 ], [ -98.24249, 21.49471 ], [ -98.24688, 21.50196 ], [ -98.25512, 21.50751 ], [ -98.2496, 21.51741 ], [ -98.25236, 21.5324 ], [ -98.24346, 21.5381 ], [ -98.24258, 21.55095 ], [ -98.2273, 21.55465 ], [ -98.23209, 21.56378 ], [ -98.2027, 21.57967 ], [ -98.18893, 21.58207 ], [ -98.17904, 21.57067 ], [ -98.15823, 21.5684 ], [ -98.15733, 21.57403 ], [ -98.14728, 21.5803 ], [ -98.14771, 21.59023 ], [ -98.13894, 21.58718 ], [ -98.12659, 21.59479 ], [ -98.10934, 21.59409 ], [ -98.10812, 21.62206 ], [ -98.1022, 21.63101 ], [ -98.09606, 21.63603 ], [ -98.08982, 21.63222 ], [ -98.081, 21.63429 ], [ -98.0995, 21.64653 ], [ -98.09218, 21.66616 ], [ -98.07619, 21.66339 ], [ -98.07009, 21.67347 ], [ -98.04487, 21.66505 ], [ -98.0444, 21.65956 ] ] ] } },
{ "type": "Feature", "properties": { "NOMGEO": "Tatatila", "CVEGEO": "30156", "POB1": 6041.0, "POB84": 3091.0, "POB42": 2950.0 }, "geometry": { "type": "Polygon", "coordinates": [ [ [ -97.02331, 19.77515 ], [ -97.02984, 19.76583 ], [ -97.02217, 19.75895 ], [ -97.03174, 19.75432 ], [ -97.02958, 19.74742 ], [ -97.03472, 19.73273 ], [ -97.02934, 19.72661 ], [ -97.03085, 19.71923 ], [ -97.06594, 19.69382 ], [ -97.06833, 19.68503 ], [ -97.07872, 19.68398 ], [ -97.07479, 19.67497 ], [ -97.0967, 19.65333 ], [ -97.11234, 19.65933 ], [ -97.11862, 19.66689 ], [ -97.11655, 19.65068 ], [ -97.15097, 19.64633 ], [ -97.14024, 19.67114 ], [ -97.14749, 19.68665 ], [ -97.13333, 19.68872 ], [ -97.14244, 19.69687 ], [ -97.1028, 19.72612 ], [ -97.11129, 19.74009 ], [ -97.07785, 19.74623 ], [ -97.07937, 19.75605 ], [ -97.07112, 19.76615 ], [ -97.06211, 19.76822 ], [ -97.06204, 19.76288 ], [ -97.04675, 19.77645 ], [ -97.03574, 19.78139 ], [ -97.02594, 19.77999 ], [ -97.02331, 19.77515 ] ] ] } },
{ "type": "Feature", "properties": { "NOMGEO": "Castillo de Teayo", "CVEGEO": "30157", "POB1": 20145.0, "POB84": 9936.0, "POB42": 10209.0 }, "geometry": { "type": "Polygon", "coordinates": [ [ [ -97.58576, 20.80198 ], [ -97.57485, 20.79618 ], [ -97.58044, 20.79252 ], [ -97.5859, 20.77388 ], [ -97.58265, 20.77213 ], [ -97.58814, 20.76368 ], [ -97.58602, 20.75594 ], [ -97.59117, 20.75315 ], [ -97.59184, 20.74506 ], [ -97.60434, 20.74745 ], [ -97.59668, 20.74057 ], [ -97.60168, 20.7284 ], [ -97.59994, 20.70529 ], [ -97.60611, 20.70348 ], [ -97.59948, 20.69755 ], [ -97.60956, 20.69591 ], [ -97.61041, 20.69074 ], [ -97.61679, 20.69199 ], [ -97.61759, 20.68742 ], [ -97.61085, 20.68806 ], [ -97.61233, 20.67833 ], [ -97.60617, 20.67069 ], [ -97.61646, 20.66701 ], [ -97.62589, 20.66945 ], [ -97.63193, 20.65605 ], [ -97.63753, 20.65886 ], [ -97.65344, 20.65411 ], [ -97.66143, 20.6582 ], [ -97.65903, 20.6483 ], [ -97.66552, 20.64796 ], [ -97.66529, 20.64135 ], [ -97.65765, 20.64127 ], [ -97.65842, 20.63793 ], [ -97.68194, 20.63695 ], [ -97.69318, 20.64288 ], [ -97.7023, 20.64111 ], [ -97.70483, 20.62957 ], [ -97.7145, 20.63686 ], [ -97.7312, 20.63779 ], [ -97.73733, 20.64643 ], [ -97.74951, 20.64332 ], [ -97.7521, 20.65767 ], [ -97.73808, 20.66303 ], [ -97.74062, 20.67404 ], [ -97.73707, 20.67966 ], [ -97.7407, 20.68973 ], [ -97.74771, 20.68626 ], [ -97.75686, 20.68949 ], [ -97.75064, 20.70733 ], [ -97.75297, 20.73237 ], [ -97.72846, 20.74127 ], [ -97.72282, 20.74999 ], [ -97.72635, 20.75998 ], [ -97.71895, 20.76295 ], [ -97.72651, 20.77116 ], [ -97.72088, 20.77041 ], [ -97.71918, 20.7755 ], [ -97.72516, 20.77771 ], [ -97.72598, 20.79165 ], [ -97.71314, 20.79983 ], [ -97.70236, 20.79358 ], [ -97.69465, 20.79653 ], [ -97.69518, 20.80004 ], [ -97.73891, 20.80154 ], [ -97.75035, 20.81479 ], [ -97.73864, 20.81799 ], [ -97.72566, 20.80805 ], [ -97.71742, 20.81103 ], [ -97.68908, 20.80375 ], [ -97.68252, 20.81476 ], [ -97.6856, 20.8207 ], [ -97.64622, 20.81036 ], [ -97.63503, 20.81722 ], [ -97.63391, 20.83016 ], [ -97.62453, 20.82862 ], [ -97.62093, 20.83363 ], [ -97.60402, 20.81251 ], [ -97.58769, 20.81197 ], [ -97.58576, 20.80198 ] ] ] } },
{ "type": "Feature", "properties": { "NOMGEO": "Tecolutla", "CVEGEO": "30158", "POB1": 24551.0, "POB84": 12102.0, "POB42": 12449.0 }, "geometry": { "type": "Polygon", "coordinates": [ [ [ -96.80368, 20.24725 ], [ -96.81963, 20.2379 ], [ -96.83359, 20.26307 ], [ -96.83767, 20.25834 ], [ -96.84355, 20.26089 ], [ -96.85466, 20.27877 ], [ -96.87274, 20.28 ], [ -96.87646, 20.27202 ], [ -96.88805, 20.27074 ], [ -96.91979, 20.29754 ], [ -96.92867, 20.29414 ], [ -96.93596, 20.29771 ], [ -96.94978, 20.28106 ], [ -96.95573, 20.28369 ], [ -96.96126, 20.27583 ], [ -96.97389, 20.27384 ], [ -96.97681, 20.28418 ], [ -96.99804, 20.29622 ], [ -97.00852, 20.28959 ], [ -97.00594, 20.27995 ], [ -97.01046, 20.27419 ], [ -97.01612, 20.27869 ], [ -97.02275, 20.27695 ], [ -97.02326, 20.28083 ], [ -97.04404, 20.2775 ], [ -97.04792, 20.27042 ], [ -97.04281, 20.26571 ], [ -97.06166, 20.25928 ], [ -97.06512, 20.26675 ], [ -97.07819, 20.27235 ], [ -97.08238, 20.26838 ], [ -97.08835, 20.2746 ], [ -97.09558, 20.2692 ], [ -97.09564, 20.26423 ], [ -97.10377, 20.25623 ], [ -97.10259, 20.28679 ], [ -97.1095, 20.30142 ], [ -97.12239, 20.30485 ], [ -97.13454, 20.29868 ], [ -97.13564, 20.31125 ], [ -97.15463, 20.31776 ], [ -97.15282, 20.32423 ], [ -97.16244, 20.33283 ], [ -97.15554, 20.32911 ], [ -97.14511, 20.33791 ], [ -97.14682, 20.34321 ], [ -97.14089, 20.34486 ], [ -97.14643, 20.35909 ], [ -97.14292, 20.37544 ], [ -97.13027, 20.3719 ], [ -97.12821, 20.37837 ], [ -97.11746, 20.37519 ], [ -97.11777, 20.3786 ], [ -97.10915, 20.37859 ], [ -97.10483, 20.38148 ], [ -97.10367, 20.39731 ], [ -97.08372, 20.38638 ], [ -97.08241, 20.39234 ], [ -97.07652, 20.39324 ], [ -97.08132, 20.40128 ], [ -97.07373, 20.40185 ], [ -97.07248, 20.4088 ], [ -97.05646, 20.40598 ], [ -97.03741, 20.40931 ], [ -97.03753, 20.41686 ], [ -97.03133, 20.41694 ], [ -97.03403, 20.42451 ], [ -97.0266, 20.42329 ], [ -97.03463, 20.43144 ], [ -97.02254, 20.44103 ], [ -97.03052, 20.44985 ], [ -97.0292, 20.45986 ], [ -97.0165, 20.46385 ], [ -97.02041, 20.46762 ], [ -97.01351, 20.4722 ], [ -97.05276, 20.46736 ], [ -97.06568, 20.47972 ], [ -97.07898, 20.47461 ], [ -97.07314, 20.47957 ], [ -97.08137, 20.48282 ], [ -97.06393, 20.49327 ], [ -97.10416, 20.53068 ], [ -97.1136, 20.52096 ], [ -97.12677, 20.52541 ], [ -97.13429, 20.51159 ], [ -97.16817, 20.50313 ], [ -97.1749, 20.50533 ], [ -97.1749, 20.51644 ], [ -97.1819, 20.52281 ], [ -97.21556, 20.52743 ], [ -97.21284, 20.53687 ], [ -97.18887, 20.54355 ], [ -97.18328, 20.55232 ], [ -97.19239, 20.56335 ], [ -97.18788, 20.57221 ], [ -97.18126, 20.5703 ], [ -97.18033, 20.57644 ], [ -97.16794, 20.58591 ], [ -97.15902, 20.58556 ], [ -97.15562, 20.59841 ], [ -97.14844, 20.59439 ], [ -97.13156, 20.59983 ], [ -97.05748, 20.52374 ], [ -96.98573, 20.46382 ], [ -96.93027, 20.38872 ], [ -96.78448, 20.24351 ], [ -96.80368, 20.24725 ] ] ] } },
{ "type": "Feature", "properties": { "NOMGEO": "Tehuipango", "CVEGEO": "30159", "POB1": 29686.0, "POB84": 14225.0, "POB42": 15461.0 }, "geometry": { "type": "Polygon", "coordinates": [ [ [ -96.9756, 18.5467 ], [ -96.98394, 18.54653 ], [ -97.01778, 18.51472 ], [ -97.02104, 18.51243 ], [ -97.02576, 18.51707 ], [ -97.04638, 18.49956 ], [ -97.05197, 18.48574 ], [ -97.07607, 18.466 ], [ -97.07997, 18.45451 ], [ -97.08347, 18.48394 ], [ -97.1127, 18.52132 ], [ -97.10441, 18.52938 ], [ -97.10307, 18.53805 ], [ -97.0794, 18.55477 ], [ -97.07114, 18.56918 ], [ -97.05521, 18.57422 ], [ -97.04153, 18.58552 ], [ -97.02178, 18.56649 ], [ -97.01398, 18.56347 ], [ -97.00529, 18.5665 ], [ -96.99902, 18.55682 ], [ -96.97443, 18.55345 ], [ -96.9756, 18.5467 ] ] ] } },
{ "type": "Feature", "properties": { "NOMGEO": "Álamo Temapache", "CVEGEO": "30160", "POB1": 107270.0, "POB84": 52748.0, "POB42": 54522.0 }, "geometry": { "type": "Polygon", "coordinates": [ [ [ -97.5319, 21.1034 ], [ -97.52164, 21.10864 ], [ -97.51925, 21.1018 ], [ -97.50797, 21.09954 ], [ -97.5164, 21.09235 ], [ -97.50999, 21.08765 ], [ -97.5071, 21.07407 ], [ -97.53852, 21.07003 ], [ -97.54334, 21.0716 ], [ -97.54632, 21.08183 ], [ -97.55569, 21.08477 ], [ -97.56225, 21.06947 ], [ -97.56043, 21.05843 ], [ -97.54879, 21.05503 ], [ -97.54444, 21.05934 ], [ -97.54085, 21.0525 ], [ -97.55302, 21.04728 ], [ -97.57466, 21.02062 ], [ -97.59184, 21.02766 ], [ -97.59831, 21.00792 ], [ -97.58009, 21.00075 ], [ -97.5732, 21.00555 ], [ -97.56486, 20.9929 ], [ -97.58301, 20.99938 ], [ -97.59991, 20.99613 ], [ -97.58922, 20.98182 ], [ -97.59266, 20.97175 ], [ -97.57165, 20.95012 ], [ -97.52636, 20.95391 ], [ -97.51663, 20.94464 ], [ -97.52036, 20.93447 ], [ -97.49895, 20.93115 ], [ -97.50757, 20.91336 ], [ -97.50148, 20.90682 ], [ -97.50018, 20.88381 ], [ -97.5071, 20.87454 ], [ -97.50718, 20.85258 ], [ -97.51381, 20.85935 ], [ -97.51419, 20.854 ], [ -97.51974, 20.85975 ], [ -97.52225, 20.85423 ], [ -97.5284, 20.85766 ], [ -97.52951, 20.84656 ], [ -97.51948, 20.83766 ], [ -97.53034, 20.82333 ], [ -97.54166, 20.82223 ], [ -97.54241, 20.81827 ], [ -97.55763, 20.8208 ], [ -97.55932, 20.82677 ], [ -97.57355, 20.81279 ], [ -97.60402, 20.81251 ], [ -97.62093, 20.83363 ], [ -97.62453, 20.82862 ], [ -97.63391, 20.83016 ], [ -97.63503, 20.81722 ], [ -97.64622, 20.81036 ], [ -97.65671, 20.81452 ], [ -97.66317, 20.81193 ], [ -97.68342, 20.82105 ], [ -97.68535, 20.80671 ], [ -97.69596, 20.8038 ], [ -97.71742, 20.81103 ], [ -97.72566, 20.80805 ], [ -97.73864, 20.81799 ], [ -97.75183, 20.81492 ], [ -97.773, 20.8272 ], [ -97.77388, 20.82301 ], [ -97.79039, 20.81683 ], [ -97.79718, 20.82116 ], [ -97.81377, 20.82007 ], [ -97.83025, 20.80796 ], [ -97.83093, 20.81268 ], [ -97.85012, 20.81692 ], [ -97.83892, 20.8365 ], [ -97.84535, 20.83977 ], [ -97.85287, 20.83287 ], [ -97.87912, 20.83428 ], [ -97.8948, 20.79776 ], [ -97.90593, 20.79734 ], [ -97.91368, 20.78391 ], [ -97.92849, 20.78922 ], [ -97.92041, 20.81485 ], [ -97.92021, 20.83423 ], [ -97.88772, 20.85388 ], [ -97.90706, 20.85207 ], [ -97.91004, 20.85607 ], [ -97.90335, 20.86241 ], [ -97.90355, 20.87093 ], [ -97.91409, 20.87599 ], [ -97.92915, 20.87569 ], [ -97.92989, 20.87935 ], [ -97.91729, 20.88085 ], [ -97.89952, 20.89798 ], [ -97.88026, 20.8933 ], [ -97.87447, 20.90357 ], [ -97.87543, 20.91872 ], [ -97.88145, 20.92369 ], [ -97.87832, 20.93639 ], [ -97.86794, 20.95246 ], [ -97.85839, 20.95425 ], [ -97.86387, 20.95998 ], [ -97.84819, 20.97014 ], [ -97.858, 20.96933 ], [ -97.85078, 20.97675 ], [ -97.86177, 20.9749 ], [ -97.86545, 20.98895 ], [ -97.87033, 20.98934 ], [ -97.87043, 20.98431 ], [ -97.87445, 20.9872 ], [ -97.87673, 20.98134 ], [ -97.88911, 20.98233 ], [ -97.89529, 20.9848 ], [ -97.89316, 20.98982 ], [ -97.89967, 20.98928 ], [ -97.89411, 20.99245 ], [ -97.90028, 20.99715 ], [ -97.90306, 20.98586 ], [ -97.90905, 20.98787 ], [ -97.9113, 20.99425 ], [ -97.90457, 21.00244 ], [ -97.92556, 20.998 ], [ -97.92575, 21.01128 ], [ -97.91264, 21.00988 ], [ -97.9056, 21.01932 ], [ -97.92108, 21.02634 ], [ -97.91253, 21.05067 ], [ -97.9049, 21.05349 ], [ -97.882, 21.0473 ], [ -97.8852, 21.05438 ], [ -97.87756, 21.05664 ], [ -97.87468, 21.06478 ], [ -97.85362, 21.06859 ], [ -97.85642, 21.0865 ], [ -97.81967, 21.10633 ], [ -97.83233, 21.11755 ], [ -97.83432, 21.12654 ], [ -97.81312, 21.12283 ], [ -97.81145, 21.11248 ], [ -97.80118, 21.1042 ], [ -97.79327, 21.10702 ], [ -97.7863, 21.09641 ], [ -97.77224, 21.09599 ], [ -97.77135, 21.0893 ], [ -97.76553, 21.09132 ], [ -97.75872, 21.08662 ], [ -97.74747, 21.10099 ], [ -97.75256, 21.1033 ], [ -97.75085, 21.11099 ], [ -97.75535, 21.1121 ], [ -97.75704, 21.11994 ], [ -97.75524, 21.13944 ], [ -97.74775, 21.13199 ], [ -97.73819, 21.1402 ], [ -97.74055, 21.14588 ], [ -97.72724, 21.13077 ], [ -97.71986, 21.14153 ], [ -97.72523, 21.15453 ], [ -97.70836, 21.15314 ], [ -97.70445, 21.15657 ], [ -97.70841, 21.16417 ], [ -97.72249, 21.17168 ], [ -97.71011, 21.16988 ], [ -97.70544, 21.19146 ], [ -97.69978, 21.18962 ], [ -97.69902, 21.19634 ], [ -97.68568, 21.19874 ], [ -97.68344, 21.19269 ], [ -97.6718, 21.18838 ], [ -97.67, 21.19144 ], [ -97.63677, 21.18352 ], [ -97.62969, 21.1698 ], [ -97.62997, 21.15885 ], [ -97.62051, 21.15684 ], [ -97.61464, 21.149 ], [ -97.60831, 21.15162 ], [ -97.61045, 21.13899 ], [ -97.5945, 21.13912 ], [ -97.588, 21.12361 ], [ -97.57264, 21.10775 ], [ -97.5319, 21.1034 ] ] ] } },
{ "type": "Feature", "properties": { "NOMGEO": "Tlacolulan", "CVEGEO": "30177", "POB1": 11685.0, "POB84": 5751.0, "POB42": 5934.0 }, "geometry": { "type": "Polygon", "coordinates": [ [ [ -96.9883, 19.77886 ], [ -96.96859, 19.78392 ], [ -96.96712, 19.77713 ], [ -96.97217, 19.76931 ], [ -96.96317, 19.76996 ], [ -96.95655, 19.7634 ], [ -96.94694, 19.76836 ], [ -96.93229, 19.75516 ], [ -96.94885, 19.74353 ], [ -96.96461, 19.74609 ], [ -96.96729, 19.73325 ], [ -96.962, 19.72077 ], [ -96.9751, 19.71882 ], [ -96.98573, 19.72741 ], [ -96.99308, 19.71696 ], [ -96.98109, 19.716 ], [ -96.96626, 19.68218 ], [ -96.9765, 19.68301 ], [ -96.96655, 19.64853 ], [ -96.97903, 19.63496 ], [ -96.97579, 19.62686 ], [ -96.98484, 19.62978 ], [ -96.98752, 19.62067 ], [ -97.00254, 19.61701 ], [ -97.02036, 19.62168 ], [ -97.03785, 19.61594 ], [ -97.0333, 19.63205 ], [ -97.04325, 19.63446 ], [ -97.03362, 19.63527 ], [ -97.03388, 19.64187 ], [ -97.03077, 19.63689 ], [ -97.02278, 19.63753 ], [ -97.02946, 19.6476 ], [ -97.0222, 19.65651 ], [ -97.03648, 19.65564 ], [ -97.04525, 19.6622 ], [ -97.06415, 19.65628 ], [ -97.06389, 19.66127 ], [ -97.05, 19.66934 ], [ -97.06508, 19.67952 ], [ -97.06719, 19.69227 ], [ -97.04423, 19.70597 ], [ -97.03021, 19.7205 ], [ -97.03472, 19.73273 ], [ -97.02958, 19.74742 ], [ -97.03174, 19.75432 ], [ -97.02226, 19.75847 ], [ -97.02987, 19.7663 ], [ -97.02036, 19.78792 ], [ -97.00397, 19.77552 ], [ -96.99586, 19.77674 ], [ -96.9941, 19.785 ], [ -96.9883, 19.77886 ] ] ] } },
{ "type": "Feature", "properties": { "NOMGEO": "Tlacotalpan", "CVEGEO": "30178", "POB1": 12898.0, "POB84": 6223.0, "POB42": 6675.0 }, "geometry": { "type": "Polygon", "coordinates": [ [ [ -95.56144, 18.64076 ], [ -95.55115, 18.62142 ], [ -95.56838, 18.61185 ], [ -95.57178, 18.6149 ], [ -95.5817, 18.60287 ], [ -95.58077, 18.5953 ], [ -95.57671, 18.59484 ], [ -95.58024, 18.59046 ], [ -95.56678, 18.58109 ], [ -95.56686, 18.56931 ], [ -95.57333, 18.56115 ], [ -95.57175, 18.55236 ], [ -95.55321, 18.54396 ], [ -95.55027, 18.53507 ], [ -95.54408, 18.5339 ], [ -95.53996, 18.52167 ], [ -95.53521, 18.52008 ], [ -95.53289, 18.51216 ], [ -95.54056, 18.51231 ], [ -95.54233, 18.49877 ], [ -95.53679, 18.49861 ], [ -95.53423, 18.48724 ], [ -95.545, 18.48026 ], [ -95.53335, 18.47742 ], [ -95.52882, 18.47123 ], [ -95.52534, 18.47366 ], [ -95.52809, 18.46432 ], [ -95.531, 18.46949 ], [ -95.53551, 18.4632 ], [ -95.51789, 18.45833 ], [ -95.52137, 18.44168 ], [ -95.51718, 18.43051 ], [ -95.51022, 18.42654 ], [ -95.51185, 18.42204 ], [ -95.5168, 18.42683 ], [ -95.5178, 18.41551 ], [ -95.50298, 18.41306 ], [ -95.51286, 18.40618 ], [ -95.51425, 18.39742 ], [ -95.51486, 18.38507 ], [ -95.50899, 18.37756 ], [ -95.51325, 18.37316 ], [ -95.50848, 18.36717 ], [ -95.52626, 18.36187 ], [ -95.52284, 18.34935 ], [ -95.52697, 18.33488 ], [ -95.54367, 18.33797 ], [ -95.55227, 18.36406 ], [ -95.56523, 18.35982 ], [ -95.57729, 18.36321 ], [ -95.59407, 18.35442 ], [ -95.59773, 18.36456 ], [ -95.6127, 18.36244 ], [ -95.61759, 18.37141 ], [ -95.61417, 18.38573 ], [ -95.63243, 18.38304 ], [ -95.62682, 18.40801 ], [ -95.63213, 18.42196 ], [ -95.64792, 18.43418 ], [ -95.63953, 18.43796 ], [ -95.64708, 18.44886 ], [ -95.65836, 18.45127 ], [ -95.6647, 18.45822 ], [ -95.66282, 18.46567 ], [ -95.68307, 18.49524 ], [ -95.69909, 18.50458 ], [ -95.70169, 18.51253 ], [ -95.71744, 18.5239 ], [ -95.72905, 18.54458 ], [ -95.73891, 18.53622 ], [ -95.75439, 18.53484 ], [ -95.76556, 18.54625 ], [ -95.75155, 18.56614 ], [ -95.75053, 18.60009 ], [ -95.74532, 18.60348 ], [ -95.73619, 18.59963 ], [ -95.72044, 18.61697 ], [ -95.72461, 18.62214 ], [ -95.72064, 18.62648 ], [ -95.72524, 18.63694 ], [ -95.72621, 18.66552 ], [ -95.71759, 18.66959 ], [ -95.71598, 18.67782 ], [ -95.69603, 18.67406 ], [ -95.67869, 18.68328 ], [ -95.65619, 18.68692 ], [ -95.64688, 18.6959 ], [ -95.63694, 18.69555 ], [ -95.635, 18.70731 ], [ -95.62796, 18.69364 ], [ -95.61081, 18.6959 ], [ -95.59432, 18.69205 ], [ -95.57543, 18.66624 ], [ -95.55772, 18.66199 ], [ -95.55062, 18.65297 ], [ -95.56144, 18.64076 ] ] ] } },
{ "type": "Feature", "properties": { "NOMGEO": "Tlacotepec de Mejía", "CVEGEO": "30179", "POB1": 4284.0, "POB84": 2130.0, "POB42": 2154.0 }, "geometry": { "type": "Polygon", "coordinates": [ [ [ -96.69236, 19.18428 ], [ -96.70885, 19.17913 ], [ -96.70561, 19.17622 ], [ -96.71301, 19.17007 ], [ -96.73025, 19.16373 ], [ -96.74641, 19.16802 ], [ -96.75988, 19.16155 ], [ -96.79883, 19.16455 ], [ -96.81903, 19.16037 ], [ -96.84596, 19.17125 ], [ -96.85717, 19.16991 ], [ -96.8653, 19.18262 ], [ -96.85678, 19.18408 ], [ -96.85925, 19.19005 ], [ -96.87159, 19.19368 ], [ -96.85222, 19.19525 ], [ -96.84479, 19.20182 ], [ -96.79366, 19.20417 ], [ -96.77012, 19.19676 ], [ -96.75447, 19.19694 ], [ -96.74397, 19.20364 ], [ -96.7265, 19.20532 ], [ -96.69536, 19.20114 ], [ -96.71664, 19.19426 ], [ -96.72044, 19.18882 ], [ -96.69606, 19.18855 ], [ -96.69333, 19.19303 ], [ -96.69239, 19.19002 ], [ -96.68509, 19.19323 ], [ -96.69236, 19.18428 ] ] ] } },
{ "type": "Feature", "properties": { "NOMGEO": "Tlachichilco", "CVEGEO": "30180", "POB1": 10900.0, "POB84": 5307.0, "POB42": 5593.0 }, "geometry": { "type": "Polygon", "coordinates": [ [ [ -98.13854, 20.72415 ], [ -98.13488, 20.72027 ], [ -98.14824, 20.69863 ], [ -98.12608, 20.68819 ], [ -98.12911, 20.68143 ], [ -98.1191, 20.68706 ], [ -98.11554, 20.67714 ], [ -98.11996, 20.67802 ], [ -98.12697, 20.66716 ], [ -98.11961, 20.66366 ], [ -98.12974, 20.65655 ], [ -98.12684, 20.65393 ], [ -98.13088, 20.64315 ], [ -98.12328, 20.6357 ], [ -98.127, 20.63319 ], [ -98.1199, 20.62002 ], [ -98.10803, 20.61208 ], [ -98.11498, 20.6001 ], [ -98.12691, 20.59727 ], [ -98.11872, 20.59413 ], [ -98.12373, 20.59212 ], [ -98.1214, 20.5864 ], [ -98.13019, 20.59093 ], [ -98.13043, 20.58445 ], [ -98.14774, 20.56266 ], [ -98.15372, 20.56522 ], [ -98.15218, 20.55452 ], [ -98.15815, 20.55026 ], [ -98.15804, 20.54256 ], [ -98.16445, 20.54119 ], [ -98.17289, 20.52972 ], [ -98.18877, 20.5231 ], [ -98.21186, 20.52863 ], [ -98.22869, 20.52084 ], [ -98.23032, 20.51054 ], [ -98.2404, 20.50094 ], [ -98.24603, 20.5043 ], [ -98.26365, 20.49137 ], [ -98.29116, 20.50235 ], [ -98.28434, 20.52423 ], [ -98.25773, 20.5323 ], [ -98.249, 20.55054 ], [ -98.24219, 20.55257 ], [ -98.23794, 20.56058 ], [ -98.24224, 20.56496 ], [ -98.2387, 20.56682 ], [ -98.24117, 20.58701 ], [ -98.23729, 20.59963 ], [ -98.23094, 20.60534 ], [ -98.22252, 20.63451 ], [ -98.21444, 20.64083 ], [ -98.2131, 20.6358 ], [ -98.20877, 20.63692 ], [ -98.211, 20.64764 ], [ -98.20406, 20.65212 ], [ -98.1956, 20.67074 ], [ -98.20102, 20.6816 ], [ -98.20232, 20.67267 ], [ -98.21207, 20.68015 ], [ -98.20259, 20.68698 ], [ -98.20102, 20.69893 ], [ -98.19401, 20.69691 ], [ -98.18653, 20.70331 ], [ -98.18107, 20.71647 ], [ -98.19156, 20.73265 ], [ -98.18151, 20.74072 ], [ -98.17096, 20.73255 ], [ -98.16849, 20.73832 ], [ -98.14284, 20.74277 ], [ -98.12967, 20.72878 ], [ -98.13854, 20.72415 ] ] ] } },
{ "type": "Feature", "properties": { "NOMGEO": "Tlalixcoyan", "CVEGEO": "30181", "POB1": 37795.0, "POB84": 18380.0, "POB42": 19415.0 }, "geometry": { "type": "Polygon", "coordinates": [ [ [ -96.01927, 18.93443 ], [ -96.02842, 18.92508 ], [ -96.03291, 18.90002 ], [ -96.02263, 18.89256 ], [ -96.02256, 18.8856 ], [ -96.0037, 18.88579 ], [ -96.00352, 18.88135 ], [ -95.98627, 18.88509 ], [ -95.98251, 18.83369 ], [ -95.99847, 18.82685 ], [ -95.99604, 18.80234 ], [ -95.97465, 18.79892 ], [ -95.99573, 18.77606 ], [ -95.99955, 18.75424 ], [ -96.02811, 18.76415 ], [ -96.02812, 18.75333 ], [ -96.02195, 18.75239 ], [ -96.01929, 18.7383 ], [ -96.03673, 18.73845 ], [ -96.03677, 18.72883 ], [ -96.044, 18.72943 ], [ -96.04504, 18.72109 ], [ -96.03975, 18.71304 ], [ -96.04086, 18.70548 ], [ -96.04907, 18.70555 ], [ -96.04953, 18.68947 ], [ -96.03645, 18.68963 ], [ -96.0363, 18.67521 ], [ -96.04788, 18.6729 ], [ -96.05762, 18.65716 ], [ -96.04222, 18.64544 ], [ -96.04255, 18.63009 ], [ -96.02945, 18.61605 ], [ -96.03598, 18.59535 ], [ -96.04449, 18.59953 ], [ -96.05095, 18.59611 ], [ -96.06045, 18.6034 ], [ -96.07136, 18.60082 ], [ -96.07538, 18.60925 ], [ -96.08846, 18.61333 ], [ -96.11972, 18.60828 ], [ -96.11977, 18.60285 ], [ -96.12475, 18.60194 ], [ -96.13419, 18.60695 ], [ -96.14137, 18.62672 ], [ -96.14602, 18.6258 ], [ -96.16002, 18.64413 ], [ -96.17458, 18.65334 ], [ -96.19557, 18.64857 ], [ -96.20429, 18.63835 ], [ -96.2252, 18.65204 ], [ -96.22911, 18.64708 ], [ -96.24546, 18.64842 ], [ -96.24731, 18.65677 ], [ -96.27491, 18.66813 ], [ -96.28217, 18.66804 ], [ -96.2897, 18.66038 ], [ -96.30958, 18.66804 ], [ -96.32865, 18.66723 ], [ -96.3348, 18.67782 ], [ -96.34141, 18.67819 ], [ -96.36074, 18.69518 ], [ -96.3764, 18.68726 ], [ -96.38417, 18.69181 ], [ -96.39448, 18.68664 ], [ -96.41066, 18.68883 ], [ -96.4149, 18.68349 ], [ -96.43232, 18.68766 ], [ -96.43606, 18.70329 ], [ -96.42075, 18.70164 ], [ -96.43608, 18.71542 ], [ -96.43604, 18.73574 ], [ -96.42497, 18.73966 ], [ -96.4199, 18.73679 ], [ -96.41818, 18.74336 ], [ -96.4244, 18.74492 ], [ -96.42337, 18.75021 ], [ -96.40575, 18.74605 ], [ -96.39917, 18.75228 ], [ -96.40015, 18.75742 ], [ -96.41518, 18.76123 ], [ -96.42183, 18.77079 ], [ -96.41929, 18.77302 ], [ -96.39156, 18.78408 ], [ -96.3663, 18.78562 ], [ -96.35649, 18.79296 ], [ -96.33988, 18.78782 ], [ -96.34082, 18.79867 ], [ -96.30547, 18.78424 ], [ -96.27905, 18.78245 ], [ -96.26733, 18.79516 ], [ -96.26963, 18.80982 ], [ -96.24904, 18.81863 ], [ -96.24354, 18.82738 ], [ -96.2203, 18.82828 ], [ -96.21239, 18.83954 ], [ -96.19601, 18.83253 ], [ -96.19058, 18.83993 ], [ -96.19227, 18.84518 ], [ -96.18701, 18.84042 ], [ -96.17194, 18.84926 ], [ -96.15674, 18.83963 ], [ -96.14621, 18.84184 ], [ -96.14371, 18.8536 ], [ -96.13236, 18.85955 ], [ -96.12035, 18.89699 ], [ -96.09525, 18.89513 ], [ -96.10161, 18.89921 ], [ -96.1002, 18.9137 ], [ -96.093, 18.91697 ], [ -96.09117, 18.91117 ], [ -96.07495, 18.94971 ], [ -96.06643, 18.94597 ], [ -96.06916, 18.93443 ], [ -96.05501, 18.94853 ], [ -96.05017, 18.94566 ], [ -96.05417, 18.93962 ], [ -96.04905, 18.93059 ], [ -96.03753, 18.92563 ], [ -96.03202, 18.93915 ], [ -96.02198, 18.94057 ], [ -96.01927, 18.93443 ] ] ] } },
{ "type": "Feature", "properties": { "NOMGEO": "Tlalnelhuayocan", "CVEGEO": "30182", "POB1": 19664.0, "POB84": 9585.0, "POB42": 10079.0 }, "geometry": { "type": "Polygon", "coordinates": [ [ [ -96.95733, 19.55092 ], [ -96.96848, 19.54781 ], [ -96.97084, 19.53905 ], [ -96.96628, 19.53261 ], [ -96.95185, 19.53066 ], [ -96.94767, 19.51418 ], [ -96.96499, 19.50635 ], [ -96.97035, 19.51341 ], [ -96.98041, 19.51471 ], [ -96.99398, 19.50665 ], [ -97.01083, 19.5166 ], [ -97.0153, 19.52462 ], [ -97.02225, 19.52552 ], [ -97.00025, 19.52954 ], [ -97.01128, 19.53483 ], [ -97.00393, 19.53673 ], [ -97.01483, 19.542 ], [ -97.01829, 19.55161 ], [ -96.98834, 19.56267 ], [ -96.99848, 19.56562 ], [ -96.996, 19.57831 ], [ -96.97755, 19.57898 ], [ -96.96737, 19.57524 ], [ -96.96369, 19.56714 ], [ -96.95583, 19.57108 ], [ -96.95733, 19.55092 ] ] ] } },
{ "type": "Feature", "properties": { "NOMGEO": "Tlapacoyan", "CVEGEO": "30183", "POB1": 61377.0, "POB84": 29598.0, "POB42": 31779.0 }, "geometry": { "type": "Polygon", "coordinates": [ [ [ -97.09274, 20.04144 ], [ -97.09823, 20.02276 ], [ -97.15304, 20.01328 ], [ -97.14863, 19.99898 ], [ -97.15881, 19.99185 ], [ -97.16518, 19.99554 ], [ -97.17312, 19.99298 ], [ -97.17213, 19.98215 ], [ -97.19527, 19.95608 ], [ -97.2074, 19.93434 ], [ -97.21543, 19.93325 ], [ -97.21893, 19.9237 ], [ -97.2289, 19.92272 ], [ -97.23064, 19.93091 ], [ -97.24171, 19.93762 ], [ -97.2584, 19.93292 ], [ -97.26925, 19.94703 ], [ -97.26067, 19.97725 ], [ -97.23817, 19.98871 ], [ -97.23469, 19.99673 ], [ -97.22529, 20.00205 ], [ -97.2251, 20.00946 ], [ -97.20693, 20.01467 ], [ -97.20358, 20.02532 ], [ -97.2111, 20.04255 ], [ -97.20615, 20.05636 ], [ -97.19543, 20.05434 ], [ -97.1855, 20.06234 ], [ -97.18204, 20.07275 ], [ -97.17557, 20.07667 ], [ -97.18355, 20.07962 ], [ -97.18168, 20.08296 ], [ -97.14852, 20.11635 ], [ -97.11614, 20.12153 ], [ -97.11916, 20.10782 ], [ -97.10947, 20.10661 ], [ -97.10808, 20.09569 ], [ -97.12432, 20.08625 ], [ -97.10326, 20.06994 ], [ -97.09072, 20.06968 ], [ -97.08479, 20.06147 ], [ -97.08792, 20.05504 ], [ -97.08301, 20.05165 ], [ -97.09274, 20.04144 ] ] ] } },
{ "type": "Feature", "properties": { "NOMGEO": "Tlaquilpa", "CVEGEO": "30184", "POB1": 7933.0, "POB84": 3711.0, "POB42": 4222.0 }, "geometry": { "type": "Polygon", "coordinates": [ [ [ -97.06714, 18.60688 ], [ -97.04886, 18.58839 ], [ -97.07509, 18.5821 ], [ -97.08532, 18.58518 ], [ -97.08899, 18.57986 ], [ -97.11573, 18.57619 ], [ -97.11924, 18.57186 ], [ -97.13263, 18.57579 ], [ -97.14456, 18.57093 ], [ -97.14586, 18.58216 ], [ -97.14239, 18.59335 ], [ -97.13827, 18.59257 ], [ -97.14014, 18.61771 ], [ -97.13262, 18.63036 ], [ -97.12257, 18.6346 ], [ -97.13415, 18.64219 ], [ -97.13419, 18.6481 ], [ -97.12171, 18.6486 ], [ -97.10944, 18.65538 ], [ -97.08944, 18.64927 ], [ -97.06714, 18.60688 ] ] ] } },
{ "type": "Feature", "properties": { "NOMGEO": "Yanga", "CVEGEO": "30196", "POB1": 17902.0, "POB84": 8425.0, "POB42": 9477.0 }, "geometry": { "type": "Polygon", "coordinates": [ [ [ -96.75002, 18.83414 ], [ -96.75398, 18.83382 ], [ -96.76678, 18.80731 ], [ -96.75667, 18.80309 ], [ -96.75644, 18.79868 ], [ -96.76934, 18.79276 ], [ -96.77553, 18.79854 ], [ -96.78019, 18.7924 ], [ -96.7667, 18.78313 ], [ -96.78036, 18.77888 ], [ -96.77743, 18.76834 ], [ -96.78706, 18.76286 ], [ -96.79849, 18.77557 ], [ -96.81067, 18.77272 ], [ -96.82877, 18.77595 ], [ -96.83769, 18.78589 ], [ -96.83516, 18.79906 ], [ -96.84966, 18.80711 ], [ -96.83174, 18.82438 ], [ -96.82047, 18.81769 ], [ -96.82194, 18.84236 ], [ -96.85531, 18.86552 ], [ -96.82476, 18.88222 ], [ -96.80434, 18.87583 ], [ -96.78823, 18.8779 ], [ -96.76061, 18.85979 ], [ -96.76502, 18.85533 ], [ -96.76175, 18.85132 ], [ -96.75564, 18.85279 ], [ -96.74769, 18.84566 ], [ -96.75002, 18.83414 ] ] ] } },
{ "type": "Feature", "properties": { "NOMGEO": "Yecuatla", "CVEGEO": "30197", "POB1": 11205.0, "POB84": 5543.0, "POB42": 5662.0 }, "geometry": { "type": "Polygon", "coordinates": [ [ [ -96.72408, 19.85931 ], [ -96.72887, 19.85949 ], [ -96.72232, 19.85443 ], [ -96.72716, 19.84664 ], [ -96.72023, 19.84501 ], [ -96.74082, 19.82733 ], [ -96.74106, 19.8167 ], [ -96.75503, 19.79134 ], [ -96.77446, 19.78947 ], [ -96.78299, 19.79473 ], [ -96.7824, 19.80121 ], [ -96.79836, 19.78471 ], [ -96.80199, 19.79013 ], [ -96.79298, 19.80218 ], [ -96.79547, 19.80781 ], [ -96.80046, 19.80331 ], [ -96.80641, 19.80621 ], [ -96.81074, 19.79834 ], [ -96.8219, 19.79473 ], [ -96.83067, 19.80422 ], [ -96.83052, 19.81295 ], [ -96.8372, 19.81958 ], [ -96.83638, 19.83228 ], [ -96.82797, 19.83985 ], [ -96.82723, 19.85049 ], [ -96.80773, 19.86894 ], [ -96.80836, 19.87485 ], [ -96.80472, 19.87484 ], [ -96.80805, 19.87967 ], [ -96.797, 19.88589 ], [ -96.7966, 19.89703 ], [ -96.77095, 19.90479 ], [ -96.75568, 19.88893 ], [ -96.7395, 19.90842 ], [ -96.71632, 19.90251 ], [ -96.70922, 19.89197 ], [ -96.71825, 19.88644 ], [ -96.71538, 19.87798 ], [ -96.70203, 19.88408 ], [ -96.72408, 19.85931 ] ] ] } },
{ "type": "Feature", "properties": { "NOMGEO": "Zacualpan", "CVEGEO": "30198", "POB1": 6788.0, "POB84": 3238.0, "POB42": 3550.0 }, "geometry": { "type": "Polygon", "coordinates": [ [ [ -98.24082, 20.58961 ], [ -98.23771, 20.57509 ], [ -98.24224, 20.56496 ], [ -98.23794, 20.56058 ], [ -98.242, 20.5528 ], [ -98.249, 20.55054 ], [ -98.25773, 20.5323 ], [ -98.26929, 20.53154 ], [ -98.28759, 20.51845 ], [ -98.29116, 20.50235 ], [ -98.26365, 20.49137 ], [ -98.27544, 20.48125 ], [ -98.28046, 20.46938 ], [ -98.31571, 20.44569 ], [ -98.31982, 20.4244 ], [ -98.31605, 20.42319 ], [ -98.32088, 20.41813 ], [ -98.33718, 20.41413 ], [ -98.35982, 20.39981 ], [ -98.38059, 20.39918 ], [ -98.39916, 20.41036 ], [ -98.41151, 20.39985 ], [ -98.41396, 20.40799 ], [ -98.43385, 20.39791 ], [ -98.44457, 20.39983 ], [ -98.4449, 20.41677 ], [ -98.43787, 20.42314 ], [ -98.44671, 20.42511 ], [ -98.41562, 20.45516 ], [ -98.41149, 20.47615 ], [ -98.40641, 20.47479 ], [ -98.40413, 20.4797 ], [ -98.43074, 20.51368 ], [ -98.4241, 20.53587 ], [ -98.41391, 20.53809 ], [ -98.41489, 20.53302 ], [ -98.40453, 20.53313 ], [ -98.39756, 20.54282 ], [ -98.38561, 20.54632 ], [ -98.38168, 20.55782 ], [ -98.36986, 20.56141 ], [ -98.34661, 20.54963 ], [ -98.33782, 20.55049 ], [ -98.32307, 20.55874 ], [ -98.32329, 20.58298 ], [ -98.31653, 20.58961 ], [ -98.29593, 20.5871 ], [ -98.29829, 20.57516 ], [ -98.29295, 20.57553 ], [ -98.28576, 20.584 ], [ -98.26569, 20.59076 ], [ -98.2497, 20.60437 ], [ -98.23144, 20.61181 ], [ -98.24082, 20.58961 ] ] ] } },
{ "type": "Feature", "properties": { "NOMGEO": "Zaragoza", "CVEGEO": "30199", "POB1": 11899.0, "POB84": 5637.0, "POB42": 6262.0 }, "geometry": { "type": "Polygon", "coordinates": [ [ [ -94.67632, 17.96227 ], [ -94.67268, 17.9677 ], [ -94.6543, 17.97169 ], [ -94.64697, 17.96328 ], [ -94.63615, 17.97173 ], [ -94.62235, 17.9609 ], [ -94.62131, 17.966 ], [ -94.61336, 17.96456 ], [ -94.61495, 17.95064 ], [ -94.60725, 17.93792 ], [ -94.62214, 17.92335 ], [ -94.6285, 17.9247 ], [ -94.67632, 17.96227 ] ] ] } },
{ "type": "Feature", "properties": { "NOMGEO": "Zentla", "CVEGEO": "30200", "POB1": 12581.0, "POB84": 6288.0, "POB42": 6293.0 }, "geometry": { "type": "Polygon", "coordinates": [ [ [ -96.67746, 19.07995 ], [ -96.67555, 19.07488 ], [ -96.66803, 19.08111 ], [ -96.66404, 19.0776 ], [ -96.66686, 19.07425 ], [ -96.65975, 19.08009 ], [ -96.65443, 19.07458 ], [ -96.65268, 19.07971 ], [ -96.65011, 19.07409 ], [ -96.64037, 19.07572 ], [ -96.64319, 19.08023 ], [ -96.63717, 19.07794 ], [ -96.62792, 19.08227 ], [ -96.63161, 19.08476 ], [ -96.62986, 19.09185 ], [ -96.60764, 19.09025 ], [ -96.59684, 19.08366 ], [ -96.58841, 19.08694 ], [ -96.56776, 19.08122 ], [ -96.56484, 19.08462 ], [ -96.55716, 19.0789 ], [ -96.56196, 19.07361 ], [ -96.57044, 19.06939 ], [ -96.58426, 19.07158 ], [ -96.56612, 19.05654 ], [ -96.56541, 19.06001 ], [ -96.54944, 19.05822 ], [ -96.54523, 19.0517 ], [ -96.54235, 19.05708 ], [ -96.52936, 19.0438 ], [ -96.54234, 19.03908 ], [ -96.54016, 19.04525 ], [ -96.54737, 19.04547 ], [ -96.55103, 19.0387 ], [ -96.55283, 19.05033 ], [ -96.56238, 19.05425 ], [ -96.56662, 19.05094 ], [ -96.56794, 19.0546 ], [ -96.57211, 19.05024 ], [ -96.57757, 19.05224 ], [ -96.57734, 19.04859 ], [ -96.58262, 19.05221 ], [ -96.58659, 19.04702 ], [ -96.58925, 19.05163 ], [ -96.59564, 19.04568 ], [ -96.60058, 19.05059 ], [ -96.6023, 19.04409 ], [ -96.60448, 19.04997 ], [ -96.61547, 19.04941 ], [ -96.6153, 19.05571 ], [ -96.61765, 19.04658 ], [ -96.62057, 19.05042 ], [ -96.63098, 19.04264 ], [ -96.63842, 19.04719 ], [ -96.63783, 19.05219 ], [ -96.66351, 19.0411 ], [ -96.67485, 19.04783 ], [ -96.67706, 19.04094 ], [ -96.70774, 19.02119 ], [ -96.72335, 19.02047 ], [ -96.7427, 19.02672 ], [ -96.76892, 19.0209 ], [ -96.79507, 19.02506 ], [ -96.79643, 19.02922 ], [ -96.80513, 19.02757 ], [ -96.83883, 19.06933 ], [ -96.83855, 19.07844 ], [ -96.84578, 19.0764 ], [ -96.85445, 19.09401 ], [ -96.87122, 19.09859 ], [ -96.87143, 19.113 ], [ -96.88423, 19.12504 ], [ -96.86657, 19.13565 ], [ -96.85581, 19.13421 ], [ -96.8356, 19.12561 ], [ -96.83079, 19.11886 ], [ -96.82031, 19.11718 ], [ -96.81567, 19.11038 ], [ -96.80437, 19.10975 ], [ -96.78675, 19.09325 ], [ -96.76879, 19.09144 ], [ -96.76138, 19.08294 ], [ -96.72317, 19.07477 ], [ -96.70821, 19.0781 ], [ -96.69191, 19.07251 ], [ -96.67746, 19.07995 ] ] ] } },
{ "type": "Feature", "properties": { "NOMGEO": "Zongolica", "CVEGEO": "30201", "POB1": 45028.0, "POB84": 21765.0, "POB42": 23263.0 }, "geometry": { "type": "Polygon", "coordinates": [ [ [ -96.92807, 18.78073 ], [ -96.92779, 18.77388 ], [ -96.9312, 18.76598 ], [ -96.93737, 18.76675 ], [ -96.93752, 18.75511 ], [ -96.91534, 18.76097 ], [ -96.8957, 18.75062 ], [ -96.89295, 18.74214 ], [ -96.8849, 18.74495 ], [ -96.88973, 18.72536 ], [ -96.89801, 18.71882 ], [ -96.88656, 18.71605 ], [ -96.88518, 18.70243 ], [ -96.87661, 18.69627 ], [ -96.88832, 18.68422 ], [ -96.87575, 18.68693 ], [ -96.86653, 18.67568 ], [ -96.8681, 18.66468 ], [ -96.86352, 18.65438 ], [ -96.88145, 18.64039 ], [ -96.88027, 18.62518 ], [ -96.87568, 18.62123 ], [ -96.86128, 18.6298 ], [ -96.86158, 18.60954 ], [ -96.8523, 18.61026 ], [ -96.84442, 18.59236 ], [ -96.83411, 18.58993 ], [ -96.84251, 18.55691 ], [ -96.83947, 18.5528 ], [ -96.86621, 18.53953 ], [ -96.86303, 18.52989 ], [ -96.87107, 18.52191 ], [ -96.87593, 18.53509 ], [ -96.88588, 18.53344 ], [ -96.89925, 18.54865 ], [ -96.90672, 18.54685 ], [ -96.90962, 18.53981 ], [ -96.92594, 18.53493 ], [ -96.95296, 18.5539 ], [ -96.96446, 18.54703 ], [ -96.96521, 18.54166 ], [ -96.97681, 18.54308 ], [ -96.97379, 18.53676 ], [ -96.98482, 18.5312 ], [ -96.99624, 18.52851 ], [ -96.99892, 18.53192 ], [ -96.98394, 18.54653 ], [ -96.9756, 18.5467 ], [ -96.97443, 18.55345 ], [ -96.96676, 18.55366 ], [ -96.95387, 18.56433 ], [ -96.9416, 18.55438 ], [ -96.93895, 18.56228 ], [ -96.94445, 18.5672 ], [ -96.93236, 18.574 ], [ -96.93565, 18.5801 ], [ -96.92861, 18.58654 ], [ -96.93562, 18.59334 ], [ -96.93674, 18.61262 ], [ -96.94414, 18.62208 ], [ -96.95541, 18.62513 ], [ -96.94904, 18.63166 ], [ -96.95018, 18.64728 ], [ -96.9586, 18.64989 ], [ -96.97687, 18.64489 ], [ -96.97458, 18.63967 ], [ -96.95594, 18.63244 ], [ -96.96287, 18.62833 ], [ -96.97376, 18.62922 ], [ -96.97462, 18.63485 ], [ -96.98021, 18.63674 ], [ -96.99649, 18.62618 ], [ -97.00828, 18.6364 ], [ -97.01489, 18.63439 ], [ -97.02423, 18.65553 ], [ -97.0214, 18.66875 ], [ -97.02766, 18.67107 ], [ -97.00799, 18.68631 ], [ -97.01457, 18.69537 ], [ -97.01392, 18.70322 ], [ -97.00406, 18.70028 ], [ -96.9994, 18.70531 ], [ -96.99312, 18.70391 ], [ -96.99516, 18.70977 ], [ -96.98813, 18.71454 ], [ -96.98587, 18.72709 ], [ -96.95296, 18.75262 ], [ -96.96363, 18.76476 ], [ -96.95963, 18.76848 ], [ -96.9628, 18.77069 ], [ -96.93701, 18.78159 ], [ -96.92807, 18.78073 ] ] ] } },
{ "type": "Feature", "properties": { "NOMGEO": "Zontecomatlán de López y Fuentes", "CVEGEO": "30202", "POB1": 14644.0, "POB84": 7154.0, "POB42": 7490.0 }, "geometry": { "type": "Polygon", "coordinates": [ [ [ -98.2424, 20.79226 ], [ -98.23309, 20.78345 ], [ -98.23715, 20.78273 ], [ -98.23899, 20.78048 ], [ -98.23443, 20.77878 ], [ -98.23175, 20.76722 ], [ -98.22682, 20.76682 ], [ -98.234, 20.76044 ], [ -98.21963, 20.75527 ], [ -98.19611, 20.76059 ], [ -98.20462, 20.74642 ], [ -98.19275, 20.73815 ], [ -98.18482, 20.73923 ], [ -98.19156, 20.73265 ], [ -98.18107, 20.71647 ], [ -98.18653, 20.70331 ], [ -98.19401, 20.69691 ], [ -98.20102, 20.69893 ], [ -98.20183, 20.68872 ], [ -98.20768, 20.68266 ], [ -98.21212, 20.6842 ], [ -98.20946, 20.68825 ], [ -98.22178, 20.67869 ], [ -98.2355, 20.68167 ], [ -98.2386, 20.67591 ], [ -98.24847, 20.67554 ], [ -98.2546, 20.66979 ], [ -98.25255, 20.67788 ], [ -98.25982, 20.67435 ], [ -98.25856, 20.68097 ], [ -98.26465, 20.68362 ], [ -98.28347, 20.66944 ], [ -98.30401, 20.68753 ], [ -98.29483, 20.69544 ], [ -98.29734, 20.70254 ], [ -98.31688, 20.69803 ], [ -98.33595, 20.68499 ], [ -98.34202, 20.68875 ], [ -98.3674, 20.68662 ], [ -98.38133, 20.69398 ], [ -98.38193, 20.69837 ], [ -98.38822, 20.69548 ], [ -98.40265, 20.7076 ], [ -98.43347, 20.71752 ], [ -98.42145, 20.73935 ], [ -98.42372, 20.75189 ], [ -98.39383, 20.75427 ], [ -98.39768, 20.78176 ], [ -98.36433, 20.78498 ], [ -98.35297, 20.79394 ], [ -98.35324, 20.80173 ], [ -98.34624, 20.80242 ], [ -98.32525, 20.78382 ], [ -98.31532, 20.78875 ], [ -98.30783, 20.80192 ], [ -98.30288, 20.7959 ], [ -98.29845, 20.80143 ], [ -98.30448, 20.78273 ], [ -98.29881, 20.77784 ], [ -98.29202, 20.78551 ], [ -98.26159, 20.78597 ], [ -98.25404, 20.7941 ], [ -98.24797, 20.7894 ], [ -98.2424, 20.79226 ] ] ] } },
{ "type": "Feature", "properties": { "NOMGEO": "Zozocolco de Hidalgo", "CVEGEO": "30203", "POB1": 14524.0, "POB84": 7020.0, "POB42": 7504.0 }, "geometry": { "type": "Polygon", "coordinates": [ [ [ -97.51676, 20.15073 ], [ -97.50968, 20.14089 ], [ -97.50349, 20.14863 ], [ -97.4958, 20.14706 ], [ -97.49978, 20.14239 ], [ -97.49484, 20.13735 ], [ -97.52739, 20.11488 ], [ -97.53959, 20.11601 ], [ -97.54816, 20.1012 ], [ -97.55805, 20.10691 ], [ -97.56175, 20.08558 ], [ -97.57085, 20.08192 ], [ -97.57687, 20.08463 ], [ -97.58026, 20.07901 ], [ -97.59124, 20.08171 ], [ -97.59571, 20.09689 ], [ -97.58423, 20.09476 ], [ -97.57865, 20.10252 ], [ -97.58208, 20.10904 ], [ -97.60273, 20.11931 ], [ -97.60506, 20.13172 ], [ -97.60098, 20.14129 ], [ -97.60532, 20.14183 ], [ -97.60838, 20.15164 ], [ -97.60432, 20.15878 ], [ -97.5863, 20.15761 ], [ -97.5804, 20.17383 ], [ -97.57435, 20.17691 ], [ -97.56922, 20.16431 ], [ -97.55384, 20.16981 ], [ -97.54449, 20.16693 ], [ -97.53722, 20.17599 ], [ -97.53121, 20.16846 ], [ -97.5146, 20.17004 ], [ -97.51676, 20.15073 ] ] ] } },
{ "type": "Feature", "properties": { "NOMGEO": "Agua Dulce", "CVEGEO": "30204", "POB1": 44104.0, "POB84": 21064.0, "POB42": 23040.0 }, "geometry": { "type": "Polygon", "coordinates": [ [ [ -94.11244, 17.96604 ], [ -94.13136, 17.97798 ], [ -94.15477, 17.98393 ], [ -94.17607, 17.97869 ], [ -94.18092, 17.98949 ], [ -94.20428, 17.99103 ], [ -94.20791, 17.9981 ], [ -94.21394, 17.99708 ], [ -94.22029, 18.00341 ], [ -94.21159, 18.01832 ], [ -94.22069, 18.02032 ], [ -94.21791, 18.04041 ], [ -94.23261, 18.04503 ], [ -94.23528, 18.05073 ], [ -94.25888, 18.04735 ], [ -94.27873, 18.05518 ], [ -94.28243, 18.06198 ], [ -94.27352, 18.06307 ], [ -94.27639, 18.06972 ], [ -94.25919, 18.06743 ], [ -94.24017, 18.08687 ], [ -94.24135, 18.11803 ], [ -94.23611, 18.12365 ], [ -94.23803, 18.12772 ], [ -94.22346, 18.13579 ], [ -94.23548, 18.16225 ], [ -94.23445, 18.1726 ], [ -94.24073, 18.1758 ], [ -94.24009, 18.188 ], [ -94.13198, 18.21346 ], [ -94.12692, 18.16825 ], [ -94.1203, 18.16496 ], [ -94.10607, 18.17421 ], [ -94.09791, 18.16836 ], [ -94.09389, 18.15537 ], [ -94.10044, 18.12592 ], [ -94.09656, 18.11252 ], [ -94.08111, 18.09688 ], [ -94.09716, 18.07863 ], [ -94.07436, 18.05859 ], [ -94.08356, 18.0339 ], [ -94.07985, 18.02233 ], [ -94.08375, 18.00646 ], [ -94.06652, 18.0094 ], [ -94.06699, 17.99254 ], [ -94.0614, 17.98812 ], [ -94.06852, 17.97959 ], [ -94.0732, 17.988 ], [ -94.0825, 17.97795 ], [ -94.08075, 17.96834 ], [ -94.11244, 17.96604 ] ] ] } },
{ "type": "Feature", "properties": { "NOMGEO": "El Higo", "CVEGEO": "30205", "POB1": 19402.0, "POB84": 9635.0, "POB42": 9767.0 }, "geometry": { "type": "Polygon", "coordinates": [ [ [ -98.32396, 21.68679 ], [ -98.32574, 21.67191 ], [ -98.42267, 21.65519 ], [ -98.41076, 21.66384 ], [ -98.42849, 21.66512 ], [ -98.44999, 21.67736 ], [ -98.48099, 21.66999 ], [ -98.48893, 21.65667 ], [ -98.51487, 21.64785 ], [ -98.51615, 21.64382 ], [ -98.53648, 21.64633 ], [ -98.55037, 21.69108 ], [ -98.55825, 21.68767 ], [ -98.55836, 21.70279 ], [ -98.57237, 21.711 ], [ -98.56712, 21.71757 ], [ -98.54524, 21.72393 ], [ -98.53074, 21.69728 ], [ -98.52053, 21.71023 ], [ -98.52711, 21.71528 ], [ -98.5368, 21.71389 ], [ -98.53741, 21.72062 ], [ -98.51667, 21.71685 ], [ -98.51266, 21.7266 ], [ -98.49895, 21.72724 ], [ -98.50422, 21.73805 ], [ -98.49148, 21.73506 ], [ -98.47692, 21.74522 ], [ -98.4764, 21.7492 ], [ -98.48373, 21.75217 ], [ -98.4676, 21.7707 ], [ -98.45945, 21.76231 ], [ -98.45528, 21.76505 ], [ -98.46234, 21.77841 ], [ -98.46195, 21.79055 ], [ -98.47552, 21.80192 ], [ -98.47504, 21.81419 ], [ -98.49312, 21.81394 ], [ -98.48551, 21.83483 ], [ -98.48797, 21.8519 ], [ -98.47922, 21.8568 ], [ -98.47092, 21.85235 ], [ -98.45049, 21.87487 ], [ -98.44114, 21.87388 ], [ -98.43828, 21.8875 ], [ -98.43115, 21.89057 ], [ -98.42506, 21.88188 ], [ -98.41847, 21.88366 ], [ -98.40912, 21.87668 ], [ -98.405, 21.86124 ], [ -98.40944, 21.86035 ], [ -98.40238, 21.83907 ], [ -98.41004, 21.83802 ], [ -98.41496, 21.83139 ], [ -98.3965, 21.83055 ], [ -98.39213, 21.81872 ], [ -98.30538, 21.82507 ], [ -98.32172, 21.70822 ], [ -98.30987, 21.70983 ], [ -98.31298, 21.68941 ], [ -98.32396, 21.68679 ] ] ] } },
{ "type": "Feature", "properties": { "NOMGEO": "Tlilapan", "CVEGEO": "30185", "POB1": 5548.0, "POB84": 2693.0, "POB42": 2855.0 }, "geometry": { "type": "Polygon", "coordinates": [ [ [ -97.04122, 18.78977 ], [ -97.06131, 18.77386 ], [ -97.07053, 18.77741 ], [ -97.06774, 18.78737 ], [ -97.08249, 18.79419 ], [ -97.09787, 18.79287 ], [ -97.09681, 18.78856 ], [ -97.111, 18.79075 ], [ -97.11326, 18.79572 ], [ -97.11166, 18.80133 ], [ -97.09135, 18.81272 ], [ -97.08566, 18.80399 ], [ -97.07483, 18.80868 ], [ -97.07589, 18.803 ], [ -97.0703, 18.80135 ], [ -97.06408, 18.78799 ], [ -97.04657, 18.79857 ], [ -97.04122, 18.78977 ] ] ] } },
{ "type": "Feature", "properties": { "NOMGEO": "Tomatlán", "CVEGEO": "30186", "POB1": 7197.0, "POB84": 3538.0, "POB42": 3659.0 }, "geometry": { "type": "Polygon", "coordinates": [ [ [ -96.98293, 19.00198 ], [ -96.9813, 18.98613 ], [ -96.98686, 18.98799 ], [ -97.0024, 19.01301 ], [ -97.01845, 19.02639 ], [ -97.02535, 19.027 ], [ -97.0279, 19.03326 ], [ -97.02367, 19.0284 ], [ -97.02065, 19.03907 ], [ -97.03302, 19.04944 ], [ -97.00598, 19.05128 ], [ -96.99829, 19.02621 ], [ -96.99515, 19.03255 ], [ -96.9933, 19.02497 ], [ -96.98431, 19.02147 ], [ -96.983, 19.03291 ], [ -96.97545, 19.03239 ], [ -96.96426, 19.0087 ], [ -96.98293, 19.00198 ] ] ] } },
{ "type": "Feature", "properties": { "NOMGEO": "Tonayán", "CVEGEO": "30187", "POB1": 6105.0, "POB84": 2956.0, "POB42": 3149.0 }, "geometry": { "type": "Polygon", "coordinates": [ [ [ -96.88218, 19.77203 ], [ -96.88265, 19.76342 ], [ -96.88953, 19.7564 ], [ -96.88807, 19.74731 ], [ -96.90345, 19.73547 ], [ -96.90007, 19.73089 ], [ -96.90298, 19.72096 ], [ -96.91704, 19.72087 ], [ -96.9166, 19.70416 ], [ -96.91369, 19.70176 ], [ -96.90952, 19.70771 ], [ -96.90585, 19.69999 ], [ -96.90213, 19.70074 ], [ -96.89243, 19.66987 ], [ -96.89264, 19.66637 ], [ -96.91407, 19.66323 ], [ -96.91845, 19.67286 ], [ -96.93089, 19.67277 ], [ -96.92937, 19.68523 ], [ -96.93341, 19.69681 ], [ -96.94172, 19.70349 ], [ -96.93972, 19.70748 ], [ -96.96304, 19.72494 ], [ -96.96729, 19.73325 ], [ -96.96461, 19.74609 ], [ -96.94885, 19.74353 ], [ -96.9227, 19.76092 ], [ -96.90255, 19.76925 ], [ -96.89456, 19.7673 ], [ -96.87401, 19.77765 ], [ -96.87164, 19.77444 ], [ -96.88218, 19.77203 ] ] ] } },
{ "type": "Feature", "properties": { "NOMGEO": "Totutla", "CVEGEO": "30188", "POB1": 17217.0, "POB84": 8525.0, "POB42": 8692.0 }, "geometry": { "type": "Polygon", "coordinates": [ [ [ -96.85445, 19.28097 ], [ -96.87085, 19.27305 ], [ -96.87736, 19.26197 ], [ -96.89865, 19.25216 ], [ -96.89981, 19.24056 ], [ -96.91751, 19.23222 ], [ -96.89413, 19.224 ], [ -96.88704, 19.21698 ], [ -96.88088, 19.21799 ], [ -96.8569, 19.2266 ], [ -96.82712, 19.24905 ], [ -96.83117, 19.23759 ], [ -96.82839, 19.23398 ], [ -96.81833, 19.23335 ], [ -96.81225, 19.22432 ], [ -96.80329, 19.22669 ], [ -96.80673, 19.20999 ], [ -96.81942, 19.20141 ], [ -96.84479, 19.20182 ], [ -96.85222, 19.19525 ], [ -96.87152, 19.19416 ], [ -96.85925, 19.19005 ], [ -96.85678, 19.18408 ], [ -96.8653, 19.18262 ], [ -96.86089, 19.17508 ], [ -96.88307, 19.18092 ], [ -96.88713, 19.187 ], [ -96.90906, 19.19316 ], [ -96.91364, 19.19966 ], [ -96.92154, 19.19884 ], [ -96.92564, 19.19288 ], [ -96.95091, 19.20223 ], [ -96.95639, 19.19379 ], [ -96.95339, 19.18759 ], [ -96.95923, 19.18532 ], [ -96.97787, 19.2155 ], [ -96.98571, 19.21691 ], [ -96.97784, 19.21763 ], [ -96.97605, 19.22374 ], [ -96.96673, 19.22398 ], [ -96.95968, 19.23589 ], [ -96.93683, 19.25376 ], [ -96.93444, 19.26155 ], [ -96.91371, 19.2773 ], [ -96.88865, 19.28696 ], [ -96.88747, 19.28339 ], [ -96.87371, 19.28926 ], [ -96.85342, 19.28843 ], [ -96.85445, 19.28097 ] ] ] } },
{ "type": "Feature", "properties": { "NOMGEO": "Tuxpan", "CVEGEO": "30189", "POB1": 154600.0, "POB84": 74195.0, "POB42": 80405.0 }, "geometry": { "type": "Polygon", "coordinates": [ [ [ -97.33694, 21.03163 ], [ -97.32547, 21.01716 ], [ -97.32823, 21.01168 ], [ -97.32257, 20.99812 ], [ -97.30634, 20.97243 ], [ -97.30165, 20.97407 ], [ -97.30616, 20.97158 ], [ -97.30497, 20.96784 ], [ -97.30154, 20.97013 ], [ -97.30484, 20.96411 ], [ -97.28084, 20.9139 ], [ -97.22839, 20.83028 ], [ -97.21809, 20.79592 ], [ -97.22729, 20.7933 ], [ -97.22425, 20.78972 ], [ -97.23597, 20.78509 ], [ -97.23565, 20.77967 ], [ -97.2562, 20.77799 ], [ -97.263, 20.79034 ], [ -97.26982, 20.79219 ], [ -97.26903, 20.79863 ], [ -97.30416, 20.80199 ], [ -97.30387, 20.79407 ], [ -97.31645, 20.79706 ], [ -97.31549, 20.78878 ], [ -97.32005, 20.78667 ], [ -97.31675, 20.7804 ], [ -97.32482, 20.77644 ], [ -97.32668, 20.76762 ], [ -97.33697, 20.76281 ], [ -97.33679, 20.7542 ], [ -97.34544, 20.7395 ], [ -97.36062, 20.73999 ], [ -97.35737, 20.73111 ], [ -97.39039, 20.73773 ], [ -97.40749, 20.72801 ], [ -97.40862, 20.73923 ], [ -97.41464, 20.74149 ], [ -97.41881, 20.73597 ], [ -97.42374, 20.73873 ], [ -97.42132, 20.74193 ], [ -97.43013, 20.7412 ], [ -97.43771, 20.75081 ], [ -97.44243, 20.74524 ], [ -97.45887, 20.75988 ], [ -97.46442, 20.75576 ], [ -97.468, 20.75878 ], [ -97.45957, 20.77104 ], [ -97.47613, 20.78691 ], [ -97.47383, 20.79108 ], [ -97.48149, 20.80901 ], [ -97.47886, 20.81944 ], [ -97.49762, 20.81962 ], [ -97.49509, 20.83188 ], [ -97.48852, 20.83399 ], [ -97.48114, 20.82898 ], [ -97.4842, 20.8341 ], [ -97.47893, 20.8416 ], [ -97.46177, 20.82872 ], [ -97.45645, 20.84321 ], [ -97.46489, 20.85762 ], [ -97.47317, 20.85153 ], [ -97.46996, 20.86266 ], [ -97.48949, 20.86752 ], [ -97.49378, 20.84173 ], [ -97.49784, 20.83975 ], [ -97.50765, 20.84787 ], [ -97.5071, 20.87454 ], [ -97.50018, 20.88381 ], [ -97.50148, 20.90682 ], [ -97.50774, 20.91162 ], [ -97.49978, 20.93301 ], [ -97.52036, 20.93447 ], [ -97.51663, 20.94464 ], [ -97.52872, 20.95451 ], [ -97.57165, 20.95012 ], [ -97.59266, 20.97175 ], [ -97.58922, 20.98182 ], [ -97.59817, 20.98897 ], [ -97.59988, 20.99757 ], [ -97.58301, 20.99938 ], [ -97.56486, 20.9929 ], [ -97.5732, 21.00555 ], [ -97.58009, 21.00075 ], [ -97.59831, 21.00792 ], [ -97.59184, 21.02766 ], [ -97.57466, 21.02062 ], [ -97.55302, 21.04728 ], [ -97.54085, 21.0525 ], [ -97.54444, 21.05934 ], [ -97.54879, 21.05503 ], [ -97.56043, 21.05843 ], [ -97.56225, 21.06947 ], [ -97.55569, 21.08477 ], [ -97.54632, 21.08183 ], [ -97.54334, 21.0716 ], [ -97.53852, 21.07003 ], [ -97.5071, 21.07407 ], [ -97.50999, 21.08765 ], [ -97.5164, 21.09235 ], [ -97.50797, 21.09954 ], [ -97.51925, 21.1018 ], [ -97.52164, 21.10864 ], [ -97.5319, 21.1034 ], [ -97.55662, 21.10538 ], [ -97.55468, 21.11318 ], [ -97.53764, 21.12461 ], [ -97.53065, 21.12063 ], [ -97.51267, 21.12235 ], [ -97.49989, 21.12989 ], [ -97.4953, 21.1272 ], [ -97.4966, 21.13221 ], [ -97.48618, 21.1375 ], [ -97.46791, 21.13942 ], [ -97.45118, 21.13657 ], [ -97.44825, 21.12834 ], [ -97.43501, 21.1257 ], [ -97.43263, 21.11587 ], [ -97.41538, 21.11491 ], [ -97.41557, 21.10721 ], [ -97.40853, 21.12076 ], [ -97.40034, 21.12438 ], [ -97.40133, 21.13125 ], [ -97.38975, 21.13355 ], [ -97.38394, 21.12888 ], [ -97.38279, 21.11668 ], [ -97.37181, 21.107 ], [ -97.36833, 21.09659 ], [ -97.36502, 21.09763 ], [ -97.33694, 21.03163 ] ] ] } },
{ "type": "Feature", "properties": { "NOMGEO": "Tuxtilla", "CVEGEO": "30190", "POB1": 2258.0, "POB84": 1114.0, "POB42": 1144.0 }, "geometry": { "type": "Polygon", "coordinates": [ [ [ -95.90274, 18.1357 ], [ -95.89548, 18.14645 ], [ -95.89791, 18.15079 ], [ -95.91241, 18.15281 ], [ -95.90825, 18.16082 ], [ -95.90968, 18.17021 ], [ -95.91367, 18.17105 ], [ -95.91081, 18.18495 ], [ -95.8987, 18.1903 ], [ -95.89, 18.18836 ], [ -95.87887, 18.19777 ], [ -95.89383, 18.22364 ], [ -95.91155, 18.22185 ], [ -95.91106, 18.24057 ], [ -95.91974, 18.24679 ], [ -95.912, 18.2506 ], [ -95.90154, 18.23963 ], [ -95.88844, 18.25065 ], [ -95.84662, 18.2091 ], [ -95.84136, 18.18322 ], [ -95.85605, 18.1806 ], [ -95.86281, 18.17345 ], [ -95.87158, 18.17929 ], [ -95.87304, 18.16798 ], [ -95.86752, 18.15065 ], [ -95.84982, 18.14115 ], [ -95.85154, 18.13079 ], [ -95.90274, 18.1357 ] ] ] } },
{ "type": "Feature", "properties": { "NOMGEO": "Ursulo Galván", "CVEGEO": "30191", "POB1": 30097.0, "POB84": 14468.0, "POB42": 15629.0 }, "geometry": { "type": "Polygon", "coordinates": [ [ [ -96.32259, 19.4091 ], [ -96.32993, 19.40883 ], [ -96.33212, 19.39589 ], [ -96.3562, 19.39583 ], [ -96.38675, 19.4039 ], [ -96.3998, 19.40101 ], [ -96.40291, 19.40918 ], [ -96.41339, 19.41203 ], [ -96.42781, 19.40567 ], [ -96.43436, 19.39704 ], [ -96.46418, 19.39636 ], [ -96.48077, 19.43828 ], [ -96.47478, 19.45217 ], [ -96.46464, 19.45295 ], [ -96.45763, 19.46179 ], [ -96.41368, 19.45584 ], [ -96.39842, 19.46369 ], [ -96.40067, 19.45908 ], [ -96.39183, 19.45695 ], [ -96.38351, 19.47046 ], [ -96.36884, 19.47419 ], [ -96.36727, 19.47887 ], [ -96.37362, 19.48449 ], [ -96.36412, 19.48617 ], [ -96.35631, 19.47902 ], [ -96.3549, 19.48504 ], [ -96.33746, 19.49009 ], [ -96.33008, 19.49752 ], [ -96.3141, 19.48165 ], [ -96.30866, 19.46279 ], [ -96.31935, 19.45279 ], [ -96.32259, 19.4091 ] ] ] } },
{ "type": "Feature", "properties": { "NOMGEO": "Vega de Alatorre", "CVEGEO": "30192", "POB1": 20204.0, "POB84": 9772.0, "POB42": 10432.0 }, "geometry": { "type": "Polygon", "coordinates": [ [ [ -96.53647, 19.91665 ], [ -96.52594, 19.90494 ], [ -96.53184, 19.90195 ], [ -96.53357, 19.89035 ], [ -96.54525, 19.87614 ], [ -96.53655, 19.86615 ], [ -96.54327, 19.85527 ], [ -96.54163, 19.84884 ], [ -96.55778, 19.82844 ], [ -96.56052, 19.83341 ], [ -96.57174, 19.83143 ], [ -96.57921, 19.84375 ], [ -96.59904, 19.84846 ], [ -96.62365, 19.86408 ], [ -96.63052, 19.87907 ], [ -96.64298, 19.88778 ], [ -96.64167, 19.89187 ], [ -96.64991, 19.89238 ], [ -96.65478, 19.91487 ], [ -96.64469, 19.92162 ], [ -96.6438, 19.93552 ], [ -96.63761, 19.94192 ], [ -96.63735, 19.9477 ], [ -96.65432, 19.94689 ], [ -96.64177, 19.9604 ], [ -96.64508, 19.99077 ], [ -96.65907, 19.98569 ], [ -96.66255, 19.99851 ], [ -96.68256, 19.97873 ], [ -96.6888, 19.98166 ], [ -96.70319, 19.96911 ], [ -96.72031, 19.97876 ], [ -96.72653, 19.96934 ], [ -96.73004, 19.97136 ], [ -96.72999, 19.98675 ], [ -96.73443, 19.98807 ], [ -96.73833, 19.97697 ], [ -96.75039, 19.96666 ], [ -96.75693, 19.97854 ], [ -96.76468, 19.9736 ], [ -96.76397, 19.98558 ], [ -96.77598, 19.98377 ], [ -96.76697, 19.9994 ], [ -96.76233, 19.99943 ], [ -96.75954, 20.01181 ], [ -96.76291, 20.02375 ], [ -96.73697, 20.02422 ], [ -96.73905, 20.02724 ], [ -96.71774, 20.04653 ], [ -96.7068, 20.04988 ], [ -96.71186, 20.05553 ], [ -96.69973, 20.06617 ], [ -96.69731, 20.06365 ], [ -96.68072, 20.08235 ], [ -96.70887, 20.09457 ], [ -96.69365, 20.10762 ], [ -96.71546, 20.14973 ], [ -96.70552, 20.15695 ], [ -96.57433, 20.00521 ], [ -96.57411, 19.9919 ], [ -96.56412, 19.97156 ], [ -96.52628, 19.92477 ], [ -96.53647, 19.91665 ] ] ] } },
{ "type": "Feature", "properties": { "NOMGEO": "Veracruz", "CVEGEO": "30193", "POB1": 607209.0, "POB84": 287664.0, "POB42": 319545.0 }, "geometry": { "type": "MultiPolygon", "coordinates": [ [ [ [ -96.09295, 19.17618 ], [ -96.09213, 19.17725 ], [ -96.09098, 19.17546 ], [ -96.09295, 19.17618 ] ] ], [ [ [ -96.18177, 19.25044 ], [ -96.17359, 19.22645 ], [ -96.16581, 19.21977 ], [ -96.15685, 19.21613 ], [ -96.15431, 19.2179 ], [ -96.13192, 19.21987 ], [ -96.15437, 19.21755 ], [ -96.1555, 19.21564 ], [ -96.13268, 19.21797 ], [ -96.12296, 19.21306 ], [ -96.12033, 19.2036 ], [ -96.13967, 19.21328 ], [ -96.13546, 19.20157 ], [ -96.12951, 19.1987 ], [ -96.126, 19.20178 ], [ -96.12791, 19.19532 ], [ -96.12345, 19.19458 ], [ -96.1218, 19.20057 ], [ -96.12126, 19.20077 ], [ -96.12401, 19.18117 ], [ -96.11852, 19.16866 ], [ -96.13152, 19.16518 ], [ -96.12937, 19.14624 ], [ -96.1401, 19.14109 ], [ -96.15179, 19.10855 ], [ -96.15893, 19.11076 ], [ -96.17242, 19.10816 ], [ -96.17382, 19.10221 ], [ -96.19035, 19.10267 ], [ -96.2087, 19.10953 ], [ -96.21076, 19.12424 ], [ -96.22213, 19.1192 ], [ -96.24399, 19.14491 ], [ -96.26356, 19.13327 ], [ -96.29416, 19.15854 ], [ -96.31056, 19.15877 ], [ -96.31391, 19.15007 ], [ -96.30901, 19.18385 ], [ -96.30195, 19.18701 ], [ -96.3147, 19.19131 ], [ -96.31969, 19.19872 ], [ -96.33232, 19.19878 ], [ -96.33482, 19.20558 ], [ -96.32697, 19.2178 ], [ -96.33953, 19.23106 ], [ -96.33939, 19.24185 ], [ -96.32368, 19.23732 ], [ -96.31877, 19.23104 ], [ -96.30959, 19.23268 ], [ -96.29111, 19.2435 ], [ -96.28683, 19.2599 ], [ -96.27299, 19.2648 ], [ -96.24142, 19.2255 ], [ -96.22643, 19.22082 ], [ -96.22371, 19.25657 ], [ -96.22765, 19.26057 ], [ -96.22156, 19.26538 ], [ -96.18177, 19.25044 ] ] ] ] } },
{ "type": "Feature", "properties": { "NOMGEO": "Villa Aldama", "CVEGEO": "30194", "POB1": 12492.0, "POB84": 6113.0, "POB42": 6379.0 }, "geometry": { "type": "Polygon", "coordinates": [ [ [ -97.15097, 19.64633 ], [ -97.15576, 19.63858 ], [ -97.14951, 19.62809 ], [ -97.15361, 19.61949 ], [ -97.16669, 19.61556 ], [ -97.16623, 19.62861 ], [ -97.17159, 19.63233 ], [ -97.20434, 19.6142 ], [ -97.21846, 19.62763 ], [ -97.21851, 19.63371 ], [ -97.23804, 19.6368 ], [ -97.23636, 19.65702 ], [ -97.24758, 19.66259 ], [ -97.25972, 19.6811 ], [ -97.25619, 19.68811 ], [ -97.24738, 19.68779 ], [ -97.22822, 19.67865 ], [ -97.21617, 19.68496 ], [ -97.19574, 19.6783 ], [ -97.15097, 19.64633 ] ] ] } },
{ "type": "Feature", "properties": { "NOMGEO": "Xoxocotla", "CVEGEO": "30195", "POB1": 5900.0, "POB84": 2961.0, "POB42": 2939.0 }, "geometry": { "type": "Polygon", "coordinates": [ [ [ -97.13415, 18.64219 ], [ -97.12257, 18.6346 ], [ -97.13063, 18.63223 ], [ -97.13968, 18.61891 ], [ -97.13827, 18.59257 ], [ -97.1416, 18.59141 ], [ -97.14144, 18.59642 ], [ -97.17441, 18.60666 ], [ -97.17596, 18.61672 ], [ -97.18407, 18.61669 ], [ -97.19577, 18.62904 ], [ -97.21456, 18.62528 ], [ -97.22657, 18.63884 ], [ -97.20818, 18.63359 ], [ -97.19133, 18.64682 ], [ -97.18312, 18.64631 ], [ -97.17945, 18.6527 ], [ -97.16575, 18.65269 ], [ -97.15582, 18.66133 ], [ -97.15887, 18.66423 ], [ -97.14855, 18.66761 ], [ -97.14016, 18.65951 ], [ -97.13313, 18.6601 ], [ -97.13738, 18.65504 ], [ -97.13178, 18.6537 ], [ -97.13415, 18.64219 ] ] ] } },
{ "type": "Feature", "properties": { "NOMGEO": "Nanchital de Lázaro Cárdenas del Río", "CVEGEO": "30206", "POB1": 29209.0, "POB84": 13887.0, "POB42": 15322.0 }, "geometry": { "type": "Polygon", "coordinates": [ [ [ -94.36797, 18.05253 ], [ -94.37515, 18.04537 ], [ -94.41272, 18.03414 ], [ -94.42213, 18.05245 ], [ -94.41426, 18.06845 ], [ -94.42408, 18.09804 ], [ -94.41465, 18.09773 ], [ -94.40923, 18.08773 ], [ -94.40018, 18.09094 ], [ -94.39947, 18.07783 ], [ -94.39109, 18.07249 ], [ -94.36575, 18.08226 ], [ -94.36552, 18.07566 ], [ -94.3579, 18.07077 ], [ -94.3527, 18.07379 ], [ -94.34452, 18.06098 ], [ -94.36797, 18.05253 ] ] ] } },
{ "type": "Feature", "properties": { "NOMGEO": "Tres Valles", "CVEGEO": "30207", "POB1": 44978.0, "POB84": 21699.0, "POB42": 23279.0 }, "geometry": { "type": "Polygon", "coordinates": [ [ [ -96.01659, 18.37541 ], [ -96.03309, 18.38252 ], [ -96.03509, 18.36275 ], [ -96.05477, 18.36459 ], [ -96.05776, 18.35607 ], [ -96.06641, 18.35219 ], [ -96.06811, 18.33452 ], [ -96.07864, 18.33685 ], [ -96.09007, 18.32678 ], [ -96.09195, 18.3186 ], [ -96.08353, 18.31429 ], [ -96.08239, 18.3053 ], [ -96.07155, 18.31454 ], [ -96.05825, 18.30398 ], [ -96.0595, 18.29906 ], [ -96.05529, 18.29981 ], [ -96.05571, 18.2899 ], [ -96.06991, 18.28776 ], [ -96.06703, 18.28388 ], [ -96.07203, 18.27463 ], [ -96.05996, 18.2548 ], [ -96.05357, 18.25165 ], [ -96.06515, 18.24893 ], [ -96.0621, 18.2397 ], [ -96.07818, 18.23247 ], [ -96.08041, 18.2187 ], [ -96.0698, 18.21968 ], [ -96.06906, 18.21414 ], [ -96.07819, 18.19983 ], [ -96.08521, 18.20091 ], [ -96.09728, 18.1919 ], [ -96.10354, 18.19542 ], [ -96.10415, 18.19211 ], [ -96.11848, 18.19175 ], [ -96.1222, 18.18462 ], [ -96.12238, 18.18789 ], [ -96.13838, 18.18476 ], [ -96.13974, 18.19928 ], [ -96.14998, 18.19062 ], [ -96.17334, 18.19043 ], [ -96.17139, 18.18642 ], [ -96.20313, 18.17488 ], [ -96.21748, 18.16197 ], [ -96.231, 18.18973 ], [ -96.24359, 18.1971 ], [ -96.26799, 18.22445 ], [ -96.26682, 18.24566 ], [ -96.28131, 18.25914 ], [ -96.28824, 18.25976 ], [ -96.28313, 18.2689 ], [ -96.27603, 18.26581 ], [ -96.27727, 18.2714 ], [ -96.26916, 18.2741 ], [ -96.27858, 18.28382 ], [ -96.27389, 18.28592 ], [ -96.27742, 18.29402 ], [ -96.27076, 18.29782 ], [ -96.28549, 18.30169 ], [ -96.28476, 18.3094 ], [ -96.29445, 18.31243 ], [ -96.29046, 18.32088 ], [ -96.29707, 18.33734 ], [ -96.30013, 18.3668 ], [ -96.29757, 18.36487 ], [ -96.2933, 18.37582 ], [ -96.27965, 18.37578 ], [ -96.2815, 18.38609 ], [ -96.26125, 18.40824 ], [ -96.2311, 18.39244 ], [ -96.19921, 18.39555 ], [ -96.18762, 18.39377 ], [ -96.17772, 18.38578 ], [ -96.16281, 18.38971 ], [ -96.15916, 18.40205 ], [ -96.1501, 18.40556 ], [ -96.15062, 18.41084 ], [ -96.13911, 18.41016 ], [ -96.13438, 18.41762 ], [ -96.12033, 18.42297 ], [ -96.11175, 18.4161 ], [ -96.10499, 18.42173 ], [ -96.07446, 18.40897 ], [ -96.06066, 18.41606 ], [ -96.04453, 18.40025 ], [ -96.03269, 18.40454 ], [ -96.02435, 18.38949 ], [ -96.01589, 18.38793 ], [ -96.01659, 18.37541 ] ] ] } },
{ "type": "Feature", "properties": { "NOMGEO": "Carlos A. Carrillo", "CVEGEO": "30208", "POB1": 23376.0, "POB84": 11090.0, "POB42": 12286.0 }, "geometry": { "type": "Polygon", "coordinates": [ [ [ -95.65996, 18.34821 ], [ -95.64332, 18.34482 ], [ -95.6407, 18.33727 ], [ -95.64093, 18.33373 ], [ -95.64448, 18.33764 ], [ -95.65165, 18.33613 ], [ -95.65868, 18.32317 ], [ -95.6556, 18.31826 ], [ -95.66352, 18.31578 ], [ -95.6615, 18.30845 ], [ -95.64234, 18.30446 ], [ -95.64623, 18.29623 ], [ -95.64117, 18.2955 ], [ -95.64467, 18.27995 ], [ -95.65736, 18.27684 ], [ -95.65396, 18.26201 ], [ -95.683, 18.25072 ], [ -95.68251, 18.23765 ], [ -95.7002, 18.23605 ], [ -95.71792, 18.21495 ], [ -95.73077, 18.21872 ], [ -95.73421, 18.23236 ], [ -95.74714, 18.2339 ], [ -95.72923, 18.24092 ], [ -95.74921, 18.2447 ], [ -95.76413, 18.27411 ], [ -95.77169, 18.2766 ], [ -95.7728, 18.26969 ], [ -95.77895, 18.26877 ], [ -95.7821, 18.28162 ], [ -95.79207, 18.28566 ], [ -95.78242, 18.29369 ], [ -95.78348, 18.30893 ], [ -95.77981, 18.30948 ], [ -95.77661, 18.30078 ], [ -95.76865, 18.30605 ], [ -95.76536, 18.3188 ], [ -95.77818, 18.33423 ], [ -95.7769, 18.35981 ], [ -95.77071, 18.35996 ], [ -95.77937, 18.37589 ], [ -95.77856, 18.39988 ], [ -95.79133, 18.41727 ], [ -95.77892, 18.41864 ], [ -95.77159, 18.43886 ], [ -95.75718, 18.43877 ], [ -95.75066, 18.42854 ], [ -95.73636, 18.42427 ], [ -95.74059, 18.41931 ], [ -95.70279, 18.39749 ], [ -95.64616, 18.37475 ], [ -95.64488, 18.36185 ], [ -95.6397, 18.35634 ], [ -95.65996, 18.34821 ] ] ] } },
{ "type": "Feature", "properties": { "NOMGEO": "Tatahuicapan de Juárez", "CVEGEO": "30209", "POB1": 15044.0, "POB84": 7183.0, "POB42": 7861.0 }, "geometry": { "type": "Polygon", "coordinates": [ [ [ -94.77425, 18.46384 ], [ -94.7737, 18.44921 ], [ -94.74379, 18.42175 ], [ -94.73751, 18.39517 ], [ -94.68247, 18.35002 ], [ -94.68917, 18.34851 ], [ -94.69428, 18.33598 ], [ -94.7027, 18.33323 ], [ -94.70282, 18.32777 ], [ -94.71024, 18.32287 ], [ -94.71428, 18.32326 ], [ -94.71529, 18.33517 ], [ -94.71873, 18.33387 ], [ -94.71967, 18.31617 ], [ -94.74057, 18.30968 ], [ -94.73024, 18.28914 ], [ -94.73853, 18.27101 ], [ -94.73602, 18.25826 ], [ -94.72625, 18.24185 ], [ -94.74655, 18.24132 ], [ -94.76128, 18.23561 ], [ -94.76545, 18.2245 ], [ -94.75797, 18.2183 ], [ -94.76747, 18.21859 ], [ -94.76792, 18.19036 ], [ -94.78384, 18.19006 ], [ -94.77912, 18.21023 ], [ -94.78939, 18.21505 ], [ -94.77868, 18.21412 ], [ -94.78158, 18.22278 ], [ -94.77645, 18.2323 ], [ -94.78193, 18.24178 ], [ -94.77781, 18.24964 ], [ -94.7652, 18.25555 ], [ -94.77018, 18.27322 ], [ -94.7869, 18.27679 ], [ -94.78827, 18.26046 ], [ -94.8044, 18.26038 ], [ -94.80318, 18.26487 ], [ -94.813, 18.2751 ], [ -94.81035, 18.28414 ], [ -94.79554, 18.2838 ], [ -94.79505, 18.28827 ], [ -94.78584, 18.28811 ], [ -94.78539, 18.29254 ], [ -94.80166, 18.29135 ], [ -94.82677, 18.31085 ], [ -94.83586, 18.32611 ], [ -94.83387, 18.34943 ], [ -94.82821, 18.3608 ], [ -94.81748, 18.36853 ], [ -94.82909, 18.37845 ], [ -94.82877, 18.39077 ], [ -94.8341, 18.38971 ], [ -94.83331, 18.40394 ], [ -94.83735, 18.40625 ], [ -94.84023, 18.40195 ], [ -94.85671, 18.39965 ], [ -94.86164, 18.39264 ], [ -94.859, 18.38767 ], [ -94.8668, 18.38594 ], [ -94.88647, 18.40519 ], [ -94.89652, 18.40801 ], [ -94.88793, 18.42312 ], [ -94.89187, 18.42915 ], [ -94.8822, 18.44364 ], [ -94.86714, 18.44709 ], [ -94.863, 18.45377 ], [ -94.8539, 18.44985 ], [ -94.84119, 18.47534 ], [ -94.8005, 18.49444 ], [ -94.79891, 18.50197 ], [ -94.7891, 18.50774 ], [ -94.77425, 18.46384 ] ] ] } },
{ "type": "Feature", "properties": { "NOMGEO": "Uxpanapa", "CVEGEO": "30210", "POB1": 30891.0, "POB84": 15440.0, "POB42": 15451.0 }, "geometry": { "type": "Polygon", "coordinates": [ [ [ -94.43765, 17.44834 ], [ -94.42912, 17.4342 ], [ -94.43406, 17.42649 ], [ -94.3565, 17.45131 ], [ -94.3508, 17.43648 ], [ -94.37337, 17.42962 ], [ -94.37306, 17.42599 ], [ -94.36871, 17.42723 ], [ -94.36161, 17.41428 ], [ -94.36617, 17.41267 ], [ -94.36155, 17.40142 ], [ -94.34945, 17.39732 ], [ -94.25566, 17.40119 ], [ -94.21627, 17.31682 ], [ -94.17829, 17.33955 ], [ -94.12789, 17.34593 ], [ -94.08716, 17.34058 ], [ -94.0352, 17.34395 ], [ -94.03422, 17.325 ], [ -93.9702, 17.3237 ], [ -93.96212, 17.31835 ], [ -93.97149, 17.30699 ], [ -93.96805, 17.30305 ], [ -93.95233, 17.3068 ], [ -93.93599, 17.29978 ], [ -93.92465, 17.30092 ], [ -93.93099, 17.28155 ], [ -93.93173, 17.20013 ], [ -94.00188, 17.19964 ], [ -94.00162, 17.18413 ], [ -94.09008, 17.18457 ], [ -94.08559, 17.17899 ], [ -94.0875, 17.14943 ], [ -94.74358, 17.18467 ], [ -94.73718, 17.19216 ], [ -94.75409, 17.2 ], [ -94.75205, 17.20615 ], [ -94.75672, 17.21266 ], [ -94.75334, 17.21644 ], [ -94.7589, 17.21956 ], [ -94.75331, 17.22519 ], [ -94.75636, 17.22738 ], [ -94.74806, 17.25469 ], [ -94.74124, 17.25838 ], [ -94.74127, 17.26278 ], [ -94.74702, 17.26173 ], [ -94.75416, 17.27075 ], [ -94.75352, 17.28023 ], [ -94.72593, 17.29522 ], [ -94.69974, 17.29486 ], [ -94.69954, 17.30074 ], [ -94.70653, 17.30269 ], [ -94.69939, 17.30595 ], [ -94.69641, 17.33614 ], [ -94.66489, 17.32922 ], [ -94.65417, 17.33167 ], [ -94.64808, 17.32267 ], [ -94.63917, 17.32 ], [ -94.63667, 17.37833 ], [ -94.60806, 17.37028 ], [ -94.61028, 17.36389 ], [ -94.60111, 17.36139 ], [ -94.58529, 17.44806 ], [ -94.57005, 17.44779 ], [ -94.56973, 17.47322 ], [ -94.5509, 17.46403 ], [ -94.43194, 17.45194 ], [ -94.43765, 17.44834 ] ] ] } },
{ "type": "Feature", "properties": { "NOMGEO": "San Rafael", "CVEGEO": "30211", "POB1": 30351.0, "POB84": 14897.0, "POB42": 15454.0 }, "geometry": { "type": "Polygon", "coordinates": [ [ [ -96.77626, 20.22268 ], [ -96.78339, 20.20721 ], [ -96.79769, 20.20156 ], [ -96.81373, 20.2115 ], [ -96.82141, 20.20121 ], [ -96.82372, 20.18472 ], [ -96.83411, 20.17637 ], [ -96.85401, 20.18946 ], [ -96.8572, 20.19695 ], [ -96.86567, 20.19825 ], [ -96.86379, 20.18714 ], [ -96.85151, 20.18222 ], [ -96.8514, 20.16708 ], [ -96.86, 20.16158 ], [ -96.86019, 20.14713 ], [ -96.87155, 20.15591 ], [ -96.8765, 20.15072 ], [ -96.87522, 20.14122 ], [ -96.88381, 20.13552 ], [ -96.88352, 20.14139 ], [ -96.89487, 20.1515 ], [ -96.90459, 20.14585 ], [ -96.91991, 20.14587 ], [ -96.93464, 20.13057 ], [ -96.94444, 20.13529 ], [ -96.94824, 20.14688 ], [ -96.98574, 20.14618 ], [ -96.99306, 20.15297 ], [ -96.98605, 20.1558 ], [ -96.98564, 20.16346 ], [ -97.0104, 20.18048 ], [ -97.02018, 20.20295 ], [ -97.01641, 20.22875 ], [ -97.00086, 20.25062 ], [ -97.00712, 20.25855 ], [ -97.00982, 20.27755 ], [ -97.00527, 20.28681 ], [ -97.00852, 20.28959 ], [ -96.99804, 20.29622 ], [ -96.97681, 20.28418 ], [ -96.97389, 20.27384 ], [ -96.96126, 20.27583 ], [ -96.95573, 20.28369 ], [ -96.94978, 20.28106 ], [ -96.93596, 20.29771 ], [ -96.92867, 20.29414 ], [ -96.91979, 20.29754 ], [ -96.88805, 20.27074 ], [ -96.87646, 20.27202 ], [ -96.87274, 20.28 ], [ -96.85466, 20.27877 ], [ -96.84355, 20.26089 ], [ -96.83767, 20.25834 ], [ -96.83359, 20.26307 ], [ -96.81963, 20.2379 ], [ -96.80368, 20.24725 ], [ -96.78536, 20.24181 ], [ -96.77626, 20.22268 ] ] ] } },
{ "type": "Feature", "properties": { "NOMGEO": "Santiago Sochiapan", "CVEGEO": "30212", "POB1": 13062.0, "POB84": 6315.0, "POB42": 6747.0 }, "geometry": { "type": "Polygon", "coordinates": [ [ [ -95.52514, 17.56167 ], [ -95.53146, 17.55616 ], [ -95.53967, 17.56058 ], [ -95.5496, 17.55321 ], [ -95.55555, 17.55864 ], [ -95.55943, 17.54704 ], [ -95.56881, 17.55124 ], [ -95.58596, 17.53492 ], [ -95.59001, 17.5383 ], [ -95.59875, 17.53461 ], [ -95.59931, 17.54367 ], [ -95.60512, 17.54901 ], [ -95.60709, 17.53982 ], [ -95.61997, 17.541 ], [ -95.62715, 17.54798 ], [ -95.64504, 17.54671 ], [ -95.64703, 17.55569 ], [ -95.6541, 17.56039 ], [ -95.64847, 17.53989 ], [ -95.67395, 17.53384 ], [ -95.68515, 17.53753 ], [ -95.69216, 17.5309 ], [ -95.69104, 17.52495 ], [ -95.7021, 17.51849 ], [ -95.70658, 17.53402 ], [ -95.72515, 17.53623 ], [ -95.72048, 17.54353 ], [ -95.72809, 17.55198 ], [ -95.72404, 17.55729 ], [ -95.72956, 17.57106 ], [ -95.7269, 17.57803 ], [ -95.7338, 17.57548 ], [ -95.7449, 17.58599 ], [ -95.77156, 17.58869 ], [ -95.77148, 17.5997 ], [ -95.78175, 17.60303 ], [ -95.79298, 17.60143 ], [ -95.78943, 17.59493 ], [ -95.79185, 17.58636 ], [ -95.80866, 17.59472 ], [ -95.80349, 17.6071 ], [ -95.7947, 17.60352 ], [ -95.78905, 17.61086 ], [ -95.78038, 17.61112 ], [ -95.77723, 17.60431 ], [ -95.77366, 17.60585 ], [ -95.76658, 17.68696 ], [ -95.75981, 17.68618 ], [ -95.75812, 17.69787 ], [ -95.75215, 17.69694 ], [ -95.74904, 17.72265 ], [ -95.73533, 17.71723 ], [ -95.72015, 17.72109 ], [ -95.68656, 17.75063 ], [ -95.67463, 17.72752 ], [ -95.66066, 17.73207 ], [ -95.65126, 17.69489 ], [ -95.63684, 17.6891 ], [ -95.62341, 17.69645 ], [ -95.62641, 17.68384 ], [ -95.61204, 17.68191 ], [ -95.60984, 17.68756 ], [ -95.6023, 17.68564 ], [ -95.60001, 17.66859 ], [ -95.59235, 17.66823 ], [ -95.58927, 17.66073 ], [ -95.59674, 17.65996 ], [ -95.59182, 17.63597 ], [ -95.58091, 17.64275 ], [ -95.57982, 17.65004 ], [ -95.55125, 17.65259 ], [ -95.54648, 17.64278 ], [ -95.55083, 17.64116 ], [ -95.54812, 17.63452 ], [ -95.5342, 17.63733 ], [ -95.53368, 17.6327 ], [ -95.52688, 17.63455 ], [ -95.5307, 17.64109 ], [ -95.52689, 17.64591 ], [ -95.52005, 17.64436 ], [ -95.51119, 17.62833 ], [ -95.56668, 17.59742 ], [ -95.56471, 17.58788 ], [ -95.55394, 17.58107 ], [ -95.55388, 17.56715 ], [ -95.53008, 17.57099 ], [ -95.52514, 17.56167 ] ] ] } }
]
}
