{
"type": "FeatureCollection",
"name": "regiones_veracruz_opt",
"crs": { "type": "name", "properties": { "name": "urn:ogc:def:crs:OGC:1.3:CRS84" } },
"features": [
{ "type": "Feature", "properties": { "name": "Huasteca Alta", "color": "#3B82F6" }, "geometry": { "type": "MultiPolygon", "coordinates": [ [ [ [ -98.34211, 21.16077 ], [ -98.35058, 21.15987 ], [ -98.35075, 21.15714 ], [ -98.35368, 21.1598 ], [ -98.36204, 21.15705 ], [ -98.36624, 21.16224 ], [ -98.36774, 21.15883 ], [ -98.38022, 21.15512 ], [ -98.38017, 21.15836 ], [ -98.38681, 21.16226 ], [ -98.38933, 21.15867 ], [ -98.40381, 21.15759 ], [ -98.40454, 21.15265 ], [ -98.41644, 21.15498 ], [ -98.41709, 21.1604 ], [ -98.42345, 21.16352 ], [ -98.42371, 21.16717 ], [ -98.43026, 21.16805 ], [ -98.43011, 21.17279 ], [ -98.44677, 21.17981 ], [ -98.4494, 21.18667 ], [ -98.44667, 21.19962 ], [ -98.45963, 21.2048 ], [ -98.45289, 21.21003 ], [ -98.45695, 21.21483 ], [ -98.46651, 21.2199 ], [ -98.46776, 21.22384 ], [ -98.47281, 21.21981 ], [ -98.47966, 21.22389 ], [ -98.48081, 21.23067 ], [ -98.46926, 21.23416 ], [ -98.46836, 21.24965 ], [ -98.49901, 21.25223 ], [ -98.50226, 21.246 ], [ -98.51654, 21.24427 ], [ -98.53786, 21.26387 ], [ -98.54398, 21.2639 ], [ -98.52581, 21.2875 ], [ -98.51717, 21.30449 ], [ -98.49557, 21.32997 ], [ -98.49562, 21.34042 ], [ -98.48518, 21.35015 ], [ -98.47827, 21.34742 ], [ -98.47788, 21.34376 ], [ -98.46484, 21.34776 ], [ -98.46342, 21.35084 ], [ -98.46996, 21.35754 ], [ -98.46615, 21.36549 ], [ -98.46842, 21.37033 ], [ -98.46546, 21.37319 ], [ -98.4687, 21.38703 ], [ -98.47334, 21.39124 ], [ -98.48109, 21.3884 ], [ -98.47983, 21.3966 ], [ -98.48642, 21.39852 ], [ -98.4871, 21.39223 ], [ -98.50121, 21.38546 ], [ -98.5052, 21.39487 ], [ -98.50792, 21.39193 ], [ -98.51054, 21.40196 ], [ -98.51919, 21.4013 ], [ -98.51793, 21.40356 ], [ -98.52179, 21.4054 ], [ -98.52, 21.42241 ], [ -98.52289, 21.42495 ], [ -98.5215, 21.43141 ], [ -98.52464, 21.44016 ], [ -98.52075, 21.4435 ], [ -98.52054, 21.45752 ], [ -98.51817, 21.45981 ], [ -98.5171, 21.45743 ], [ -98.51691, 21.4607 ], [ -98.5356, 21.49246 ], [ -98.53226, 21.50114 ], [ -98.54058, 21.50763 ], [ -98.54303, 21.51383 ], [ -98.5538, 21.51614 ], [ -98.55745, 21.52198 ], [ -98.56505, 21.52009 ], [ -98.57963, 21.52716 ], [ -98.58507, 21.53577 ], [ -98.58753, 21.53358 ], [ -98.60225, 21.54043 ], [ -98.59882, 21.55043 ], [ -98.60026, 21.55467 ], [ -98.60778, 21.55579 ], [ -98.60349, 21.562 ], [ -98.6083, 21.56439 ], [ -98.6054, 21.56691 ], [ -98.60973, 21.57508 ], [ -98.6134, 21.57523 ], [ -98.61341, 21.57986 ], [ -98.61816, 21.57883 ], [ -98.62027, 21.5834 ], [ -98.62575, 21.58546 ], [ -98.62051, 21.58824 ], [ -98.62565, 21.5926 ], [ -98.61935, 21.60246 ], [ -98.62113, 21.62782 ], [ -98.62805, 21.63048 ], [ -98.63536, 21.6263 ], [ -98.6437, 21.63127 ], [ -98.63785, 21.63469 ], [ -98.63374, 21.64259 ], [ -98.63322, 21.65389 ], [ -98.62056, 21.65307 ], [ -98.60947, 21.66723 ], [ -98.6114, 21.67187 ], [ -98.62496, 21.67307 ], [ -98.622, 21.68238 ], [ -98.61614, 21.68376 ], [ -98.59779, 21.66888 ], [ -98.5792, 21.67195 ], [ -98.56933, 21.68254 ], [ -98.56174, 21.68292 ], [ -98.55826, 21.68767 ], [ -98.55884, 21.70354 ], [ -98.57221, 21.70916 ], [ -98.56743, 21.71737 ], [ -98.54384, 21.72339 ], [ -98.53074, 21.69727 ], [ -98.52053, 21.71023 ], [ -98.52711, 21.71528 ], [ -98.5368, 21.71389 ], [ -98.53741, 21.72062 ], [ -98.52946, 21.72213 ], [ -98.52085, 21.71596 ], [ -98.51667, 21.71685 ], [ -98.51276, 21.72078 ], [ -98.51266, 21.7266 ], [ -98.49895, 21.72724 ], [ -98.49949, 21.73208 ], [ -98.50553, 21.73403 ], [ -98.50422, 21.73805 ], [ -98.50005, 21.73929 ], [ -98.49149, 21.73506 ], [ -98.47692, 21.74522 ], [ -98.4764, 21.7492 ], [ -98.48373, 21.75217 ], [ -98.47939, 21.76086 ], [ -98.47023, 21.76357 ], [ -98.4676, 21.7707 ], [ -98.45945, 21.76231 ], [ -98.45493, 21.76554 ], [ -98.46234, 21.77841 ], [ -98.46195, 21.79055 ], [ -98.47552, 21.80192 ], [ -98.47504, 21.81419 ], [ -98.4819, 21.81501 ], [ -98.48994, 21.81139 ], [ -98.49312, 21.81394 ], [ -98.49297, 21.82239 ], [ -98.48632, 21.83627 ], [ -98.49505, 21.83817 ], [ -98.50934, 21.82445 ], [ -98.51448, 21.82389 ], [ -98.52886, 21.86318 ], [ -98.54803, 21.86011 ], [ -98.54044, 21.87348 ], [ -98.54528, 21.88804 ], [ -98.53823, 21.89709 ], [ -98.5382, 21.90581 ], [ -98.53468, 21.90644 ], [ -98.5202, 21.89699 ], [ -98.5108, 21.9087 ], [ -98.51489, 21.91764 ], [ -98.52492, 21.91455 ], [ -98.53494, 21.91909 ], [ -98.54587, 21.91735 ], [ -98.54385, 21.93212 ], [ -98.53108, 21.93443 ], [ -98.50045, 21.92315 ], [ -98.49882, 21.92743 ], [ -98.50315, 21.93663 ], [ -98.5156, 21.95127 ], [ -98.53158, 21.94992 ], [ -98.53911, 21.9391 ], [ -98.55128, 21.93374 ], [ -98.56602, 21.93764 ], [ -98.57647, 21.94739 ], [ -98.57884, 21.96609 ], [ -98.57485, 21.96914 ], [ -98.5645, 21.96824 ], [ -98.55067, 21.96075 ], [ -98.522, 21.97943 ], [ -98.4932, 21.96041 ], [ -98.47765, 21.9603 ], [ -98.46881, 21.9646 ], [ -98.48199, 21.983 ], [ -98.48148, 21.99051 ], [ -98.47629, 21.99957 ], [ -98.47233, 21.98797 ], [ -98.46358, 21.99099 ], [ -98.46243, 21.99618 ], [ -98.45954, 21.99517 ], [ -98.45946, 22.0054 ], [ -98.44355, 22.03298 ], [ -98.44641, 22.04222 ], [ -98.44289, 22.04937 ], [ -98.43465, 22.05167 ], [ -98.43438, 22.05694 ], [ -98.44187, 22.06487 ], [ -98.43945, 22.07565 ], [ -98.43084, 22.07934 ], [ -98.43239, 22.08967 ], [ -98.41883, 22.09802 ], [ -98.42763, 22.10878 ], [ -98.43874, 22.11191 ], [ -98.43226, 22.11781 ], [ -98.43202, 22.12827 ], [ -98.42607, 22.1301 ], [ -98.42631, 22.13315 ], [ -98.42332, 22.13245 ], [ -98.41675, 22.1412 ], [ -98.35528, 22.18029 ], [ -98.33655, 22.18769 ], [ -98.33041, 22.20134 ], [ -98.33476, 22.20248 ], [ -98.33522, 22.21001 ], [ -98.34496, 22.21396 ], [ -98.34306, 22.21589 ], [ -98.35226, 22.2228 ], [ -98.34462, 22.22209 ], [ -98.32597, 22.24305 ], [ -98.37456, 22.23608 ], [ -98.36723, 22.25132 ], [ -98.36814, 22.25537 ], [ -98.37543, 22.25397 ], [ -98.37634, 22.25083 ], [ -98.38255, 22.25588 ], [ -98.40509, 22.25608 ], [ -98.40321, 22.26638 ], [ -98.40642, 22.26935 ], [ -98.40176, 22.26968 ], [ -98.39638, 22.27626 ], [ -98.40756, 22.28421 ], [ -98.42476, 22.27427 ], [ -98.43037, 22.2746 ], [ -98.43384, 22.27824 ], [ -98.4277, 22.28346 ], [ -98.43855, 22.29263 ], [ -98.44666, 22.30562 ], [ -98.45756, 22.30132 ], [ -98.46149, 22.30489 ], [ -98.46452, 22.30347 ], [ -98.46438, 22.29669 ], [ -98.47591, 22.28864 ], [ -98.47783, 22.29621 ], [ -98.48194, 22.29673 ], [ -98.48199, 22.29944 ], [ -98.48689, 22.29892 ], [ -98.48795, 22.30351 ], [ -98.49599, 22.30368 ], [ -98.49682, 22.3077 ], [ -98.50573, 22.30901 ], [ -98.50612, 22.31597 ], [ -98.52555, 22.31883 ], [ -98.52555, 22.32799 ], [ -98.5353, 22.328 ], [ -98.53521, 22.33788 ], [ -98.55483, 22.33801 ], [ -98.55479, 22.34256 ], [ -98.56452, 22.34257 ], [ -98.56446, 22.34751 ], [ -98.57929, 22.34863 ], [ -98.58231, 22.3601 ], [ -98.57883, 22.36594 ], [ -98.57932, 22.37776 ], [ -98.58286, 22.37305 ], [ -98.68155, 22.37157 ], [ -98.67089, 22.40567 ], [ -98.66499, 22.40394 ], [ -98.65494, 22.40923 ], [ -98.64025, 22.41142 ], [ -98.63816, 22.41452 ], [ -98.62957, 22.404 ], [ -98.62631, 22.40454 ], [ -98.6269, 22.40216 ], [ -98.6212, 22.4023 ], [ -98.61375, 22.40893 ], [ -98.60804, 22.40722 ], [ -98.60299, 22.39956 ], [ -98.59449, 22.39867 ], [ -98.59233, 22.39532 ], [ -98.58348, 22.39729 ], [ -98.57494, 22.39395 ], [ -98.56851, 22.40158 ], [ -98.54608, 22.40019 ], [ -98.54132, 22.40574 ], [ -98.52536, 22.40678 ], [ -98.5096, 22.41639 ], [ -98.51215, 22.42121 ], [ -98.50639, 22.42927 ], [ -98.49428, 22.42724 ], [ -98.49685, 22.42403 ], [ -98.49338, 22.42368 ], [ -98.49214, 22.41947 ], [ -98.48849, 22.42425 ], [ -98.49037, 22.42777 ], [ -98.48523, 22.42563 ], [ -98.46681, 22.4288 ], [ -98.46403, 22.42549 ], [ -98.46657, 22.41429 ], [ -98.46096, 22.41219 ], [ -98.44863, 22.41996 ], [ -98.44257, 22.4324 ], [ -98.43717, 22.43359 ], [ -98.43159, 22.43003 ], [ -98.43312, 22.41358 ], [ -98.41905, 22.41274 ], [ -98.40954, 22.39993 ], [ -98.39934, 22.40883 ], [ -98.39207, 22.42318 ], [ -98.38475, 22.42234 ], [ -98.38246, 22.41592 ], [ -98.38457, 22.40329 ], [ -98.39131, 22.3942 ], [ -98.38781, 22.38928 ], [ -98.37458, 22.38962 ], [ -98.35523, 22.40745 ], [ -98.35104, 22.40243 ], [ -98.35653, 22.39515 ], [ -98.35227, 22.3887 ], [ -98.34291, 22.38974 ], [ -98.32769, 22.39868 ], [ -98.31758, 22.39097 ], [ -98.31271, 22.41427 ], [ -98.31535, 22.41926 ], [ -98.32736, 22.42647 ], [ -98.32091, 22.44004 ], [ -98.31222, 22.44522 ], [ -98.31361, 22.45619 ], [ -98.31927, 22.46522 ], [ -98.31682, 22.46856 ], [ -98.30883, 22.46846 ], [ -98.30101, 22.46123 ], [ -98.29166, 22.4678 ], [ -98.28737, 22.46703 ], [ -98.27762, 22.44895 ], [ -98.27294, 22.44729 ], [ -98.25663, 22.45341 ], [ -98.25338, 22.46646 ], [ -98.24793, 22.47166 ], [ -98.24031, 22.46972 ], [ -98.23237, 22.46133 ], [ -98.21984, 22.47175 ], [ -98.207, 22.46402 ], [ -98.195, 22.46956 ], [ -98.19262, 22.46522 ], [ -98.19988, 22.44904 ], [ -98.18974, 22.44179 ], [ -98.18899, 22.42534 ], [ -98.16329, 22.40998 ], [ -98.15156, 22.41294 ], [ -98.11354, 22.3953 ], [ -98.11187, 22.37815 ], [ -98.10621, 22.36671 ], [ -98.09549, 22.37269 ], [ -98.08602, 22.37015 ], [ -98.07426, 22.34778 ], [ -98.05945, 22.34638 ], [ -98.05396, 22.35554 ], [ -98.02847, 22.35839 ], [ -98.02107, 22.35278 ], [ -98.0129, 22.35328 ], [ -98.00071, 22.34816 ], [ -97.99002, 22.35086 ], [ -97.98524, 22.34118 ], [ -97.97041, 22.3329 ], [ -97.97051, 22.32805 ], [ -97.98279, 22.31105 ], [ -97.98398, 22.30467 ], [ -97.99895, 22.31433 ], [ -97.99765, 22.30268 ], [ -98.00032, 22.29743 ], [ -97.99266, 22.29277 ], [ -97.98694, 22.30163 ], [ -97.98309, 22.29893 ], [ -97.98271, 22.30261 ], [ -97.97146, 22.29619 ], [ -97.95671, 22.29389 ], [ -97.95386, 22.28704 ], [ -97.93166, 22.27105 ], [ -97.9346, 22.25459 ], [ -97.92568, 22.25068 ], [ -97.91679, 22.25259 ], [ -97.92028, 22.246 ], [ -97.91794, 22.23999 ], [ -97.90242, 22.23334 ], [ -97.89496, 22.22238 ], [ -97.84489, 22.20697 ], [ -97.83769, 22.21243 ], [ -97.83649, 22.22993 ], [ -97.82482, 22.24415 ], [ -97.79241, 22.26035 ], [ -97.77435, 22.26392 ], [ -97.79041, 22.25989 ], [ -97.79371, 22.2497 ], [ -97.79276, 22.212 ], [ -97.78525, 22.16633 ], [ -97.75195, 22.06211 ], [ -97.73089, 22.01533 ], [ -97.69807, 21.95648 ], [ -97.61613, 21.83488 ], [ -97.56433, 21.77079 ], [ -97.52192, 21.72936 ], [ -97.47295, 21.68993 ], [ -97.44232, 21.65892 ], [ -97.34359, 21.58769 ], [ -97.34024, 21.57934 ], [ -97.3279, 21.56717 ], [ -97.33274, 21.5513 ], [ -97.32932, 21.52353 ], [ -97.33183, 21.51011 ], [ -97.35236, 21.45208 ], [ -97.37529, 21.39922 ], [ -97.39872, 21.36299 ], [ -97.4106, 21.33784 ], [ -97.42039, 21.29394 ], [ -97.41831, 21.26052 ], [ -97.42228, 21.24643 ], [ -97.41418, 21.20689 ], [ -97.39177, 21.14826 ], [ -97.36425, 21.09796 ], [ -97.36834, 21.09659 ], [ -97.37182, 21.107 ], [ -97.38279, 21.11668 ], [ -97.38362, 21.12796 ], [ -97.38793, 21.13317 ], [ -97.40133, 21.13124 ], [ -97.40035, 21.12438 ], [ -97.40853, 21.12076 ], [ -97.40946, 21.11309 ], [ -97.41557, 21.10721 ], [ -97.41775, 21.10851 ], [ -97.41374, 21.1125 ], [ -97.41538, 21.11491 ], [ -97.43263, 21.11587 ], [ -97.43501, 21.1257 ], [ -97.44825, 21.12834 ], [ -97.45119, 21.13657 ], [ -97.46791, 21.13942 ], [ -97.48618, 21.1375 ], [ -97.4966, 21.13221 ], [ -97.4953, 21.1272 ], [ -97.49989, 21.12989 ], [ -97.50409, 21.12496 ], [ -97.51267, 21.12235 ], [ -97.53065, 21.12063 ], [ -97.53764, 21.12461 ], [ -97.55468, 21.11318 ], [ -97.55662, 21.10538 ], [ -97.56397, 21.10771 ], [ -97.56782, 21.10514 ], [ -97.588, 21.12361 ], [ -97.59384, 21.13861 ], [ -97.59874, 21.13662 ], [ -97.61071, 21.13929 ], [ -97.6091, 21.15267 ], [ -97.61464, 21.149 ], [ -97.62051, 21.15684 ], [ -97.62997, 21.15885 ], [ -97.62969, 21.1698 ], [ -97.63705, 21.1837 ], [ -97.65177, 21.18476 ], [ -97.67001, 21.19144 ], [ -97.6718, 21.18838 ], [ -97.68344, 21.19269 ], [ -97.68523, 21.19868 ], [ -97.69726, 21.19385 ], [ -97.69902, 21.19634 ], [ -97.69978, 21.18962 ], [ -97.71224, 21.19645 ], [ -97.71243, 21.20535 ], [ -97.70019, 21.21113 ], [ -97.69768, 21.21959 ], [ -97.69181, 21.22059 ], [ -97.70556, 21.23458 ], [ -97.69664, 21.25346 ], [ -97.68015, 21.25895 ], [ -97.67939, 21.2567 ], [ -97.66476, 21.25799 ], [ -97.6645, 21.27288 ], [ -97.65888, 21.27458 ], [ -97.6577, 21.28007 ], [ -97.66835, 21.29985 ], [ -97.67254, 21.3017 ], [ -97.67082, 21.306 ], [ -97.68054, 21.29958 ], [ -97.68556, 21.29119 ], [ -97.67681, 21.28305 ], [ -97.66977, 21.28812 ], [ -97.67712, 21.26797 ], [ -97.68751, 21.27083 ], [ -97.6895, 21.26823 ], [ -97.68689, 21.26663 ], [ -97.6896, 21.265 ], [ -97.71537, 21.26893 ], [ -97.71837, 21.26445 ], [ -97.71019, 21.26464 ], [ -97.7067, 21.26114 ], [ -97.71583, 21.25312 ], [ -97.72594, 21.26437 ], [ -97.74498, 21.26739 ], [ -97.74912, 21.27981 ], [ -97.74614, 21.28069 ], [ -97.77444, 21.33103 ], [ -97.77796, 21.32994 ], [ -97.78463, 21.33395 ], [ -97.79219, 21.33121 ], [ -97.79824, 21.32429 ], [ -97.8105, 21.32097 ], [ -97.81603, 21.31305 ], [ -97.82991, 21.31283 ], [ -97.82735, 21.30756 ], [ -97.8334, 21.3038 ], [ -97.83452, 21.29923 ], [ -97.83894, 21.30211 ], [ -97.83815, 21.29701 ], [ -97.84429, 21.29751 ], [ -97.84353, 21.30872 ], [ -97.85797, 21.31818 ], [ -97.86421, 21.34827 ], [ -97.86204, 21.35962 ], [ -97.85099, 21.3728 ], [ -97.85182, 21.3785 ], [ -97.85767, 21.38307 ], [ -97.86244, 21.37972 ], [ -97.86475, 21.38653 ], [ -97.89016, 21.40785 ], [ -97.89353, 21.40337 ], [ -97.88918, 21.38516 ], [ -97.89154, 21.37884 ], [ -97.89714, 21.37637 ], [ -97.91047, 21.38854 ], [ -97.92933, 21.41563 ], [ -97.93212, 21.4276 ], [ -97.95696, 21.41462 ], [ -97.95363, 21.40203 ], [ -97.96001, 21.40772 ], [ -97.96602, 21.40634 ], [ -97.97013, 21.41626 ], [ -97.96352, 21.42645 ], [ -97.97088, 21.4337 ], [ -97.96983, 21.43893 ], [ -97.97731, 21.44754 ], [ -97.97504, 21.45003 ], [ -97.97708, 21.45518 ], [ -97.9884, 21.46555 ], [ -97.98812, 21.47692 ], [ -97.9922, 21.48046 ], [ -97.97822, 21.50868 ], [ -97.97882, 21.51886 ], [ -97.98369, 21.52429 ], [ -97.9803, 21.53195 ], [ -97.98228, 21.55427 ], [ -97.97454, 21.56196 ], [ -97.97715, 21.5675 ], [ -97.97259, 21.58045 ], [ -97.97747, 21.58288 ], [ -97.97002, 21.58797 ], [ -97.97246, 21.59086 ], [ -97.96885, 21.59525 ], [ -97.97407, 21.59804 ], [ -97.97403, 21.60346 ], [ -97.98268, 21.60375 ], [ -97.97634, 21.61656 ], [ -97.98697, 21.61962 ], [ -97.9901, 21.62463 ], [ -97.98855, 21.62717 ], [ -97.99133, 21.62752 ], [ -97.98914, 21.63307 ], [ -97.98562, 21.6339 ], [ -97.98665, 21.64229 ], [ -97.99087, 21.64782 ], [ -97.99066, 21.658 ], [ -97.99622, 21.66611 ], [ -98.00133, 21.66181 ], [ -98.00763, 21.66461 ], [ -98.01252, 21.65976 ], [ -98.03316, 21.66818 ], [ -98.04261, 21.66911 ], [ -98.04515, 21.66445 ], [ -98.0444, 21.65956 ], [ -98.03698, 21.65811 ], [ -98.03523, 21.65384 ], [ -98.02977, 21.65594 ], [ -98.03294, 21.64988 ], [ -98.03028, 21.64736 ], [ -98.03073, 21.63992 ], [ -98.0196, 21.64086 ], [ -98.01125, 21.63773 ], [ -98.00562, 21.62648 ], [ -97.99594, 21.62495 ], [ -97.9876, 21.61696 ], [ -97.98669, 21.60996 ], [ -97.98896, 21.60121 ], [ -97.99752, 21.59437 ], [ -98.00319, 21.58053 ], [ -98.00958, 21.57588 ], [ -98.01286, 21.58103 ], [ -98.01768, 21.58184 ], [ -98.02129, 21.57435 ], [ -98.02733, 21.5712 ], [ -98.0294, 21.57293 ], [ -98.02876, 21.56544 ], [ -98.03688, 21.55756 ], [ -98.02689, 21.55439 ], [ -98.02476, 21.5458 ], [ -98.02824, 21.54 ], [ -98.02123, 21.53696 ], [ -98.02185, 21.51678 ], [ -98.02641, 21.51588 ], [ -98.02169, 21.51178 ], [ -98.02766, 21.50256 ], [ -98.02413, 21.49482 ], [ -98.02773, 21.49451 ], [ -98.03269, 21.48679 ], [ -98.04006, 21.48995 ], [ -98.04282, 21.48551 ], [ -98.0494, 21.48733 ], [ -98.05165, 21.48437 ], [ -98.04852, 21.48331 ], [ -98.04914, 21.47961 ], [ -98.05403, 21.47677 ], [ -98.05617, 21.46631 ], [ -98.06247, 21.46496 ], [ -98.06894, 21.45258 ], [ -98.06196, 21.44863 ], [ -98.06595, 21.4415 ], [ -98.06298, 21.44022 ], [ -98.0634, 21.43102 ], [ -98.06073, 21.43194 ], [ -98.0577, 21.42604 ], [ -98.05484, 21.42706 ], [ -98.05668, 21.42016 ], [ -98.04924, 21.41732 ], [ -98.04436, 21.40804 ], [ -98.04971, 21.40609 ], [ -98.04524, 21.40276 ], [ -98.04239, 21.40461 ], [ -98.04404, 21.4003 ], [ -98.04053, 21.39828 ], [ -98.04522, 21.39727 ], [ -98.0397, 21.39538 ], [ -98.04199, 21.39203 ], [ -98.03782, 21.38801 ], [ -98.04209, 21.37902 ], [ -98.03804, 21.37393 ], [ -98.04092, 21.36957 ], [ -98.03727, 21.36559 ], [ -98.03929, 21.36018 ], [ -98.03669, 21.35715 ], [ -98.03987, 21.35314 ], [ -98.0366, 21.35059 ], [ -98.04201, 21.34715 ], [ -98.04083, 21.34182 ], [ -98.04902, 21.33907 ], [ -98.06505, 21.35008 ], [ -98.06292, 21.34503 ], [ -98.0664, 21.34235 ], [ -98.06696, 21.34504 ], [ -98.07094, 21.33813 ], [ -98.066, 21.33112 ], [ -98.06064, 21.32916 ], [ -98.06151, 21.32166 ], [ -98.07004, 21.31324 ], [ -98.06346, 21.29049 ], [ -98.0678, 21.28492 ], [ -98.06585, 21.27464 ], [ -98.09108, 21.27396 ], [ -98.10049, 21.25801 ], [ -98.09892, 21.25233 ], [ -98.11644, 21.24547 ], [ -98.10971, 21.24164 ], [ -98.0997, 21.24296 ], [ -98.09305, 21.23815 ], [ -98.083, 21.24156 ], [ -98.07932, 21.23914 ], [ -98.07679, 21.24329 ], [ -98.06703, 21.23408 ], [ -98.05578, 21.23003 ], [ -98.07018, 21.22032 ], [ -98.061, 21.22067 ], [ -98.05884, 21.21678 ], [ -98.07038, 21.20877 ], [ -98.06104, 21.19869 ], [ -98.0579, 21.20271 ], [ -98.04515, 21.19706 ], [ -98.04637, 21.19103 ], [ -98.04047, 21.18814 ], [ -98.02908, 21.17278 ], [ -98.03545, 21.17148 ], [ -98.04357, 21.16165 ], [ -98.04341, 21.15756 ], [ -98.04384, 21.16134 ], [ -98.05059, 21.16545 ], [ -98.06973, 21.15944 ], [ -98.07516, 21.16356 ], [ -98.08027, 21.15979 ], [ -98.08996, 21.1602 ], [ -98.09125, 21.16637 ], [ -98.10703, 21.15858 ], [ -98.11024, 21.16078 ], [ -98.11442, 21.15827 ], [ -98.11483, 21.14979 ], [ -98.12138, 21.14491 ], [ -98.1362, 21.14547 ], [ -98.13636, 21.14246 ], [ -98.1405, 21.14269 ], [ -98.14332, 21.13783 ], [ -98.14904, 21.13608 ], [ -98.15693, 21.13896 ], [ -98.1634, 21.12455 ], [ -98.17611, 21.11089 ], [ -98.18479, 21.11241 ], [ -98.2005, 21.10584 ], [ -98.20236, 21.11089 ], [ -98.19515, 21.12036 ], [ -98.20742, 21.12873 ], [ -98.20505, 21.13809 ], [ -98.20863, 21.14332 ], [ -98.21683, 21.14472 ], [ -98.21682, 21.15147 ], [ -98.22735, 21.15042 ], [ -98.23126, 21.14237 ], [ -98.23421, 21.14282 ], [ -98.2338, 21.14061 ], [ -98.23692, 21.14336 ], [ -98.24911, 21.1294 ], [ -98.26467, 21.14115 ], [ -98.28217, 21.13642 ], [ -98.28119, 21.14146 ], [ -98.29554, 21.14829 ], [ -98.29535, 21.15597 ], [ -98.28468, 21.16237 ], [ -98.27858, 21.17258 ], [ -98.27887, 21.18286 ], [ -98.27552, 21.18737 ], [ -98.27913, 21.19275 ], [ -98.28718, 21.1943 ], [ -98.29615, 21.18796 ], [ -98.29598, 21.18304 ], [ -98.29957, 21.18413 ], [ -98.2979, 21.1774 ], [ -98.305, 21.18296 ], [ -98.30803, 21.18025 ], [ -98.30845, 21.18481 ], [ -98.31119, 21.18343 ], [ -98.31586, 21.18688 ], [ -98.3408, 21.16867 ], [ -98.34211, 21.16077 ] ] ], [ [ [ -97.22504, 21.46874 ], [ -97.2304, 21.46865 ], [ -97.22085, 21.47757 ], [ -97.22504, 21.46874 ] ] ] ] } },
{ "type": "Feature", "properties": { "name": "Huasteca Baja", "color": "#60A5FA" }, "geometry": { "type": "Polygon", "coordinates": [ [ [ -98.27104, 20.48192 ], [ -98.27544, 20.48124 ], [ -98.28046, 20.46938 ], [ -98.29215, 20.46491 ], [ -98.29457, 20.46029 ], [ -98.29969, 20.45867 ], [ -98.29913, 20.45559 ], [ -98.30489, 20.4545 ], [ -98.31571, 20.44569 ], [ -98.31391, 20.43947 ], [ -98.31811, 20.43526 ], [ -98.31982, 20.4244 ], [ -98.31605, 20.42319 ], [ -98.32101, 20.41801 ], [ -98.33718, 20.41413 ], [ -98.35982, 20.39981 ], [ -98.37047, 20.40188 ], [ -98.37658, 20.39851 ], [ -98.38615, 20.40271 ], [ -98.41829, 20.38005 ], [ -98.46208, 20.33122 ], [ -98.4711, 20.33595 ], [ -98.48668, 20.33479 ], [ -98.49649, 20.33869 ], [ -98.50559, 20.33541 ], [ -98.51124, 20.33933 ], [ -98.5174, 20.33685 ], [ -98.52285, 20.34262 ], [ -98.53426, 20.34622 ], [ -98.54035, 20.35809 ], [ -98.54299, 20.35624 ], [ -98.54862, 20.35975 ], [ -98.54306, 20.37556 ], [ -98.54597, 20.37679 ], [ -98.54521, 20.3882 ], [ -98.54844, 20.39025 ], [ -98.54439, 20.39234 ], [ -98.55018, 20.39571 ], [ -98.54824, 20.40249 ], [ -98.55243, 20.43189 ], [ -98.54969, 20.43536 ], [ -98.55437, 20.4385 ], [ -98.5561, 20.44962 ], [ -98.57873, 20.47324 ], [ -98.57662, 20.47608 ], [ -98.59396, 20.4896 ], [ -98.59729, 20.49577 ], [ -98.5824, 20.50549 ], [ -98.57667, 20.50429 ], [ -98.57112, 20.50904 ], [ -98.55761, 20.50936 ], [ -98.55461, 20.51871 ], [ -98.54564, 20.52104 ], [ -98.53467, 20.53066 ], [ -98.52449, 20.54836 ], [ -98.52298, 20.58181 ], [ -98.51225, 20.59422 ], [ -98.50292, 20.59587 ], [ -98.4963, 20.5895 ], [ -98.48018, 20.589 ], [ -98.48012, 20.6033 ], [ -98.4895, 20.61966 ], [ -98.49485, 20.64434 ], [ -98.48703, 20.65005 ], [ -98.48601, 20.6544 ], [ -98.46327, 20.66784 ], [ -98.46398, 20.67413 ], [ -98.4604, 20.67683 ], [ -98.45854, 20.68537 ], [ -98.45988, 20.6962 ], [ -98.44922, 20.7009 ], [ -98.4459, 20.69434 ], [ -98.44335, 20.70988 ], [ -98.43927, 20.70886 ], [ -98.42928, 20.71627 ], [ -98.43347, 20.71752 ], [ -98.42145, 20.73935 ], [ -98.42365, 20.74772 ], [ -98.43941, 20.73864 ], [ -98.44339, 20.72923 ], [ -98.46034, 20.71331 ], [ -98.49722, 20.69988 ], [ -98.50115, 20.69458 ], [ -98.51483, 20.6892 ], [ -98.51744, 20.68377 ], [ -98.52505, 20.68184 ], [ -98.5334, 20.66272 ], [ -98.54262, 20.66849 ], [ -98.55018, 20.68939 ], [ -98.53999, 20.69351 ], [ -98.54026, 20.69811 ], [ -98.53423, 20.69842 ], [ -98.52907, 20.70399 ], [ -98.53264, 20.7113 ], [ -98.53016, 20.7181 ], [ -98.52037, 20.72703 ], [ -98.51568, 20.72536 ], [ -98.50644, 20.73312 ], [ -98.51449, 20.73232 ], [ -98.51665, 20.74289 ], [ -98.50814, 20.74419 ], [ -98.50361, 20.73223 ], [ -98.49681, 20.73683 ], [ -98.47601, 20.73893 ], [ -98.4707, 20.74494 ], [ -98.44973, 20.75135 ], [ -98.45604, 20.75561 ], [ -98.46456, 20.77253 ], [ -98.46052, 20.77898 ], [ -98.46323, 20.78518 ], [ -98.45585, 20.78952 ], [ -98.44964, 20.80609 ], [ -98.45107, 20.82003 ], [ -98.44403, 20.82899 ], [ -98.44368, 20.83432 ], [ -98.43232, 20.84098 ], [ -98.43026, 20.84794 ], [ -98.41943, 20.8511 ], [ -98.41372, 20.84864 ], [ -98.41142, 20.85409 ], [ -98.40291, 20.85838 ], [ -98.37966, 20.85186 ], [ -98.37304, 20.85655 ], [ -98.37113, 20.86231 ], [ -98.36584, 20.86387 ], [ -98.35751, 20.85679 ], [ -98.34815, 20.86553 ], [ -98.34452, 20.86224 ], [ -98.35179, 20.8488 ], [ -98.34975, 20.84298 ], [ -98.35287, 20.83601 ], [ -98.34543, 20.83184 ], [ -98.3272, 20.82944 ], [ -98.32865, 20.8205 ], [ -98.31654, 20.81777 ], [ -98.31562, 20.80902 ], [ -98.34467, 20.79749 ], [ -98.33943, 20.79669 ], [ -98.32852, 20.7841 ], [ -98.31532, 20.78875 ], [ -98.30783, 20.80192 ], [ -98.30288, 20.7959 ], [ -98.29845, 20.80143 ], [ -98.29777, 20.79575 ], [ -98.30448, 20.78273 ], [ -98.29881, 20.77784 ], [ -98.29202, 20.78551 ], [ -98.2844, 20.78666 ], [ -98.27954, 20.7827 ], [ -98.27557, 20.78602 ], [ -98.2616, 20.78597 ], [ -98.25404, 20.7941 ], [ -98.24775, 20.78944 ], [ -98.24555, 20.79332 ], [ -98.24892, 20.79638 ], [ -98.24489, 20.80222 ], [ -98.23394, 20.79731 ], [ -98.22471, 20.81824 ], [ -98.23933, 20.81758 ], [ -98.25377, 20.82149 ], [ -98.25211, 20.82782 ], [ -98.25891, 20.83397 ], [ -98.25821, 20.83972 ], [ -98.26061, 20.83983 ], [ -98.26232, 20.84689 ], [ -98.25464, 20.84895 ], [ -98.25881, 20.85507 ], [ -98.25622, 20.85897 ], [ -98.2655, 20.86654 ], [ -98.25899, 20.87492 ], [ -98.25097, 20.8973 ], [ -98.23236, 20.90012 ], [ -98.22486, 20.90636 ], [ -98.22902, 20.90819 ], [ -98.22266, 20.91336 ], [ -98.2227, 20.91845 ], [ -98.22934, 20.91449 ], [ -98.23426, 20.91583 ], [ -98.23935, 20.92303 ], [ -98.23739, 20.93478 ], [ -98.2302, 20.94477 ], [ -98.22824, 20.95802 ], [ -98.22569, 20.95942 ], [ -98.21611, 20.95261 ], [ -98.21438, 20.95605 ], [ -98.20954, 20.96709 ], [ -98.21203, 20.96783 ], [ -98.21108, 20.97225 ], [ -98.21692, 20.97374 ], [ -98.21328, 20.98312 ], [ -98.21501, 20.98963 ], [ -98.20062, 20.9947 ], [ -98.20207, 21.01175 ], [ -98.19699, 21.01659 ], [ -98.189, 21.01832 ], [ -98.19093, 21.02634 ], [ -98.18827, 21.03131 ], [ -98.18267, 21.02999 ], [ -98.17632, 21.02117 ], [ -98.16786, 21.02289 ], [ -98.1639, 21.01765 ], [ -98.16156, 21.01883 ], [ -98.1627, 21.02833 ], [ -98.15568, 21.03339 ], [ -98.15078, 21.04722 ], [ -98.15463, 21.0647 ], [ -98.14741, 21.07658 ], [ -98.14914, 21.08302 ], [ -98.17096, 21.09681 ], [ -98.17444, 21.10599 ], [ -98.18756, 21.11082 ], [ -98.17611, 21.11089 ], [ -98.1634, 21.12455 ], [ -98.15659, 21.13918 ], [ -98.14904, 21.13608 ], [ -98.14332, 21.13783 ], [ -98.1405, 21.14269 ], [ -98.13636, 21.14246 ], [ -98.1362, 21.14547 ], [ -98.12138, 21.14491 ], [ -98.11483, 21.14979 ], [ -98.11442, 21.15827 ], [ -98.11024, 21.16078 ], [ -98.10703, 21.15858 ], [ -98.09125, 21.16637 ], [ -98.08996, 21.1602 ], [ -98.08027, 21.15979 ], [ -98.07516, 21.16356 ], [ -98.06973, 21.15944 ], [ -98.05059, 21.16545 ], [ -98.04384, 21.16134 ], [ -98.04341, 21.15756 ], [ -98.04357, 21.16165 ], [ -98.03545, 21.17148 ], [ -98.02908, 21.17278 ], [ -98.04047, 21.18814 ], [ -98.04637, 21.19103 ], [ -98.04515, 21.19706 ], [ -98.0579, 21.20271 ], [ -98.06104, 21.19869 ], [ -98.07038, 21.20877 ], [ -98.05884, 21.21678 ], [ -98.061, 21.22067 ], [ -98.07018, 21.22032 ], [ -98.05578, 21.23003 ], [ -98.06703, 21.23408 ], [ -98.07679, 21.24329 ], [ -98.07932, 21.23914 ], [ -98.083, 21.24156 ], [ -98.09305, 21.23815 ], [ -98.0997, 21.24296 ], [ -98.10971, 21.24164 ], [ -98.11644, 21.24547 ], [ -98.09892, 21.25233 ], [ -98.10049, 21.25801 ], [ -98.09108, 21.27396 ], [ -98.06585, 21.27464 ], [ -98.0678, 21.28492 ], [ -98.06346, 21.29049 ], [ -98.07004, 21.31324 ], [ -98.06151, 21.32166 ], [ -98.06064, 21.32916 ], [ -98.066, 21.33112 ], [ -98.07094, 21.33813 ], [ -98.06696, 21.34504 ], [ -98.0664, 21.34235 ], [ -98.06292, 21.34503 ], [ -98.06505, 21.35008 ], [ -98.04902, 21.33907 ], [ -98.04083, 21.34182 ], [ -98.04201, 21.34715 ], [ -98.0366, 21.35059 ], [ -98.03987, 21.35314 ], [ -98.03669, 21.35715 ], [ -98.03929, 21.36018 ], [ -98.03727, 21.36559 ], [ -98.04092, 21.36957 ], [ -98.03804, 21.37393 ], [ -98.04209, 21.37902 ], [ -98.03782, 21.38801 ], [ -98.04199, 21.39203 ], [ -98.0397, 21.39538 ], [ -98.04522, 21.39727 ], [ -98.04053, 21.39828 ], [ -98.04404, 21.4003 ], [ -98.04239, 21.40461 ], [ -98.04524, 21.40276 ], [ -98.04971, 21.40609 ], [ -98.04436, 21.40804 ], [ -98.04924, 21.41732 ], [ -98.05668, 21.42016 ], [ -98.05484, 21.42706 ], [ -98.0577, 21.42604 ], [ -98.06073, 21.43194 ], [ -98.0634, 21.43102 ], [ -98.06298, 21.44022 ], [ -98.06595, 21.4415 ], [ -98.06196, 21.44863 ], [ -98.06894, 21.45258 ], [ -98.06247, 21.46496 ], [ -98.05617, 21.46631 ], [ -98.05403, 21.47677 ], [ -98.04914, 21.47961 ], [ -98.04852, 21.48331 ], [ -98.05165, 21.48437 ], [ -98.0494, 21.48733 ], [ -98.04282, 21.48551 ], [ -98.04006, 21.48995 ], [ -98.03269, 21.48679 ], [ -98.02773, 21.49451 ], [ -98.02413, 21.49482 ], [ -98.02766, 21.50256 ], [ -98.02169, 21.51178 ], [ -98.02641, 21.51588 ], [ -98.02185, 21.51678 ], [ -98.02123, 21.53696 ], [ -98.02824, 21.54 ], [ -98.02476, 21.5458 ], [ -98.02689, 21.55439 ], [ -98.03688, 21.55756 ], [ -98.02876, 21.56544 ], [ -98.0294, 21.57293 ], [ -98.02733, 21.5712 ], [ -98.02129, 21.57435 ], [ -98.01768, 21.58184 ], [ -98.01286, 21.58103 ], [ -98.00958, 21.57588 ], [ -98.00319, 21.58053 ], [ -97.99752, 21.59437 ], [ -97.98896, 21.60121 ], [ -97.98669, 21.60996 ], [ -97.9876, 21.61696 ], [ -97.99594, 21.62495 ], [ -98.00562, 21.62648 ], [ -98.01125, 21.63773 ], [ -98.0196, 21.64086 ], [ -98.03073, 21.63992 ], [ -98.03028, 21.64736 ], [ -98.03294, 21.64988 ], [ -98.02977, 21.65594 ], [ -98.03523, 21.65384 ], [ -98.03698, 21.65811 ], [ -98.0444, 21.65956 ], [ -98.04515, 21.66445 ], [ -98.04261, 21.66911 ], [ -98.03316, 21.66818 ], [ -98.01252, 21.65976 ], [ -98.00763, 21.66461 ], [ -98.00133, 21.66181 ], [ -97.99622, 21.66611 ], [ -97.99066, 21.658 ], [ -97.99087, 21.64782 ], [ -97.98665, 21.64229 ], [ -97.98562, 21.6339 ], [ -97.98914, 21.63307 ], [ -97.99133, 21.62752 ], [ -97.98855, 21.62717 ], [ -97.9901, 21.62463 ], [ -97.98697, 21.61962 ], [ -97.97634, 21.61656 ], [ -97.98268, 21.60375 ], [ -97.97403, 21.60346 ], [ -97.97407, 21.59804 ], [ -97.96885, 21.59525 ], [ -97.97246, 21.59086 ], [ -97.97002, 21.58797 ], [ -97.97747, 21.58288 ], [ -97.97259, 21.58045 ], [ -97.97715, 21.5675 ], [ -97.97454, 21.56196 ], [ -97.98228, 21.55427 ], [ -97.9803, 21.53195 ], [ -97.98369, 21.52429 ], [ -97.97882, 21.51886 ], [ -97.97822, 21.50868 ], [ -97.9922, 21.48046 ], [ -97.98812, 21.47692 ], [ -97.9884, 21.46555 ], [ -97.97708, 21.45518 ], [ -97.97504, 21.45003 ], [ -97.97731, 21.44754 ], [ -97.96983, 21.43893 ], [ -97.97088, 21.4337 ], [ -97.96352, 21.42645 ], [ -97.97013, 21.41626 ], [ -97.96602, 21.40634 ], [ -97.96001, 21.40772 ], [ -97.95363, 21.40203 ], [ -97.95696, 21.41462 ], [ -97.93212, 21.4276 ], [ -97.92933, 21.41563 ], [ -97.91047, 21.38854 ], [ -97.89714, 21.37637 ], [ -97.89154, 21.37884 ], [ -97.88918, 21.38516 ], [ -97.89353, 21.40337 ], [ -97.89016, 21.40785 ], [ -97.86475, 21.38653 ], [ -97.86244, 21.37972 ], [ -97.85767, 21.38307 ], [ -97.85182, 21.3785 ], [ -97.85099, 21.3728 ], [ -97.86204, 21.35962 ], [ -97.86421, 21.34827 ], [ -97.85797, 21.31818 ], [ -97.84353, 21.30872 ], [ -97.84429, 21.29751 ], [ -97.83815, 21.29701 ], [ -97.83894, 21.30211 ], [ -97.83452, 21.29923 ], [ -97.8334, 21.3038 ], [ -97.82735, 21.30756 ], [ -97.82991, 21.31283 ], [ -97.81603, 21.31305 ], [ -97.8105, 21.32097 ], [ -97.79824, 21.32429 ], [ -97.79219, 21.33121 ], [ -97.78463, 21.33395 ], [ -97.77796, 21.32994 ], [ -97.77444, 21.33103 ], [ -97.74614, 21.28069 ], [ -97.74912, 21.27981 ], [ -97.74498, 21.26739 ], [ -97.72594, 21.26437 ], [ -97.71583, 21.25312 ], [ -97.7067, 21.26114 ], [ -97.71019, 21.26464 ], [ -97.71837, 21.26445 ], [ -97.71537, 21.26893 ], [ -97.6896, 21.265 ], [ -97.68689, 21.26663 ], [ -97.6895, 21.26823 ], [ -97.68751, 21.27083 ], [ -97.67712, 21.26797 ], [ -97.66977, 21.28812 ], [ -97.67681, 21.28305 ], [ -97.68556, 21.29119 ], [ -97.68054, 21.29958 ], [ -97.67082, 21.306 ], [ -97.67254, 21.3017 ], [ -97.66835, 21.29985 ], [ -97.6577, 21.28007 ], [ -97.65888, 21.27458 ], [ -97.6645, 21.27288 ], [ -97.66476, 21.25799 ], [ -97.67939, 21.2567 ], [ -97.68015, 21.25895 ], [ -97.69664, 21.25346 ], [ -97.70556, 21.23458 ], [ -97.69181, 21.22059 ], [ -97.69768, 21.21959 ], [ -97.70019, 21.21113 ], [ -97.71243, 21.20535 ], [ -97.71224, 21.19645 ], [ -97.69978, 21.18962 ], [ -97.69902, 21.19634 ], [ -97.69726, 21.19385 ], [ -97.68523, 21.19868 ], [ -97.68344, 21.19269 ], [ -97.6718, 21.18838 ], [ -97.67001, 21.19144 ], [ -97.65177, 21.18476 ], [ -97.63705, 21.1837 ], [ -97.62969, 21.1698 ], [ -97.62997, 21.15885 ], [ -97.62051, 21.15684 ], [ -97.61464, 21.149 ], [ -97.6091, 21.15267 ], [ -97.61071, 21.13929 ], [ -97.59874, 21.13662 ], [ -97.59384, 21.13861 ], [ -97.588, 21.12361 ], [ -97.56782, 21.10514 ], [ -97.56397, 21.10771 ], [ -97.55662, 21.10538 ], [ -97.55468, 21.11318 ], [ -97.53764, 21.12461 ], [ -97.53065, 21.12063 ], [ -97.51267, 21.12235 ], [ -97.50409, 21.12496 ], [ -97.49989, 21.12989 ], [ -97.4953, 21.1272 ], [ -97.4966, 21.13221 ], [ -97.48618, 21.1375 ], [ -97.46839, 21.13943 ], [ -97.45119, 21.13657 ], [ -97.44825, 21.12834 ], [ -97.43501, 21.1257 ], [ -97.43263, 21.11587 ], [ -97.41538, 21.11491 ], [ -97.41374, 21.1125 ], [ -97.41775, 21.10851 ], [ -97.41557, 21.10721 ], [ -97.40946, 21.11309 ], [ -97.40853, 21.12076 ], [ -97.40035, 21.12438 ], [ -97.40133, 21.13124 ], [ -97.38673, 21.13243 ], [ -97.38279, 21.11668 ], [ -97.37182, 21.107 ], [ -97.36834, 21.09659 ], [ -97.36502, 21.09763 ], [ -97.33694, 21.03163 ], [ -97.32937, 21.01784 ], [ -97.32547, 21.01716 ], [ -97.32834, 21.01601 ], [ -97.32823, 21.01168 ], [ -97.32257, 20.99812 ], [ -97.30634, 20.97243 ], [ -97.30165, 20.97407 ], [ -97.30616, 20.97158 ], [ -97.30497, 20.96784 ], [ -97.30154, 20.97013 ], [ -97.30566, 20.96721 ], [ -97.3045, 20.96315 ], [ -97.27933, 20.91097 ], [ -97.25591, 20.86905 ], [ -97.22839, 20.83028 ], [ -97.21809, 20.79592 ], [ -97.22729, 20.7933 ], [ -97.22425, 20.78972 ], [ -97.23597, 20.78509 ], [ -97.23565, 20.77967 ], [ -97.2562, 20.77798 ], [ -97.26167, 20.78191 ], [ -97.26009, 20.78621 ], [ -97.26428, 20.78736 ], [ -97.263, 20.79034 ], [ -97.26768, 20.79469 ], [ -97.26982, 20.79219 ], [ -97.26678, 20.79729 ], [ -97.26903, 20.79863 ], [ -97.30416, 20.80199 ], [ -97.30677, 20.79901 ], [ -97.30285, 20.79883 ], [ -97.30387, 20.79407 ], [ -97.30701, 20.79639 ], [ -97.3112, 20.79338 ], [ -97.31645, 20.79706 ], [ -97.31549, 20.78878 ], [ -97.32005, 20.78667 ], [ -97.31675, 20.7804 ], [ -97.32482, 20.77644 ], [ -97.32318, 20.77323 ], [ -97.32835, 20.77085 ], [ -97.32668, 20.76762 ], [ -97.33697, 20.7628 ], [ -97.33679, 20.7542 ], [ -97.34523, 20.74391 ], [ -97.34544, 20.7395 ], [ -97.35346, 20.74247 ], [ -97.36062, 20.73999 ], [ -97.35737, 20.7311 ], [ -97.39039, 20.73773 ], [ -97.40749, 20.72801 ], [ -97.40862, 20.73923 ], [ -97.41464, 20.74149 ], [ -97.41881, 20.73597 ], [ -97.42374, 20.73873 ], [ -97.42132, 20.74193 ], [ -97.43013, 20.7412 ], [ -97.4295, 20.74513 ], [ -97.43771, 20.75081 ], [ -97.44244, 20.74524 ], [ -97.45887, 20.75988 ], [ -97.46442, 20.75576 ], [ -97.468, 20.75878 ], [ -97.45957, 20.77104 ], [ -97.46056, 20.77502 ], [ -97.46712, 20.77569 ], [ -97.4708, 20.78456 ], [ -97.47613, 20.78691 ], [ -97.47383, 20.79108 ], [ -97.47983, 20.7988 ], [ -97.47793, 20.80648 ], [ -97.48149, 20.80901 ], [ -97.47886, 20.81944 ], [ -97.49762, 20.81962 ], [ -97.4951, 20.83188 ], [ -97.48852, 20.83399 ], [ -97.48114, 20.82898 ], [ -97.4842, 20.8341 ], [ -97.47893, 20.8416 ], [ -97.46391, 20.82871 ], [ -97.45832, 20.8321 ], [ -97.45706, 20.84783 ], [ -97.46446, 20.85226 ], [ -97.46456, 20.85738 ], [ -97.47317, 20.85153 ], [ -97.46996, 20.86266 ], [ -97.49123, 20.86745 ], [ -97.49132, 20.8489 ], [ -97.49742, 20.8397 ], [ -97.5069, 20.8465 ], [ -97.50642, 20.85007 ], [ -97.51381, 20.85935 ], [ -97.51419, 20.854 ], [ -97.51866, 20.85946 ], [ -97.52225, 20.85423 ], [ -97.5279, 20.85786 ], [ -97.52951, 20.84656 ], [ -97.51948, 20.83766 ], [ -97.53034, 20.82333 ], [ -97.54166, 20.82223 ], [ -97.54241, 20.81827 ], [ -97.55763, 20.8208 ], [ -97.55932, 20.82677 ], [ -97.56455, 20.81839 ], [ -97.56849, 20.81759 ], [ -97.56941, 20.82081 ], [ -97.57169, 20.81874 ], [ -97.57355, 20.81279 ], [ -97.58237, 20.81479 ], [ -97.58822, 20.81135 ], [ -97.58576, 20.80198 ], [ -97.57485, 20.79617 ], [ -97.58044, 20.79252 ], [ -97.57879, 20.78849 ], [ -97.5859, 20.77388 ], [ -97.58265, 20.77213 ], [ -97.58814, 20.76368 ], [ -97.58602, 20.75594 ], [ -97.59117, 20.75315 ], [ -97.59184, 20.74506 ], [ -97.60434, 20.74745 ], [ -97.60169, 20.74132 ], [ -97.59668, 20.74057 ], [ -97.60168, 20.7284 ], [ -97.59871, 20.71952 ], [ -97.60231, 20.71552 ], [ -97.59994, 20.70529 ], [ -97.60611, 20.70348 ], [ -97.59948, 20.69755 ], [ -97.60956, 20.69591 ], [ -97.61041, 20.69074 ], [ -97.61679, 20.69199 ], [ -97.6176, 20.68742 ], [ -97.61085, 20.68806 ], [ -97.61233, 20.67833 ], [ -97.60617, 20.67069 ], [ -97.61278, 20.67053 ], [ -97.61646, 20.66701 ], [ -97.62589, 20.66945 ], [ -97.62409, 20.66623 ], [ -97.6318, 20.66227 ], [ -97.63193, 20.65605 ], [ -97.63753, 20.65886 ], [ -97.64324, 20.6555 ], [ -97.64616, 20.65784 ], [ -97.65377, 20.65664 ], [ -97.65344, 20.65411 ], [ -97.66143, 20.6582 ], [ -97.66258, 20.65228 ], [ -97.65903, 20.6483 ], [ -97.66552, 20.64796 ], [ -97.66529, 20.64135 ], [ -97.65765, 20.64127 ], [ -97.65842, 20.63793 ], [ -97.66624, 20.63965 ], [ -97.68194, 20.63695 ], [ -97.68183, 20.6398 ], [ -97.69092, 20.63986 ], [ -97.69318, 20.64287 ], [ -97.7023, 20.64111 ], [ -97.70483, 20.62957 ], [ -97.7145, 20.63686 ], [ -97.7312, 20.63779 ], [ -97.73733, 20.64643 ], [ -97.74951, 20.64332 ], [ -97.7521, 20.65767 ], [ -97.74922, 20.65965 ], [ -97.74534, 20.65718 ], [ -97.73808, 20.66303 ], [ -97.74062, 20.67404 ], [ -97.73707, 20.67966 ], [ -97.74073, 20.68185 ], [ -97.7407, 20.68973 ], [ -97.74826, 20.68631 ], [ -97.75653, 20.68901 ], [ -97.75754, 20.69347 ], [ -97.75064, 20.70733 ], [ -97.75017, 20.72407 ], [ -97.75297, 20.73237 ], [ -97.72846, 20.74127 ], [ -97.72282, 20.74999 ], [ -97.72635, 20.75998 ], [ -97.71896, 20.76295 ], [ -97.72664, 20.76733 ], [ -97.72651, 20.77116 ], [ -97.72089, 20.77041 ], [ -97.71918, 20.7755 ], [ -97.72091, 20.77873 ], [ -97.72516, 20.77771 ], [ -97.72806, 20.78496 ], [ -97.72307, 20.78643 ], [ -97.72598, 20.79165 ], [ -97.71314, 20.79983 ], [ -97.70135, 20.7936 ], [ -97.69465, 20.79653 ], [ -97.69518, 20.80004 ], [ -97.73891, 20.80153 ], [ -97.74821, 20.80901 ], [ -97.75035, 20.81479 ], [ -97.7631, 20.81886 ], [ -97.773, 20.8272 ], [ -97.77388, 20.82301 ], [ -97.77704, 20.82433 ], [ -97.7904, 20.81683 ], [ -97.79718, 20.82116 ], [ -97.81377, 20.82007 ], [ -97.82405, 20.80981 ], [ -97.8307, 20.808 ], [ -97.83093, 20.81268 ], [ -97.85012, 20.81692 ], [ -97.84308, 20.82445 ], [ -97.84355, 20.83138 ], [ -97.83892, 20.8365 ], [ -97.84109, 20.83931 ], [ -97.84535, 20.83977 ], [ -97.85287, 20.83287 ], [ -97.86174, 20.83537 ], [ -97.87077, 20.83134 ], [ -97.87912, 20.83428 ], [ -97.90367, 20.775 ], [ -97.92245, 20.71652 ], [ -97.89743, 20.70321 ], [ -97.90627, 20.69071 ], [ -97.91408, 20.68862 ], [ -97.91783, 20.67124 ], [ -97.91333, 20.67197 ], [ -97.90877, 20.66716 ], [ -97.91184, 20.65352 ], [ -97.90808, 20.64509 ], [ -97.90158, 20.64074 ], [ -97.89515, 20.6227 ], [ -97.90876, 20.60813 ], [ -97.9057, 20.60128 ], [ -97.91088, 20.59353 ], [ -97.90969, 20.58638 ], [ -97.91478, 20.5865 ], [ -97.9278, 20.5715 ], [ -97.93498, 20.56759 ], [ -97.93742, 20.56917 ], [ -97.94311, 20.56261 ], [ -97.98082, 20.54071 ], [ -97.98153, 20.52568 ], [ -97.97263, 20.5232 ], [ -97.97933, 20.51493 ], [ -97.99876, 20.5252 ], [ -98.00348, 20.52284 ], [ -98.01727, 20.52599 ], [ -98.01826, 20.52879 ], [ -98.00831, 20.53269 ], [ -98.02873, 20.58971 ], [ -98.01771, 20.6017 ], [ -98.02101, 20.62678 ], [ -98.02939, 20.63212 ], [ -98.03998, 20.63193 ], [ -98.06678, 20.67387 ], [ -98.07184, 20.67718 ], [ -98.07678, 20.6738 ], [ -98.07033, 20.66845 ], [ -98.07196, 20.65772 ], [ -98.08271, 20.64221 ], [ -98.08061, 20.63351 ], [ -98.08546, 20.62976 ], [ -98.08718, 20.62288 ], [ -98.09821, 20.62437 ], [ -98.10059, 20.61388 ], [ -98.11179, 20.61594 ], [ -98.10805, 20.61139 ], [ -98.11498, 20.6001 ], [ -98.12691, 20.59727 ], [ -98.11872, 20.59413 ], [ -98.12373, 20.59212 ], [ -98.12164, 20.58609 ], [ -98.13019, 20.59093 ], [ -98.13043, 20.58445 ], [ -98.13539, 20.58192 ], [ -98.14774, 20.56266 ], [ -98.15372, 20.56522 ], [ -98.15218, 20.55452 ], [ -98.15815, 20.55026 ], [ -98.15804, 20.54256 ], [ -98.16445, 20.54119 ], [ -98.17289, 20.52972 ], [ -98.18562, 20.52757 ], [ -98.18834, 20.52322 ], [ -98.20396, 20.52786 ], [ -98.21037, 20.52606 ], [ -98.2116, 20.5287 ], [ -98.21944, 20.52301 ], [ -98.22619, 20.52219 ], [ -98.23248, 20.51424 ], [ -98.23032, 20.51054 ], [ -98.2404, 20.50094 ], [ -98.24603, 20.5043 ], [ -98.24729, 20.5012 ], [ -98.25577, 20.49994 ], [ -98.27104, 20.48192 ] ] ] } },
{ "type": "Feature", "properties": { "name": "Totonaca", "color": "#F97316" }, "geometry": { "type": "Polygon", "coordinates": [ [ [ -97.49458, 20.14555 ], [ -97.49976, 20.14303 ], [ -97.49472, 20.13785 ], [ -97.49832, 20.13349 ], [ -97.50896, 20.13068 ], [ -97.5113, 20.12501 ], [ -97.52183, 20.12197 ], [ -97.52739, 20.11488 ], [ -97.53959, 20.11601 ], [ -97.54313, 20.1057 ], [ -97.54816, 20.10119 ], [ -97.55295, 20.10093 ], [ -97.55764, 20.10718 ], [ -97.56345, 20.08998 ], [ -97.5613, 20.08602 ], [ -97.57085, 20.08192 ], [ -97.57687, 20.08463 ], [ -97.57893, 20.07943 ], [ -97.58603, 20.07933 ], [ -97.59356, 20.08473 ], [ -97.59571, 20.09689 ], [ -97.58788, 20.09766 ], [ -97.58424, 20.09476 ], [ -97.58029, 20.09669 ], [ -97.57865, 20.10252 ], [ -97.58208, 20.10904 ], [ -97.58741, 20.10859 ], [ -97.5875, 20.11235 ], [ -97.60274, 20.11931 ], [ -97.60506, 20.13172 ], [ -97.60098, 20.14129 ], [ -97.60532, 20.14183 ], [ -97.60838, 20.15164 ], [ -97.60449, 20.16687 ], [ -97.61639, 20.169 ], [ -97.63232, 20.18322 ], [ -97.63871, 20.18264 ], [ -97.63856, 20.17655 ], [ -97.64439, 20.17801 ], [ -97.64559, 20.1687 ], [ -97.65303, 20.16343 ], [ -97.65715, 20.16863 ], [ -97.66311, 20.16949 ], [ -97.68058, 20.16515 ], [ -97.69147, 20.1675 ], [ -97.69872, 20.18238 ], [ -97.70756, 20.18158 ], [ -97.72023, 20.18917 ], [ -97.72487, 20.18901 ], [ -97.72504, 20.18316 ], [ -97.73146, 20.18135 ], [ -97.73622, 20.18991 ], [ -97.74147, 20.19241 ], [ -97.7386, 20.2021 ], [ -97.7307, 20.2052 ], [ -97.73295, 20.22751 ], [ -97.7373, 20.22816 ], [ -97.73511, 20.24239 ], [ -97.739, 20.25321 ], [ -97.74752, 20.25947 ], [ -97.74739, 20.26321 ], [ -97.75124, 20.26012 ], [ -97.7573, 20.27908 ], [ -97.75083, 20.27965 ], [ -97.74725, 20.27551 ], [ -97.74089, 20.27457 ], [ -97.72412, 20.28362 ], [ -97.70841, 20.28529 ], [ -97.70481, 20.30298 ], [ -97.69504, 20.30044 ], [ -97.68812, 20.30351 ], [ -97.68184, 20.30216 ], [ -97.67704, 20.30584 ], [ -97.67764, 20.31361 ], [ -97.68192, 20.31303 ], [ -97.68485, 20.31888 ], [ -97.68999, 20.31937 ], [ -97.68407, 20.3215 ], [ -97.6842, 20.32566 ], [ -97.67313, 20.33661 ], [ -97.6769, 20.33919 ], [ -97.6744, 20.34724 ], [ -97.67934, 20.34992 ], [ -97.68999, 20.33756 ], [ -97.69009, 20.33361 ], [ -97.69462, 20.33516 ], [ -97.69655, 20.31989 ], [ -97.70069, 20.31992 ], [ -97.70251, 20.32554 ], [ -97.71275, 20.32896 ], [ -97.73474, 20.34787 ], [ -97.74288, 20.3512 ], [ -97.74313, 20.36102 ], [ -97.74567, 20.36235 ], [ -97.74375, 20.36874 ], [ -97.74804, 20.37413 ], [ -97.74374, 20.37572 ], [ -97.74445, 20.38011 ], [ -97.76564, 20.38123 ], [ -97.76259, 20.39787 ], [ -97.75719, 20.4001 ], [ -97.75584, 20.41296 ], [ -97.75095, 20.41456 ], [ -97.75044, 20.41987 ], [ -97.73483, 20.44188 ], [ -97.7346, 20.45131 ], [ -97.72874, 20.45732 ], [ -97.72311, 20.45753 ], [ -97.72079, 20.45354 ], [ -97.70882, 20.45485 ], [ -97.70768, 20.44813 ], [ -97.69956, 20.44336 ], [ -97.69772, 20.43251 ], [ -97.68003, 20.42534 ], [ -97.67305, 20.41886 ], [ -97.67208, 20.40853 ], [ -97.66509, 20.40839 ], [ -97.661, 20.41295 ], [ -97.64541, 20.40832 ], [ -97.63755, 20.41791 ], [ -97.63547, 20.43235 ], [ -97.64072, 20.44227 ], [ -97.63537, 20.45219 ], [ -97.62777, 20.45034 ], [ -97.62388, 20.45774 ], [ -97.61659, 20.45535 ], [ -97.60722, 20.46198 ], [ -97.60098, 20.46102 ], [ -97.59588, 20.46399 ], [ -97.58627, 20.47251 ], [ -97.57605, 20.4909 ], [ -97.56207, 20.49009 ], [ -97.55606, 20.48469 ], [ -97.54331, 20.48474 ], [ -97.54104, 20.48971 ], [ -97.55208, 20.50736 ], [ -97.55357, 20.50454 ], [ -97.55495, 20.5104 ], [ -97.57832, 20.53743 ], [ -97.57499, 20.54334 ], [ -97.58353, 20.5483 ], [ -97.58325, 20.55165 ], [ -97.58932, 20.55646 ], [ -97.58795, 20.56107 ], [ -97.58995, 20.55615 ], [ -97.61008, 20.56391 ], [ -97.62544, 20.56358 ], [ -97.62544, 20.55844 ], [ -97.63666, 20.55371 ], [ -97.63773, 20.55899 ], [ -97.6482, 20.56631 ], [ -97.65775, 20.55547 ], [ -97.65729, 20.54507 ], [ -97.67632, 20.55546 ], [ -97.68477, 20.55426 ], [ -97.68046, 20.56715 ], [ -97.68454, 20.56946 ], [ -97.68406, 20.57251 ], [ -97.7019, 20.57187 ], [ -97.69342, 20.60268 ], [ -97.70484, 20.60166 ], [ -97.70755, 20.60585 ], [ -97.71129, 20.60454 ], [ -97.71054, 20.60867 ], [ -97.71514, 20.61115 ], [ -97.71265, 20.62035 ], [ -97.70755, 20.62289 ], [ -97.708, 20.6264 ], [ -97.70492, 20.62513 ], [ -97.7023, 20.64111 ], [ -97.69318, 20.64287 ], [ -97.69092, 20.63986 ], [ -97.68183, 20.6398 ], [ -97.68194, 20.63695 ], [ -97.66624, 20.63965 ], [ -97.65842, 20.63793 ], [ -97.65765, 20.64127 ], [ -97.66529, 20.64135 ], [ -97.66552, 20.64796 ], [ -97.65903, 20.6483 ], [ -97.66258, 20.65228 ], [ -97.66143, 20.6582 ], [ -97.65344, 20.65411 ], [ -97.65377, 20.65664 ], [ -97.64616, 20.65784 ], [ -97.64324, 20.6555 ], [ -97.63753, 20.65886 ], [ -97.63193, 20.65605 ], [ -97.6318, 20.66227 ], [ -97.62409, 20.66623 ], [ -97.62589, 20.66945 ], [ -97.61646, 20.66701 ], [ -97.61278, 20.67053 ], [ -97.60617, 20.67069 ], [ -97.61233, 20.67833 ], [ -97.61085, 20.68806 ], [ -97.6176, 20.68742 ], [ -97.61679, 20.69199 ], [ -97.61041, 20.69074 ], [ -97.60956, 20.69591 ], [ -97.59948, 20.69755 ], [ -97.60611, 20.70348 ], [ -97.59994, 20.70529 ], [ -97.60231, 20.71552 ], [ -97.59871, 20.71952 ], [ -97.60168, 20.7284 ], [ -97.59668, 20.74057 ], [ -97.60169, 20.74132 ], [ -97.60434, 20.74745 ], [ -97.59184, 20.74506 ], [ -97.59117, 20.75315 ], [ -97.58602, 20.75594 ], [ -97.58814, 20.76368 ], [ -97.58265, 20.77213 ], [ -97.5859, 20.77388 ], [ -97.57879, 20.78849 ], [ -97.58044, 20.79252 ], [ -97.57485, 20.79617 ], [ -97.58576, 20.80198 ], [ -97.58804, 20.81167 ], [ -97.58237, 20.81479 ], [ -97.57355, 20.81279 ], [ -97.57169, 20.81874 ], [ -97.56941, 20.82081 ], [ -97.56849, 20.81759 ], [ -97.56455, 20.81839 ], [ -97.55932, 20.82677 ], [ -97.55763, 20.8208 ], [ -97.54241, 20.81827 ], [ -97.54166, 20.82223 ], [ -97.53034, 20.82333 ], [ -97.51948, 20.83766 ], [ -97.52951, 20.84656 ], [ -97.5279, 20.85786 ], [ -97.52225, 20.85423 ], [ -97.51866, 20.85946 ], [ -97.51419, 20.854 ], [ -97.51381, 20.85935 ], [ -97.50653, 20.84612 ], [ -97.49784, 20.83975 ], [ -97.4941, 20.8414 ], [ -97.49123, 20.86745 ], [ -97.46996, 20.86266 ], [ -97.47317, 20.85153 ], [ -97.46489, 20.85762 ], [ -97.46446, 20.85226 ], [ -97.45706, 20.84783 ], [ -97.4577, 20.83367 ], [ -97.46177, 20.82872 ], [ -97.47893, 20.8416 ], [ -97.4842, 20.8341 ], [ -97.48114, 20.82898 ], [ -97.48852, 20.83399 ], [ -97.4951, 20.83188 ], [ -97.49833, 20.82266 ], [ -97.49762, 20.81962 ], [ -97.47886, 20.81944 ], [ -97.48149, 20.80901 ], [ -97.47793, 20.80648 ], [ -97.47983, 20.7988 ], [ -97.47383, 20.79108 ], [ -97.47613, 20.78691 ], [ -97.4708, 20.78456 ], [ -97.46712, 20.77569 ], [ -97.46056, 20.77502 ], [ -97.45957, 20.77104 ], [ -97.468, 20.75878 ], [ -97.46442, 20.75576 ], [ -97.45887, 20.75988 ], [ -97.44244, 20.74524 ], [ -97.43771, 20.75081 ], [ -97.4295, 20.74513 ], [ -97.43013, 20.7412 ], [ -97.42132, 20.74193 ], [ -97.42374, 20.73873 ], [ -97.41881, 20.73597 ], [ -97.41464, 20.74149 ], [ -97.40862, 20.73923 ], [ -97.40749, 20.72801 ], [ -97.39039, 20.73773 ], [ -97.35737, 20.7311 ], [ -97.36062, 20.73999 ], [ -97.35346, 20.74247 ], [ -97.34544, 20.7395 ], [ -97.34523, 20.74391 ], [ -97.33679, 20.7542 ], [ -97.33697, 20.7628 ], [ -97.32668, 20.76762 ], [ -97.32835, 20.77085 ], [ -97.32318, 20.77323 ], [ -97.32482, 20.77644 ], [ -97.31675, 20.7804 ], [ -97.32005, 20.78667 ], [ -97.31549, 20.78878 ], [ -97.31645, 20.79706 ], [ -97.3112, 20.79338 ], [ -97.30701, 20.79639 ], [ -97.30387, 20.79407 ], [ -97.30285, 20.79883 ], [ -97.30677, 20.79901 ], [ -97.30416, 20.80199 ], [ -97.26903, 20.79863 ], [ -97.26678, 20.79729 ], [ -97.26982, 20.79219 ], [ -97.26768, 20.79469 ], [ -97.263, 20.79034 ], [ -97.26428, 20.78736 ], [ -97.26009, 20.78621 ], [ -97.26167, 20.78191 ], [ -97.2562, 20.77798 ], [ -97.23565, 20.77967 ], [ -97.23597, 20.78509 ], [ -97.22425, 20.78972 ], [ -97.22729, 20.7933 ], [ -97.21809, 20.79592 ], [ -97.20517, 20.77613 ], [ -97.20389, 20.75837 ], [ -97.19383, 20.73968 ], [ -97.20129, 20.72631 ], [ -97.19588, 20.72029 ], [ -97.19432, 20.70033 ], [ -97.17559, 20.65867 ], [ -97.14461, 20.61429 ], [ -97.05748, 20.52374 ], [ -96.98573, 20.46382 ], [ -96.95508, 20.41738 ], [ -96.93027, 20.38872 ], [ -96.78448, 20.24351 ], [ -96.78822, 20.24126 ], [ -96.80368, 20.24725 ], [ -96.81963, 20.2379 ], [ -96.83359, 20.26307 ], [ -96.83767, 20.25834 ], [ -96.84355, 20.26089 ], [ -96.85466, 20.27877 ], [ -96.86106, 20.28015 ], [ -96.86772, 20.27726 ], [ -96.87274, 20.28 ], [ -96.87646, 20.27201 ], [ -96.88805, 20.27074 ], [ -96.89691, 20.27643 ], [ -96.90544, 20.28869 ], [ -96.91979, 20.29754 ], [ -96.92868, 20.29414 ], [ -96.93596, 20.29771 ], [ -96.94081, 20.29439 ], [ -96.94033, 20.28839 ], [ -96.94978, 20.28106 ], [ -96.95573, 20.28369 ], [ -96.96126, 20.27583 ], [ -96.97389, 20.27384 ], [ -96.97681, 20.28418 ], [ -96.97834, 20.2827 ], [ -96.98176, 20.2878 ], [ -96.99804, 20.29622 ], [ -97.00852, 20.28959 ], [ -97.00527, 20.28681 ], [ -97.00594, 20.27995 ], [ -97.01046, 20.27419 ], [ -97.01021, 20.2768 ], [ -97.01485, 20.27522 ], [ -97.01612, 20.27869 ], [ -97.02275, 20.27695 ], [ -97.02326, 20.28083 ], [ -97.04404, 20.2775 ], [ -97.04792, 20.27042 ], [ -97.04281, 20.26571 ], [ -97.04689, 20.2622 ], [ -97.06166, 20.25928 ], [ -97.06512, 20.26675 ], [ -97.07208, 20.26656 ], [ -97.07819, 20.27235 ], [ -97.08238, 20.26838 ], [ -97.08146, 20.27093 ], [ -97.08435, 20.26949 ], [ -97.08835, 20.2746 ], [ -97.09074, 20.27381 ], [ -97.08953, 20.27062 ], [ -97.09558, 20.2692 ], [ -97.09564, 20.26423 ], [ -97.10482, 20.25497 ], [ -97.11179, 20.2548 ], [ -97.12762, 20.24621 ], [ -97.12471, 20.24458 ], [ -97.12839, 20.24088 ], [ -97.12245, 20.23916 ], [ -97.12674, 20.23037 ], [ -97.13226, 20.22999 ], [ -97.13268, 20.22335 ], [ -97.12917, 20.22127 ], [ -97.13237, 20.21861 ], [ -97.12392, 20.21687 ], [ -97.12638, 20.21416 ], [ -97.1227, 20.212 ], [ -97.13069, 20.20673 ], [ -97.12878, 20.20219 ], [ -97.13579, 20.20144 ], [ -97.13947, 20.19536 ], [ -97.1378, 20.1896 ], [ -97.14123, 20.18669 ], [ -97.14689, 20.16228 ], [ -97.16101, 20.16072 ], [ -97.16441, 20.15183 ], [ -97.22851, 20.17262 ], [ -97.24239, 20.17448 ], [ -97.24404, 20.18228 ], [ -97.25055, 20.17808 ], [ -97.25962, 20.18055 ], [ -97.26193, 20.17755 ], [ -97.27054, 20.18752 ], [ -97.28319, 20.18111 ], [ -97.28528, 20.19073 ], [ -97.36551, 20.21575 ], [ -97.37352, 20.2236 ], [ -97.3778, 20.22309 ], [ -97.37421, 20.24301 ], [ -97.37824, 20.24926 ], [ -97.39573, 20.24321 ], [ -97.40817, 20.23209 ], [ -97.42081, 20.24242 ], [ -97.42888, 20.24384 ], [ -97.43594, 20.24046 ], [ -97.44528, 20.24616 ], [ -97.45956, 20.2331 ], [ -97.46429, 20.22423 ], [ -97.46284, 20.18389 ], [ -97.46744, 20.17858 ], [ -97.48548, 20.17332 ], [ -97.48761, 20.16488 ], [ -97.50395, 20.15606 ], [ -97.50553, 20.15252 ], [ -97.49458, 20.14555 ] ] ] } },
{ "type": "Feature", "properties": { "name": "Nautla", "color": "#FB923C" }, "geometry": { "type": "Polygon", "coordinates": [ [ [ -96.93229, 19.75516 ], [ -96.94408, 19.7618 ], [ -96.94695, 19.76836 ], [ -96.94941, 19.76472 ], [ -96.95655, 19.7634 ], [ -96.96317, 19.76996 ], [ -96.97217, 19.76931 ], [ -96.97223, 19.77301 ], [ -96.96712, 19.77713 ], [ -96.96859, 19.78392 ], [ -96.98449, 19.78285 ], [ -96.9883, 19.77886 ], [ -96.98947, 19.78306 ], [ -96.9941, 19.785 ], [ -96.99306, 19.79097 ], [ -96.99679, 19.80026 ], [ -96.98751, 19.79561 ], [ -96.97538, 19.79686 ], [ -96.97109, 19.80086 ], [ -96.97796, 19.80602 ], [ -96.964, 19.80739 ], [ -96.95996, 19.81484 ], [ -96.96454, 19.81842 ], [ -96.96494, 19.82415 ], [ -96.97475, 19.8238 ], [ -96.97558, 19.83213 ], [ -96.98244, 19.83336 ], [ -96.98684, 19.83071 ], [ -96.98858, 19.83283 ], [ -96.9748, 19.84099 ], [ -96.97447, 19.84495 ], [ -96.9586, 19.85465 ], [ -96.9558, 19.86254 ], [ -96.94994, 19.86449 ], [ -96.95583, 19.87699 ], [ -96.9563, 19.893 ], [ -96.97448, 19.88214 ], [ -96.98795, 19.88653 ], [ -96.99518, 19.88185 ], [ -97.00362, 19.88273 ], [ -97.00228, 19.87925 ], [ -97.00532, 19.87885 ], [ -97.00408, 19.87511 ], [ -97.00986, 19.86737 ], [ -97.00853, 19.85834 ], [ -97.01747, 19.8569 ], [ -97.03188, 19.86526 ], [ -97.0459, 19.85606 ], [ -97.05686, 19.85376 ], [ -97.05052, 19.84729 ], [ -97.05783, 19.8441 ], [ -97.06801, 19.8558 ], [ -97.07017, 19.85176 ], [ -97.07268, 19.85313 ], [ -97.07289, 19.84956 ], [ -97.08314, 19.84776 ], [ -97.08693, 19.85216 ], [ -97.09638, 19.85391 ], [ -97.10233, 19.85028 ], [ -97.10464, 19.84146 ], [ -97.11504, 19.8451 ], [ -97.11943, 19.83728 ], [ -97.12449, 19.83923 ], [ -97.12328, 19.83511 ], [ -97.13178, 19.82497 ], [ -97.13795, 19.82942 ], [ -97.13465, 19.82574 ], [ -97.13816, 19.81454 ], [ -97.15107, 19.80349 ], [ -97.15497, 19.80328 ], [ -97.16267, 19.79291 ], [ -97.16635, 19.79122 ], [ -97.17207, 19.79449 ], [ -97.1853, 19.78695 ], [ -97.18732, 19.78303 ], [ -97.18179, 19.77919 ], [ -97.18271, 19.77429 ], [ -97.18027, 19.77263 ], [ -97.18882, 19.75686 ], [ -97.19919, 19.76244 ], [ -97.20879, 19.7818 ], [ -97.22921, 19.77274 ], [ -97.23345, 19.77841 ], [ -97.2503, 19.77871 ], [ -97.24929, 19.78586 ], [ -97.25572, 19.78253 ], [ -97.26056, 19.78809 ], [ -97.24788, 19.79433 ], [ -97.26053, 19.79727 ], [ -97.25111, 19.79916 ], [ -97.24397, 19.8061 ], [ -97.2361, 19.82947 ], [ -97.24052, 19.82799 ], [ -97.24594, 19.83676 ], [ -97.2557, 19.8397 ], [ -97.24812, 19.85031 ], [ -97.24619, 19.86169 ], [ -97.25002, 19.86607 ], [ -97.24646, 19.87417 ], [ -97.25171, 19.88275 ], [ -97.25127, 19.88814 ], [ -97.24345, 19.90222 ], [ -97.23633, 19.90831 ], [ -97.22468, 19.90756 ], [ -97.22537, 19.9186 ], [ -97.22278, 19.92262 ], [ -97.2289, 19.92272 ], [ -97.23064, 19.93091 ], [ -97.23705, 19.93639 ], [ -97.24064, 19.93419 ], [ -97.24412, 19.93742 ], [ -97.25879, 19.93311 ], [ -97.26357, 19.94441 ], [ -97.26925, 19.94703 ], [ -97.26873, 19.9592 ], [ -97.26067, 19.97725 ], [ -97.25279, 19.98371 ], [ -97.23817, 19.98871 ], [ -97.23469, 19.99673 ], [ -97.22529, 20.00205 ], [ -97.2251, 20.00946 ], [ -97.20693, 20.01467 ], [ -97.20781, 20.0187 ], [ -97.20359, 20.02532 ], [ -97.2111, 20.04255 ], [ -97.20709, 20.04693 ], [ -97.20615, 20.05635 ], [ -97.20152, 20.05806 ], [ -97.19543, 20.05434 ], [ -97.19426, 20.05872 ], [ -97.1855, 20.06234 ], [ -97.18091, 20.06849 ], [ -97.18204, 20.07275 ], [ -97.17557, 20.07667 ], [ -97.18364, 20.08004 ], [ -97.17403, 20.09217 ], [ -97.16783, 20.09567 ], [ -97.15774, 20.10973 ], [ -97.14183, 20.11851 ], [ -97.14163, 20.1225 ], [ -97.13358, 20.12385 ], [ -97.12241, 20.13672 ], [ -97.13781, 20.14012 ], [ -97.14378, 20.13638 ], [ -97.15136, 20.13754 ], [ -97.15199, 20.14613 ], [ -97.15752, 20.14966 ], [ -97.14494, 20.16647 ], [ -97.14123, 20.18669 ], [ -97.1378, 20.1896 ], [ -97.13947, 20.19536 ], [ -97.13579, 20.20144 ], [ -97.12878, 20.20219 ], [ -97.13069, 20.20673 ], [ -97.1285, 20.20987 ], [ -97.1242, 20.20904 ], [ -97.12216, 20.21345 ], [ -97.12603, 20.21369 ], [ -97.12392, 20.21687 ], [ -97.12599, 20.2181 ], [ -97.13237, 20.21861 ], [ -97.12917, 20.22127 ], [ -97.13268, 20.22335 ], [ -97.13226, 20.22999 ], [ -97.12674, 20.23037 ], [ -97.12245, 20.23916 ], [ -97.12839, 20.24088 ], [ -97.12471, 20.24458 ], [ -97.12762, 20.24621 ], [ -97.11179, 20.2548 ], [ -97.10482, 20.25497 ], [ -97.09564, 20.26423 ], [ -97.09558, 20.2692 ], [ -97.08862, 20.27166 ], [ -97.09074, 20.27381 ], [ -97.08643, 20.27435 ], [ -97.08435, 20.26949 ], [ -97.08146, 20.27093 ], [ -97.08238, 20.26838 ], [ -97.07819, 20.27235 ], [ -97.07208, 20.26656 ], [ -97.06512, 20.26675 ], [ -97.06166, 20.25928 ], [ -97.04689, 20.2622 ], [ -97.04281, 20.26571 ], [ -97.04792, 20.27042 ], [ -97.04404, 20.2775 ], [ -97.02326, 20.28083 ], [ -97.02275, 20.27695 ], [ -97.01612, 20.27869 ], [ -97.01485, 20.27522 ], [ -97.01021, 20.2768 ], [ -97.01046, 20.27419 ], [ -97.00594, 20.27995 ], [ -97.00527, 20.28681 ], [ -97.00852, 20.28959 ], [ -96.99804, 20.29622 ], [ -96.98176, 20.2878 ], [ -96.97834, 20.2827 ], [ -96.97681, 20.28418 ], [ -96.97389, 20.27384 ], [ -96.96126, 20.27583 ], [ -96.95573, 20.28369 ], [ -96.94978, 20.28106 ], [ -96.94033, 20.28839 ], [ -96.94081, 20.29439 ], [ -96.93596, 20.29771 ], [ -96.92868, 20.29414 ], [ -96.91979, 20.29754 ], [ -96.90544, 20.28869 ], [ -96.89691, 20.27643 ], [ -96.88805, 20.27074 ], [ -96.87646, 20.27201 ], [ -96.87274, 20.28 ], [ -96.86772, 20.27726 ], [ -96.86106, 20.28015 ], [ -96.85466, 20.27877 ], [ -96.84355, 20.26089 ], [ -96.83767, 20.25834 ], [ -96.83359, 20.26307 ], [ -96.81963, 20.2379 ], [ -96.80368, 20.24725 ], [ -96.78822, 20.24126 ], [ -96.78448, 20.24351 ], [ -96.77126, 20.22468 ], [ -96.71019, 20.16522 ], [ -96.69839, 20.14646 ], [ -96.57433, 20.00521 ], [ -96.57411, 19.9919 ], [ -96.56412, 19.97156 ], [ -96.52628, 19.92477 ], [ -96.53181, 19.9168 ], [ -96.53647, 19.91665 ], [ -96.52796, 19.91026 ], [ -96.52594, 19.90494 ], [ -96.53184, 19.90195 ], [ -96.52994, 19.89838 ], [ -96.53357, 19.89035 ], [ -96.54525, 19.87614 ], [ -96.53655, 19.86615 ], [ -96.54327, 19.85527 ], [ -96.54163, 19.84884 ], [ -96.54598, 19.84589 ], [ -96.54991, 19.8356 ], [ -96.55374, 19.83551 ], [ -96.56642, 19.82089 ], [ -96.5668, 19.80963 ], [ -96.57637, 19.80519 ], [ -96.5811, 19.79204 ], [ -96.59104, 19.78884 ], [ -96.59164, 19.78589 ], [ -96.61641, 19.78118 ], [ -96.62499, 19.78439 ], [ -96.62881, 19.77843 ], [ -96.63354, 19.77994 ], [ -96.63853, 19.77499 ], [ -96.64679, 19.77426 ], [ -96.65086, 19.75373 ], [ -96.67548, 19.74884 ], [ -96.68204, 19.74478 ], [ -96.69379, 19.75064 ], [ -96.69153, 19.75912 ], [ -96.7074, 19.75507 ], [ -96.70938, 19.76249 ], [ -96.71264, 19.76165 ], [ -96.71868, 19.76834 ], [ -96.72097, 19.78052 ], [ -96.73147, 19.78019 ], [ -96.72958, 19.78572 ], [ -96.74694, 19.78866 ], [ -96.7495, 19.79726 ], [ -96.7411, 19.80035 ], [ -96.73619, 19.81085 ], [ -96.74157, 19.81682 ], [ -96.74842, 19.80911 ], [ -96.75503, 19.79134 ], [ -96.76345, 19.79281 ], [ -96.76736, 19.78809 ], [ -96.77446, 19.78947 ], [ -96.78299, 19.79473 ], [ -96.78016, 19.79946 ], [ -96.7824, 19.80121 ], [ -96.78785, 19.79677 ], [ -96.79065, 19.78895 ], [ -96.79836, 19.78471 ], [ -96.80199, 19.79013 ], [ -96.79298, 19.80218 ], [ -96.79547, 19.80781 ], [ -96.80046, 19.80331 ], [ -96.80641, 19.80621 ], [ -96.81075, 19.79834 ], [ -96.82267, 19.7948 ], [ -96.82439, 19.80101 ], [ -96.83101, 19.80489 ], [ -96.83036, 19.81227 ], [ -96.83346, 19.817 ], [ -96.84908, 19.81761 ], [ -96.84905, 19.80776 ], [ -96.83756, 19.78803 ], [ -96.84032, 19.77712 ], [ -96.84834, 19.77586 ], [ -96.85996, 19.7795 ], [ -96.86416, 19.77546 ], [ -96.86264, 19.7696 ], [ -96.86616, 19.76878 ], [ -96.8763, 19.77056 ], [ -96.87164, 19.77444 ], [ -96.87401, 19.77765 ], [ -96.88555, 19.77478 ], [ -96.89456, 19.7673 ], [ -96.89764, 19.7693 ], [ -96.93229, 19.75516 ] ] ] } },
{ "type": "Feature", "properties": { "name": "Capital", "color": "#10B981" }, "geometry": { "type": "Polygon", "coordinates": [ [ [ -96.89571, 19.336 ], [ -96.90195, 19.33485 ], [ -96.90746, 19.32803 ], [ -96.9194, 19.32182 ], [ -96.91828, 19.31821 ], [ -96.92446, 19.3129 ], [ -96.92372, 19.30957 ], [ -96.92976, 19.31107 ], [ -96.93505, 19.30585 ], [ -96.93911, 19.30887 ], [ -96.94425, 19.30017 ], [ -96.94765, 19.30006 ], [ -96.94679, 19.29685 ], [ -96.95186, 19.29866 ], [ -96.95104, 19.29585 ], [ -96.95904, 19.29333 ], [ -96.96047, 19.28884 ], [ -96.97146, 19.28981 ], [ -96.97458, 19.28313 ], [ -96.97522, 19.28675 ], [ -96.97914, 19.28434 ], [ -96.98425, 19.28723 ], [ -96.98571, 19.28005 ], [ -97.00046, 19.2908 ], [ -97.00346, 19.29638 ], [ -97.01082, 19.29631 ], [ -97.01476, 19.29008 ], [ -97.01936, 19.29687 ], [ -97.02464, 19.2943 ], [ -97.03099, 19.29733 ], [ -97.04551, 19.32128 ], [ -97.05569, 19.31197 ], [ -97.06751, 19.31523 ], [ -97.06789, 19.32136 ], [ -97.07118, 19.32152 ], [ -97.08277, 19.31056 ], [ -97.09143, 19.31099 ], [ -97.0957, 19.30521 ], [ -97.102, 19.30362 ], [ -97.10319, 19.30617 ], [ -97.11519, 19.30482 ], [ -97.12936, 19.3089 ], [ -97.13156, 19.31879 ], [ -97.13675, 19.3227 ], [ -97.14845, 19.32025 ], [ -97.161, 19.3275 ], [ -97.17021, 19.32902 ], [ -97.1888, 19.32137 ], [ -97.19034, 19.31571 ], [ -97.20027, 19.30926 ], [ -97.20084, 19.31629 ], [ -97.20495, 19.3182 ], [ -97.20799, 19.31519 ], [ -97.21561, 19.32332 ], [ -97.21353, 19.32708 ], [ -97.20663, 19.3268 ], [ -97.20472, 19.32996 ], [ -97.21009, 19.33788 ], [ -97.2067, 19.34899 ], [ -97.21021, 19.35944 ], [ -97.22387, 19.35696 ], [ -97.23109, 19.36271 ], [ -97.23194, 19.37006 ], [ -97.24802, 19.37868 ], [ -97.27197, 19.38281 ], [ -97.28497, 19.39164 ], [ -97.28715, 19.3893 ], [ -97.33775, 19.39253 ], [ -97.34862, 19.37849 ], [ -97.36045, 19.37603 ], [ -97.37411, 19.40539 ], [ -97.3941, 19.4073 ], [ -97.39736, 19.41906 ], [ -97.39241, 19.41785 ], [ -97.38993, 19.42892 ], [ -97.38154, 19.43237 ], [ -97.36746, 19.43203 ], [ -97.3639, 19.43499 ], [ -97.35728, 19.43238 ], [ -97.35476, 19.43591 ], [ -97.35215, 19.44195 ], [ -97.35461, 19.443 ], [ -97.35389, 19.44723 ], [ -97.34689, 19.451 ], [ -97.34826, 19.48463 ], [ -97.35208, 19.48472 ], [ -97.35573, 19.49291 ], [ -97.36075, 19.48849 ], [ -97.37067, 19.49499 ], [ -97.39492, 19.49242 ], [ -97.40456, 19.49587 ], [ -97.40586, 19.50081 ], [ -97.40088, 19.50691 ], [ -97.40212, 19.51542 ], [ -97.40752, 19.52187 ], [ -97.40547, 19.52545 ], [ -97.41213, 19.53592 ], [ -97.40959, 19.53733 ], [ -97.42075, 19.53982 ], [ -97.42237, 19.54406 ], [ -97.42665, 19.54168 ], [ -97.42688, 19.56916 ], [ -97.43059, 19.57617 ], [ -97.43032, 19.58613 ], [ -97.43428, 19.58885 ], [ -97.43174, 19.59962 ], [ -97.42802, 19.6017 ], [ -97.42805, 19.6159 ], [ -97.41643, 19.62797 ], [ -97.40505, 19.6202 ], [ -97.40275, 19.61534 ], [ -97.3925, 19.62637 ], [ -97.38497, 19.62794 ], [ -97.3828, 19.63533 ], [ -97.37669, 19.6348 ], [ -97.36586, 19.64828 ], [ -97.34736, 19.66338 ], [ -97.34116, 19.67575 ], [ -97.3264, 19.67892 ], [ -97.30393, 19.67116 ], [ -97.30742, 19.68454 ], [ -97.32469, 19.7071 ], [ -97.33114, 19.70757 ], [ -97.32827, 19.71178 ], [ -97.33314, 19.71678 ], [ -97.3222, 19.72239 ], [ -97.31378, 19.73514 ], [ -97.32194, 19.73478 ], [ -97.31884, 19.75071 ], [ -97.31967, 19.77385 ], [ -97.31312, 19.79047 ], [ -97.31348, 19.80222 ], [ -97.31667, 19.80774 ], [ -97.31669, 19.81783 ], [ -97.31355, 19.82179 ], [ -97.31516, 19.82748 ], [ -97.30825, 19.83444 ], [ -97.30957, 19.85579 ], [ -97.30456, 19.87069 ], [ -97.29993, 19.8815 ], [ -97.29047, 19.88681 ], [ -97.29471, 19.89527 ], [ -97.28906, 19.9036 ], [ -97.2867, 19.90144 ], [ -97.28627, 19.90516 ], [ -97.28168, 19.90694 ], [ -97.28097, 19.91235 ], [ -97.27299, 19.91761 ], [ -97.27138, 19.9153 ], [ -97.27012, 19.92074 ], [ -97.26316, 19.92249 ], [ -97.25423, 19.93432 ], [ -97.23705, 19.93639 ], [ -97.23064, 19.93091 ], [ -97.2289, 19.92272 ], [ -97.22278, 19.92262 ], [ -97.22537, 19.9186 ], [ -97.22468, 19.90756 ], [ -97.23633, 19.90831 ], [ -97.24345, 19.90222 ], [ -97.25127, 19.88814 ], [ -97.25171, 19.88275 ], [ -97.24646, 19.87417 ], [ -97.25002, 19.86607 ], [ -97.24619, 19.86169 ], [ -97.24812, 19.85031 ], [ -97.2557, 19.8397 ], [ -97.24594, 19.83676 ], [ -97.24052, 19.82799 ], [ -97.2361, 19.82947 ], [ -97.24397, 19.8061 ], [ -97.25111, 19.79916 ], [ -97.26053, 19.79727 ], [ -97.24788, 19.79433 ], [ -97.26056, 19.78809 ], [ -97.25572, 19.78253 ], [ -97.24929, 19.78586 ], [ -97.2503, 19.77871 ], [ -97.23345, 19.77841 ], [ -97.22921, 19.77274 ], [ -97.20879, 19.7818 ], [ -97.19919, 19.76244 ], [ -97.18939, 19.75668 ], [ -97.18027, 19.77263 ], [ -97.18271, 19.77429 ], [ -97.18179, 19.77919 ], [ -97.18732, 19.78303 ], [ -97.1853, 19.78695 ], [ -97.17207, 19.79449 ], [ -97.16635, 19.79122 ], [ -97.16267, 19.79291 ], [ -97.15497, 19.80328 ], [ -97.15107, 19.80349 ], [ -97.13816, 19.81454 ], [ -97.13465, 19.82574 ], [ -97.13795, 19.82942 ], [ -97.13178, 19.82497 ], [ -97.12328, 19.83511 ], [ -97.12449, 19.83923 ], [ -97.11943, 19.83728 ], [ -97.11504, 19.8451 ], [ -97.10464, 19.84146 ], [ -97.10233, 19.85028 ], [ -97.09638, 19.85391 ], [ -97.08693, 19.85216 ], [ -97.08314, 19.84776 ], [ -97.07289, 19.84956 ], [ -97.07268, 19.85313 ], [ -97.07017, 19.85176 ], [ -97.06801, 19.8558 ], [ -97.05783, 19.8441 ], [ -97.05052, 19.84729 ], [ -97.05686, 19.85376 ], [ -97.0459, 19.85606 ], [ -97.03188, 19.86526 ], [ -97.01747, 19.8569 ], [ -97.00853, 19.85834 ], [ -97.00986, 19.86737 ], [ -97.00408, 19.87511 ], [ -97.00532, 19.87885 ], [ -97.00228, 19.87925 ], [ -97.00362, 19.88273 ], [ -96.99518, 19.88185 ], [ -96.98795, 19.88653 ], [ -96.97448, 19.88214 ], [ -96.95766, 19.89287 ], [ -96.95499, 19.89171 ], [ -96.95565, 19.87624 ], [ -96.94994, 19.86449 ], [ -96.9558, 19.86254 ], [ -96.9586, 19.85465 ], [ -96.97447, 19.84495 ], [ -96.9748, 19.84099 ], [ -96.98858, 19.83283 ], [ -96.98684, 19.83071 ], [ -96.98244, 19.83336 ], [ -96.97558, 19.83213 ], [ -96.97475, 19.8238 ], [ -96.96494, 19.82415 ], [ -96.96454, 19.81842 ], [ -96.95996, 19.81484 ], [ -96.964, 19.80739 ], [ -96.97796, 19.80602 ], [ -96.97109, 19.80086 ], [ -96.97538, 19.79686 ], [ -96.98751, 19.79561 ], [ -96.99679, 19.80026 ], [ -96.99306, 19.79097 ], [ -96.99441, 19.78614 ], [ -96.9883, 19.77886 ], [ -96.98449, 19.78285 ], [ -96.96859, 19.78392 ], [ -96.96712, 19.77713 ], [ -96.97223, 19.77301 ], [ -96.97217, 19.76931 ], [ -96.96317, 19.76996 ], [ -96.95655, 19.7634 ], [ -96.94941, 19.76472 ], [ -96.94695, 19.76836 ], [ -96.94408, 19.7618 ], [ -96.93229, 19.75516 ], [ -96.90754, 19.76478 ], [ -96.90343, 19.76899 ], [ -96.89456, 19.7673 ], [ -96.88304, 19.77588 ], [ -96.87342, 19.77742 ], [ -96.87164, 19.77444 ], [ -96.8763, 19.77056 ], [ -96.86616, 19.76878 ], [ -96.86264, 19.7696 ], [ -96.86416, 19.77546 ], [ -96.85996, 19.7795 ], [ -96.84151, 19.7763 ], [ -96.83756, 19.78803 ], [ -96.84905, 19.80776 ], [ -96.84908, 19.81761 ], [ -96.83675, 19.81802 ], [ -96.83052, 19.81295 ], [ -96.83101, 19.80489 ], [ -96.82439, 19.80101 ], [ -96.82267, 19.7948 ], [ -96.81075, 19.79834 ], [ -96.80641, 19.80621 ], [ -96.80046, 19.80331 ], [ -96.79547, 19.80781 ], [ -96.79298, 19.80218 ], [ -96.80199, 19.79013 ], [ -96.79836, 19.78471 ], [ -96.79065, 19.78895 ], [ -96.78785, 19.79677 ], [ -96.7824, 19.80121 ], [ -96.78016, 19.79946 ], [ -96.78299, 19.79473 ], [ -96.77446, 19.78947 ], [ -96.76736, 19.78809 ], [ -96.76345, 19.79281 ], [ -96.75503, 19.79134 ], [ -96.74705, 19.81151 ], [ -96.73895, 19.8162 ], [ -96.73615, 19.81129 ], [ -96.73837, 19.80421 ], [ -96.74984, 19.79611 ], [ -96.74694, 19.78866 ], [ -96.72958, 19.78572 ], [ -96.73147, 19.78019 ], [ -96.72097, 19.78052 ], [ -96.71868, 19.76834 ], [ -96.71264, 19.76165 ], [ -96.70938, 19.76249 ], [ -96.7074, 19.75507 ], [ -96.69153, 19.75912 ], [ -96.69379, 19.75064 ], [ -96.68204, 19.74478 ], [ -96.67548, 19.74884 ], [ -96.65086, 19.75373 ], [ -96.64679, 19.77426 ], [ -96.63853, 19.77499 ], [ -96.63354, 19.77994 ], [ -96.62881, 19.77843 ], [ -96.62499, 19.78439 ], [ -96.61641, 19.78118 ], [ -96.59164, 19.78589 ], [ -96.59104, 19.78884 ], [ -96.5811, 19.79204 ], [ -96.57637, 19.80519 ], [ -96.5668, 19.80963 ], [ -96.56642, 19.82089 ], [ -96.55374, 19.83551 ], [ -96.54991, 19.8356 ], [ -96.54598, 19.84589 ], [ -96.54163, 19.84884 ], [ -96.54327, 19.85527 ], [ -96.53655, 19.86615 ], [ -96.54525, 19.87614 ], [ -96.53357, 19.89035 ], [ -96.52994, 19.89838 ], [ -96.53184, 19.90195 ], [ -96.52594, 19.90494 ], [ -96.52796, 19.91026 ], [ -96.53647, 19.91665 ], [ -96.53181, 19.9168 ], [ -96.52628, 19.92477 ], [ -96.48414, 19.87846 ], [ -96.46002, 19.86093 ], [ -96.44929, 19.84887 ], [ -96.44704, 19.83022 ], [ -96.43606, 19.80428 ], [ -96.42188, 19.78657 ], [ -96.42389, 19.77782 ], [ -96.41474, 19.75605 ], [ -96.40724, 19.74832 ], [ -96.40831, 19.73862 ], [ -96.40107, 19.72533 ], [ -96.40178, 19.7219 ], [ -96.39954, 19.71907 ], [ -96.39942, 19.71768 ], [ -96.40063, 19.71535 ], [ -96.39965, 19.71887 ], [ -96.40303, 19.72154 ], [ -96.40389, 19.71788 ], [ -96.40111, 19.71739 ], [ -96.40682, 19.70913 ], [ -96.40635, 19.69974 ], [ -96.39486, 19.67908 ], [ -96.39154, 19.67828 ], [ -96.39596, 19.67637 ], [ -96.39789, 19.67114 ], [ -96.39541, 19.64352 ], [ -96.37201, 19.60188 ], [ -96.37928, 19.59224 ], [ -96.37431, 19.56168 ], [ -96.3603, 19.53608 ], [ -96.33008, 19.49751 ], [ -96.33167, 19.49422 ], [ -96.35431, 19.48541 ], [ -96.35631, 19.47902 ], [ -96.36412, 19.48617 ], [ -96.37362, 19.48449 ], [ -96.374, 19.48092 ], [ -96.36727, 19.47887 ], [ -96.36884, 19.47419 ], [ -96.38351, 19.47046 ], [ -96.38333, 19.46552 ], [ -96.39183, 19.45695 ], [ -96.40067, 19.45908 ], [ -96.39842, 19.46369 ], [ -96.41368, 19.45584 ], [ -96.4308, 19.46104 ], [ -96.45046, 19.45847 ], [ -96.45763, 19.46179 ], [ -96.45771, 19.45819 ], [ -96.46464, 19.45294 ], [ -96.47478, 19.45217 ], [ -96.47703, 19.44245 ], [ -96.48874, 19.43171 ], [ -96.49442, 19.41941 ], [ -96.50361, 19.42041 ], [ -96.50842, 19.41659 ], [ -96.51369, 19.41723 ], [ -96.51674, 19.41062 ], [ -96.51274, 19.40611 ], [ -96.51436, 19.39949 ], [ -96.53073, 19.40324 ], [ -96.53655, 19.39492 ], [ -96.54067, 19.39756 ], [ -96.54381, 19.39088 ], [ -96.54299, 19.36939 ], [ -96.54735, 19.36503 ], [ -96.5638, 19.36045 ], [ -96.56145, 19.35997 ], [ -96.56312, 19.35648 ], [ -96.55955, 19.35564 ], [ -96.56315, 19.35141 ], [ -96.56255, 19.3406 ], [ -96.56023, 19.33984 ], [ -96.57115, 19.33603 ], [ -96.57644, 19.32548 ], [ -96.58674, 19.32649 ], [ -96.59346, 19.31949 ], [ -96.60061, 19.32393 ], [ -96.60245, 19.33291 ], [ -96.61317, 19.33624 ], [ -96.62732, 19.32562 ], [ -96.6286, 19.32055 ], [ -96.65741, 19.31585 ], [ -96.65821, 19.31113 ], [ -96.66487, 19.31454 ], [ -96.6707, 19.30584 ], [ -96.67683, 19.30359 ], [ -96.68665, 19.30937 ], [ -96.68988, 19.30499 ], [ -96.69282, 19.30552 ], [ -96.69945, 19.31586 ], [ -96.70292, 19.31177 ], [ -96.70148, 19.30426 ], [ -96.70714, 19.297 ], [ -96.70428, 19.29491 ], [ -96.70937, 19.28749 ], [ -96.70068, 19.27654 ], [ -96.70062, 19.27164 ], [ -96.69479, 19.27003 ], [ -96.69948, 19.26696 ], [ -96.7248, 19.26834 ], [ -96.72534, 19.28275 ], [ -96.73229, 19.28407 ], [ -96.73284, 19.28924 ], [ -96.73646, 19.28967 ], [ -96.74289, 19.29995 ], [ -96.74248, 19.31661 ], [ -96.7448, 19.31355 ], [ -96.76166, 19.31107 ], [ -96.76919, 19.30431 ], [ -96.77406, 19.30536 ], [ -96.77622, 19.30959 ], [ -96.77367, 19.32521 ], [ -96.76981, 19.32764 ], [ -96.7756, 19.33758 ], [ -96.79799, 19.3351 ], [ -96.79895, 19.34416 ], [ -96.80484, 19.34508 ], [ -96.80245, 19.35011 ], [ -96.80447, 19.35912 ], [ -96.81881, 19.36629 ], [ -96.8384, 19.36703 ], [ -96.84415, 19.37196 ], [ -96.84434, 19.36899 ], [ -96.85559, 19.3727 ], [ -96.8568, 19.36758 ], [ -96.8542, 19.36527 ], [ -96.85971, 19.36374 ], [ -96.86037, 19.36035 ], [ -96.8691, 19.35499 ], [ -96.87216, 19.35924 ], [ -96.87284, 19.35291 ], [ -96.87944, 19.35328 ], [ -96.88216, 19.34443 ], [ -96.89455, 19.34387 ], [ -96.89571, 19.336 ] ], [ [ -97.24738, 19.68779 ], [ -97.2467, 19.68715 ], [ -97.24721, 19.68777 ], [ -97.24738, 19.68779 ] ], [ [ -96.66677, 19.36332 ], [ -96.66558, 19.36331 ], [ -96.66622, 19.36332 ], [ -96.66677, 19.36332 ] ], [ [ -96.66677, 19.36117 ], [ -96.66555, 19.36242 ], [ -96.66556, 19.36331 ], [ -96.66677, 19.36117 ] ], [ [ -96.66376, 19.35839 ], [ -96.66361, 19.36092 ], [ -96.66373, 19.3601 ], [ -96.66376, 19.35839 ] ], [ [ -96.94126, 19.50877 ], [ -96.94124, 19.50897 ], [ -96.94129, 19.50939 ], [ -96.94135, 19.50941 ], [ -96.94126, 19.50877 ] ], [ [ -96.941, 19.50781 ], [ -96.94107, 19.508 ], [ -96.94112, 19.50815 ], [ -96.94096, 19.50754 ], [ -96.941, 19.50781 ] ], [ [ -96.94103, 19.50737 ], [ -96.94138, 19.50681 ], [ -96.94115, 19.50708 ], [ -96.94103, 19.50737 ] ], [ [ -96.94114, 19.50674 ], [ -96.94117, 19.50678 ], [ -96.94138, 19.50681 ], [ -96.94114, 19.50674 ] ], [ [ -96.93763, 19.49696 ], [ -96.93766, 19.49709 ], [ -96.9376, 19.49651 ], [ -96.93763, 19.49696 ] ], [ [ -96.91983, 19.48975 ], [ -96.92005, 19.48893 ], [ -96.91991, 19.48896 ], [ -96.91983, 19.48975 ] ], [ [ -96.87024, 19.50087 ], [ -96.8703, 19.50076 ], [ -96.87026, 19.50081 ], [ -96.87024, 19.50087 ] ], [ [ -96.86506, 19.50675 ], [ -96.86624, 19.50686 ], [ -96.86638, 19.50687 ], [ -96.86506, 19.50675 ] ], [ [ -96.86851, 19.50743 ], [ -96.86822, 19.50725 ], [ -96.86795, 19.50711 ], [ -96.86851, 19.50743 ] ], [ [ -96.8689, 19.5078 ], [ -96.86894, 19.50786 ], [ -96.86895, 19.50784 ], [ -96.8689, 19.5078 ] ] ] } },
{ "type": "Feature", "properties": { "name": "Grandes Montañas", "color": "#84CC16" }, "geometry": { "type": "Polygon", "coordinates": [ [ [ -97.1137, 18.53138 ], [ -97.14456, 18.57093 ], [ -97.14586, 18.58216 ], [ -97.14144, 18.59642 ], [ -97.14958, 18.59704 ], [ -97.16226, 18.60593 ], [ -97.17441, 18.60666 ], [ -97.17596, 18.61672 ], [ -97.18407, 18.61669 ], [ -97.19692, 18.62958 ], [ -97.21524, 18.62555 ], [ -97.22579, 18.63834 ], [ -97.23543, 18.64357 ], [ -97.24524, 18.64022 ], [ -97.25227, 18.62673 ], [ -97.25987, 18.62425 ], [ -97.27185, 18.62778 ], [ -97.27833, 18.63766 ], [ -97.28187, 18.65249 ], [ -97.29121, 18.65546 ], [ -97.29391, 18.66493 ], [ -97.29713, 18.6642 ], [ -97.29796, 18.66952 ], [ -97.3032, 18.67429 ], [ -97.30947, 18.67378 ], [ -97.3161, 18.6695 ], [ -97.31502, 18.66663 ], [ -97.32318, 18.66431 ], [ -97.3304, 18.67314 ], [ -97.32816, 18.67755 ], [ -97.33103, 18.68312 ], [ -97.33726, 18.67859 ], [ -97.34397, 18.68576 ], [ -97.34038, 18.69345 ], [ -97.34501, 18.6984 ], [ -97.3422, 18.7059 ], [ -97.35003, 18.71714 ], [ -97.34215, 18.72582 ], [ -97.34719, 18.72744 ], [ -97.33951, 18.74241 ], [ -97.34153, 18.74162 ], [ -97.34424, 18.74944 ], [ -97.34035, 18.75865 ], [ -97.33119, 18.76244 ], [ -97.33006, 18.76597 ], [ -97.33701, 18.76838 ], [ -97.34019, 18.7784 ], [ -97.35285, 18.77436 ], [ -97.35303, 18.79128 ], [ -97.34445, 18.80032 ], [ -97.33775, 18.79909 ], [ -97.33254, 18.8079 ], [ -97.32635, 18.81025 ], [ -97.32626, 18.81968 ], [ -97.32276, 18.81884 ], [ -97.32039, 18.82191 ], [ -97.32453, 18.83042 ], [ -97.32267, 18.83507 ], [ -97.30609, 18.84342 ], [ -97.30796, 18.84816 ], [ -97.30071, 18.85953 ], [ -97.29651, 18.86126 ], [ -97.29731, 18.86731 ], [ -97.27137, 18.89081 ], [ -97.26105, 18.89403 ], [ -97.2458, 18.8933 ], [ -97.24182, 18.90214 ], [ -97.24381, 18.91345 ], [ -97.25335, 18.92875 ], [ -97.25514, 18.95057 ], [ -97.2592, 18.96207 ], [ -97.25648, 18.97158 ], [ -97.25826, 18.97771 ], [ -97.28513, 18.99943 ], [ -97.26663, 19.03031 ], [ -97.26965, 19.06307 ], [ -97.26019, 19.09858 ], [ -97.23755, 19.10951 ], [ -97.22815, 19.12182 ], [ -97.22232, 19.12343 ], [ -97.21702, 19.1343 ], [ -97.21957, 19.13613 ], [ -97.20272, 19.14126 ], [ -97.1972, 19.14656 ], [ -97.20963, 19.15985 ], [ -97.19664, 19.16654 ], [ -97.19459, 19.17181 ], [ -97.18368, 19.16274 ], [ -97.18063, 19.16933 ], [ -97.17043, 19.16386 ], [ -97.15691, 19.16539 ], [ -97.15275, 19.16252 ], [ -97.14851, 19.16505 ], [ -97.13653, 19.16011 ], [ -97.13073, 19.16768 ], [ -97.11797, 19.16774 ], [ -97.11285, 19.16459 ], [ -97.10872, 19.16841 ], [ -97.09433, 19.16127 ], [ -97.08917, 19.16297 ], [ -97.0751, 19.15788 ], [ -97.06669, 19.15946 ], [ -97.06444, 19.15779 ], [ -97.06798, 19.14846 ], [ -97.0575, 19.14016 ], [ -97.05563, 19.134 ], [ -97.04584, 19.12803 ], [ -97.04201, 19.1286 ], [ -97.03446, 19.13767 ], [ -97.02705, 19.13324 ], [ -97.02943, 19.14294 ], [ -97.04214, 19.15139 ], [ -97.03868, 19.16182 ], [ -97.04304, 19.165 ], [ -97.04219, 19.17648 ], [ -97.05598, 19.19683 ], [ -97.05195, 19.20074 ], [ -97.0528, 19.20524 ], [ -97.03621, 19.21233 ], [ -97.03094, 19.21844 ], [ -97.02729, 19.21743 ], [ -97.01487, 19.23195 ], [ -97.00772, 19.23099 ], [ -97.00123, 19.23655 ], [ -97.0053, 19.24953 ], [ -97.00253, 19.25405 ], [ -97.00441, 19.2569 ], [ -96.99456, 19.26386 ], [ -96.99469, 19.27024 ], [ -96.98972, 19.27845 ], [ -96.98572, 19.2787 ], [ -96.98425, 19.28723 ], [ -96.97914, 19.28434 ], [ -96.97522, 19.28675 ], [ -96.97458, 19.28313 ], [ -96.97146, 19.28981 ], [ -96.96047, 19.28884 ], [ -96.95904, 19.29333 ], [ -96.95104, 19.29585 ], [ -96.95186, 19.29866 ], [ -96.94679, 19.29685 ], [ -96.94765, 19.30006 ], [ -96.94425, 19.30017 ], [ -96.93911, 19.30887 ], [ -96.93505, 19.30585 ], [ -96.92974, 19.31107 ], [ -96.92399, 19.30939 ], [ -96.92446, 19.3129 ], [ -96.91828, 19.31821 ], [ -96.9194, 19.32182 ], [ -96.90746, 19.32803 ], [ -96.90195, 19.33485 ], [ -96.89571, 19.336 ], [ -96.89492, 19.34417 ], [ -96.88216, 19.34443 ], [ -96.87944, 19.35328 ], [ -96.87284, 19.35291 ], [ -96.87216, 19.35924 ], [ -96.8691, 19.35499 ], [ -96.85902, 19.36427 ], [ -96.85469, 19.36464 ], [ -96.85559, 19.3727 ], [ -96.84434, 19.36899 ], [ -96.84415, 19.37196 ], [ -96.8384, 19.36703 ], [ -96.81881, 19.36629 ], [ -96.80447, 19.35912 ], [ -96.80245, 19.35011 ], [ -96.80484, 19.34508 ], [ -96.79895, 19.34416 ], [ -96.79741, 19.33475 ], [ -96.77619, 19.33837 ], [ -96.76981, 19.32764 ], [ -96.77367, 19.32521 ], [ -96.77622, 19.30959 ], [ -96.77406, 19.30536 ], [ -96.76919, 19.30431 ], [ -96.76166, 19.31107 ], [ -96.7448, 19.31355 ], [ -96.74248, 19.31661 ], [ -96.74289, 19.29995 ], [ -96.73646, 19.28967 ], [ -96.73284, 19.28924 ], [ -96.73229, 19.28407 ], [ -96.72534, 19.28275 ], [ -96.72335, 19.26777 ], [ -96.69963, 19.26695 ], [ -96.69477, 19.26997 ], [ -96.70062, 19.27164 ], [ -96.70068, 19.27654 ], [ -96.70937, 19.28749 ], [ -96.70428, 19.29491 ], [ -96.70714, 19.297 ], [ -96.70148, 19.30426 ], [ -96.70292, 19.31177 ], [ -96.69945, 19.31586 ], [ -96.69282, 19.30552 ], [ -96.68988, 19.30499 ], [ -96.68665, 19.30937 ], [ -96.67604, 19.30366 ], [ -96.6707, 19.30584 ], [ -96.66568, 19.31419 ], [ -96.65821, 19.31113 ], [ -96.65741, 19.31585 ], [ -96.6453, 19.31626 ], [ -96.63825, 19.32088 ], [ -96.63025, 19.31986 ], [ -96.6173, 19.33436 ], [ -96.60723, 19.33597 ], [ -96.60245, 19.33291 ], [ -96.60202, 19.32618 ], [ -96.59699, 19.32002 ], [ -96.60055, 19.32099 ], [ -96.60432, 19.30936 ], [ -96.61482, 19.30251 ], [ -96.60925, 19.29311 ], [ -96.61454, 19.29254 ], [ -96.63525, 19.27764 ], [ -96.65111, 19.2779 ], [ -96.65444, 19.27702 ], [ -96.65575, 19.27159 ], [ -96.66717, 19.2749 ], [ -96.67293, 19.26976 ], [ -96.68101, 19.26949 ], [ -96.68179, 19.26555 ], [ -96.69476, 19.25434 ], [ -96.70155, 19.25544 ], [ -96.7159, 19.24884 ], [ -96.72366, 19.24992 ], [ -96.76793, 19.22973 ], [ -96.76877, 19.23324 ], [ -96.77145, 19.23283 ], [ -96.77478, 19.22858 ], [ -96.80732, 19.21957 ], [ -96.80673, 19.20999 ], [ -96.81546, 19.20754 ], [ -96.81893, 19.20276 ], [ -96.78678, 19.20347 ], [ -96.77948, 19.19889 ], [ -96.76278, 19.19668 ], [ -96.75447, 19.19694 ], [ -96.74397, 19.20364 ], [ -96.7265, 19.20532 ], [ -96.7205, 19.20168 ], [ -96.69536, 19.20114 ], [ -96.70029, 19.19668 ], [ -96.71664, 19.19426 ], [ -96.72133, 19.1891 ], [ -96.70928, 19.19107 ], [ -96.69606, 19.18855 ], [ -96.69333, 19.19303 ], [ -96.69239, 19.19002 ], [ -96.69101, 19.19282 ], [ -96.6897, 19.19072 ], [ -96.68491, 19.19536 ], [ -96.68634, 19.19304 ], [ -96.6807, 19.19527 ], [ -96.67713, 19.19292 ], [ -96.67726, 19.19844 ], [ -96.66704, 19.2021 ], [ -96.66775, 19.20683 ], [ -96.66151, 19.2036 ], [ -96.66128, 19.20646 ], [ -96.65664, 19.20493 ], [ -96.65711, 19.20761 ], [ -96.65092, 19.20902 ], [ -96.64882, 19.20758 ], [ -96.65165, 19.19675 ], [ -96.62417, 19.20387 ], [ -96.61912, 19.19722 ], [ -96.6118, 19.1947 ], [ -96.61063, 19.18845 ], [ -96.59431, 19.18219 ], [ -96.5954, 19.17974 ], [ -96.58912, 19.17281 ], [ -96.57863, 19.17184 ], [ -96.57829, 19.17495 ], [ -96.57378, 19.17178 ], [ -96.56813, 19.17256 ], [ -96.56777, 19.16839 ], [ -96.56284, 19.16568 ], [ -96.55999, 19.16789 ], [ -96.55651, 19.16308 ], [ -96.54599, 19.1599 ], [ -96.54424, 19.15555 ], [ -96.53436, 19.16363 ], [ -96.53309, 19.15893 ], [ -96.52779, 19.15902 ], [ -96.5297, 19.15611 ], [ -96.52425, 19.15881 ], [ -96.51302, 19.15666 ], [ -96.51749, 19.14964 ], [ -96.5105, 19.15239 ], [ -96.50805, 19.15695 ], [ -96.5052, 19.15068 ], [ -96.49886, 19.14973 ], [ -96.50198, 19.14372 ], [ -96.49544, 19.14736 ], [ -96.49348, 19.1451 ], [ -96.49458, 19.13608 ], [ -96.50129, 19.13808 ], [ -96.51515, 19.13448 ], [ -96.51605, 19.13691 ], [ -96.53265, 19.13604 ], [ -96.53724, 19.13166 ], [ -96.55173, 19.12948 ], [ -96.55079, 19.1319 ], [ -96.57027, 19.13177 ], [ -96.57255, 19.1344 ], [ -96.57028, 19.11891 ], [ -96.56047, 19.1192 ], [ -96.56156, 19.11214 ], [ -96.5501, 19.11225 ], [ -96.54624, 19.10574 ], [ -96.55152, 19.10067 ], [ -96.55162, 19.10339 ], [ -96.55495, 19.10086 ], [ -96.55883, 19.10332 ], [ -96.56181, 19.098 ], [ -96.56768, 19.10076 ], [ -96.56951, 19.09284 ], [ -96.5644, 19.08709 ], [ -96.564, 19.08038 ], [ -96.55716, 19.0789 ], [ -96.56139, 19.07405 ], [ -96.56857, 19.07302 ], [ -96.57044, 19.06939 ], [ -96.58426, 19.07158 ], [ -96.56612, 19.05654 ], [ -96.56541, 19.06001 ], [ -96.55176, 19.05562 ], [ -96.54944, 19.05822 ], [ -96.54523, 19.0517 ], [ -96.54574, 19.05647 ], [ -96.54235, 19.05708 ], [ -96.53857, 19.04914 ], [ -96.53641, 19.05022 ], [ -96.53448, 19.04541 ], [ -96.52936, 19.0438 ], [ -96.51797, 19.04374 ], [ -96.5141, 19.04751 ], [ -96.51395, 19.04104 ], [ -96.50403, 19.03892 ], [ -96.50153, 19.04282 ], [ -96.50614, 19.04768 ], [ -96.50336, 19.05091 ], [ -96.49973, 19.04547 ], [ -96.4872, 19.0481 ], [ -96.48658, 19.04266 ], [ -96.48247, 19.04493 ], [ -96.48493, 19.03776 ], [ -96.48252, 19.02975 ], [ -96.49028, 19.02981 ], [ -96.49193, 19.01864 ], [ -96.48767, 18.98647 ], [ -96.49381, 18.98902 ], [ -96.49419, 18.9933 ], [ -96.50994, 18.99706 ], [ -96.51027, 18.99431 ], [ -96.52486, 18.99126 ], [ -96.52764, 18.97875 ], [ -96.5358, 18.97992 ], [ -96.55031, 18.97408 ], [ -96.55801, 18.977 ], [ -96.55965, 18.97013 ], [ -96.55724, 18.96553 ], [ -96.54997, 18.96554 ], [ -96.5507, 18.96277 ], [ -96.54603, 18.9595 ], [ -96.54412, 18.9625 ], [ -96.53821, 18.96203 ], [ -96.54125, 18.95808 ], [ -96.53682, 18.95991 ], [ -96.5353, 18.95512 ], [ -96.53139, 18.95614 ], [ -96.53303, 18.9524 ], [ -96.51973, 18.95205 ], [ -96.50035, 18.939 ], [ -96.49541, 18.93875 ], [ -96.492, 18.93404 ], [ -96.46662, 18.93953 ], [ -96.46773, 18.92997 ], [ -96.49996, 18.92864 ], [ -96.50114, 18.9241 ], [ -96.49541, 18.91554 ], [ -96.50373, 18.91735 ], [ -96.50905, 18.92242 ], [ -96.52029, 18.91919 ], [ -96.51628, 18.91249 ], [ -96.51151, 18.91468 ], [ -96.50719, 18.91127 ], [ -96.50222, 18.91351 ], [ -96.49399, 18.9112 ], [ -96.49736, 18.90136 ], [ -96.50653, 18.89952 ], [ -96.51279, 18.90202 ], [ -96.51474, 18.90625 ], [ -96.52948, 18.90591 ], [ -96.52883, 18.90875 ], [ -96.53888, 18.90673 ], [ -96.53564, 18.90539 ], [ -96.53169, 18.89207 ], [ -96.52413, 18.88243 ], [ -96.51271, 18.87686 ], [ -96.51646, 18.87012 ], [ -96.52673, 18.86656 ], [ -96.52797, 18.86342 ], [ -96.51766, 18.86075 ], [ -96.51537, 18.85368 ], [ -96.50676, 18.85269 ], [ -96.50603, 18.84675 ], [ -96.50226, 18.8479 ], [ -96.49675, 18.84094 ], [ -96.48753, 18.83706 ], [ -96.48048, 18.82152 ], [ -96.47279, 18.81713 ], [ -96.46906, 18.81837 ], [ -96.46595, 18.81359 ], [ -96.47244, 18.80466 ], [ -96.46475, 18.79713 ], [ -96.46578, 18.78598 ], [ -96.47074, 18.7855 ], [ -96.46979, 18.78057 ], [ -96.48154, 18.77018 ], [ -96.48263, 18.76506 ], [ -96.46752, 18.7528 ], [ -96.47451, 18.7521 ], [ -96.47547, 18.73642 ], [ -96.48201, 18.74064 ], [ -96.48972, 18.73989 ], [ -96.5191, 18.72604 ], [ -96.54451, 18.73492 ], [ -96.5768, 18.73882 ], [ -96.57842, 18.73517 ], [ -96.58418, 18.7388 ], [ -96.5867, 18.73709 ], [ -96.5874, 18.73189 ], [ -96.57894, 18.73071 ], [ -96.57995, 18.7246 ], [ -96.56744, 18.71889 ], [ -96.56688, 18.7077 ], [ -96.57688, 18.70778 ], [ -96.57671, 18.70362 ], [ -96.58501, 18.70471 ], [ -96.58881, 18.70051 ], [ -96.59143, 18.70531 ], [ -96.59851, 18.70175 ], [ -96.59608, 18.69698 ], [ -96.59861, 18.69292 ], [ -96.5904, 18.68978 ], [ -96.59183, 18.68008 ], [ -96.60147, 18.68088 ], [ -96.60819, 18.67555 ], [ -96.61527, 18.67747 ], [ -96.61786, 18.66111 ], [ -96.61464, 18.65911 ], [ -96.61624, 18.65672 ], [ -96.61243, 18.65584 ], [ -96.6115, 18.64973 ], [ -96.61474, 18.65047 ], [ -96.62024, 18.64506 ], [ -96.62821, 18.63193 ], [ -96.64581, 18.64039 ], [ -96.655, 18.6513 ], [ -96.65915, 18.65049 ], [ -96.66824, 18.65595 ], [ -96.67442, 18.66594 ], [ -96.6833, 18.66932 ], [ -96.68402, 18.65675 ], [ -96.6811, 18.64795 ], [ -96.6887, 18.63879 ], [ -96.67497, 18.62434 ], [ -96.67246, 18.60757 ], [ -96.67901, 18.60778 ], [ -96.69383, 18.59121 ], [ -96.68876, 18.58122 ], [ -96.69331, 18.57861 ], [ -96.70215, 18.58123 ], [ -96.69094, 18.56797 ], [ -96.69963, 18.55334 ], [ -96.7156, 18.57324 ], [ -96.72422, 18.55899 ], [ -96.71183, 18.54806 ], [ -96.71905, 18.53691 ], [ -96.72579, 18.53586 ], [ -96.72428, 18.53033 ], [ -96.7269, 18.52983 ], [ -96.71903, 18.52213 ], [ -96.71415, 18.52756 ], [ -96.70617, 18.52634 ], [ -96.70287, 18.51027 ], [ -96.6884, 18.51273 ], [ -96.68228, 18.50712 ], [ -96.68251, 18.499 ], [ -96.69108, 18.48983 ], [ -96.68566, 18.48961 ], [ -96.6876, 18.48662 ], [ -96.68425, 18.48691 ], [ -96.6863, 18.48359 ], [ -96.68368, 18.48476 ], [ -96.68254, 18.47506 ], [ -96.69025, 18.46897 ], [ -96.68819, 18.46274 ], [ -96.69275, 18.46236 ], [ -96.69288, 18.45755 ], [ -96.70532, 18.45671 ], [ -96.7026, 18.4544 ], [ -96.70721, 18.44893 ], [ -96.70501, 18.44826 ], [ -96.70765, 18.44264 ], [ -96.70527, 18.43545 ], [ -96.70871, 18.43589 ], [ -96.70904, 18.43242 ], [ -96.705, 18.43201 ], [ -96.70971, 18.42995 ], [ -96.70591, 18.42289 ], [ -96.68104, 18.4122 ], [ -96.68144, 18.38566 ], [ -96.67978, 18.38686 ], [ -96.67953, 18.38293 ], [ -96.67625, 18.38565 ], [ -96.67456, 18.3814 ], [ -96.68162, 18.37558 ], [ -96.69183, 18.38085 ], [ -96.6926, 18.36624 ], [ -96.6959, 18.36475 ], [ -96.69624, 18.37983 ], [ -96.70018, 18.38293 ], [ -96.73306, 18.37412 ], [ -96.73405, 18.37884 ], [ -96.7415, 18.38386 ], [ -96.72865, 18.39574 ], [ -96.73126, 18.40136 ], [ -96.72492, 18.40818 ], [ -96.7435, 18.40733 ], [ -96.75367, 18.41172 ], [ -96.75909, 18.40826 ], [ -96.76636, 18.41269 ], [ -96.76597, 18.418 ], [ -96.7709, 18.42298 ], [ -96.76479, 18.42361 ], [ -96.76319, 18.42705 ], [ -96.77044, 18.4293 ], [ -96.77547, 18.42621 ], [ -96.78101, 18.42907 ], [ -96.77755, 18.43432 ], [ -96.784, 18.43959 ], [ -96.78482, 18.4442 ], [ -96.77542, 18.44809 ], [ -96.78617, 18.45793 ], [ -96.78083, 18.46226 ], [ -96.78094, 18.46593 ], [ -96.78921, 18.46714 ], [ -96.79144, 18.4774 ], [ -96.7958, 18.48022 ], [ -96.79679, 18.48619 ], [ -96.79296, 18.49191 ], [ -96.79784, 18.49695 ], [ -96.79416, 18.50213 ], [ -96.79701, 18.51194 ], [ -96.80336, 18.51146 ], [ -96.8089, 18.51731 ], [ -96.81345, 18.51762 ], [ -96.81848, 18.51147 ], [ -96.82404, 18.51111 ], [ -96.82414, 18.5056 ], [ -96.82733, 18.50375 ], [ -96.8251, 18.49811 ], [ -96.84236, 18.49339 ], [ -96.84277, 18.50167 ], [ -96.84633, 18.50538 ], [ -96.85378, 18.50628 ], [ -96.85647, 18.51135 ], [ -96.86208, 18.51089 ], [ -96.8673, 18.5146 ], [ -96.86325, 18.51613 ], [ -96.86653, 18.52669 ], [ -96.87107, 18.52191 ], [ -96.87351, 18.52323 ], [ -96.87749, 18.53175 ], [ -96.87593, 18.53509 ], [ -96.87899, 18.53748 ], [ -96.88588, 18.53344 ], [ -96.89925, 18.54865 ], [ -96.90672, 18.54685 ], [ -96.90962, 18.53981 ], [ -96.92594, 18.53493 ], [ -96.95433, 18.55383 ], [ -96.96446, 18.54703 ], [ -96.96521, 18.54166 ], [ -96.97681, 18.54308 ], [ -96.97817, 18.54068 ], [ -96.97379, 18.53676 ], [ -96.98482, 18.5312 ], [ -96.99624, 18.52851 ], [ -96.99892, 18.53192 ], [ -97.00683, 18.5233 ], [ -97.01526, 18.52088 ], [ -97.02104, 18.51243 ], [ -97.02576, 18.51707 ], [ -97.0367, 18.50504 ], [ -97.04638, 18.49956 ], [ -97.05197, 18.48574 ], [ -97.05884, 18.4772 ], [ -97.07607, 18.466 ], [ -97.07997, 18.45451 ], [ -97.08347, 18.48394 ], [ -97.1133, 18.5222 ], [ -97.1137, 18.53138 ] ] ] } },
{ "type": "Feature", "properties": { "name": "Sotavento", "color": "#EF4444" }, "geometry": { "type": "MultiPolygon", "coordinates": [ [ [ [ -96.43807, 18.74144 ], [ -96.44862, 18.73959 ], [ -96.45577, 18.74213 ], [ -96.46106, 18.74099 ], [ -96.46187, 18.73752 ], [ -96.46859, 18.74037 ], [ -96.47005, 18.73684 ], [ -96.47547, 18.73642 ], [ -96.47451, 18.7521 ], [ -96.46752, 18.7528 ], [ -96.47542, 18.75696 ], [ -96.48263, 18.76506 ], [ -96.48253, 18.76892 ], [ -96.46979, 18.78057 ], [ -96.47074, 18.7855 ], [ -96.46578, 18.78598 ], [ -96.46475, 18.79713 ], [ -96.47244, 18.80466 ], [ -96.46595, 18.81359 ], [ -96.46906, 18.81837 ], [ -96.47279, 18.81713 ], [ -96.48048, 18.82152 ], [ -96.48753, 18.83706 ], [ -96.49675, 18.84094 ], [ -96.50226, 18.8479 ], [ -96.50603, 18.84675 ], [ -96.50676, 18.85269 ], [ -96.51537, 18.85368 ], [ -96.51766, 18.86075 ], [ -96.52797, 18.86342 ], [ -96.52673, 18.86656 ], [ -96.51646, 18.87012 ], [ -96.51271, 18.87686 ], [ -96.52413, 18.88243 ], [ -96.53169, 18.89207 ], [ -96.53564, 18.90539 ], [ -96.53888, 18.90673 ], [ -96.52883, 18.90875 ], [ -96.52948, 18.90591 ], [ -96.51474, 18.90625 ], [ -96.51279, 18.90202 ], [ -96.50653, 18.89952 ], [ -96.49736, 18.90136 ], [ -96.49399, 18.9112 ], [ -96.50222, 18.91351 ], [ -96.50719, 18.91127 ], [ -96.51151, 18.91468 ], [ -96.51628, 18.91249 ], [ -96.52029, 18.91919 ], [ -96.50905, 18.92242 ], [ -96.50373, 18.91735 ], [ -96.49541, 18.91554 ], [ -96.50114, 18.9241 ], [ -96.49996, 18.92864 ], [ -96.46773, 18.92997 ], [ -96.46662, 18.93953 ], [ -96.492, 18.93404 ], [ -96.49541, 18.93875 ], [ -96.50035, 18.939 ], [ -96.51973, 18.95205 ], [ -96.53303, 18.9524 ], [ -96.53139, 18.95614 ], [ -96.5353, 18.95512 ], [ -96.53682, 18.95991 ], [ -96.54125, 18.95808 ], [ -96.53821, 18.96203 ], [ -96.54412, 18.9625 ], [ -96.54603, 18.9595 ], [ -96.5507, 18.96277 ], [ -96.54997, 18.96554 ], [ -96.55724, 18.96553 ], [ -96.55965, 18.97013 ], [ -96.55801, 18.977 ], [ -96.55031, 18.97408 ], [ -96.5358, 18.97992 ], [ -96.52764, 18.97875 ], [ -96.52486, 18.99126 ], [ -96.51027, 18.99431 ], [ -96.50994, 18.99706 ], [ -96.49419, 18.9933 ], [ -96.49381, 18.98902 ], [ -96.48767, 18.98647 ], [ -96.49193, 19.01864 ], [ -96.49028, 19.02981 ], [ -96.48252, 19.02975 ], [ -96.48493, 19.03776 ], [ -96.48247, 19.04493 ], [ -96.48658, 19.04266 ], [ -96.4872, 19.0481 ], [ -96.49973, 19.04547 ], [ -96.50336, 19.05091 ], [ -96.50614, 19.04768 ], [ -96.50153, 19.04282 ], [ -96.50403, 19.03892 ], [ -96.51395, 19.04104 ], [ -96.5141, 19.04751 ], [ -96.51797, 19.04374 ], [ -96.52936, 19.0438 ], [ -96.53448, 19.04541 ], [ -96.53641, 19.05022 ], [ -96.53857, 19.04914 ], [ -96.54235, 19.05708 ], [ -96.54574, 19.05647 ], [ -96.54523, 19.0517 ], [ -96.54944, 19.05822 ], [ -96.55176, 19.05562 ], [ -96.56541, 19.06001 ], [ -96.56612, 19.05654 ], [ -96.58426, 19.07158 ], [ -96.57044, 19.06939 ], [ -96.56857, 19.07302 ], [ -96.56139, 19.07405 ], [ -96.55716, 19.0789 ], [ -96.564, 19.08038 ], [ -96.5644, 19.08709 ], [ -96.56951, 19.09284 ], [ -96.56768, 19.10076 ], [ -96.56181, 19.098 ], [ -96.55883, 19.10332 ], [ -96.55495, 19.10086 ], [ -96.55162, 19.10339 ], [ -96.55152, 19.10067 ], [ -96.54624, 19.10574 ], [ -96.5501, 19.11225 ], [ -96.56156, 19.11214 ], [ -96.56047, 19.1192 ], [ -96.57028, 19.11891 ], [ -96.57255, 19.1344 ], [ -96.57027, 19.13177 ], [ -96.55079, 19.1319 ], [ -96.55173, 19.12948 ], [ -96.53724, 19.13166 ], [ -96.53265, 19.13604 ], [ -96.51605, 19.13691 ], [ -96.51515, 19.13448 ], [ -96.50129, 19.13808 ], [ -96.49458, 19.13608 ], [ -96.49418, 19.14652 ], [ -96.50198, 19.14372 ], [ -96.49886, 19.14973 ], [ -96.5052, 19.15068 ], [ -96.50805, 19.15695 ], [ -96.5105, 19.15239 ], [ -96.51749, 19.14964 ], [ -96.51302, 19.15666 ], [ -96.52425, 19.15881 ], [ -96.5297, 19.15611 ], [ -96.52779, 19.15902 ], [ -96.53309, 19.15893 ], [ -96.53436, 19.16363 ], [ -96.54424, 19.15555 ], [ -96.54599, 19.1599 ], [ -96.55651, 19.16308 ], [ -96.55999, 19.16789 ], [ -96.56284, 19.16568 ], [ -96.56777, 19.16839 ], [ -96.56813, 19.17256 ], [ -96.57378, 19.17178 ], [ -96.57829, 19.17495 ], [ -96.57863, 19.17184 ], [ -96.58912, 19.17281 ], [ -96.5954, 19.17974 ], [ -96.59431, 19.18219 ], [ -96.61063, 19.18845 ], [ -96.6118, 19.1947 ], [ -96.61912, 19.19722 ], [ -96.62417, 19.20387 ], [ -96.65165, 19.19675 ], [ -96.64882, 19.20758 ], [ -96.65092, 19.20902 ], [ -96.65711, 19.20761 ], [ -96.65664, 19.20493 ], [ -96.66128, 19.20646 ], [ -96.66151, 19.2036 ], [ -96.66775, 19.20683 ], [ -96.66704, 19.2021 ], [ -96.67726, 19.19844 ], [ -96.67713, 19.19292 ], [ -96.6807, 19.19527 ], [ -96.68634, 19.19304 ], [ -96.68491, 19.19536 ], [ -96.6897, 19.19072 ], [ -96.69101, 19.19282 ], [ -96.69239, 19.19002 ], [ -96.69333, 19.19303 ], [ -96.69606, 19.18855 ], [ -96.70928, 19.19107 ], [ -96.72133, 19.1891 ], [ -96.71664, 19.19426 ], [ -96.70029, 19.19668 ], [ -96.69536, 19.20114 ], [ -96.7205, 19.20168 ], [ -96.7265, 19.20532 ], [ -96.74397, 19.20364 ], [ -96.75447, 19.19694 ], [ -96.76278, 19.19668 ], [ -96.77948, 19.19889 ], [ -96.78678, 19.20347 ], [ -96.81893, 19.20276 ], [ -96.81546, 19.20754 ], [ -96.80673, 19.20999 ], [ -96.80732, 19.21957 ], [ -96.77478, 19.22858 ], [ -96.77145, 19.23283 ], [ -96.76877, 19.23324 ], [ -96.76793, 19.22973 ], [ -96.72366, 19.24992 ], [ -96.7159, 19.24884 ], [ -96.70155, 19.25544 ], [ -96.69476, 19.25434 ], [ -96.68179, 19.26555 ], [ -96.68101, 19.26949 ], [ -96.67293, 19.26976 ], [ -96.66717, 19.2749 ], [ -96.65575, 19.27159 ], [ -96.65444, 19.27702 ], [ -96.65111, 19.2779 ], [ -96.63525, 19.27764 ], [ -96.61454, 19.29254 ], [ -96.60925, 19.29311 ], [ -96.61482, 19.30251 ], [ -96.60432, 19.30936 ], [ -96.60055, 19.32099 ], [ -96.59233, 19.3195 ], [ -96.58674, 19.32649 ], [ -96.57644, 19.32548 ], [ -96.57115, 19.33603 ], [ -96.56042, 19.33944 ], [ -96.56315, 19.35141 ], [ -96.55955, 19.35564 ], [ -96.56396, 19.36014 ], [ -96.54735, 19.36503 ], [ -96.54299, 19.36939 ], [ -96.54381, 19.39088 ], [ -96.54067, 19.39756 ], [ -96.53655, 19.39492 ], [ -96.53073, 19.40324 ], [ -96.51436, 19.39949 ], [ -96.51274, 19.40611 ], [ -96.51674, 19.41062 ], [ -96.51369, 19.41723 ], [ -96.50842, 19.41659 ], [ -96.50361, 19.42041 ], [ -96.49442, 19.41941 ], [ -96.48874, 19.43171 ], [ -96.47703, 19.44245 ], [ -96.47478, 19.45217 ], [ -96.46464, 19.45294 ], [ -96.45771, 19.45819 ], [ -96.45763, 19.46179 ], [ -96.45046, 19.45847 ], [ -96.4308, 19.46104 ], [ -96.41368, 19.45584 ], [ -96.39842, 19.46369 ], [ -96.40067, 19.45908 ], [ -96.39183, 19.45695 ], [ -96.38333, 19.46552 ], [ -96.38351, 19.47046 ], [ -96.36884, 19.47419 ], [ -96.36727, 19.47887 ], [ -96.374, 19.48092 ], [ -96.37362, 19.48449 ], [ -96.36412, 19.48617 ], [ -96.35631, 19.47902 ], [ -96.3549, 19.48504 ], [ -96.34508, 19.49082 ], [ -96.33746, 19.49009 ], [ -96.33008, 19.49751 ], [ -96.31424, 19.48188 ], [ -96.30884, 19.46416 ], [ -96.31935, 19.45279 ], [ -96.32174, 19.41434 ], [ -96.3067, 19.37343 ], [ -96.31087, 19.35702 ], [ -96.29506, 19.32239 ], [ -96.27493, 19.30064 ], [ -96.25361, 19.28345 ], [ -96.22341, 19.26596 ], [ -96.19673, 19.25713 ], [ -96.18915, 19.25066 ], [ -96.18177, 19.25044 ], [ -96.1742, 19.23712 ], [ -96.17359, 19.22645 ], [ -96.16822, 19.2212 ], [ -96.15685, 19.21613 ], [ -96.15431, 19.2179 ], [ -96.13192, 19.21987 ], [ -96.15437, 19.21755 ], [ -96.1555, 19.21565 ], [ -96.13268, 19.21797 ], [ -96.12297, 19.21306 ], [ -96.12033, 19.2036 ], [ -96.12374, 19.20818 ], [ -96.12337, 19.20565 ], [ -96.12411, 19.20814 ], [ -96.12713, 19.20541 ], [ -96.13538, 19.21412 ], [ -96.13967, 19.21328 ], [ -96.14028, 19.21006 ], [ -96.13675, 19.20983 ], [ -96.13808, 19.2067 ], [ -96.13488, 19.20744 ], [ -96.13804, 19.20554 ], [ -96.13427, 19.20357 ], [ -96.13546, 19.20157 ], [ -96.13203, 19.20322 ], [ -96.12951, 19.1987 ], [ -96.13001, 19.19826 ], [ -96.12791, 19.19532 ], [ -96.12345, 19.19458 ], [ -96.1218, 19.20057 ], [ -96.12126, 19.20077 ], [ -96.12369, 19.17957 ], [ -96.11647, 19.1696 ], [ -96.09991, 19.16175 ], [ -96.09267, 19.15118 ], [ -96.10019, 19.14365 ], [ -96.10065, 19.13421 ], [ -96.10518, 19.12772 ], [ -96.10172, 19.11065 ], [ -96.09602, 19.10486 ], [ -96.10219, 19.0999 ], [ -96.09902, 19.09436 ], [ -96.10663, 19.09192 ], [ -96.10573, 19.08321 ], [ -96.11028, 19.08633 ], [ -96.11692, 19.08423 ], [ -96.1139, 19.07255 ], [ -96.11705, 19.05883 ], [ -96.12081, 19.06137 ], [ -96.11735, 19.05574 ], [ -96.10981, 19.058 ], [ -96.10441, 19.04713 ], [ -96.09684, 19.04668 ], [ -96.09559, 19.03611 ], [ -96.10229, 19.03424 ], [ -96.1026, 19.02667 ], [ -96.10963, 19.02687 ], [ -96.11111, 19.01048 ], [ -96.09214, 18.99467 ], [ -96.08985, 19.00183 ], [ -96.09023, 18.99909 ], [ -96.0756, 18.99764 ], [ -96.07043, 18.9866 ], [ -96.06876, 18.98911 ], [ -96.0665, 18.98728 ], [ -96.05205, 18.99058 ], [ -96.05019, 18.98743 ], [ -96.04389, 18.98663 ], [ -96.0375, 18.97713 ], [ -96.03422, 18.96611 ], [ -96.02895, 18.96022 ], [ -96.02662, 18.94338 ], [ -96.02047, 18.9393 ], [ -96.01927, 18.93443 ], [ -96.02842, 18.92507 ], [ -96.03291, 18.90002 ], [ -96.02951, 18.89463 ], [ -96.02651, 18.89669 ], [ -96.02736, 18.89258 ], [ -96.02263, 18.89256 ], [ -96.02256, 18.8856 ], [ -96.0037, 18.88579 ], [ -96.00352, 18.88135 ], [ -96.00099, 18.8841 ], [ -95.98627, 18.88509 ], [ -95.98229, 18.86727 ], [ -95.98501, 18.83646 ], [ -95.98251, 18.83369 ], [ -95.99847, 18.82685 ], [ -95.99604, 18.80234 ], [ -95.98052, 18.7986 ], [ -95.9759, 18.80114 ], [ -95.97469, 18.79793 ], [ -95.97763, 18.79133 ], [ -95.99573, 18.77606 ], [ -95.99955, 18.75424 ], [ -96.01382, 18.76183 ], [ -96.01837, 18.76051 ], [ -96.02811, 18.76415 ], [ -96.02812, 18.75333 ], [ -96.02195, 18.75239 ], [ -96.01929, 18.7383 ], [ -96.03673, 18.73845 ], [ -96.03677, 18.72883 ], [ -96.044, 18.72943 ], [ -96.04504, 18.72109 ], [ -96.03975, 18.71304 ], [ -96.04086, 18.70548 ], [ -96.04907, 18.70555 ], [ -96.04954, 18.68947 ], [ -96.03645, 18.68962 ], [ -96.03631, 18.67521 ], [ -96.04788, 18.6729 ], [ -96.05781, 18.66064 ], [ -96.05343, 18.6518 ], [ -96.04222, 18.64544 ], [ -96.04442, 18.64096 ], [ -96.04014, 18.63729 ], [ -96.04255, 18.63009 ], [ -96.03736, 18.62846 ], [ -96.03373, 18.61857 ], [ -96.02945, 18.61605 ], [ -96.03641, 18.59515 ], [ -96.04449, 18.59952 ], [ -96.05017, 18.59608 ], [ -96.05632, 18.59793 ], [ -96.06045, 18.6034 ], [ -96.07136, 18.60082 ], [ -96.07538, 18.60925 ], [ -96.08846, 18.61333 ], [ -96.10292, 18.61184 ], [ -96.10485, 18.60814 ], [ -96.11972, 18.60829 ], [ -96.11977, 18.60285 ], [ -96.12475, 18.60194 ], [ -96.13419, 18.60695 ], [ -96.13383, 18.61337 ], [ -96.14137, 18.62672 ], [ -96.14602, 18.62579 ], [ -96.16002, 18.64412 ], [ -96.16385, 18.64394 ], [ -96.16768, 18.6509 ], [ -96.17458, 18.65334 ], [ -96.17908, 18.65334 ], [ -96.18246, 18.64858 ], [ -96.18611, 18.6507 ], [ -96.19557, 18.64857 ], [ -96.20429, 18.63835 ], [ -96.20791, 18.64375 ], [ -96.22293, 18.64831 ], [ -96.22315, 18.65093 ], [ -96.22484, 18.64903 ], [ -96.2252, 18.65204 ], [ -96.22911, 18.64708 ], [ -96.24546, 18.64842 ], [ -96.24731, 18.65677 ], [ -96.25796, 18.65806 ], [ -96.27491, 18.66813 ], [ -96.28217, 18.66804 ], [ -96.2897, 18.66038 ], [ -96.29077, 18.66343 ], [ -96.29971, 18.66234 ], [ -96.30958, 18.66804 ], [ -96.32865, 18.66723 ], [ -96.3348, 18.67783 ], [ -96.34142, 18.67819 ], [ -96.34859, 18.68693 ], [ -96.35171, 18.68658 ], [ -96.35241, 18.69133 ], [ -96.36074, 18.69518 ], [ -96.3659, 18.69482 ], [ -96.3764, 18.68726 ], [ -96.38417, 18.69181 ], [ -96.39044, 18.69118 ], [ -96.39448, 18.68664 ], [ -96.40138, 18.68962 ], [ -96.40705, 18.68682 ], [ -96.41066, 18.68883 ], [ -96.4149, 18.68349 ], [ -96.41912, 18.68658 ], [ -96.43039, 18.68651 ], [ -96.43607, 18.69482 ], [ -96.43606, 18.70329 ], [ -96.42667, 18.70391 ], [ -96.42239, 18.6996 ], [ -96.42075, 18.70164 ], [ -96.42203, 18.70648 ], [ -96.43608, 18.71542 ], [ -96.43613, 18.72325 ], [ -96.43355, 18.72521 ], [ -96.43598, 18.72752 ], [ -96.43501, 18.73675 ], [ -96.43807, 18.74144 ] ] ], [ [ [ -96.09293, 19.17641 ], [ -96.09213, 19.17725 ], [ -96.09099, 19.17533 ], [ -96.09269, 19.1739 ], [ -96.09293, 19.17641 ] ] ] ] } },
{ "type": "Feature", "properties": { "name": "Papaloapan", "color": "#F43F5E" }, "geometry": { "type": "Polygon", "coordinates": [ [ [ -96.02569, 18.13346 ], [ -96.04105, 18.1385 ], [ -96.04311, 18.13467 ], [ -96.04687, 18.13656 ], [ -96.04701, 18.13069 ], [ -96.05139, 18.12674 ], [ -96.05698, 18.13402 ], [ -96.06638, 18.13159 ], [ -96.06886, 18.14077 ], [ -96.07948, 18.14979 ], [ -96.08423, 18.16253 ], [ -96.09742, 18.16676 ], [ -96.11432, 18.16407 ], [ -96.11715, 18.15517 ], [ -96.12305, 18.15423 ], [ -96.12258, 18.14157 ], [ -96.13564, 18.13412 ], [ -96.14291, 18.14015 ], [ -96.14972, 18.13164 ], [ -96.17721, 18.1393 ], [ -96.18828, 18.1513 ], [ -96.18281, 18.15782 ], [ -96.18759, 18.16619 ], [ -96.17024, 18.1698 ], [ -96.17069, 18.18638 ], [ -96.20313, 18.17488 ], [ -96.21748, 18.16197 ], [ -96.231, 18.18973 ], [ -96.24359, 18.1971 ], [ -96.26799, 18.22445 ], [ -96.26682, 18.24566 ], [ -96.28131, 18.25913 ], [ -96.28824, 18.25976 ], [ -96.28313, 18.2689 ], [ -96.27603, 18.26581 ], [ -96.27727, 18.2714 ], [ -96.26916, 18.27398 ], [ -96.27353, 18.27553 ], [ -96.27323, 18.28106 ], [ -96.27858, 18.28382 ], [ -96.27389, 18.28592 ], [ -96.27731, 18.2881 ], [ -96.27742, 18.29402 ], [ -96.27076, 18.29782 ], [ -96.28549, 18.30169 ], [ -96.2836, 18.30609 ], [ -96.28691, 18.31128 ], [ -96.2944, 18.31239 ], [ -96.29675, 18.31742 ], [ -96.30995, 18.32235 ], [ -96.30544, 18.32484 ], [ -96.30561, 18.32903 ], [ -96.3127, 18.3276 ], [ -96.31499, 18.33139 ], [ -96.31327, 18.33501 ], [ -96.31753, 18.3401 ], [ -96.31354, 18.34591 ], [ -96.32067, 18.36021 ], [ -96.31733, 18.36454 ], [ -96.33505, 18.37252 ], [ -96.33107, 18.37923 ], [ -96.33495, 18.37983 ], [ -96.33932, 18.37563 ], [ -96.34534, 18.3797 ], [ -96.34902, 18.38844 ], [ -96.34594, 18.38979 ], [ -96.34841, 18.39463 ], [ -96.34455, 18.39851 ], [ -96.34987, 18.40151 ], [ -96.35259, 18.41025 ], [ -96.35634, 18.41168 ], [ -96.36173, 18.40708 ], [ -96.36107, 18.40969 ], [ -96.36876, 18.41453 ], [ -96.36779, 18.41737 ], [ -96.37416, 18.4174 ], [ -96.3762, 18.42465 ], [ -96.38384, 18.42411 ], [ -96.38522, 18.42933 ], [ -96.38925, 18.42838 ], [ -96.38826, 18.43477 ], [ -96.39175, 18.43674 ], [ -96.38934, 18.44048 ], [ -96.39331, 18.43706 ], [ -96.40298, 18.43992 ], [ -96.4001, 18.44417 ], [ -96.4036, 18.44635 ], [ -96.40135, 18.45984 ], [ -96.4046, 18.46778 ], [ -96.4124, 18.46476 ], [ -96.41802, 18.47048 ], [ -96.41818, 18.47606 ], [ -96.41119, 18.47692 ], [ -96.4147, 18.48289 ], [ -96.41656, 18.49927 ], [ -96.42348, 18.5018 ], [ -96.42076, 18.51046 ], [ -96.43804, 18.52875 ], [ -96.43751, 18.53177 ], [ -96.4471, 18.53668 ], [ -96.45503, 18.54929 ], [ -96.45111, 18.55713 ], [ -96.45731, 18.57044 ], [ -96.46441, 18.57392 ], [ -96.46724, 18.57084 ], [ -96.46898, 18.57383 ], [ -96.47327, 18.57331 ], [ -96.47735, 18.57994 ], [ -96.48874, 18.58125 ], [ -96.49975, 18.5895 ], [ -96.50177, 18.58733 ], [ -96.50876, 18.58946 ], [ -96.51045, 18.58428 ], [ -96.51751, 18.58157 ], [ -96.52547, 18.58777 ], [ -96.5373, 18.58395 ], [ -96.54132, 18.58825 ], [ -96.56095, 18.5877 ], [ -96.59537, 18.61148 ], [ -96.60108, 18.6122 ], [ -96.60683, 18.61757 ], [ -96.61527, 18.61813 ], [ -96.62821, 18.63193 ], [ -96.62024, 18.64506 ], [ -96.61474, 18.65047 ], [ -96.6115, 18.64973 ], [ -96.61243, 18.65584 ], [ -96.61624, 18.65672 ], [ -96.61464, 18.65911 ], [ -96.61786, 18.66111 ], [ -96.61527, 18.67747 ], [ -96.60819, 18.67555 ], [ -96.60147, 18.68088 ], [ -96.59183, 18.68008 ], [ -96.5904, 18.68978 ], [ -96.59861, 18.69292 ], [ -96.59608, 18.69698 ], [ -96.59851, 18.70175 ], [ -96.59143, 18.70531 ], [ -96.58881, 18.70051 ], [ -96.58501, 18.70471 ], [ -96.57671, 18.70362 ], [ -96.57688, 18.70778 ], [ -96.56688, 18.7077 ], [ -96.56783, 18.71944 ], [ -96.57995, 18.7246 ], [ -96.57894, 18.73071 ], [ -96.5874, 18.73189 ], [ -96.58418, 18.7388 ], [ -96.57842, 18.73517 ], [ -96.5768, 18.73882 ], [ -96.54451, 18.73492 ], [ -96.5191, 18.72604 ], [ -96.48972, 18.73989 ], [ -96.48201, 18.74064 ], [ -96.4769, 18.73618 ], [ -96.47057, 18.73655 ], [ -96.46859, 18.74037 ], [ -96.46187, 18.73752 ], [ -96.46106, 18.74099 ], [ -96.45609, 18.74211 ], [ -96.44862, 18.73959 ], [ -96.43807, 18.74144 ], [ -96.43355, 18.72521 ], [ -96.43613, 18.72325 ], [ -96.43608, 18.71542 ], [ -96.42203, 18.70648 ], [ -96.42087, 18.70258 ], [ -96.42239, 18.6996 ], [ -96.42667, 18.70391 ], [ -96.43606, 18.70329 ], [ -96.43607, 18.69482 ], [ -96.43039, 18.68651 ], [ -96.41912, 18.68658 ], [ -96.4149, 18.68349 ], [ -96.41066, 18.68883 ], [ -96.40705, 18.68682 ], [ -96.40138, 18.68962 ], [ -96.39448, 18.68664 ], [ -96.39044, 18.69118 ], [ -96.38417, 18.69181 ], [ -96.3764, 18.68726 ], [ -96.3659, 18.69482 ], [ -96.36074, 18.69518 ], [ -96.35241, 18.69133 ], [ -96.35171, 18.68658 ], [ -96.34859, 18.68693 ], [ -96.34142, 18.67819 ], [ -96.3348, 18.67783 ], [ -96.32865, 18.66723 ], [ -96.30958, 18.66804 ], [ -96.29971, 18.66234 ], [ -96.29077, 18.66343 ], [ -96.2897, 18.66038 ], [ -96.28217, 18.66804 ], [ -96.27491, 18.66813 ], [ -96.25796, 18.65806 ], [ -96.24731, 18.65677 ], [ -96.24546, 18.64842 ], [ -96.22911, 18.64708 ], [ -96.2252, 18.65204 ], [ -96.22484, 18.64903 ], [ -96.22315, 18.65093 ], [ -96.22293, 18.64831 ], [ -96.20791, 18.64375 ], [ -96.20429, 18.63835 ], [ -96.19557, 18.64857 ], [ -96.18611, 18.6507 ], [ -96.18246, 18.64858 ], [ -96.17908, 18.65334 ], [ -96.17458, 18.65334 ], [ -96.16768, 18.6509 ], [ -96.16385, 18.64394 ], [ -96.16002, 18.64412 ], [ -96.14602, 18.62579 ], [ -96.14137, 18.62672 ], [ -96.13383, 18.61337 ], [ -96.13419, 18.60695 ], [ -96.12475, 18.60194 ], [ -96.11977, 18.60285 ], [ -96.11972, 18.60829 ], [ -96.10485, 18.60814 ], [ -96.10292, 18.61184 ], [ -96.08846, 18.61333 ], [ -96.07538, 18.60925 ], [ -96.07136, 18.60082 ], [ -96.06045, 18.6034 ], [ -96.05095, 18.59611 ], [ -96.04449, 18.59952 ], [ -96.03598, 18.59535 ], [ -96.02945, 18.61605 ], [ -96.03373, 18.61857 ], [ -96.03736, 18.62846 ], [ -96.04255, 18.63009 ], [ -96.04014, 18.63729 ], [ -96.04442, 18.64096 ], [ -96.04222, 18.64544 ], [ -96.04912, 18.64774 ], [ -96.05762, 18.65716 ], [ -96.04788, 18.6729 ], [ -96.03631, 18.67521 ], [ -96.03645, 18.68962 ], [ -96.04954, 18.68947 ], [ -96.04907, 18.70555 ], [ -96.04086, 18.70548 ], [ -96.03978, 18.71471 ], [ -96.04505, 18.7245 ], [ -96.04281, 18.72459 ], [ -96.044, 18.72943 ], [ -96.03677, 18.72883 ], [ -96.03673, 18.73845 ], [ -96.01929, 18.7383 ], [ -96.02195, 18.75239 ], [ -96.02812, 18.75333 ], [ -96.02811, 18.76415 ], [ -96.01837, 18.76051 ], [ -96.01382, 18.76183 ], [ -96.00002, 18.75385 ], [ -95.99668, 18.76032 ], [ -95.99573, 18.77606 ], [ -95.97589, 18.79407 ], [ -95.9759, 18.80114 ], [ -95.98052, 18.7986 ], [ -95.99604, 18.80234 ], [ -95.99847, 18.82685 ], [ -95.98251, 18.83369 ], [ -95.98501, 18.83646 ], [ -95.98229, 18.86727 ], [ -95.98627, 18.88509 ], [ -96.00099, 18.8841 ], [ -96.00352, 18.88135 ], [ -96.0037, 18.88579 ], [ -96.02256, 18.8856 ], [ -96.02263, 18.89256 ], [ -96.02736, 18.89258 ], [ -96.02651, 18.89669 ], [ -96.02841, 18.89435 ], [ -96.03164, 18.89748 ], [ -96.02842, 18.92507 ], [ -96.01927, 18.93443 ], [ -96.02047, 18.9393 ], [ -96.02662, 18.94338 ], [ -96.02895, 18.96022 ], [ -96.04342, 18.98614 ], [ -96.05248, 18.99061 ], [ -96.0665, 18.98728 ], [ -96.06876, 18.98911 ], [ -96.07043, 18.9866 ], [ -96.0756, 18.99764 ], [ -96.09023, 18.99909 ], [ -96.09079, 19.00192 ], [ -96.09214, 18.99467 ], [ -96.11111, 19.01048 ], [ -96.10963, 19.02687 ], [ -96.1026, 19.02667 ], [ -96.10229, 19.03424 ], [ -96.09559, 19.03611 ], [ -96.09684, 19.04668 ], [ -96.10441, 19.04713 ], [ -96.10981, 19.058 ], [ -96.11735, 19.05574 ], [ -96.12081, 19.06137 ], [ -96.11705, 19.05883 ], [ -96.1139, 19.07255 ], [ -96.11692, 19.08423 ], [ -96.11028, 19.08633 ], [ -96.10573, 19.08321 ], [ -96.10663, 19.09192 ], [ -96.09902, 19.09436 ], [ -96.10226, 19.0993 ], [ -96.09847, 19.1023 ], [ -96.09817, 19.09493 ], [ -96.08702, 19.08148 ], [ -96.05811, 19.06349 ], [ -96.03936, 19.05761 ], [ -96.0188, 19.05594 ], [ -95.98224, 19.06531 ], [ -95.98265, 19.06114 ], [ -95.97389, 19.05793 ], [ -95.96985, 19.04867 ], [ -95.9608, 18.96665 ], [ -95.9533, 18.94469 ], [ -95.94172, 18.92686 ], [ -95.94337, 18.9139 ], [ -95.94094, 18.9054 ], [ -95.92821, 18.88671 ], [ -95.90082, 18.85944 ], [ -95.87258, 18.83891 ], [ -95.8447, 18.82394 ], [ -95.78076, 18.79894 ], [ -95.75231, 18.79192 ], [ -95.75042, 18.79512 ], [ -95.7522, 18.79188 ], [ -95.74303, 18.78734 ], [ -95.74261, 18.79079 ], [ -95.72801, 18.77462 ], [ -95.69888, 18.75713 ], [ -95.66438, 18.74205 ], [ -95.60708, 18.72574 ], [ -95.52497, 18.71476 ], [ -95.44803, 18.71089 ], [ -95.362, 18.71062 ], [ -95.29484, 18.71357 ], [ -95.28772, 18.71622 ], [ -95.28466, 18.70722 ], [ -95.28909, 18.70346 ], [ -95.29037, 18.70719 ], [ -95.2945, 18.70697 ], [ -95.3024, 18.6917 ], [ -95.29507, 18.6906 ], [ -95.29514, 18.68125 ], [ -95.29231, 18.68084 ], [ -95.29568, 18.67902 ], [ -95.29497, 18.66527 ], [ -95.28613, 18.66407 ], [ -95.29513, 18.63484 ], [ -95.29552, 18.63245 ], [ -95.29143, 18.63196 ], [ -95.29274, 18.6245 ], [ -95.29898, 18.62539 ], [ -95.29957, 18.6215 ], [ -95.29359, 18.62049 ], [ -95.29378, 18.61645 ], [ -95.28744, 18.61591 ], [ -95.28865, 18.60791 ], [ -95.28425, 18.60277 ], [ -95.26056, 18.5998 ], [ -95.26794, 18.5997 ], [ -95.26934, 18.59155 ], [ -95.28557, 18.594 ], [ -95.29486, 18.59166 ], [ -95.29382, 18.59598 ], [ -95.29846, 18.5903 ], [ -95.30581, 18.59751 ], [ -95.30823, 18.58546 ], [ -95.32207, 18.58374 ], [ -95.32665, 18.5725 ], [ -95.31619, 18.56386 ], [ -95.31368, 18.55418 ], [ -95.31982, 18.55388 ], [ -95.31498, 18.5458 ], [ -95.3221, 18.54623 ], [ -95.32628, 18.53197 ], [ -95.33276, 18.52673 ], [ -95.32747, 18.51908 ], [ -95.33696, 18.51923 ], [ -95.34481, 18.51577 ], [ -95.34353, 18.51286 ], [ -95.34864, 18.51399 ], [ -95.34964, 18.5067 ], [ -95.36963, 18.50792 ], [ -95.37069, 18.50352 ], [ -95.37522, 18.50227 ], [ -95.38221, 18.50496 ], [ -95.3804, 18.48917 ], [ -95.40123, 18.4952 ], [ -95.40728, 18.49029 ], [ -95.41423, 18.49093 ], [ -95.41576, 18.48737 ], [ -95.41693, 18.49129 ], [ -95.4265, 18.49111 ], [ -95.42426, 18.49518 ], [ -95.42775, 18.49565 ], [ -95.42713, 18.50127 ], [ -95.44098, 18.50253 ], [ -95.44609, 18.50166 ], [ -95.44408, 18.48656 ], [ -95.45094, 18.4874 ], [ -95.45236, 18.48354 ], [ -95.46086, 18.48315 ], [ -95.46449, 18.47853 ], [ -95.4703, 18.47983 ], [ -95.4752, 18.46925 ], [ -95.48127, 18.46889 ], [ -95.48617, 18.47239 ], [ -95.48903, 18.46917 ], [ -95.49113, 18.47528 ], [ -95.49612, 18.47695 ], [ -95.50236, 18.47385 ], [ -95.50314, 18.47641 ], [ -95.50983, 18.4717 ], [ -95.51521, 18.48049 ], [ -95.51904, 18.48017 ], [ -95.52083, 18.48554 ], [ -95.52684, 18.48929 ], [ -95.53244, 18.48523 ], [ -95.53423, 18.48724 ], [ -95.53839, 18.48127 ], [ -95.545, 18.48026 ], [ -95.53335, 18.47742 ], [ -95.52882, 18.47123 ], [ -95.52534, 18.47366 ], [ -95.52809, 18.46432 ], [ -95.531, 18.46949 ], [ -95.53551, 18.46319 ], [ -95.51789, 18.45833 ], [ -95.52137, 18.44168 ], [ -95.5161, 18.43442 ], [ -95.51718, 18.43051 ], [ -95.51022, 18.42654 ], [ -95.51185, 18.42204 ], [ -95.5168, 18.42683 ], [ -95.5178, 18.41551 ], [ -95.51488, 18.41222 ], [ -95.50298, 18.41306 ], [ -95.51286, 18.40618 ], [ -95.51425, 18.39742 ], [ -95.51243, 18.38658 ], [ -95.51486, 18.38507 ], [ -95.51327, 18.37953 ], [ -95.50899, 18.37756 ], [ -95.51325, 18.37316 ], [ -95.50848, 18.36717 ], [ -95.52626, 18.36186 ], [ -95.52308, 18.35596 ], [ -95.52522, 18.33555 ], [ -95.54085, 18.33656 ], [ -95.54266, 18.33354 ], [ -95.53536, 18.32828 ], [ -95.53281, 18.32177 ], [ -95.52582, 18.32394 ], [ -95.51583, 18.3171 ], [ -95.50556, 18.31786 ], [ -95.5045, 18.30738 ], [ -95.50742, 18.30027 ], [ -95.50294, 18.29245 ], [ -95.50726, 18.28435 ], [ -95.49467, 18.2734 ], [ -95.50928, 18.26728 ], [ -95.51559, 18.25385 ], [ -95.50509, 18.24541 ], [ -95.50242, 18.23748 ], [ -95.49652, 18.2444 ], [ -95.47226, 18.25 ], [ -95.47096, 18.26176 ], [ -95.46439, 18.26813 ], [ -95.46375, 18.26102 ], [ -95.45279, 18.26401 ], [ -95.45074, 18.26085 ], [ -95.4587, 18.25724 ], [ -95.4584, 18.25175 ], [ -95.44772, 18.24551 ], [ -95.43338, 18.24666 ], [ -95.44481, 18.24155 ], [ -95.44574, 18.22565 ], [ -95.44311, 18.2205 ], [ -95.43012, 18.22277 ], [ -95.43177, 18.23617 ], [ -95.42469, 18.24394 ], [ -95.41675, 18.22976 ], [ -95.40352, 18.23333 ], [ -95.39198, 18.22466 ], [ -95.38172, 18.22643 ], [ -95.38156, 18.22027 ], [ -95.38411, 18.22325 ], [ -95.38809, 18.2224 ], [ -95.38531, 18.21766 ], [ -95.38582, 18.21534 ], [ -95.38892, 18.21918 ], [ -95.38808, 18.21347 ], [ -95.39401, 18.21166 ], [ -95.40211, 18.21509 ], [ -95.40597, 18.21223 ], [ -95.40398, 18.20753 ], [ -95.41244, 18.19858 ], [ -95.4085, 18.19351 ], [ -95.40275, 18.19563 ], [ -95.40505, 18.18666 ], [ -95.40283, 18.18276 ], [ -95.39358, 18.1902 ], [ -95.38674, 18.19138 ], [ -95.39076, 18.18213 ], [ -95.38071, 18.16588 ], [ -95.37481, 18.17672 ], [ -95.36776, 18.16908 ], [ -95.3575, 18.17008 ], [ -95.35369, 18.16098 ], [ -95.34549, 18.15464 ], [ -95.34223, 18.15361 ], [ -95.33433, 18.15834 ], [ -95.33301, 18.15597 ], [ -95.33879, 18.14841 ], [ -95.32517, 18.14549 ], [ -95.32367, 18.1313 ], [ -95.3164, 18.13178 ], [ -95.31299, 18.13854 ], [ -95.30951, 18.13423 ], [ -95.30881, 18.12456 ], [ -95.27406, 18.12686 ], [ -95.28376, 18.11768 ], [ -95.27755, 18.11227 ], [ -95.27105, 18.11261 ], [ -95.26031, 18.12388 ], [ -95.24796, 18.09863 ], [ -95.24062, 18.09968 ], [ -95.22639, 18.08735 ], [ -95.23505, 18.07313 ], [ -95.22825, 18.06028 ], [ -95.23177, 18.05861 ], [ -95.2365, 18.06317 ], [ -95.24187, 18.06299 ], [ -95.2452, 18.06045 ], [ -95.24234, 18.053 ], [ -95.2328, 18.04826 ], [ -95.22291, 18.05115 ], [ -95.22196, 18.04384 ], [ -95.21343, 18.0307 ], [ -95.20826, 18.03085 ], [ -95.20745, 18.04106 ], [ -95.2025, 18.04147 ], [ -95.19799, 18.03691 ], [ -95.19949, 18.02989 ], [ -95.21123, 18.0249 ], [ -95.19726, 18.02401 ], [ -95.19072, 18.01992 ], [ -95.19449, 18.01487 ], [ -95.20032, 18.01995 ], [ -95.2082, 18.01892 ], [ -95.2045, 18.00351 ], [ -95.1976, 17.99623 ], [ -95.1959, 17.98538 ], [ -95.19953, 17.98143 ], [ -95.20817, 17.98593 ], [ -95.21759, 17.97123 ], [ -95.23011, 17.97433 ], [ -95.23714, 17.98156 ], [ -95.24429, 17.97838 ], [ -95.23916, 17.96311 ], [ -95.24526, 17.96323 ], [ -95.23928, 17.96184 ], [ -95.24038, 17.948 ], [ -95.23745, 17.94401 ], [ -95.23903, 17.93464 ], [ -95.24623, 17.92983 ], [ -95.24365, 17.92358 ], [ -95.24799, 17.92186 ], [ -95.24434, 17.92142 ], [ -95.24745, 17.9201 ], [ -95.24147, 17.91334 ], [ -95.24287, 17.90303 ], [ -95.24608, 17.90136 ], [ -95.24123, 17.89466 ], [ -95.23488, 17.8924 ], [ -95.23639, 17.87422 ], [ -95.24424, 17.8776 ], [ -95.24849, 17.87539 ], [ -95.25134, 17.87823 ], [ -95.25583, 17.8771 ], [ -95.25988, 17.88068 ], [ -95.28533, 17.87033 ], [ -95.28192, 17.86575 ], [ -95.27759, 17.86562 ], [ -95.27806, 17.85513 ], [ -95.27465, 17.85383 ], [ -95.276, 17.84804 ], [ -95.28181, 17.84681 ], [ -95.28087, 17.84076 ], [ -95.28324, 17.84048 ], [ -95.27894, 17.83318 ], [ -95.27838, 17.80729 ], [ -95.28534, 17.80821 ], [ -95.29216, 17.80413 ], [ -95.3016, 17.79637 ], [ -95.30196, 17.79005 ], [ -95.31079, 17.79656 ], [ -95.30673, 17.8036 ], [ -95.29903, 17.80525 ], [ -95.3167, 17.81188 ], [ -95.322, 17.81113 ], [ -95.32858, 17.81721 ], [ -95.34773, 17.81698 ], [ -95.35013, 17.79823 ], [ -95.35791, 17.79824 ], [ -95.36016, 17.79506 ], [ -95.35979, 17.79953 ], [ -95.3634, 17.79985 ], [ -95.36205, 17.79045 ], [ -95.35825, 17.79045 ], [ -95.35726, 17.78604 ], [ -95.36678, 17.78418 ], [ -95.36876, 17.79257 ], [ -95.37238, 17.79135 ], [ -95.37293, 17.79569 ], [ -95.3837, 17.79214 ], [ -95.38425, 17.79645 ], [ -95.39137, 17.79414 ], [ -95.39084, 17.78974 ], [ -95.3983, 17.78732 ], [ -95.39996, 17.78386 ], [ -95.41208, 17.78336 ], [ -95.42022, 17.77824 ], [ -95.42108, 17.77042 ], [ -95.42923, 17.76423 ], [ -95.43487, 17.7492 ], [ -95.42898, 17.74823 ], [ -95.42829, 17.7374 ], [ -95.42398, 17.73207 ], [ -95.42858, 17.72545 ], [ -95.42066, 17.72429 ], [ -95.41773, 17.72172 ], [ -95.41855, 17.71687 ], [ -95.41032, 17.71549 ], [ -95.41166, 17.71219 ], [ -95.41912, 17.70978 ], [ -95.41199, 17.70287 ], [ -95.41448, 17.6969 ], [ -95.40975, 17.69365 ], [ -95.40316, 17.6952 ], [ -95.39638, 17.6898 ], [ -95.38512, 17.69177 ], [ -95.38121, 17.68706 ], [ -95.38242, 17.68392 ], [ -95.36861, 17.68285 ], [ -95.36232, 17.67486 ], [ -95.35757, 17.67712 ], [ -95.35387, 17.67419 ], [ -95.35121, 17.67816 ], [ -95.35062, 17.67267 ], [ -95.36852, 17.67347 ], [ -95.36966, 17.66906 ], [ -95.38765, 17.6633 ], [ -95.39532, 17.65178 ], [ -95.40296, 17.65205 ], [ -95.40716, 17.64333 ], [ -95.41029, 17.64363 ], [ -95.41303, 17.65186 ], [ -95.4185, 17.64404 ], [ -95.42549, 17.64747 ], [ -95.42683, 17.63657 ], [ -95.43423, 17.63513 ], [ -95.44611, 17.62176 ], [ -95.45608, 17.62309 ], [ -95.45446, 17.6111 ], [ -95.47314, 17.60911 ], [ -95.47245, 17.60413 ], [ -95.46302, 17.59639 ], [ -95.47057, 17.59522 ], [ -95.47934, 17.58783 ], [ -95.4781, 17.59488 ], [ -95.48418, 17.6019 ], [ -95.49765, 17.59189 ], [ -95.50632, 17.59077 ], [ -95.50739, 17.58828 ], [ -95.50277, 17.5844 ], [ -95.51402, 17.58545 ], [ -95.5147, 17.57971 ], [ -95.52115, 17.57739 ], [ -95.5174, 17.56962 ], [ -95.52479, 17.57602 ], [ -95.52629, 17.57192 ], [ -95.53111, 17.57061 ], [ -95.5251, 17.56211 ], [ -95.532, 17.55583 ], [ -95.53768, 17.55699 ], [ -95.53967, 17.56057 ], [ -95.55106, 17.55339 ], [ -95.55555, 17.55864 ], [ -95.55988, 17.54677 ], [ -95.56882, 17.55124 ], [ -95.57843, 17.54465 ], [ -95.57957, 17.53758 ], [ -95.5867, 17.53489 ], [ -95.59001, 17.5383 ], [ -95.59583, 17.53779 ], [ -95.59875, 17.53461 ], [ -95.59931, 17.54367 ], [ -95.60362, 17.54452 ], [ -95.60512, 17.54901 ], [ -95.60803, 17.54499 ], [ -95.60709, 17.53982 ], [ -95.61554, 17.5427 ], [ -95.61997, 17.541 ], [ -95.62715, 17.54798 ], [ -95.64449, 17.54654 ], [ -95.64703, 17.55569 ], [ -95.6541, 17.56039 ], [ -95.6468, 17.54233 ], [ -95.64847, 17.53989 ], [ -95.67396, 17.53384 ], [ -95.68515, 17.53753 ], [ -95.69216, 17.5309 ], [ -95.69104, 17.52495 ], [ -95.69971, 17.52243 ], [ -95.7021, 17.51849 ], [ -95.70658, 17.53402 ], [ -95.70879, 17.5319 ], [ -95.7133, 17.53617 ], [ -95.72515, 17.53623 ], [ -95.72048, 17.54353 ], [ -95.72199, 17.54924 ], [ -95.72809, 17.55198 ], [ -95.72404, 17.55729 ], [ -95.72956, 17.57106 ], [ -95.7269, 17.57803 ], [ -95.7338, 17.57548 ], [ -95.7449, 17.58599 ], [ -95.74758, 17.58354 ], [ -95.75069, 17.5864 ], [ -95.75886, 17.58498 ], [ -95.76493, 17.58926 ], [ -95.77156, 17.58869 ], [ -95.77393, 17.5945 ], [ -95.77148, 17.5997 ], [ -95.78175, 17.60303 ], [ -95.79298, 17.60143 ], [ -95.79269, 17.59635 ], [ -95.78943, 17.59492 ], [ -95.79185, 17.58636 ], [ -95.80755, 17.59184 ], [ -95.80757, 17.6018 ], [ -95.80349, 17.6071 ], [ -95.7947, 17.60352 ], [ -95.78905, 17.61086 ], [ -95.78038, 17.61112 ], [ -95.77597, 17.60869 ], [ -95.77723, 17.60431 ], [ -95.77366, 17.60585 ], [ -95.77274, 17.62154 ], [ -95.7825, 17.62577 ], [ -95.78111, 17.63888 ], [ -95.78564, 17.63344 ], [ -95.79778, 17.63065 ], [ -95.79911, 17.62763 ], [ -95.80331, 17.62937 ], [ -95.80543, 17.63611 ], [ -95.80965, 17.63817 ], [ -95.80564, 17.64344 ], [ -95.80801, 17.6468 ], [ -95.83063, 17.65263 ], [ -95.84415, 17.66848 ], [ -95.84404, 17.67312 ], [ -95.85291, 17.67531 ], [ -95.86751, 17.68484 ], [ -95.87102, 17.70217 ], [ -95.89529, 17.70449 ], [ -95.89402, 17.71232 ], [ -95.88285, 17.71702 ], [ -95.8734, 17.71713 ], [ -95.87281, 17.72741 ], [ -95.8856, 17.72675 ], [ -95.89211, 17.72061 ], [ -95.89482, 17.72733 ], [ -95.90106, 17.72874 ], [ -95.90277, 17.73265 ], [ -95.89768, 17.74897 ], [ -95.89925, 17.75365 ], [ -95.89263, 17.76032 ], [ -95.89292, 17.76514 ], [ -95.88478, 17.77182 ], [ -95.86639, 17.77435 ], [ -95.86896, 17.79662 ], [ -95.85579, 17.80556 ], [ -95.84934, 17.82585 ], [ -95.85855, 17.83919 ], [ -95.85882, 17.84478 ], [ -95.8502, 17.84453 ], [ -95.79992, 17.95001 ], [ -95.83317, 18.12903 ], [ -95.90716, 18.13564 ], [ -95.91349, 18.13858 ], [ -95.91236, 18.15047 ], [ -95.91465, 18.1522 ], [ -95.92213, 18.1508 ], [ -95.9222, 18.14106 ], [ -95.92574, 18.14643 ], [ -95.93139, 18.14528 ], [ -95.93334, 18.14167 ], [ -95.93643, 18.14683 ], [ -95.9324, 18.15146 ], [ -95.9405, 18.15826 ], [ -95.95446, 18.1597 ], [ -95.95908, 18.15706 ], [ -95.95834, 18.15304 ], [ -95.96717, 18.15422 ], [ -95.97202, 18.14951 ], [ -95.97769, 18.14895 ], [ -95.98154, 18.14295 ], [ -95.9859, 18.15003 ], [ -95.99075, 18.15154 ], [ -96.02569, 18.13346 ] ] ] } },
{ "type": "Feature", "properties": { "name": "Los Tuxtlas", "color": "#8B5CF6" }, "geometry": { "type": "Polygon", "coordinates": [ [ [ -94.99848, 18.1286 ], [ -94.9963, 18.13108 ], [ -94.99783, 18.13848 ], [ -94.99335, 18.14555 ], [ -95.00048, 18.14841 ], [ -95.00323, 18.14521 ], [ -95.00087, 18.1411 ], [ -95.00402, 18.14426 ], [ -95.00244, 18.12587 ], [ -95.0065, 18.12568 ], [ -95.00702, 18.13623 ], [ -95.01258, 18.13595 ], [ -95.01139, 18.13803 ], [ -95.01705, 18.14098 ], [ -95.0166, 18.13667 ], [ -95.02042, 18.13616 ], [ -95.02062, 18.12158 ], [ -95.03377, 18.12196 ], [ -95.0331, 18.11755 ], [ -95.03751, 18.11774 ], [ -95.04448, 18.11101 ], [ -95.05029, 18.11814 ], [ -95.05042, 18.12567 ], [ -95.05976, 18.12873 ], [ -95.05958, 18.13251 ], [ -95.06622, 18.13247 ], [ -95.05655, 18.13995 ], [ -95.06215, 18.14331 ], [ -95.07372, 18.13541 ], [ -95.08686, 18.1424 ], [ -95.10277, 18.12762 ], [ -95.12045, 18.13338 ], [ -95.12267, 18.12879 ], [ -95.12873, 18.12867 ], [ -95.12865, 18.12226 ], [ -95.13498, 18.11528 ], [ -95.13742, 18.11633 ], [ -95.13883, 18.10865 ], [ -95.14108, 18.1097 ], [ -95.14144, 18.10581 ], [ -95.1463, 18.10441 ], [ -95.15966, 18.08915 ], [ -95.15549, 18.08521 ], [ -95.15995, 18.0767 ], [ -95.16791, 18.07921 ], [ -95.17315, 18.0744 ], [ -95.18277, 18.07438 ], [ -95.18604, 18.06218 ], [ -95.19253, 18.06852 ], [ -95.1921, 18.07645 ], [ -95.2011, 18.0779 ], [ -95.20597, 18.08688 ], [ -95.22661, 18.09836 ], [ -95.22375, 18.10439 ], [ -95.22689, 18.11344 ], [ -95.24337, 18.10875 ], [ -95.25207, 18.12316 ], [ -95.25526, 18.12148 ], [ -95.25878, 18.12424 ], [ -95.27497, 18.11173 ], [ -95.28387, 18.11718 ], [ -95.27406, 18.12686 ], [ -95.30881, 18.12456 ], [ -95.31168, 18.13802 ], [ -95.3164, 18.13178 ], [ -95.32265, 18.13074 ], [ -95.32517, 18.14549 ], [ -95.33849, 18.14775 ], [ -95.33383, 18.15806 ], [ -95.34549, 18.15464 ], [ -95.35369, 18.16098 ], [ -95.3575, 18.17008 ], [ -95.36776, 18.16908 ], [ -95.37481, 18.17672 ], [ -95.38113, 18.1662 ], [ -95.39076, 18.18213 ], [ -95.38787, 18.19237 ], [ -95.3998, 18.18322 ], [ -95.40382, 18.18324 ], [ -95.4023, 18.19476 ], [ -95.40976, 18.19392 ], [ -95.41222, 18.2 ], [ -95.40432, 18.20698 ], [ -95.40649, 18.21157 ], [ -95.40237, 18.21494 ], [ -95.39291, 18.21168 ], [ -95.38779, 18.2138 ], [ -95.38892, 18.21918 ], [ -95.3855, 18.21539 ], [ -95.38809, 18.2224 ], [ -95.38411, 18.22325 ], [ -95.38156, 18.22027 ], [ -95.38294, 18.22725 ], [ -95.39198, 18.22466 ], [ -95.40352, 18.23333 ], [ -95.41675, 18.22976 ], [ -95.42469, 18.24394 ], [ -95.43177, 18.23617 ], [ -95.43012, 18.22277 ], [ -95.44311, 18.2205 ], [ -95.44574, 18.22565 ], [ -95.44481, 18.24155 ], [ -95.43338, 18.24666 ], [ -95.44772, 18.24551 ], [ -95.4584, 18.25175 ], [ -95.4587, 18.25724 ], [ -95.45098, 18.26241 ], [ -95.45709, 18.26463 ], [ -95.46375, 18.26102 ], [ -95.46359, 18.26807 ], [ -95.47096, 18.26176 ], [ -95.47226, 18.25 ], [ -95.49652, 18.2444 ], [ -95.50242, 18.23748 ], [ -95.50509, 18.24541 ], [ -95.51517, 18.25247 ], [ -95.51021, 18.26641 ], [ -95.49467, 18.2734 ], [ -95.50726, 18.28435 ], [ -95.50294, 18.29245 ], [ -95.50742, 18.30027 ], [ -95.5045, 18.30738 ], [ -95.50556, 18.31786 ], [ -95.51583, 18.3171 ], [ -95.52582, 18.32394 ], [ -95.53281, 18.32177 ], [ -95.54263, 18.335 ], [ -95.52522, 18.33555 ], [ -95.52308, 18.35596 ], [ -95.52626, 18.36186 ], [ -95.50848, 18.36717 ], [ -95.51325, 18.37316 ], [ -95.50899, 18.37756 ], [ -95.51327, 18.37953 ], [ -95.51486, 18.38507 ], [ -95.51243, 18.38658 ], [ -95.51425, 18.39742 ], [ -95.51286, 18.40618 ], [ -95.50298, 18.41306 ], [ -95.51488, 18.41222 ], [ -95.5178, 18.41551 ], [ -95.5168, 18.42683 ], [ -95.51185, 18.42204 ], [ -95.51022, 18.42654 ], [ -95.51718, 18.43051 ], [ -95.5161, 18.43442 ], [ -95.52137, 18.44168 ], [ -95.51789, 18.45833 ], [ -95.53551, 18.46319 ], [ -95.531, 18.46949 ], [ -95.52809, 18.46432 ], [ -95.52534, 18.47366 ], [ -95.52882, 18.47123 ], [ -95.53335, 18.47742 ], [ -95.545, 18.48026 ], [ -95.53839, 18.48127 ], [ -95.53423, 18.48724 ], [ -95.53244, 18.48523 ], [ -95.52684, 18.48929 ], [ -95.52083, 18.48554 ], [ -95.51904, 18.48017 ], [ -95.51521, 18.48049 ], [ -95.50983, 18.4717 ], [ -95.50314, 18.47641 ], [ -95.50236, 18.47385 ], [ -95.49612, 18.47695 ], [ -95.49113, 18.47528 ], [ -95.48903, 18.46917 ], [ -95.48617, 18.47239 ], [ -95.48127, 18.46889 ], [ -95.4752, 18.46925 ], [ -95.4703, 18.47983 ], [ -95.46449, 18.47853 ], [ -95.46086, 18.48315 ], [ -95.45236, 18.48354 ], [ -95.45094, 18.4874 ], [ -95.44408, 18.48656 ], [ -95.44609, 18.50166 ], [ -95.42713, 18.50127 ], [ -95.42775, 18.49565 ], [ -95.42426, 18.49518 ], [ -95.4265, 18.49111 ], [ -95.41693, 18.49129 ], [ -95.41576, 18.48737 ], [ -95.41423, 18.49093 ], [ -95.40728, 18.49029 ], [ -95.40123, 18.4952 ], [ -95.3804, 18.48917 ], [ -95.38221, 18.50496 ], [ -95.37522, 18.50227 ], [ -95.37069, 18.50352 ], [ -95.36963, 18.50792 ], [ -95.34964, 18.5067 ], [ -95.34864, 18.51399 ], [ -95.34353, 18.51286 ], [ -95.34481, 18.51577 ], [ -95.33696, 18.51923 ], [ -95.32837, 18.51771 ], [ -95.32817, 18.52342 ], [ -95.33276, 18.52673 ], [ -95.32628, 18.53197 ], [ -95.3221, 18.54623 ], [ -95.31498, 18.5458 ], [ -95.31982, 18.55388 ], [ -95.31368, 18.55418 ], [ -95.31619, 18.56386 ], [ -95.32665, 18.5725 ], [ -95.32207, 18.58374 ], [ -95.30823, 18.58546 ], [ -95.30581, 18.59751 ], [ -95.29846, 18.5903 ], [ -95.29382, 18.59598 ], [ -95.29486, 18.59166 ], [ -95.28557, 18.594 ], [ -95.26934, 18.59155 ], [ -95.26794, 18.5997 ], [ -95.26056, 18.5998 ], [ -95.28425, 18.60277 ], [ -95.28865, 18.60791 ], [ -95.28744, 18.61591 ], [ -95.29378, 18.61645 ], [ -95.29359, 18.62049 ], [ -95.29957, 18.6215 ], [ -95.29898, 18.62539 ], [ -95.29274, 18.6245 ], [ -95.29143, 18.63196 ], [ -95.29552, 18.63245 ], [ -95.29513, 18.63484 ], [ -95.28613, 18.66407 ], [ -95.29497, 18.66527 ], [ -95.29568, 18.67902 ], [ -95.29231, 18.68084 ], [ -95.29514, 18.68125 ], [ -95.29507, 18.6906 ], [ -95.3024, 18.6917 ], [ -95.2945, 18.70697 ], [ -95.29037, 18.70719 ], [ -95.28909, 18.70346 ], [ -95.28466, 18.70722 ], [ -95.28731, 18.71525 ], [ -95.27105, 18.70732 ], [ -95.24983, 18.70386 ], [ -95.24425, 18.70609 ], [ -95.20953, 18.70319 ], [ -95.2047, 18.70607 ], [ -95.19436, 18.70482 ], [ -95.19161, 18.70985 ], [ -95.18622, 18.70603 ], [ -95.18458, 18.70804 ], [ -95.18142, 18.70603 ], [ -95.18274, 18.69928 ], [ -95.17569, 18.6926 ], [ -95.1462, 18.68102 ], [ -95.13964, 18.67244 ], [ -95.13332, 18.6714 ], [ -95.13074, 18.67429 ], [ -95.12986, 18.66293 ], [ -95.12164, 18.65249 ], [ -95.09826, 18.64224 ], [ -95.09317, 18.64824 ], [ -95.07948, 18.6417 ], [ -95.08005, 18.62974 ], [ -95.0697, 18.62093 ], [ -95.065, 18.62236 ], [ -95.06143, 18.61244 ], [ -95.05791, 18.61143 ], [ -95.05998, 18.6064 ], [ -95.05432, 18.59961 ], [ -95.04971, 18.59974 ], [ -95.05197, 18.59038 ], [ -95.04939, 18.58213 ], [ -95.04028, 18.57549 ], [ -94.98795, 18.55445 ], [ -94.98588, 18.55748 ], [ -94.97525, 18.55828 ], [ -94.96796, 18.5539 ], [ -94.94865, 18.54997 ], [ -94.89907, 18.54868 ], [ -94.9008, 18.54707 ], [ -94.89637, 18.54259 ], [ -94.90024, 18.54051 ], [ -94.89938, 18.53227 ], [ -94.90298, 18.5306 ], [ -94.907, 18.52092 ], [ -94.90416, 18.51325 ], [ -94.90824, 18.50646 ], [ -94.90542, 18.50306 ], [ -94.90871, 18.49996 ], [ -94.90566, 18.49662 ], [ -94.90928, 18.49372 ], [ -94.90598, 18.48932 ], [ -94.91242, 18.48291 ], [ -94.90904, 18.47976 ], [ -94.91315, 18.477 ], [ -94.90837, 18.46815 ], [ -94.91138, 18.4657 ], [ -94.90631, 18.45997 ], [ -94.90871, 18.45794 ], [ -94.90402, 18.4471 ], [ -94.90109, 18.44975 ], [ -94.88801, 18.45042 ], [ -94.87656, 18.45737 ], [ -94.87191, 18.45303 ], [ -94.86399, 18.45233 ], [ -94.86714, 18.44709 ], [ -94.87415, 18.44823 ], [ -94.8822, 18.44364 ], [ -94.88652, 18.43227 ], [ -94.89187, 18.42915 ], [ -94.88793, 18.42312 ], [ -94.89651, 18.40895 ], [ -94.89591, 18.40658 ], [ -94.88647, 18.40519 ], [ -94.86918, 18.38958 ], [ -94.88085, 18.37876 ], [ -94.88025, 18.37181 ], [ -94.89539, 18.36859 ], [ -94.89917, 18.35415 ], [ -94.9049, 18.3612 ], [ -94.91639, 18.35402 ], [ -94.92015, 18.35878 ], [ -94.93859, 18.35684 ], [ -94.94601, 18.3655 ], [ -94.95158, 18.36105 ], [ -94.97301, 18.36387 ], [ -94.98536, 18.34678 ], [ -94.9933, 18.34408 ], [ -95.00375, 18.34787 ], [ -95.01496, 18.34036 ], [ -95.02596, 18.33751 ], [ -95.03167, 18.32655 ], [ -95.02472, 18.3228 ], [ -95.01901, 18.32371 ], [ -95.01712, 18.31934 ], [ -95.01047, 18.32414 ], [ -94.99579, 18.32627 ], [ -94.994, 18.31781 ], [ -94.98722, 18.31156 ], [ -94.98948, 18.30844 ], [ -95.00191, 18.30638 ], [ -95.00117, 18.29839 ], [ -94.99565, 18.29848 ], [ -94.99747, 18.28561 ], [ -94.99198, 18.28415 ], [ -94.99583, 18.27353 ], [ -94.99534, 18.26359 ], [ -94.99896, 18.26118 ], [ -94.99387, 18.25896 ], [ -94.99443, 18.26359 ], [ -94.98056, 18.2738 ], [ -94.98171, 18.26733 ], [ -94.98541, 18.26717 ], [ -94.98809, 18.25439 ], [ -94.98547, 18.25314 ], [ -94.9867, 18.24551 ], [ -94.98052, 18.24676 ], [ -94.98187, 18.23199 ], [ -94.97631, 18.22573 ], [ -94.96751, 18.23285 ], [ -94.9595, 18.23216 ], [ -94.96267, 18.22668 ], [ -94.96487, 18.20405 ], [ -94.96152, 18.20446 ], [ -94.96411, 18.20269 ], [ -94.9639, 18.19571 ], [ -94.95818, 18.19395 ], [ -94.96002, 18.18674 ], [ -94.96527, 18.18209 ], [ -94.96337, 18.17632 ], [ -94.96739, 18.17423 ], [ -94.96429, 18.17272 ], [ -94.9674, 18.16825 ], [ -94.96474, 18.16889 ], [ -94.96166, 18.15941 ], [ -94.96596, 18.14955 ], [ -94.97632, 18.1453 ], [ -94.97988, 18.14209 ], [ -94.97948, 18.13686 ], [ -94.98783, 18.13397 ], [ -94.99157, 18.12808 ], [ -94.99848, 18.1286 ] ] ] } },
{ "type": "Feature", "properties": { "name": "Olmeca", "color": "#EC4899" }, "geometry": { "type": "Polygon", "coordinates": [ [ [ -94.92281, 17.19379 ], [ -94.92302, 17.20413 ], [ -94.91541, 17.20622 ], [ -94.91121, 17.21371 ], [ -94.91046, 17.22788 ], [ -94.9053, 17.23691 ], [ -94.90957, 17.24278 ], [ -94.89543, 17.25638 ], [ -94.90965, 17.26798 ], [ -94.90135, 17.28745 ], [ -94.90425, 17.28962 ], [ -94.91309, 17.28623 ], [ -94.91477, 17.29258 ], [ -94.90913, 17.29719 ], [ -94.889, 17.30008 ], [ -94.89078, 17.31106 ], [ -94.90095, 17.31706 ], [ -94.91149, 17.3143 ], [ -94.92716, 17.32514 ], [ -94.93308, 17.31898 ], [ -94.94578, 17.31414 ], [ -94.95098, 17.31565 ], [ -94.96056, 17.32307 ], [ -94.96651, 17.33437 ], [ -94.97119, 17.33097 ], [ -95.07657, 17.37293 ], [ -95.25362, 17.60201 ], [ -95.25305, 17.60781 ], [ -95.25919, 17.60772 ], [ -95.26475, 17.60156 ], [ -95.26765, 17.60828 ], [ -95.27885, 17.61324 ], [ -95.27022, 17.61574 ], [ -95.27126, 17.62473 ], [ -95.25555, 17.62157 ], [ -95.24841, 17.62558 ], [ -95.259, 17.62901 ], [ -95.25301, 17.63337 ], [ -95.25323, 17.64206 ], [ -95.24823, 17.64598 ], [ -95.24291, 17.64368 ], [ -95.24193, 17.63496 ], [ -95.21845, 17.63933 ], [ -95.21152, 17.64451 ], [ -95.20708, 17.65435 ], [ -95.20369, 17.65354 ], [ -95.2012, 17.64741 ], [ -95.19512, 17.65485 ], [ -95.18813, 17.6507 ], [ -95.18777, 17.67107 ], [ -95.18494, 17.67676 ], [ -95.1877, 17.68064 ], [ -95.18147, 17.68582 ], [ -95.18244, 17.69106 ], [ -95.19029, 17.69204 ], [ -95.23891, 17.73926 ], [ -95.23932, 17.7367 ], [ -95.25274, 17.73349 ], [ -95.25867, 17.72854 ], [ -95.26274, 17.73874 ], [ -95.26903, 17.74093 ], [ -95.26808, 17.73246 ], [ -95.26307, 17.72488 ], [ -95.26555, 17.71754 ], [ -95.27164, 17.71668 ], [ -95.2792, 17.72189 ], [ -95.27999, 17.71574 ], [ -95.28672, 17.71674 ], [ -95.29224, 17.71242 ], [ -95.29118, 17.71633 ], [ -95.29781, 17.72214 ], [ -95.30259, 17.71101 ], [ -95.30997, 17.70856 ], [ -95.30661, 17.69716 ], [ -95.31665, 17.69758 ], [ -95.32135, 17.68564 ], [ -95.32875, 17.68578 ], [ -95.33442, 17.6748 ], [ -95.34006, 17.6744 ], [ -95.34376, 17.68366 ], [ -95.35101, 17.68032 ], [ -95.35387, 17.67419 ], [ -95.35635, 17.67696 ], [ -95.36418, 17.67594 ], [ -95.36861, 17.68285 ], [ -95.38281, 17.68414 ], [ -95.38121, 17.68706 ], [ -95.38512, 17.69177 ], [ -95.39638, 17.6898 ], [ -95.40316, 17.6952 ], [ -95.40975, 17.69365 ], [ -95.41448, 17.6969 ], [ -95.41199, 17.70287 ], [ -95.41912, 17.70978 ], [ -95.41166, 17.71219 ], [ -95.41032, 17.71549 ], [ -95.41855, 17.71687 ], [ -95.41773, 17.72172 ], [ -95.42066, 17.72429 ], [ -95.42858, 17.72545 ], [ -95.42398, 17.73207 ], [ -95.42829, 17.7374 ], [ -95.42898, 17.74823 ], [ -95.43487, 17.7492 ], [ -95.42923, 17.76423 ], [ -95.42108, 17.77042 ], [ -95.42022, 17.77824 ], [ -95.41208, 17.78336 ], [ -95.39996, 17.78386 ], [ -95.3983, 17.78732 ], [ -95.39084, 17.78974 ], [ -95.39137, 17.79414 ], [ -95.38425, 17.79645 ], [ -95.3837, 17.79214 ], [ -95.37293, 17.79569 ], [ -95.37238, 17.79135 ], [ -95.36876, 17.79257 ], [ -95.36678, 17.78418 ], [ -95.35726, 17.78604 ], [ -95.35825, 17.79045 ], [ -95.36205, 17.79045 ], [ -95.3634, 17.79985 ], [ -95.35979, 17.79953 ], [ -95.36016, 17.79506 ], [ -95.35791, 17.79824 ], [ -95.35013, 17.79823 ], [ -95.34773, 17.81698 ], [ -95.32858, 17.81721 ], [ -95.322, 17.81113 ], [ -95.3167, 17.81188 ], [ -95.29903, 17.80525 ], [ -95.30673, 17.8036 ], [ -95.31079, 17.79656 ], [ -95.30087, 17.79005 ], [ -95.3016, 17.79637 ], [ -95.28534, 17.80821 ], [ -95.27838, 17.80729 ], [ -95.27762, 17.8101 ], [ -95.27894, 17.83318 ], [ -95.28324, 17.84048 ], [ -95.28087, 17.84076 ], [ -95.28181, 17.84681 ], [ -95.276, 17.84804 ], [ -95.27465, 17.85383 ], [ -95.27806, 17.85513 ], [ -95.27759, 17.86562 ], [ -95.28192, 17.86575 ], [ -95.28533, 17.87033 ], [ -95.25988, 17.88068 ], [ -95.25583, 17.8771 ], [ -95.25134, 17.87823 ], [ -95.24849, 17.87539 ], [ -95.24424, 17.8776 ], [ -95.23639, 17.87422 ], [ -95.23488, 17.8924 ], [ -95.24123, 17.89466 ], [ -95.24608, 17.90136 ], [ -95.24287, 17.90303 ], [ -95.24147, 17.91334 ], [ -95.24745, 17.9201 ], [ -95.24434, 17.92142 ], [ -95.24799, 17.92186 ], [ -95.24365, 17.92358 ], [ -95.24623, 17.92983 ], [ -95.23903, 17.93464 ], [ -95.23745, 17.94401 ], [ -95.24038, 17.948 ], [ -95.23928, 17.96184 ], [ -95.24526, 17.96323 ], [ -95.23916, 17.96311 ], [ -95.24429, 17.97838 ], [ -95.23714, 17.98156 ], [ -95.23011, 17.97433 ], [ -95.21759, 17.97123 ], [ -95.20817, 17.98593 ], [ -95.19953, 17.98143 ], [ -95.1959, 17.98538 ], [ -95.1976, 17.99623 ], [ -95.2045, 18.00351 ], [ -95.2082, 18.01892 ], [ -95.20032, 18.01995 ], [ -95.19449, 18.01487 ], [ -95.19049, 18.01931 ], [ -95.19726, 18.02401 ], [ -95.21118, 18.02405 ], [ -95.19876, 18.03056 ], [ -95.19729, 18.03514 ], [ -95.20052, 18.04034 ], [ -95.20791, 18.04084 ], [ -95.20826, 18.03085 ], [ -95.21343, 18.0307 ], [ -95.22196, 18.04384 ], [ -95.22291, 18.05115 ], [ -95.2328, 18.04826 ], [ -95.24234, 18.053 ], [ -95.2452, 18.06045 ], [ -95.24187, 18.06299 ], [ -95.2365, 18.06317 ], [ -95.23177, 18.05861 ], [ -95.22825, 18.06028 ], [ -95.23505, 18.07313 ], [ -95.22639, 18.08735 ], [ -95.24062, 18.09968 ], [ -95.24796, 18.09863 ], [ -95.25992, 18.12349 ], [ -95.25207, 18.12316 ], [ -95.24337, 18.10875 ], [ -95.23284, 18.11284 ], [ -95.22515, 18.11222 ], [ -95.22375, 18.10439 ], [ -95.22661, 18.09836 ], [ -95.20597, 18.08688 ], [ -95.2011, 18.0779 ], [ -95.1921, 18.07645 ], [ -95.19253, 18.06852 ], [ -95.1859, 18.06216 ], [ -95.18277, 18.07438 ], [ -95.17315, 18.0744 ], [ -95.16791, 18.07921 ], [ -95.15995, 18.0767 ], [ -95.15549, 18.08521 ], [ -95.15966, 18.08915 ], [ -95.1463, 18.10441 ], [ -95.14144, 18.10581 ], [ -95.14108, 18.1097 ], [ -95.13883, 18.10865 ], [ -95.13742, 18.11633 ], [ -95.13498, 18.11528 ], [ -95.12865, 18.12226 ], [ -95.12873, 18.12867 ], [ -95.12267, 18.12879 ], [ -95.12045, 18.13338 ], [ -95.10277, 18.12762 ], [ -95.08686, 18.1424 ], [ -95.07372, 18.13541 ], [ -95.06215, 18.14331 ], [ -95.05655, 18.13995 ], [ -95.06622, 18.13247 ], [ -95.05958, 18.13251 ], [ -95.05976, 18.12873 ], [ -95.05042, 18.12567 ], [ -95.05029, 18.11814 ], [ -95.04448, 18.11101 ], [ -95.03751, 18.11774 ], [ -95.0331, 18.11755 ], [ -95.03377, 18.12196 ], [ -95.02062, 18.12158 ], [ -95.02042, 18.13616 ], [ -95.0166, 18.13667 ], [ -95.01705, 18.14098 ], [ -95.01139, 18.13803 ], [ -95.01258, 18.13595 ], [ -95.00702, 18.13623 ], [ -95.0065, 18.12568 ], [ -95.00244, 18.12587 ], [ -95.00402, 18.14426 ], [ -95.00087, 18.1411 ], [ -95.0031, 18.14667 ], [ -94.99595, 18.14786 ], [ -94.99331, 18.14336 ], [ -94.99783, 18.13848 ], [ -94.9963, 18.13108 ], [ -94.99848, 18.1286 ], [ -94.99189, 18.1274 ], [ -94.98783, 18.13397 ], [ -94.97948, 18.13686 ], [ -94.97988, 18.14209 ], [ -94.97632, 18.1453 ], [ -94.96596, 18.14955 ], [ -94.96166, 18.16072 ], [ -94.96474, 18.16889 ], [ -94.9674, 18.16825 ], [ -94.96429, 18.17272 ], [ -94.96739, 18.17423 ], [ -94.96337, 18.17632 ], [ -94.96527, 18.18209 ], [ -94.96002, 18.18674 ], [ -94.95818, 18.19395 ], [ -94.9639, 18.19571 ], [ -94.96411, 18.20269 ], [ -94.96152, 18.20446 ], [ -94.96487, 18.20405 ], [ -94.96267, 18.22668 ], [ -94.9595, 18.23216 ], [ -94.96751, 18.23285 ], [ -94.97631, 18.22573 ], [ -94.98187, 18.23199 ], [ -94.98052, 18.24676 ], [ -94.9867, 18.24551 ], [ -94.98547, 18.25314 ], [ -94.98809, 18.25439 ], [ -94.98541, 18.26717 ], [ -94.98171, 18.26733 ], [ -94.98056, 18.2738 ], [ -94.99443, 18.26359 ], [ -94.99387, 18.25896 ], [ -94.99896, 18.26118 ], [ -94.99534, 18.26359 ], [ -94.99583, 18.27353 ], [ -94.99198, 18.28415 ], [ -94.99747, 18.28561 ], [ -94.99565, 18.29848 ], [ -95.00117, 18.29839 ], [ -95.00191, 18.30638 ], [ -94.98948, 18.30844 ], [ -94.98722, 18.31156 ], [ -94.994, 18.31781 ], [ -94.99722, 18.32797 ], [ -95.01712, 18.31934 ], [ -95.01901, 18.32371 ], [ -95.02472, 18.3228 ], [ -95.03167, 18.32655 ], [ -95.02596, 18.33751 ], [ -95.01496, 18.34036 ], [ -95.00375, 18.34787 ], [ -94.9933, 18.34408 ], [ -94.98536, 18.34678 ], [ -94.97301, 18.36387 ], [ -94.95158, 18.36105 ], [ -94.94601, 18.3655 ], [ -94.93859, 18.35684 ], [ -94.92015, 18.35878 ], [ -94.91639, 18.35402 ], [ -94.9049, 18.3612 ], [ -94.89917, 18.35415 ], [ -94.89539, 18.36859 ], [ -94.88025, 18.37181 ], [ -94.88085, 18.37876 ], [ -94.86918, 18.38958 ], [ -94.88647, 18.40519 ], [ -94.89591, 18.40658 ], [ -94.89651, 18.40895 ], [ -94.88793, 18.42312 ], [ -94.89187, 18.42915 ], [ -94.88652, 18.43227 ], [ -94.8822, 18.44364 ], [ -94.87415, 18.44823 ], [ -94.86714, 18.44709 ], [ -94.86399, 18.45233 ], [ -94.87191, 18.45303 ], [ -94.87656, 18.45737 ], [ -94.88801, 18.45042 ], [ -94.90109, 18.44975 ], [ -94.90402, 18.4471 ], [ -94.90871, 18.45794 ], [ -94.90631, 18.45997 ], [ -94.91138, 18.4657 ], [ -94.90837, 18.46815 ], [ -94.91315, 18.477 ], [ -94.90904, 18.47976 ], [ -94.91242, 18.48291 ], [ -94.90598, 18.48932 ], [ -94.90928, 18.49372 ], [ -94.90566, 18.49662 ], [ -94.90871, 18.49996 ], [ -94.90542, 18.50306 ], [ -94.90824, 18.50646 ], [ -94.90416, 18.51325 ], [ -94.907, 18.52092 ], [ -94.90298, 18.5306 ], [ -94.89938, 18.53227 ], [ -94.90024, 18.54051 ], [ -94.89637, 18.54259 ], [ -94.9008, 18.54707 ], [ -94.89907, 18.54868 ], [ -94.87422, 18.5488 ], [ -94.8668, 18.54548 ], [ -94.83298, 18.54303 ], [ -94.81657, 18.53858 ], [ -94.8078, 18.5282 ], [ -94.79956, 18.52491 ], [ -94.78682, 18.5043 ], [ -94.77425, 18.46384 ], [ -94.7737, 18.44921 ], [ -94.74379, 18.42175 ], [ -94.74413, 18.41182 ], [ -94.73751, 18.39517 ], [ -94.71371, 18.37254 ], [ -94.68338, 18.35401 ], [ -94.68187, 18.34907 ], [ -94.67029, 18.3392 ], [ -94.66398, 18.33839 ], [ -94.66502, 18.32762 ], [ -94.65711, 18.31161 ], [ -94.62324, 18.28731 ], [ -94.62708, 18.2772 ], [ -94.62436, 18.25349 ], [ -94.60762, 18.20494 ], [ -94.58778, 18.18562 ], [ -94.55654, 18.16779 ], [ -94.53289, 18.15897 ], [ -94.50123, 18.15232 ], [ -94.45323, 18.1519 ], [ -94.41584, 18.15811 ], [ -94.41592, 18.16642 ], [ -94.41561, 18.15823 ], [ -94.40761, 18.15968 ], [ -94.4127, 18.16626 ], [ -94.41245, 18.1666 ], [ -94.40611, 18.15952 ], [ -94.35421, 18.1641 ], [ -94.13003, 18.21285 ], [ -94.12692, 18.16825 ], [ -94.1203, 18.16496 ], [ -94.10468, 18.17395 ], [ -94.09991, 18.17109 ], [ -94.09468, 18.16067 ], [ -94.10044, 18.12592 ], [ -94.09656, 18.11252 ], [ -94.08341, 18.10244 ], [ -94.08111, 18.09577 ], [ -94.08305, 18.09078 ], [ -94.0959, 18.08346 ], [ -94.09716, 18.07863 ], [ -94.07436, 18.05859 ], [ -94.08356, 18.0339 ], [ -94.07985, 18.02233 ], [ -94.08375, 18.00646 ], [ -94.08117, 18.00452 ], [ -94.07273, 18.01014 ], [ -94.06652, 18.0094 ], [ -94.06425, 18.00234 ], [ -94.06699, 17.99254 ], [ -94.0614, 17.98812 ], [ -94.06852, 17.97959 ], [ -94.07353, 17.98777 ], [ -94.0825, 17.97795 ], [ -94.08075, 17.96834 ], [ -94.08889, 17.97062 ], [ -94.09199, 17.96193 ], [ -94.08715, 17.9584 ], [ -94.09133, 17.93657 ], [ -94.08497, 17.91553 ], [ -94.08801, 17.90648 ], [ -94.08182, 17.89991 ], [ -94.08514, 17.89287 ], [ -94.07931, 17.89105 ], [ -94.08288, 17.88577 ], [ -94.08343, 17.86987 ], [ -94.0723, 17.86556 ], [ -94.06511, 17.86845 ], [ -94.0626, 17.86309 ], [ -94.05198, 17.87074 ], [ -94.04288, 17.86744 ], [ -94.0429, 17.87351 ], [ -94.03316, 17.87256 ], [ -94.03799, 17.86997 ], [ -94.03753, 17.86266 ], [ -94.03268, 17.86213 ], [ -94.02945, 17.84567 ], [ -94.02304, 17.84626 ], [ -94.02595, 17.84038 ], [ -94.01703, 17.83955 ], [ -94.01634, 17.84449 ], [ -94.00623, 17.83995 ], [ -94.00297, 17.84226 ], [ -93.99561, 17.83662 ], [ -93.99387, 17.8395 ], [ -93.99764, 17.83952 ], [ -93.99461, 17.84602 ], [ -93.98787, 17.83436 ], [ -93.98824, 17.84472 ], [ -93.98317, 17.83986 ], [ -93.98117, 17.84603 ], [ -93.98624, 17.84706 ], [ -93.98457, 17.85157 ], [ -93.97595, 17.85037 ], [ -93.97318, 17.84234 ], [ -93.96779, 17.84525 ], [ -93.96562, 17.8414 ], [ -93.96788, 17.83705 ], [ -93.9629, 17.83431 ], [ -93.95984, 17.83727 ], [ -93.95595, 17.8334 ], [ -93.95744, 17.82532 ], [ -93.95844, 17.83024 ], [ -93.96499, 17.82997 ], [ -93.95833, 17.81973 ], [ -93.968, 17.81787 ], [ -93.9568, 17.81064 ], [ -93.96317, 17.7995 ], [ -93.9606, 17.7983 ], [ -93.95771, 17.80244 ], [ -93.95063, 17.80041 ], [ -93.95534, 17.79959 ], [ -93.95295, 17.78669 ], [ -93.9561, 17.78172 ], [ -93.9495, 17.76949 ], [ -93.94085, 17.76511 ], [ -93.94114, 17.75985 ], [ -93.93526, 17.7591 ], [ -93.94143, 17.75558 ], [ -93.94011, 17.75317 ], [ -93.92913, 17.75326 ], [ -93.92461, 17.75091 ], [ -93.9271, 17.74809 ], [ -93.92231, 17.74633 ], [ -93.91012, 17.75469 ], [ -93.90433, 17.75012 ], [ -93.90107, 17.75567 ], [ -93.89221, 17.75368 ], [ -93.89069, 17.75113 ], [ -93.89388, 17.74965 ], [ -93.89128, 17.74808 ], [ -93.88666, 17.75102 ], [ -93.88535, 17.75722 ], [ -93.88124, 17.7513 ], [ -93.87705, 17.75656 ], [ -93.87745, 17.75364 ], [ -93.87424, 17.75529 ], [ -93.87003, 17.75061 ], [ -93.87467, 17.74721 ], [ -93.86961, 17.73932 ], [ -93.87433, 17.73993 ], [ -93.87376, 17.73466 ], [ -93.87822, 17.73752 ], [ -93.88366, 17.73553 ], [ -93.87616, 17.7333 ], [ -93.88072, 17.72628 ], [ -93.87749, 17.72441 ], [ -93.87586, 17.72653 ], [ -93.87442, 17.71789 ], [ -93.87, 17.71354 ], [ -93.86462, 17.71672 ], [ -93.86918, 17.71798 ], [ -93.865, 17.72219 ], [ -93.85868, 17.72089 ], [ -93.85929, 17.71685 ], [ -93.84858, 17.72071 ], [ -93.8504, 17.71666 ], [ -93.847, 17.71409 ], [ -93.84589, 17.71719 ], [ -93.84302, 17.71137 ], [ -93.83884, 17.71149 ], [ -93.83991, 17.7149 ], [ -93.83738, 17.71361 ], [ -93.83491, 17.71655 ], [ -93.83046, 17.7137 ], [ -93.82659, 17.71919 ], [ -93.82865, 17.71294 ], [ -93.82351, 17.70943 ], [ -93.826, 17.70596 ], [ -93.82234, 17.69958 ], [ -93.81254, 17.70692 ], [ -93.81261, 17.70252 ], [ -93.80699, 17.70592 ], [ -93.80515, 17.68936 ], [ -93.79889, 17.6874 ], [ -93.79626, 17.6899 ], [ -93.79785, 17.69224 ], [ -93.79107, 17.69474 ], [ -93.78479, 17.6909 ], [ -93.78123, 17.69324 ], [ -93.78052, 17.68867 ], [ -93.7783, 17.69243 ], [ -93.77608, 17.69035 ], [ -93.77257, 17.69271 ], [ -93.77293, 17.68765 ], [ -93.7682, 17.68795 ], [ -93.76504, 17.67457 ], [ -93.76536, 17.68052 ], [ -93.75977, 17.68512 ], [ -93.75179, 17.68399 ], [ -93.75653, 17.68262 ], [ -93.75672, 17.67687 ], [ -93.75319, 17.68017 ], [ -93.75184, 17.67656 ], [ -93.74908, 17.67925 ], [ -93.74784, 17.67538 ], [ -93.73851, 17.67937 ], [ -93.74708, 17.66835 ], [ -93.74562, 17.66222 ], [ -93.74241, 17.66654 ], [ -93.74108, 17.66478 ], [ -93.74658, 17.66011 ], [ -93.7425, 17.6571 ], [ -93.74089, 17.64941 ], [ -93.73743, 17.6517 ], [ -93.73269, 17.64916 ], [ -93.72999, 17.64129 ], [ -93.73799, 17.63495 ], [ -93.73528, 17.63008 ], [ -93.73102, 17.63583 ], [ -93.73288, 17.62576 ], [ -93.72912, 17.62987 ], [ -93.72344, 17.62315 ], [ -93.71473, 17.62085 ], [ -93.71251, 17.62201 ], [ -93.71206, 17.62384 ], [ -93.71917, 17.63346 ], [ -93.71318, 17.63067 ], [ -93.70849, 17.62342 ], [ -93.70969, 17.61163 ], [ -93.70413, 17.6103 ], [ -93.69966, 17.61369 ], [ -93.69946, 17.59602 ], [ -93.69333, 17.58956 ], [ -93.69321, 17.5935 ], [ -93.68721, 17.59369 ], [ -93.68542, 17.58709 ], [ -93.67761, 17.58587 ], [ -93.68081, 17.58493 ], [ -93.67731, 17.57577 ], [ -93.6711, 17.57625 ], [ -93.67122, 17.56956 ], [ -93.65917, 17.56549 ], [ -93.65671, 17.55534 ], [ -93.65369, 17.55997 ], [ -93.64848, 17.55535 ], [ -93.64238, 17.55811 ], [ -93.63829, 17.55529 ], [ -93.63114, 17.55673 ], [ -93.62947, 17.54937 ], [ -93.62455, 17.54885 ], [ -93.61752, 17.55517 ], [ -93.6135, 17.55221 ], [ -93.62153, 17.54483 ], [ -93.61818, 17.5421 ], [ -93.61956, 17.53756 ], [ -93.62469, 17.53826 ], [ -93.62726, 17.53168 ], [ -93.62502, 17.51464 ], [ -93.63734, 17.50981 ], [ -93.62607, 17.50442 ], [ -93.62545, 17.501 ], [ -93.62991, 17.50088 ], [ -93.6241, 17.49346 ], [ -93.63125, 17.48693 ], [ -93.63696, 17.47387 ], [ -93.6357, 17.46806 ], [ -93.63996, 17.46463 ], [ -93.63934, 17.45959 ], [ -93.64771, 17.46174 ], [ -93.65041, 17.45885 ], [ -93.64463, 17.4586 ], [ -93.64686, 17.45423 ], [ -93.64416, 17.45217 ], [ -93.64246, 17.45607 ], [ -93.6366, 17.45528 ], [ -93.63514, 17.45125 ], [ -93.64133, 17.44912 ], [ -93.64518, 17.4424 ], [ -93.63717, 17.43912 ], [ -93.63821, 17.43609 ], [ -93.64563, 17.43033 ], [ -93.64931, 17.43247 ], [ -93.65295, 17.41963 ], [ -93.65758, 17.41691 ], [ -93.66308, 17.4197 ], [ -93.66574, 17.416 ], [ -93.66706, 17.42001 ], [ -93.673, 17.41992 ], [ -93.67342, 17.41227 ], [ -93.679, 17.41097 ], [ -93.68374, 17.40446 ], [ -93.68354, 17.39563 ], [ -93.69492, 17.3878 ], [ -93.69009, 17.37955 ], [ -93.68315, 17.37641 ], [ -93.68575, 17.37237 ], [ -93.63496, 17.3377 ], [ -93.6452, 17.33069 ], [ -93.6415, 17.31795 ], [ -93.62743, 17.31284 ], [ -93.62439, 17.32248 ], [ -93.60794, 17.31493 ], [ -93.63813, 17.29095 ], [ -93.66441, 17.28619 ], [ -93.66269, 17.25628 ], [ -93.68987, 17.25531 ], [ -93.69567, 17.24723 ], [ -93.73679, 17.24751 ], [ -93.76298, 17.23934 ], [ -93.77245, 17.24582 ], [ -93.78861, 17.23233 ], [ -93.79122, 17.23212 ], [ -93.79485, 17.2409 ], [ -93.80145, 17.24038 ], [ -93.80595, 17.23022 ], [ -93.80376, 17.22487 ], [ -93.81836, 17.20348 ], [ -93.82012, 17.19532 ], [ -93.82663, 17.19049 ], [ -93.82714, 17.1725 ], [ -93.83905, 17.17295 ], [ -93.84397, 17.16861 ], [ -93.86092, 17.16374 ], [ -93.86232, 17.15154 ], [ -93.87012, 17.14665 ], [ -93.86743, 17.13696 ], [ -94.92281, 17.19379 ] ] ] } }
]
}
